customer_id,activation_date,branch_code,country,customer_type,onboarding_channel,date_of_birth,gender,status
C01000001,2025-08-02,B015,ZM,Retail,Branch,1997-11-21,F,Active
C01000002,2022-08-17,B004,ZM,Retail,ATM,1991-10-16,M,Active
C01000003,2022-02-21,B005,ZM,Retail,USSD,1971-06-08,M,Active
C01000004,2023-07-18,B015,ZM,SME,App,1996-02-04,M,Dormant
C01000005,2023-05-17,B003,ZM,Retail,ATM,2009-12-18,F,Active
C01000006,2023-04-03,B020,ZM,Retail,Web,1981-08-29,F,Active
C01000007,2022-10-13,B005,ZM,Retail,App,1986-04-27,M,Active
C01000008,2022-07-29,B005,ZM,Retail,Branch,1970-09-05,M,Active
C01000009,2025-10-17,B015,ZM,Retail,Web,1990-03-20,F,Active
C01000010,2025-01-21,B002,ZM,Retail,App,1990-03-15,F,Active
C01000011,2022-06-28,B003,ZM,Retail,Web,2013-01-23,F,Active
C01000012,2025-04-24,B015,ZM,Retail,Branch,2014-08-12,F,Active
C01000013,2024-05-14,B003,ZM,SME,ATM,1969-09-01,M,Dormant
C01000014,2022-03-07,B003,ZM,Retail,Web,1964-01-22,F,Active
C01000015,2022-03-03,B020,ZM,Retail,ATM,1966-08-13,F,Active
C01000016,2022-07-11,B005,ZM,Retail,Branch,1991-11-05,F,Active
C01000017,2023-03-24,B004,ZM,Retail,Branch,2000-04-09,F,Active
C01000018,2023-04-22,B020,ZM,Retail,Web,1996-09-06,M,Active
C01000019,2024-10-31,B020,ZM,Premium,Web,2000-05-07,M,Active
C01000020,2025-05-17,B003,ZM,Retail,Branch,1999-02-01,M,Active
C01000021,2022-02-24,B010,ZM,SME,Web,1985-12-14,F,Active
C01000022,2025-02-23,B005,ZM,Retail,Web,2002-10-20,F,Active
C01000023,2023-02-12,B002,ZM,Retail,Web,1972-01-28,M,Dormant
C01000024,2026-01-06,B020,ZM,Retail,Agent,1976-06-16,M,Active
C01000025,2025-08-23,B004,ZM,Retail,Web,2012-11-21,F,Dormant
C01000026,2025-12-07,B010,ZM,Retail,App,2005-09-12,F,Dormant
C01000027,2025-01-21,B010,ZM,SME,Branch,1967-07-08,M,Active
C01000028,2024-05-09,B002,ZM,Retail,Branch,1973-08-29,F,Closed
C01000029,2023-03-28,B020,ZM,SME,USSD,1960-09-12,M,Active
C01000030,2024-07-08,B004,ZM,SME,ATM,2013-04-01,F,Active
C01000031,2025-04-21,B005,ZM,Retail,USSD,2013-03-16,M,Active
C01000032,2023-07-24,B001,ZM,Retail,Web,1993-03-08,F,Active
C01000033,2022-01-14,B004,ZM,Retail,Web,2000-09-08,F,Active
C01000034,2022-11-23,B002,ZM,Premium,App,1994-01-13,F,Active
C01000035,2025-11-30,B010,ZM,Retail,App,1988-09-30,M,Active
C01000036,2024-05-15,B005,ZM,Retail,App,1999-05-07,F,Active
C01000037,2023-11-28,B004,ZM,Retail,App,1975-11-08,F,Active
C01000038,2023-07-24,B001,ZM,Retail,App,2005-08-20,F,Active
C01000039,2022-11-15,B001,ZM,Retail,App,2012-10-04,M,Active
C01000040,2023-03-17,B003,ZM,Retail,App,1985-01-21,F,Active
C01000041,2023-11-21,B003,ZM,Retail,App,1968-09-10,M,Active
C01000042,2022-07-29,B015,ZM,Retail,Agent,1980-11-01,F,Dormant
C01000043,2022-07-09,B002,ZM,Retail,App,1986-09-04,M,Active
C01000044,2024-02-18,B020,ZM,Retail,Branch,2004-04-03,M,Active
C01000045,2022-07-18,B004,ZM,Retail,App,1990-08-08,F,Active
C01000046,2024-01-06,B004,ZM,Retail,ATM,1964-05-01,M,Active
C01000047,2023-12-06,B020,ZM,Retail,App,2010-08-11,F,Active
C01000048,2025-05-21,B015,ZM,Retail,Agent,2006-06-11,F,Active
C01000049,2023-06-26,B010,ZM,Retail,Web,2007-02-12,F,Active
C01000050,2022-03-30,B010,ZM,Retail,Agent,2012-01-07,F,Active
C01000051,2026-02-03,B015,ZM,Retail,Agent,2005-08-05,M,Active
C01000052,2024-07-29,B010,ZM,Retail,Web,1998-04-12,M,Active
C01000053,2025-01-03,B003,ZM,Retail,App,1985-08-04,M,Active
C01000054,2022-09-13,B004,ZM,SME,App,1988-12-16,M,Active
C01000055,2024-02-15,B015,ZM,SME,Web,1994-06-16,M,Active
C01000056,2022-06-11,B004,ZM,SME,ATM,1988-07-31,F,Active
C01000057,2025-02-04,B020,ZM,Retail,USSD,1976-01-03,F,Closed
C01000058,2023-08-24,B001,ZM,Retail,Branch,1972-11-05,M,Closed
C01000059,2025-07-11,B003,ZM,Retail,Web,1963-10-06,M,Active
C01000060,2025-06-20,B005,ZM,Retail,App,1978-11-25,F,Active
C01000061,2024-01-11,B003,ZM,Retail,Branch,1998-08-16,M,Active
C01000062,2025-03-28,B015,ZM,Retail,App,2006-07-29,M,Active
C01000063,2023-01-29,B005,ZM,SME,USSD,1984-12-17,M,Active
C01000064,2025-12-13,B001,ZM,Retail,USSD,2011-08-07,M,Active
C01000065,2022-05-23,B015,ZM,Retail,Web,1988-03-15,F,Active
C01000066,2022-04-04,B002,ZM,Retail,Branch,1968-12-03,F,Active
C01000067,2025-09-16,B004,ZM,Retail,Agent,1991-02-28,M,Closed
C01000068,2023-04-12,B001,ZM,Retail,Branch,1985-07-20,F,Active
C01000069,2023-08-16,B004,ZM,SME,Agent,1974-11-09,M,Dormant
C01000070,2022-06-13,B010,ZM,Retail,USSD,1970-08-20,F,Closed
C01000071,2023-04-22,B002,ZM,SME,App,1985-10-28,M,Active
C01000072,2022-07-26,B002,ZM,Retail,Agent,1984-07-26,F,Active
C01000073,2024-02-18,B001,ZM,SME,Agent,2003-08-29,F,Active
C01000074,2023-07-24,B002,ZM,Retail,Web,1999-05-18,F,Active
C01000075,2024-07-17,B005,ZM,Retail,ATM,1980-01-24,M,Active
C01000076,2025-07-25,B002,ZM,Retail,USSD,1975-03-11,F,Active
C01000077,2024-01-18,B004,ZM,Retail,Agent,1985-11-17,F,Dormant
C01000078,2022-11-30,B004,ZM,Premium,USSD,1983-04-10,M,Dormant
C01000079,2024-01-29,B015,ZM,Retail,Web,2014-05-19,M,Active
C01000080,2023-12-29,B004,ZM,Retail,App,1969-07-09,M,Active
C01000081,2023-03-06,B015,ZM,Premium,Branch,1980-10-13,M,Active
C01000082,2025-10-04,B004,ZM,Retail,USSD,1984-12-30,M,Active
C01000083,2023-07-01,B005,ZM,Retail,Web,1972-08-25,F,Active
C01000084,2025-12-08,B020,ZM,Retail,Web,1968-08-10,M,Active
C01000085,2025-10-31,B015,ZM,Retail,Web,1978-07-22,M,Active
C01000086,2025-08-20,B003,ZM,SME,Branch,2009-07-15,F,Active
C01000087,2022-05-27,B010,ZM,Retail,USSD,2005-08-21,M,Active
C01000088,2025-06-01,B001,ZM,Retail,Agent,1975-02-23,M,Dormant
C01000089,2025-07-24,B004,ZM,Retail,Web,1962-06-15,F,Dormant
C01000090,2022-12-17,B002,ZM,SME,Branch,2013-09-07,F,Active
C01000091,2024-12-29,B020,ZM,Retail,App,1963-07-26,M,Active
C01000092,2026-02-02,B004,ZM,SME,ATM,2008-06-06,M,Active
C01000093,2023-05-17,B002,ZM,Retail,USSD,2008-04-04,F,Dormant
C01000094,2022-12-01,B010,ZM,Retail,Branch,1977-07-04,M,Active
C01000095,2024-08-04,B010,ZM,Premium,ATM,1960-08-06,F,Closed
C01000096,2024-02-17,B010,ZM,Retail,ATM,2003-10-24,F,Active
C01000097,2023-07-07,B002,ZM,Retail,Branch,1962-04-24,F,Active
C01000098,2025-08-03,B004,ZM,Retail,Agent,1993-02-25,M,Active
C01000099,2025-11-10,B010,ZM,Retail,Agent,1978-03-23,M,Active
C01000100,2025-02-14,B005,ZM,Retail,Branch,1985-04-14,M,Active
C01000101,2023-03-26,B015,ZM,Premium,Branch,2011-03-29,F,Active
C01000102,2025-11-03,B002,ZM,SME,Web,1998-04-06,M,Active
C01000103,2023-10-27,B002,ZM,Retail,App,1999-11-28,M,Active
C01000104,2022-04-25,B004,ZM,Retail,Agent,2006-09-24,F,Dormant
C01000105,2023-04-15,B002,ZM,Retail,Web,1971-04-27,M,Active
C01000106,2022-03-07,B002,ZM,Retail,ATM,2000-09-18,M,Closed
C01000107,2023-10-09,B010,ZM,Retail,ATM,1986-06-17,F,Active
C01000108,2024-04-01,B004,ZM,SME,ATM,1969-10-31,F,Active
C01000109,2023-07-03,B010,ZM,Retail,Branch,1970-10-05,F,Dormant
C01000110,2022-05-16,B015,ZM,SME,USSD,1999-11-14,M,Active
C01000111,2023-03-09,B020,ZM,Retail,Web,1998-10-12,M,Closed
C01000112,2025-03-07,B015,ZM,Retail,USSD,2004-04-01,M,Active
C01000113,2026-01-10,B020,ZM,Retail,App,1983-08-07,F,Active
C01000114,2023-10-07,B010,ZM,Retail,App,1967-10-17,M,Active
C01000115,2023-03-12,B015,ZM,Retail,Web,1972-04-10,M,Dormant
C01000116,2025-09-04,B004,ZM,Premium,ATM,1984-12-24,M,Closed
C01000117,2024-10-19,B001,ZM,Retail,Agent,1970-06-13,F,Active
C01000118,2024-03-21,B010,ZM,SME,App,1991-09-25,M,Active
C01000119,2025-08-09,B020,ZM,Retail,USSD,1967-02-03,F,Active
C01000120,2024-07-28,B005,ZM,Premium,USSD,1979-12-15,M,Active
C01000121,2022-10-20,B020,ZM,Retail,Agent,1966-09-02,F,Active
C01000122,2023-06-27,B005,ZM,Premium,Branch,1989-05-06,F,Active
C01000123,2022-10-13,B002,ZM,Retail,ATM,1974-01-22,M,Dormant
C01000124,2023-05-21,B015,ZM,Retail,Branch,2005-06-28,M,Active
C01000125,2025-02-23,B005,ZM,SME,Web,1990-01-31,F,Active
C01000126,2025-01-08,B020,ZM,Retail,App,1984-10-08,F,Active
C01000127,2023-06-23,B002,ZM,Retail,Agent,2000-09-06,M,Active
C01000128,2025-04-12,B001,ZM,Retail,Agent,2006-01-03,F,Active
C01000129,2024-05-27,B004,ZM,Premium,Agent,1966-08-24,F,Active
C01000130,2025-04-10,B004,ZM,Retail,Branch,1988-03-29,F,Active
C01000131,2024-03-28,B004,ZM,Retail,Branch,1963-06-10,M,Active
C01000132,2024-01-12,B005,ZM,Retail,Web,1998-11-17,F,Active
C01000133,2023-03-26,B001,ZM,Retail,USSD,1969-01-04,M,Active
C01000134,2022-10-11,B005,ZM,SME,USSD,2006-10-07,M,Active
C01000135,2024-11-09,B015,ZM,Retail,Web,1988-06-26,M,Dormant
C01000136,2024-10-07,B005,ZM,Retail,Agent,1977-01-29,F,Active
C01000137,2022-07-06,B001,ZM,SME,USSD,2010-01-28,F,Active
C01000138,2022-04-07,B001,ZM,Retail,Web,1963-03-13,F,Active
C01000139,2022-08-13,B015,ZM,Retail,USSD,1960-09-18,M,Active
C01000140,2022-11-10,B001,ZM,Retail,Web,1982-01-23,M,Active
C01000141,2025-07-09,B020,ZM,Retail,USSD,1972-04-12,M,Active
C01000142,2022-11-24,B001,ZM,Retail,Agent,2012-08-08,M,Active
C01000143,2025-10-25,B004,ZM,Retail,Branch,1993-10-01,M,Active
C01000144,2024-05-14,B020,ZM,Retail,Branch,1979-10-03,M,Dormant
C01000145,2025-05-06,B020,ZM,Retail,Agent,1977-07-21,M,Active
C01000146,2022-05-11,B015,ZM,Retail,USSD,1983-10-19,M,Closed
C01000147,2024-02-28,B003,ZM,Retail,Agent,2002-03-05,F,Active
C01000148,2024-02-21,B003,ZM,Retail,Web,1973-08-02,F,Active
C01000149,2025-05-05,B001,ZM,Retail,Branch,2003-06-20,F,Active
C01000150,2024-08-16,B020,ZM,Retail,App,1976-10-14,F,Active
C01000151,2024-12-19,B003,ZM,Retail,USSD,2004-07-24,M,Active
C01000152,2023-05-30,B003,ZM,Retail,App,1985-05-09,F,Active
C01000153,2025-02-07,B001,ZM,Retail,App,1971-10-28,M,Active
C01000154,2022-01-24,B003,ZM,Retail,ATM,1977-10-24,F,Active
C01000155,2025-10-25,B005,ZM,Retail,App,1967-12-16,M,Active
C01000156,2026-01-16,B002,ZM,Retail,App,2006-04-27,F,Active
C01000157,2022-08-23,B015,ZM,Retail,Agent,1979-03-20,F,Dormant
C01000158,2025-10-28,B002,ZM,SME,ATM,1960-04-14,F,Dormant
C01000159,2025-01-04,B001,ZM,SME,ATM,1998-12-18,M,Dormant
C01000160,2023-07-01,B004,ZM,Retail,ATM,1966-01-13,F,Active
C01000161,2025-08-05,B015,ZM,Retail,Web,2004-01-08,F,Active
C01000162,2023-11-28,B001,ZM,Retail,ATM,2010-01-13,F,Active
C01000163,2022-08-17,B020,ZM,Retail,Agent,1978-09-16,F,Active
C01000164,2023-08-25,B004,ZM,Retail,Web,1975-12-24,F,Closed
C01000165,2024-06-09,B002,ZM,Retail,USSD,1963-06-25,M,Dormant
C01000166,2022-11-20,B001,ZM,Retail,Web,1997-07-07,M,Active
C01000167,2024-07-18,B020,ZM,Retail,USSD,1983-08-08,F,Active
C01000168,2022-01-07,B015,ZM,Retail,ATM,1994-02-12,M,Dormant
C01000169,2026-01-18,B015,ZM,Retail,ATM,2012-05-20,F,Active
C01000170,2026-01-13,B010,ZM,Retail,USSD,1981-01-21,F,Active
C01000171,2023-06-24,B020,ZM,Retail,Branch,1991-04-14,F,Active
C01000172,2024-10-22,B005,ZM,Retail,Agent,2003-06-11,F,Active
C01000173,2023-01-01,B003,ZM,Retail,Web,2007-08-04,M,Active
C01000174,2024-11-05,B004,ZM,Retail,Agent,1976-02-26,F,Dormant
C01000175,2022-08-06,B020,ZM,Retail,Agent,1986-12-03,F,Active
C01000176,2025-07-04,B010,ZM,Retail,App,1980-10-20,M,Active
C01000177,2023-09-04,B003,ZM,Retail,ATM,1986-03-17,F,Active
C01000178,2025-08-01,B003,ZM,SME,Web,2003-07-08,F,Active
C01000179,2024-11-05,B001,ZM,SME,Agent,2003-12-24,M,Active
C01000180,2025-06-01,B003,ZM,Retail,Web,1995-03-09,M,Active
C01000181,2023-02-12,B005,ZM,Retail,Agent,2013-08-20,F,Active
C01000182,2022-11-10,B015,ZM,Retail,ATM,1992-01-15,F,Active
C01000183,2024-02-05,B010,ZM,SME,Agent,2008-10-01,F,Active
C01000184,2022-11-27,B003,ZM,Retail,USSD,2003-02-24,M,Active
C01000185,2025-01-09,B001,ZM,Premium,ATM,1986-07-03,F,Active
C01000186,2024-12-22,B005,ZM,Retail,Web,1968-08-29,F,Active
C01000187,2022-01-02,B002,ZM,Retail,Branch,1979-08-22,F,Active
C01000188,2025-05-11,B015,ZM,SME,Agent,1970-01-30,F,Active
C01000189,2023-10-26,B015,ZM,Retail,USSD,1985-10-09,M,Active
C01000190,2024-09-27,B010,ZM,Retail,ATM,1997-08-23,M,Active
C01000191,2022-02-09,B015,ZM,Retail,App,2000-02-12,F,Active
C01000192,2022-08-18,B003,ZM,Retail,ATM,1989-03-11,M,Closed
C01000193,2024-01-14,B001,ZM,Retail,Web,1982-03-12,F,Active
C01000194,2023-09-22,B015,ZM,Retail,Web,1998-02-11,M,Active
C01000195,2023-05-06,B015,ZM,Retail,App,1970-05-23,M,Dormant
C01000196,2022-04-29,B002,ZM,Retail,USSD,1975-10-22,M,Closed
C01000197,2023-05-09,B002,ZM,Premium,Web,2001-09-10,F,Active
C01000198,2025-03-07,B004,ZM,Retail,USSD,1988-08-10,F,Active
C01000199,2022-06-11,B005,ZM,Retail,USSD,1970-03-09,M,Active
C01000200,2022-06-25,B003,ZM,Retail,ATM,1991-03-08,F,Active
C01000201,2026-02-07,B015,ZM,Retail,USSD,1995-09-18,M,Dormant
C01000202,2024-09-22,B020,ZM,Retail,Agent,1971-06-28,F,Active
C01000203,2022-05-22,B015,ZM,Premium,Web,2003-05-26,M,Active
C01000204,2024-12-26,B001,ZM,Retail,Web,2003-11-20,M,Active
C01000205,2022-09-15,B004,ZM,Retail,Branch,2013-12-03,F,Active
C01000206,2022-09-20,B005,ZM,Retail,USSD,1996-12-17,F,Active
C01000207,2025-09-13,B020,ZM,Retail,Branch,1981-01-25,M,Closed
C01000208,2024-08-31,B004,ZM,SME,ATM,1962-08-07,F,Active
C01000209,2025-01-30,B010,ZM,Retail,Branch,1986-02-06,M,Active
C01000210,2022-12-05,B005,ZM,Retail,USSD,1984-01-14,M,Active
C01000211,2023-06-27,B015,ZM,Retail,Web,2005-07-12,F,Active
C01000212,2024-12-16,B015,ZM,Retail,ATM,1979-04-19,F,Active
C01000213,2025-05-27,B005,ZM,Retail,USSD,1996-09-10,F,Active
C01000214,2024-05-16,B015,ZM,Retail,ATM,1965-06-15,F,Active
C01000215,2023-03-10,B003,ZM,Retail,App,2010-06-11,M,Active
C01000216,2025-01-09,B005,ZM,Retail,USSD,1988-12-29,M,Active
C01000217,2026-02-03,B004,ZM,Retail,App,1983-06-21,M,Active
C01000218,2025-11-13,B005,ZM,Premium,Branch,1988-06-29,F,Active
C01000219,2023-02-16,B020,ZM,SME,USSD,1996-11-22,F,Dormant
C01000220,2025-12-31,B015,ZM,Retail,App,1995-02-10,M,Active
C01000221,2023-10-01,B003,ZM,Retail,Agent,1999-08-25,F,Active
C01000222,2024-03-28,B003,ZM,Retail,Web,1998-02-22,F,Active
C01000223,2025-10-07,B010,ZM,Retail,Branch,1995-10-07,F,Active
C01000224,2025-08-23,B004,ZM,Retail,USSD,1983-05-22,M,Active
C01000225,2024-02-04,B002,ZM,Retail,USSD,1964-11-25,M,Active
C01000226,2024-06-16,B002,ZM,SME,Web,1984-01-27,F,Active
C01000227,2024-11-25,B005,ZM,Premium,Web,2003-07-23,M,Dormant
C01000228,2024-07-13,B010,ZM,Retail,App,1979-08-23,M,Dormant
C01000229,2022-09-05,B001,ZM,Retail,App,1990-06-27,M,Active
C01000230,2023-05-23,B005,ZM,Retail,App,1964-02-04,M,Dormant
C01000231,2023-04-06,B010,ZM,Retail,ATM,1987-09-05,M,Active
C01000232,2022-05-12,B004,ZM,Retail,Branch,2000-02-28,F,Active
C01000233,2023-11-24,B004,ZM,Retail,USSD,1996-10-06,M,Active
C01000234,2022-02-13,B004,ZM,SME,Branch,1979-11-08,F,Active
C01000235,2025-04-19,B004,ZM,Retail,Web,2011-05-12,F,Active
C01000236,2025-02-08,B004,ZM,Retail,Agent,1974-12-10,M,Active
C01000237,2023-04-17,B010,ZM,Retail,Branch,2008-02-02,M,Active
C01000238,2025-04-20,B010,ZM,Retail,Branch,1978-07-01,M,Active
C01000239,2023-03-28,B003,ZM,Retail,App,1969-11-23,M,Active
C01000240,2022-01-15,B020,ZM,SME,Web,1989-07-30,F,Active
C01000241,2022-05-26,B002,ZM,Retail,Branch,1971-08-05,F,Active
C01000242,2025-12-20,B015,ZM,Retail,USSD,2014-04-10,F,Active
C01000243,2025-07-16,B004,ZM,Retail,App,2008-06-04,M,Active
C01000244,2022-05-01,B001,ZM,Retail,Branch,1961-10-14,F,Dormant
C01000245,2023-04-14,B015,ZM,SME,Web,1961-11-22,F,Active
C01000246,2022-05-19,B010,ZM,Retail,Agent,1994-01-07,M,Active
C01000247,2022-03-06,B001,ZM,SME,USSD,1968-02-05,M,Active
C01000248,2023-11-08,B001,ZM,Retail,Agent,1989-11-25,M,Active
C01000249,2022-05-26,B001,ZM,Retail,Web,1991-08-23,F,Active
C01000250,2024-11-18,B003,ZM,Retail,Web,2009-08-08,M,Active
C01000251,2023-05-03,B010,ZM,Retail,Web,1965-09-10,F,Active
C01000252,2023-07-25,B001,ZM,Retail,Agent,1964-05-31,M,Active
C01000253,2025-10-02,B004,ZM,SME,ATM,2006-07-13,F,Dormant
C01000254,2024-09-21,B005,ZM,Retail,USSD,1978-11-18,F,Dormant
C01000255,2023-03-15,B001,ZM,Retail,Web,1992-06-26,M,Active
C01000256,2025-01-09,B003,ZM,Retail,ATM,2008-01-15,F,Active
C01000257,2022-09-28,B015,ZM,Retail,App,1977-10-20,M,Active
C01000258,2026-01-21,B010,ZM,Retail,ATM,1974-01-31,M,Active
C01000259,2025-03-15,B020,ZM,Retail,App,2008-01-22,M,Dormant
C01000260,2025-03-26,B003,ZM,Retail,Agent,1995-06-26,F,Active
C01000261,2024-08-26,B001,ZM,Retail,ATM,1980-07-28,F,Closed
C01000262,2023-05-13,B010,ZM,Retail,Agent,1986-01-12,F,Dormant
C01000263,2024-08-26,B005,ZM,Retail,Web,1974-06-24,M,Dormant
C01000264,2024-04-13,B001,ZM,Retail,ATM,1993-07-17,F,Active
C01000265,2023-01-25,B003,ZM,Retail,ATM,1989-09-27,F,Active
C01000266,2022-07-13,B002,ZM,Premium,Web,1997-02-01,M,Active
C01000267,2022-07-18,B004,ZM,Retail,App,1979-05-06,M,Active
C01000268,2025-09-11,B020,ZM,Retail,Web,2009-08-10,M,Active
C01000269,2024-06-01,B015,ZM,Retail,USSD,1982-04-24,M,Dormant
C01000270,2023-12-27,B003,ZM,Retail,ATM,1961-03-22,M,Active
C01000271,2024-05-17,B010,ZM,SME,USSD,1963-03-28,M,Active
C01000272,2024-04-21,B020,ZM,Retail,Web,1961-10-18,M,Active
C01000273,2024-08-14,B020,ZM,Premium,Agent,2007-03-29,F,Active
C01000274,2026-02-02,B020,ZM,SME,Web,1969-03-13,M,Active
C01000275,2022-04-21,B001,ZM,Retail,Branch,2004-12-28,M,Dormant
C01000276,2025-10-11,B004,ZM,Retail,USSD,1995-09-13,M,Active
C01000277,2025-08-31,B001,ZM,Retail,Branch,2003-07-03,M,Active
C01000278,2025-08-16,B010,ZM,Retail,USSD,1963-10-17,M,Active
C01000279,2022-07-21,B001,ZM,Retail,Agent,1974-01-29,F,Active
C01000280,2022-05-05,B002,ZM,Retail,Branch,1985-05-25,M,Active
C01000281,2024-04-04,B004,ZM,Retail,Branch,1987-01-17,F,Active
C01000282,2026-01-31,B004,ZM,Retail,USSD,1962-03-05,F,Active
C01000283,2023-11-26,B010,ZM,Retail,Web,1980-08-19,M,Active
C01000284,2022-08-12,B015,ZM,SME,App,1982-03-09,M,Active
C01000285,2023-05-25,B002,ZM,Retail,Web,1963-01-11,M,Active
C01000286,2023-01-28,B003,ZM,SME,App,1984-06-10,F,Dormant
C01000287,2023-01-25,B001,ZM,Retail,USSD,1971-02-03,M,Active
C01000288,2025-01-03,B005,ZM,Retail,ATM,1993-11-24,F,Active
C01000289,2024-07-07,B001,ZM,Retail,Web,1995-12-14,F,Active
C01000290,2022-10-15,B020,ZM,Retail,Branch,1971-10-08,M,Active
C01000291,2024-05-14,B001,ZM,Retail,Web,1984-03-22,M,Active
C01000292,2023-01-11,B003,ZM,Retail,USSD,1967-08-14,F,Active
C01000293,2023-07-25,B001,ZM,SME,ATM,1966-11-12,F,Active
C01000294,2024-08-05,B002,ZM,Retail,ATM,1966-08-18,M,Active
C01000295,2023-05-27,B002,ZM,Retail,Web,2005-04-05,M,Active
C01000296,2022-06-04,B004,ZM,SME,Web,1997-04-07,F,Dormant
C01000297,2024-06-26,B010,ZM,Retail,Agent,1961-10-22,F,Active
C01000298,2025-02-01,B015,ZM,Retail,Web,1961-04-28,M,Active
C01000299,2022-07-20,B005,ZM,Retail,USSD,2008-08-06,F,Active
C01000300,2022-04-14,B020,ZM,SME,App,2014-04-07,M,Active
C01000301,2025-08-28,B001,ZM,Retail,Agent,1973-08-15,M,Active
C01000302,2025-01-12,B001,ZM,Retail,App,1968-07-28,M,Dormant
C01000303,2022-01-31,B003,ZM,Retail,Branch,2012-10-07,F,Active
C01000304,2022-07-11,B010,ZM,SME,USSD,1995-02-02,F,Active
C01000305,2023-04-30,B002,ZM,Retail,Agent,1977-06-06,F,Active
C01000306,2022-12-07,B005,ZM,Premium,ATM,2014-05-04,M,Dormant
C01000307,2024-04-12,B004,ZM,Retail,Agent,1988-01-03,M,Active
C01000308,2024-09-21,B002,ZM,SME,Branch,1989-01-15,M,Dormant
C01000309,2024-09-12,B020,ZM,Retail,ATM,1998-02-21,F,Active
C01000310,2023-03-14,B010,ZM,Retail,Agent,2005-12-18,M,Active
C01000311,2024-04-01,B020,ZM,SME,ATM,1962-02-06,M,Active
C01000312,2022-05-01,B015,ZM,Retail,Web,1987-02-08,M,Active
C01000313,2022-12-04,B004,ZM,Retail,ATM,1984-08-02,F,Active
C01000314,2024-02-16,B015,ZM,Retail,Agent,2001-03-03,F,Active
C01000315,2022-01-05,B003,ZM,Retail,ATM,1978-03-07,F,Active
C01000316,2024-03-10,B020,ZM,Retail,USSD,1968-12-10,F,Active
C01000317,2023-06-28,B003,ZM,Retail,Web,1983-09-16,F,Dormant
C01000318,2024-07-20,B001,ZM,Retail,Web,2011-09-10,F,Active
C01000319,2023-08-08,B015,ZM,Retail,Branch,2002-04-16,F,Active
C01000320,2024-05-16,B010,ZM,Retail,Web,1993-10-13,M,Active
C01000321,2025-11-27,B020,ZM,Retail,App,1986-02-16,M,Active
C01000322,2026-02-05,B005,ZM,Retail,USSD,1998-07-14,M,Dormant
C01000323,2025-02-12,B004,ZM,Retail,Branch,1968-05-07,M,Active
C01000324,2025-09-17,B002,ZM,Retail,App,1979-12-09,F,Active
C01000325,2026-01-11,B010,ZM,Premium,ATM,1996-06-14,F,Active
C01000326,2024-09-23,B010,ZM,Retail,App,2010-04-30,M,Active
C01000327,2022-11-14,B003,ZM,SME,Branch,1984-12-27,M,Active
C01000328,2023-01-24,B015,ZM,SME,Web,2003-05-13,F,Active
C01000329,2023-08-31,B020,ZM,SME,USSD,1985-07-07,F,Active
C01000330,2023-03-22,B020,ZM,Retail,Branch,2007-11-02,F,Dormant
C01000331,2022-04-30,B001,ZM,SME,App,2005-06-13,M,Active
C01000332,2025-04-01,B001,ZM,SME,App,1981-12-11,F,Closed
C01000333,2025-01-15,B004,ZM,Retail,Branch,1994-04-22,M,Active
C01000334,2022-05-05,B003,ZM,Retail,Agent,1961-07-18,F,Active
C01000335,2023-10-05,B010,ZM,Retail,Agent,2004-08-03,F,Active
C01000336,2022-04-28,B020,ZM,Retail,Branch,1995-04-25,M,Active
C01000337,2022-04-13,B005,ZM,Retail,Agent,1993-06-09,F,Active
C01000338,2025-04-11,B003,ZM,Retail,Branch,2009-01-13,M,Active
C01000339,2024-09-03,B004,ZM,Retail,Web,1969-09-18,F,Active
C01000340,2024-10-26,B004,ZM,Retail,Branch,2000-07-28,F,Active
C01000341,2024-12-23,B003,ZM,Retail,ATM,1980-02-07,M,Active
C01000342,2022-11-19,B004,ZM,Retail,USSD,2011-11-04,F,Dormant
C01000343,2022-04-27,B003,ZM,SME,USSD,1962-03-26,F,Dormant
C01000344,2024-11-06,B002,ZM,Retail,ATM,1995-08-25,F,Active
C01000345,2022-06-14,B003,ZM,Retail,App,1980-10-27,F,Active
C01000346,2023-01-16,B015,ZM,Retail,App,2000-02-10,F,Active
C01000347,2022-05-21,B003,ZM,Retail,App,1993-03-06,F,Active
C01000348,2025-05-03,B004,ZM,Retail,App,2002-10-10,F,Active
C01000349,2022-05-20,B020,ZM,Premium,Web,2010-07-10,F,Active
C01000350,2025-10-14,B015,ZM,Retail,ATM,1969-10-10,F,Active
C01000351,2023-04-27,B004,ZM,Premium,USSD,1987-11-13,M,Dormant
C01000352,2024-04-06,B001,ZM,Retail,ATM,1989-10-28,F,Closed
C01000353,2022-09-03,B001,ZM,Retail,USSD,1972-11-24,F,Dormant
C01000354,2025-03-12,B020,ZM,Retail,App,1967-07-03,F,Closed
C01000355,2023-05-20,B020,ZM,SME,Web,1968-07-22,M,Active
C01000356,2025-03-31,B015,ZM,Retail,Branch,2010-04-27,M,Active
C01000357,2025-05-02,B002,ZM,Retail,Branch,1975-03-09,M,Active
C01000358,2022-03-23,B020,ZM,SME,Agent,1978-08-19,M,Active
C01000359,2025-06-22,B001,ZM,Retail,App,2003-12-11,M,Active
C01000360,2022-06-17,B003,ZM,Retail,App,2013-03-27,M,Active
C01000361,2024-05-08,B004,ZM,SME,ATM,1982-06-04,F,Dormant
C01000362,2025-09-08,B001,ZM,Retail,Web,1967-07-11,M,Active
C01000363,2025-04-10,B001,ZM,Retail,Web,1972-09-05,F,Active
C01000364,2025-03-03,B002,ZM,Retail,ATM,1996-03-03,F,Active
C01000365,2024-12-06,B015,ZM,Retail,Web,2002-06-25,F,Closed
C01000366,2023-10-10,B015,ZM,Retail,Web,2006-12-15,M,Active
C01000367,2023-06-19,B010,ZM,Retail,Branch,2010-11-01,F,Closed
C01000368,2023-02-23,B002,ZM,Retail,Web,1980-11-07,F,Closed
C01000369,2025-10-03,B003,ZM,Retail,App,1965-04-15,M,Active
C01000370,2026-01-06,B015,ZM,SME,Branch,2004-04-07,M,Dormant
C01000371,2023-10-06,B004,ZM,Premium,App,1982-08-11,F,Active
C01000372,2023-05-04,B020,ZM,Retail,App,1996-12-12,M,Active
C01000373,2023-06-28,B002,ZM,Retail,ATM,1987-12-10,M,Active
C01000374,2024-03-21,B020,ZM,SME,Agent,1990-04-24,F,Dormant
C01000375,2022-09-26,B001,ZM,Retail,Web,1973-07-06,F,Active
C01000376,2025-10-07,B004,ZM,Retail,Web,1963-04-11,F,Active
C01000377,2025-08-14,B004,ZM,SME,Web,1988-11-02,F,Active
C01000378,2023-09-07,B001,ZM,SME,Web,2010-09-19,F,Active
C01000379,2024-07-25,B002,ZM,Retail,Branch,2013-09-18,F,Active
C01000380,2023-10-10,B001,ZM,Retail,USSD,1996-06-21,F,Closed
C01000381,2022-05-29,B020,ZM,Retail,App,1960-07-01,F,Active
C01000382,2022-01-20,B010,ZM,Retail,Agent,1984-01-21,M,Active
C01000383,2024-07-27,B004,ZM,Retail,Agent,1978-10-08,M,Active
C01000384,2025-06-26,B005,ZM,Retail,USSD,2010-06-16,M,Dormant
C01000385,2025-02-27,B005,ZM,Retail,USSD,2003-11-05,M,Active
C01000386,2022-07-24,B020,ZM,SME,USSD,2008-12-11,M,Active
C01000387,2022-05-31,B003,ZM,SME,Branch,2004-11-02,F,Dormant
C01000388,2025-01-06,B015,ZM,Retail,USSD,1988-01-30,M,Active
C01000389,2023-03-13,B001,ZM,SME,Branch,1981-02-23,M,Active
C01000390,2024-11-02,B001,ZM,SME,ATM,1988-11-14,F,Dormant
C01000391,2023-06-28,B003,ZM,Retail,ATM,2001-05-23,M,Active
C01000392,2022-09-29,B003,ZM,Retail,Agent,2003-05-01,F,Active
C01000393,2023-12-16,B020,ZM,Retail,ATM,2006-02-24,M,Active
C01000394,2022-05-21,B020,ZM,Retail,Branch,2009-10-09,M,Active
C01000395,2023-05-16,B003,ZM,Retail,Branch,1967-04-22,F,Active
C01000396,2024-01-27,B004,ZM,Retail,App,1969-06-04,M,Active
C01000397,2023-08-07,B020,ZM,Retail,USSD,1998-03-11,M,Active
C01000398,2022-11-20,B010,ZM,Retail,Web,1966-12-14,M,Active
C01000399,2024-06-16,B020,ZM,SME,Web,1993-09-14,F,Active
C01000400,2025-01-17,B001,ZM,Retail,USSD,1971-06-02,F,Active
C01000401,2025-12-11,B020,ZM,Retail,Web,1961-03-22,F,Active
C01000402,2023-09-12,B004,ZM,Retail,Web,1974-07-17,F,Active
C01000403,2025-06-06,B003,ZM,Retail,Web,2006-08-24,F,Active
C01000404,2025-09-01,B001,ZM,SME,Agent,1970-11-24,M,Active
C01000405,2024-12-19,B020,ZM,Retail,Branch,1974-11-28,M,Dormant
C01000406,2022-01-17,B004,ZM,Retail,Branch,1977-09-15,F,Active
C01000407,2025-09-29,B010,ZM,SME,Branch,1999-04-05,F,Active
C01000408,2025-02-09,B020,ZM,Retail,USSD,1970-03-13,M,Dormant
C01000409,2023-09-06,B004,ZM,Retail,ATM,1963-07-03,F,Active
C01000410,2025-09-20,B010,ZM,Retail,Agent,1998-01-20,M,Active
C01000411,2022-08-01,B003,ZM,SME,Agent,2004-06-04,F,Active
C01000412,2022-10-03,B020,ZM,Retail,Web,1975-04-26,F,Active
C01000413,2023-06-26,B010,ZM,Retail,App,2007-01-23,M,Active
C01000414,2022-08-25,B001,ZM,Retail,Branch,2003-09-16,M,Active
C01000415,2022-08-08,B003,ZM,Retail,Agent,1972-07-19,F,Active
C01000416,2025-02-07,B001,ZM,SME,Agent,2009-01-29,F,Active
C01000417,2022-11-15,B005,ZM,Retail,App,1997-07-06,M,Active
C01000418,2023-07-12,B002,ZM,Retail,Web,1995-10-31,M,Dormant
C01000419,2023-08-01,B020,ZM,Retail,Agent,1960-10-30,F,Active
C01000420,2025-05-23,B010,ZM,SME,Agent,1986-08-15,M,Active
C01000421,2023-03-08,B002,ZM,Retail,ATM,1970-07-19,F,Closed
C01000422,2026-01-09,B002,ZM,SME,App,1999-01-25,F,Active
C01000423,2023-12-04,B010,ZM,SME,Web,1986-05-25,F,Dormant
C01000424,2023-02-21,B003,ZM,Retail,Web,1984-04-27,F,Active
C01000425,2025-11-08,B020,ZM,Retail,Branch,2006-11-15,F,Active
C01000426,2025-07-22,B005,ZM,Retail,ATM,1988-12-02,F,Active
C01000427,2023-06-25,B001,ZM,SME,Web,1993-05-04,F,Active
C01000428,2024-11-01,B004,ZM,Retail,ATM,2010-07-31,M,Active
C01000429,2024-09-27,B001,ZM,Retail,Branch,1974-11-20,M,Closed
C01000430,2023-05-30,B004,ZM,SME,App,1972-09-11,F,Active
C01000431,2022-04-15,B001,ZM,Retail,Agent,1986-01-13,M,Active
C01000432,2022-07-09,B010,ZM,Retail,Agent,2006-12-10,F,Active
C01000433,2025-07-23,B005,ZM,Retail,USSD,1978-05-05,F,Active
C01000434,2024-05-17,B020,ZM,Retail,USSD,1993-04-22,M,Active
C01000435,2023-07-21,B004,ZM,SME,USSD,2006-08-06,M,Active
C01000436,2022-04-01,B020,ZM,Retail,Agent,2014-03-26,F,Active
C01000437,2022-01-08,B020,ZM,Retail,ATM,1982-07-16,M,Active
C01000438,2023-11-15,B020,ZM,SME,USSD,2002-05-10,F,Active
C01000439,2022-09-25,B015,ZM,Retail,App,2001-07-11,M,Active
C01000440,2025-07-28,B003,ZM,Premium,Web,1978-11-23,F,Dormant
C01000441,2023-06-21,B001,ZM,Premium,ATM,1989-08-15,F,Active
C01000442,2022-11-27,B020,ZM,Retail,Agent,1972-02-21,F,Active
C01000443,2024-06-23,B001,ZM,Retail,App,1974-09-25,M,Active
C01000444,2025-02-03,B020,ZM,Retail,Agent,2007-01-16,F,Active
C01000445,2025-12-16,B004,ZM,Retail,ATM,2002-07-06,F,Active
C01000446,2024-05-25,B003,ZM,Retail,ATM,1960-11-17,M,Dormant
C01000447,2025-02-22,B003,ZM,Retail,ATM,1988-07-02,M,Closed
C01000448,2022-01-20,B010,ZM,Retail,Branch,1997-05-07,F,Active
C01000449,2022-08-18,B015,ZM,SME,Web,1976-01-29,M,Active
C01000450,2022-06-04,B010,ZM,Retail,USSD,1973-06-27,F,Dormant
C01000451,2025-11-16,B010,ZM,Retail,Branch,2002-03-18,F,Closed
C01000452,2022-11-02,B010,ZM,Retail,Web,1966-01-06,F,Active
C01000453,2025-01-22,B010,ZM,Premium,Agent,1960-07-02,M,Active
C01000454,2022-03-15,B010,ZM,Retail,USSD,1987-12-23,M,Active
C01000455,2024-01-27,B005,ZM,SME,Branch,1976-11-01,M,Active
C01000456,2025-04-07,B003,ZM,Retail,Branch,1977-11-16,F,Active
C01000457,2025-02-05,B010,ZM,Retail,App,1968-06-02,F,Active
C01000458,2022-10-31,B020,ZM,Retail,Branch,2008-03-29,F,Closed
C01000459,2024-05-30,B003,ZM,Retail,ATM,2001-02-21,M,Active
C01000460,2022-09-19,B003,ZM,Retail,Agent,1989-09-12,M,Active
C01000461,2022-03-27,B002,ZM,Retail,Branch,1968-06-30,F,Active
C01000462,2023-09-24,B005,ZM,Retail,ATM,1965-06-25,M,Active
C01000463,2024-01-17,B010,ZM,Premium,Web,2002-01-18,M,Active
C01000464,2022-03-23,B001,ZM,Retail,Web,2013-05-01,M,Active
C01000465,2024-01-03,B004,ZM,Premium,ATM,1974-01-13,M,Active
C01000466,2023-03-07,B015,ZM,Retail,App,1965-12-27,F,Active
C01000467,2025-10-28,B020,ZM,Retail,App,1991-06-10,F,Active
C01000468,2023-05-27,B001,ZM,Retail,Web,2010-03-01,F,Active
C01000469,2025-09-27,B005,ZM,Retail,Agent,1980-04-11,M,Active
C01000470,2022-07-30,B004,ZM,Retail,Branch,1990-12-12,M,Dormant
C01000471,2023-12-26,B005,ZM,Retail,Web,1961-04-07,M,Active
C01000472,2025-02-20,B020,ZM,Retail,Web,1977-04-13,F,Active
C01000473,2024-04-12,B003,ZM,Retail,ATM,1984-08-19,M,Closed
C01000474,2025-06-25,B004,ZM,Retail,App,1985-06-30,F,Active
C01000475,2022-11-13,B003,ZM,SME,Agent,1998-03-26,F,Active
C01000476,2023-04-30,B020,ZM,Retail,ATM,2012-06-07,F,Dormant
C01000477,2022-11-29,B001,ZM,Retail,Web,1987-06-06,M,Dormant
C01000478,2022-12-29,B020,ZM,Retail,USSD,1992-12-12,F,Active
C01000479,2024-04-24,B001,ZM,Retail,Branch,1996-03-06,F,Dormant
C01000480,2022-02-20,B004,ZM,Retail,Web,1982-11-08,M,Active
C01000481,2023-01-03,B004,ZM,Retail,ATM,2010-05-04,F,Dormant
C01000482,2023-11-12,B010,ZM,Retail,USSD,2008-07-15,M,Active
C01000483,2024-04-23,B005,ZM,Retail,USSD,1978-03-05,F,Active
C01000484,2025-10-03,B010,ZM,Retail,Web,1966-12-13,M,Active
C01000485,2023-05-24,B005,ZM,Retail,Agent,2013-03-02,F,Dormant
C01000486,2023-07-01,B010,ZM,Retail,App,1973-09-03,F,Active
C01000487,2022-11-23,B003,ZM,Premium,USSD,1969-03-28,F,Closed
C01000488,2025-12-07,B004,ZM,Retail,Branch,1979-06-02,M,Active
C01000489,2022-08-10,B001,ZM,Retail,ATM,1985-02-12,M,Active
C01000490,2024-02-23,B005,ZM,SME,ATM,1975-12-31,M,Active
C01000491,2022-03-21,B020,ZM,SME,ATM,1983-08-03,F,Active
C01000492,2024-08-21,B005,ZM,Retail,Web,2010-07-27,M,Active
C01000493,2023-04-01,B001,ZM,Retail,ATM,1969-03-06,M,Active
C01000494,2023-02-13,B010,ZM,Premium,ATM,1971-05-14,M,Dormant
C01000495,2024-07-31,B005,ZM,Retail,Branch,2006-11-10,M,Active
C01000496,2023-12-18,B015,ZM,SME,App,2012-09-09,F,Active
C01000497,2023-09-18,B003,ZM,Retail,Agent,1994-05-10,F,Dormant
C01000498,2023-04-12,B004,ZM,Retail,Web,1989-08-14,F,Active
C01000499,2023-04-02,B001,ZM,Retail,Web,2011-08-24,F,Active
C01000500,2022-02-18,B004,ZM,Retail,ATM,2013-02-15,F,Active
C01000501,2025-09-13,B015,ZM,SME,Branch,2014-04-04,F,Closed
C01000502,2023-01-31,B005,ZM,Premium,USSD,1984-11-14,M,Active
C01000503,2024-03-27,B005,ZM,Retail,ATM,2002-06-21,F,Active
C01000504,2023-11-04,B020,ZM,Retail,ATM,1978-10-11,M,Active
C01000505,2023-07-25,B015,ZM,SME,Web,1975-01-30,F,Dormant
C01000506,2022-05-23,B001,ZM,Retail,Web,1960-03-28,M,Active
C01000507,2023-07-26,B020,ZM,Retail,ATM,1980-10-18,F,Active
C01000508,2023-12-21,B003,ZM,Retail,Web,1979-06-02,F,Active
C01000509,2025-08-06,B020,ZM,Retail,Branch,1968-03-11,F,Active
C01000510,2024-11-09,B002,ZM,SME,USSD,1973-02-21,F,Active
C01000511,2024-03-29,B001,ZM,Retail,USSD,1972-11-09,M,Active
C01000512,2025-10-23,B002,ZM,Retail,USSD,1974-10-14,M,Active
C01000513,2025-01-03,B015,ZM,Premium,ATM,2002-08-28,F,Closed
C01000514,2023-11-10,B010,ZM,Retail,Agent,1960-01-09,F,Active
C01000515,2022-02-26,B002,ZM,Retail,ATM,1989-01-03,M,Dormant
C01000516,2022-08-25,B003,ZM,Retail,ATM,1966-12-23,F,Active
C01000517,2023-06-19,B020,ZM,Retail,Branch,1964-09-06,F,Active
C01000518,2023-01-01,B010,ZM,Retail,USSD,1972-04-15,M,Active
C01000519,2025-04-04,B020,ZM,Retail,Web,2005-11-27,M,Active
C01000520,2023-06-28,B002,ZM,Retail,Web,1999-06-12,M,Active
C01000521,2022-03-20,B020,ZM,Retail,App,1998-03-01,M,Active
C01000522,2022-08-11,B015,ZM,Retail,App,2002-04-26,F,Active
C01000523,2025-05-06,B010,ZM,Retail,Agent,1989-05-06,F,Dormant
C01000524,2024-06-08,B015,ZM,Retail,Web,1987-02-22,F,Active
C01000525,2023-12-09,B002,ZM,Retail,USSD,2004-11-21,F,Dormant
C01000526,2026-02-01,B015,ZM,Retail,ATM,1970-07-10,M,Active
C01000527,2023-10-05,B003,ZM,Retail,Web,1981-08-07,F,Closed
C01000528,2024-06-12,B002,ZM,Premium,Agent,2010-04-02,F,Active
C01000529,2025-05-26,B002,ZM,SME,Agent,1995-04-12,M,Active
C01000530,2024-11-13,B002,ZM,Retail,Web,1993-11-06,F,Active
C01000531,2022-08-25,B001,ZM,SME,App,1994-08-03,M,Dormant
C01000532,2024-02-28,B020,ZM,Retail,USSD,2002-07-26,M,Active
C01000533,2025-03-26,B001,ZM,Premium,Web,1991-11-06,M,Active
C01000534,2023-01-25,B001,ZM,Retail,ATM,1987-12-20,M,Dormant
C01000535,2023-06-06,B003,ZM,Retail,ATM,2006-10-30,M,Active
C01000536,2022-04-01,B010,ZM,Retail,Branch,1988-06-08,F,Active
C01000537,2025-12-22,B020,ZM,Retail,ATM,2007-08-11,F,Active
C01000538,2024-06-12,B015,ZM,Premium,Web,1967-01-06,F,Active
C01000539,2022-01-04,B005,ZM,Retail,Web,2014-04-24,M,Active
C01000540,2024-11-30,B002,ZM,Retail,ATM,1979-03-11,M,Active
C01000541,2025-01-07,B015,ZM,Retail,App,1974-11-26,F,Closed
C01000542,2025-11-07,B002,ZM,Retail,USSD,1984-11-30,M,Active
C01000543,2026-01-13,B003,ZM,Retail,Agent,1972-10-26,M,Dormant
C01000544,2025-10-05,B002,ZM,Retail,Web,1999-03-24,M,Active
C01000545,2023-02-08,B001,ZM,Premium,ATM,2010-04-14,F,Active
C01000546,2024-01-16,B020,ZM,Retail,Agent,1999-08-15,M,Active
C01000547,2024-06-02,B005,ZM,Retail,ATM,2003-12-20,M,Active
C01000548,2022-05-24,B004,ZM,SME,Web,1982-06-23,M,Active
C01000549,2025-09-22,B002,ZM,Retail,Branch,1970-10-15,F,Active
C01000550,2023-11-08,B015,ZM,Retail,USSD,2010-01-19,M,Active
C01000551,2025-06-30,B001,ZM,Retail,Web,1999-01-23,F,Active
C01000552,2023-10-05,B004,ZM,SME,Agent,1991-03-28,M,Active
C01000553,2025-09-20,B005,ZM,Retail,ATM,1975-12-21,M,Active
C01000554,2022-09-13,B004,ZM,Premium,Branch,1962-04-08,F,Active
C01000555,2026-01-14,B001,ZM,SME,Web,1992-10-21,F,Active
C01000556,2023-09-08,B020,ZM,Retail,USSD,2001-10-24,F,Dormant
C01000557,2024-11-04,B020,ZM,Retail,Branch,1991-01-15,M,Active
C01000558,2023-09-26,B010,ZM,Retail,Agent,1998-01-17,F,Dormant
C01000559,2025-09-27,B020,ZM,Retail,ATM,1979-03-07,F,Active
C01000560,2024-04-16,B010,ZM,SME,App,2010-03-22,F,Closed
C01000561,2023-10-31,B004,ZM,Premium,USSD,1977-02-18,M,Active
C01000562,2024-04-04,B003,ZM,Retail,Branch,1994-04-24,F,Active
C01000563,2025-11-28,B015,ZM,Retail,Web,1993-07-27,M,Active
C01000564,2023-08-29,B015,ZM,Retail,Web,1976-01-22,M,Dormant
C01000565,2025-02-09,B004,ZM,Retail,Branch,1960-12-15,M,Active
C01000566,2022-09-18,B002,ZM,Retail,Web,1977-07-27,F,Active
C01000567,2023-01-28,B002,ZM,Retail,Branch,1999-08-30,F,Active
C01000568,2024-05-11,B020,ZM,Retail,USSD,1992-05-20,F,Active
C01000569,2025-09-23,B015,ZM,Retail,Web,2007-03-11,F,Active
C01000570,2024-02-16,B015,ZM,Retail,USSD,1977-06-26,M,Active
C01000571,2025-10-19,B010,ZM,SME,ATM,1960-07-02,F,Active
C01000572,2022-12-23,B003,ZM,SME,ATM,2012-08-03,F,Active
C01000573,2025-06-14,B001,ZM,Retail,ATM,1987-11-05,M,Active
C01000574,2025-03-11,B002,ZM,Retail,ATM,1989-06-19,F,Active
C01000575,2023-09-09,B015,ZM,Retail,Web,1968-06-10,M,Active
C01000576,2024-04-11,B010,ZM,Retail,Branch,1993-02-03,M,Active
C01000577,2025-01-27,B005,ZM,Retail,Web,1982-10-07,F,Active
C01000578,2022-01-01,B010,ZM,Retail,Agent,2005-02-08,M,Active
C01000579,2023-09-15,B002,ZM,Retail,Web,1961-03-01,M,Active
C01000580,2023-08-11,B002,ZM,Retail,USSD,2014-06-08,M,Active
C01000581,2023-03-07,B010,ZM,Retail,Branch,1984-06-29,F,Active
C01000582,2024-05-30,B001,ZM,Retail,App,1963-01-03,F,Active
C01000583,2025-04-02,B004,ZM,Retail,App,1984-08-31,F,Active
C01000584,2025-05-27,B002,ZM,Premium,Branch,2002-12-13,M,Active
C01000585,2025-09-02,B010,ZM,Retail,App,1995-09-25,F,Active
C01000586,2023-10-22,B015,ZM,Retail,Branch,1963-12-10,F,Dormant
C01000587,2024-08-10,B010,ZM,Retail,USSD,1982-09-13,M,Active
C01000588,2024-06-23,B003,ZM,Premium,USSD,1984-08-06,F,Active
C01000589,2024-06-24,B004,ZM,Retail,Web,1965-02-18,F,Active
C01000590,2025-10-15,B005,ZM,Retail,App,2011-05-02,M,Active
C01000591,2023-03-14,B001,ZM,SME,Branch,1962-09-24,F,Active
C01000592,2024-11-12,B020,ZM,Retail,USSD,2002-03-28,M,Active
C01000593,2024-08-27,B005,ZM,Retail,Web,2014-07-04,F,Active
C01000594,2022-12-14,B004,ZM,Retail,App,2000-10-09,F,Active
C01000595,2025-09-11,B004,ZM,Retail,App,2003-12-27,F,Active
C01000596,2022-06-23,B004,ZM,Retail,App,1975-08-04,M,Active
C01000597,2023-08-05,B005,ZM,Retail,USSD,2002-06-22,F,Active
C01000598,2024-11-21,B015,ZM,Retail,USSD,2008-12-11,F,Active
C01000599,2025-09-21,B004,ZM,Retail,App,1969-04-27,M,Active
C01000600,2025-07-20,B010,ZM,Retail,USSD,1963-06-05,F,Active
C01000601,2025-06-22,B005,ZM,Retail,App,1993-02-24,M,Closed
C01000602,2023-11-18,B020,ZM,Retail,ATM,1962-08-02,F,Active
C01000603,2022-07-11,B004,ZM,Premium,USSD,1973-09-28,F,Active
C01000604,2023-04-27,B010,ZM,Retail,Branch,1975-11-14,F,Active
C01000605,2025-10-09,B015,ZM,Retail,USSD,1971-10-23,F,Active
C01000606,2023-09-28,B003,ZM,Retail,App,1967-06-06,F,Dormant
C01000607,2023-04-06,B015,ZM,Retail,Branch,1997-08-22,F,Active
C01000608,2023-02-12,B020,ZM,Retail,Web,1970-09-18,M,Active
C01000609,2022-10-29,B004,ZM,Retail,Branch,1965-01-10,F,Dormant
C01000610,2022-02-20,B020,ZM,Retail,Branch,1999-10-11,M,Active
C01000611,2022-04-05,B005,ZM,Retail,USSD,1965-08-04,F,Active
C01000612,2023-05-17,B002,ZM,SME,Agent,1988-03-10,M,Active
C01000613,2024-08-31,B004,ZM,Retail,Branch,1968-09-29,M,Active
C01000614,2025-06-05,B002,ZM,Retail,Branch,2008-10-23,M,Active
C01000615,2022-05-30,B010,ZM,Retail,App,1984-11-22,F,Active
C01000616,2024-07-21,B003,ZM,Retail,USSD,1977-06-02,F,Active
C01000617,2024-04-28,B001,ZM,Retail,App,1961-06-30,M,Active
C01000618,2025-07-13,B020,ZM,Retail,USSD,1989-11-04,M,Active
C01000619,2025-03-24,B015,ZM,Retail,Web,1988-05-23,M,Active
C01000620,2023-02-03,B003,ZM,Retail,Agent,1975-03-07,M,Dormant
C01000621,2026-01-11,B004,ZM,SME,Branch,2012-08-24,M,Active
C01000622,2025-11-27,B002,ZM,Retail,USSD,1992-11-09,M,Active
C01000623,2024-02-26,B015,ZM,Retail,Branch,2006-04-28,F,Dormant
C01000624,2024-10-09,B002,ZM,SME,Branch,1961-04-09,F,Active
C01000625,2024-03-29,B005,ZM,Retail,ATM,1996-03-03,M,Active
C01000626,2023-05-15,B002,ZM,Retail,App,1997-05-09,F,Active
C01000627,2022-10-30,B005,ZM,Retail,Agent,1965-07-07,M,Active
C01000628,2025-09-05,B010,ZM,Retail,USSD,1965-10-29,M,Active
C01000629,2025-11-09,B015,ZM,Retail,Web,1977-04-23,F,Dormant
C01000630,2022-01-12,B015,ZM,Retail,Agent,2004-12-28,M,Active
C01000631,2022-08-07,B001,ZM,Retail,ATM,1973-03-26,F,Active
C01000632,2024-05-20,B004,ZM,Retail,App,1983-12-03,M,Active
C01000633,2023-03-25,B005,ZM,SME,Web,1967-07-14,M,Active
C01000634,2022-12-27,B001,ZM,Retail,Web,1975-06-26,F,Active
C01000635,2025-11-26,B002,ZM,Retail,Branch,1999-10-12,F,Dormant
C01000636,2024-11-26,B002,ZM,Retail,App,1963-12-29,F,Active
C01000637,2024-08-09,B001,ZM,Retail,ATM,1984-09-19,M,Active
C01000638,2022-04-13,B015,ZM,SME,USSD,2014-08-05,F,Dormant
C01000639,2025-02-15,B002,ZM,Retail,USSD,1977-10-28,M,Active
C01000640,2023-05-26,B020,ZM,Retail,ATM,2005-05-07,M,Active
C01000641,2022-09-06,B010,ZM,Retail,Branch,1996-09-18,F,Active
C01000642,2024-07-23,B010,ZM,Retail,Branch,1975-07-08,M,Active
C01000643,2022-10-01,B020,ZM,Retail,Web,1960-04-15,F,Active
C01000644,2024-08-09,B001,ZM,Retail,App,1987-12-01,F,Active
C01000645,2025-09-29,B020,ZM,Retail,Web,1984-07-23,M,Active
C01000646,2024-12-23,B005,ZM,Retail,USSD,2010-04-16,M,Active
C01000647,2025-02-18,B005,ZM,Retail,ATM,1991-06-18,F,Active
C01000648,2025-05-04,B001,ZM,Retail,App,1970-07-24,F,Active
C01000649,2023-10-12,B020,ZM,SME,ATM,1990-08-19,M,Active
C01000650,2024-06-25,B005,ZM,SME,App,2001-10-30,F,Active
C01000651,2025-06-08,B015,ZM,SME,Agent,2010-12-21,M,Active
C01000652,2026-01-13,B020,ZM,Premium,USSD,1967-09-22,M,Active
C01000653,2024-10-30,B015,ZM,Retail,USSD,2010-10-17,F,Active
C01000654,2024-05-23,B005,ZM,Retail,Agent,2001-07-15,M,Active
C01000655,2025-01-27,B010,ZM,Retail,App,1967-11-28,F,Active
C01000656,2024-07-02,B005,ZM,SME,Branch,1970-06-06,F,Active
C01000657,2022-11-22,B015,ZM,Retail,App,1968-02-15,M,Active
C01000658,2024-08-30,B003,ZM,Premium,USSD,1976-05-16,M,Active
C01000659,2024-07-10,B004,ZM,Retail,ATM,1967-10-02,M,Dormant
C01000660,2023-06-15,B002,ZM,SME,Web,1976-08-27,F,Active
C01000661,2023-05-22,B020,ZM,Retail,ATM,1988-06-25,F,Closed
C01000662,2025-07-29,B003,ZM,Retail,USSD,2013-01-12,F,Active
C01000663,2023-07-22,B005,ZM,SME,ATM,1961-10-20,F,Dormant
C01000664,2024-12-03,B010,ZM,Retail,Branch,1975-03-11,F,Active
C01000665,2024-09-19,B001,ZM,SME,Branch,1960-12-08,F,Active
C01000666,2025-07-07,B005,ZM,Retail,App,1979-07-07,M,Active
C01000667,2023-05-05,B010,ZM,Retail,ATM,1993-08-07,M,Active
C01000668,2023-07-17,B004,ZM,Retail,ATM,2001-04-19,M,Active
C01000669,2024-06-19,B005,ZM,Retail,USSD,1967-04-17,F,Active
C01000670,2022-06-08,B015,ZM,Retail,App,1982-02-18,M,Active
C01000671,2026-01-01,B001,ZM,Retail,App,1987-08-12,F,Active
C01000672,2023-08-09,B010,ZM,Retail,ATM,1977-02-21,M,Active
C01000673,2023-04-26,B010,ZM,Retail,Web,1971-11-28,M,Active
C01000674,2023-07-11,B010,ZM,Retail,ATM,1987-11-09,M,Active
C01000675,2023-11-19,B004,ZM,Retail,ATM,1964-10-13,M,Active
C01000676,2023-10-17,B005,ZM,Retail,ATM,1994-01-11,F,Active
C01000677,2025-01-11,B004,ZM,Retail,Branch,1985-10-02,F,Active
C01000678,2022-06-15,B020,ZM,Retail,Agent,1975-12-20,M,Active
C01000679,2022-10-11,B002,ZM,Retail,App,1985-01-10,M,Active
C01000680,2022-11-05,B002,ZM,Retail,Agent,1972-08-06,F,Active
C01000681,2023-04-19,B020,ZM,Retail,Branch,2010-09-10,F,Active
C01000682,2024-02-24,B005,ZM,Premium,Web,1988-04-22,M,Active
C01000683,2025-11-22,B015,ZM,SME,USSD,1997-02-20,M,Closed
C01000684,2022-11-09,B004,ZM,Retail,Web,1980-04-09,M,Dormant
C01000685,2025-12-17,B001,ZM,Retail,App,1976-11-20,M,Active
C01000686,2023-03-15,B010,ZM,SME,USSD,1984-06-22,M,Dormant
C01000687,2022-05-12,B010,ZM,Retail,Agent,1977-11-15,M,Active
C01000688,2024-04-29,B005,ZM,Retail,Web,1975-11-21,F,Active
C01000689,2024-04-14,B015,ZM,Retail,App,1986-06-17,F,Active
C01000690,2023-11-09,B002,ZM,Retail,Web,1983-04-08,F,Active
C01000691,2025-01-16,B002,ZM,Premium,USSD,1999-06-09,F,Dormant
C01000692,2024-08-12,B010,ZM,Retail,USSD,1983-09-25,M,Active
C01000693,2024-05-01,B005,ZM,Retail,Web,1968-04-16,F,Active
C01000694,2022-05-08,B004,ZM,Retail,Branch,2003-12-13,F,Active
C01000695,2023-02-28,B002,ZM,SME,Web,1991-11-11,F,Dormant
C01000696,2024-05-10,B004,ZM,SME,Agent,2011-12-01,M,Active
C01000697,2024-03-08,B015,ZM,Retail,Web,1992-08-14,M,Active
C01000698,2025-04-11,B002,ZM,Retail,Web,1991-04-19,M,Active
C01000699,2025-11-25,B002,ZM,Retail,Branch,2006-12-04,F,Dormant
C01000700,2022-02-10,B003,ZM,SME,ATM,2000-05-04,F,Active
C01000701,2025-03-25,B002,ZM,SME,USSD,1975-04-18,M,Active
C01000702,2024-02-19,B020,ZM,Retail,Agent,1963-04-18,M,Active
C01000703,2024-09-03,B001,ZM,Retail,App,2012-07-02,F,Active
C01000704,2022-01-13,B020,ZM,Retail,USSD,1994-08-07,M,Active
C01000705,2023-12-22,B005,ZM,Retail,USSD,1973-12-20,M,Active
C01000706,2023-09-04,B005,ZM,Retail,ATM,2008-04-05,F,Active
C01000707,2024-03-09,B004,ZM,Retail,USSD,2011-01-08,F,Active
C01000708,2024-05-08,B020,ZM,Retail,USSD,1978-11-24,F,Active
C01000709,2025-01-07,B020,ZM,Retail,Branch,1998-12-03,M,Active
C01000710,2025-01-23,B020,ZM,Retail,Branch,1991-02-14,F,Active
C01000711,2025-05-20,B015,ZM,Retail,Branch,1985-11-24,F,Active
C01000712,2023-03-28,B002,ZM,Retail,Branch,1978-08-11,M,Dormant
C01000713,2024-09-26,B001,ZM,Retail,Branch,1990-09-12,M,Active
C01000714,2023-03-26,B004,ZM,Retail,Agent,2005-03-12,M,Active
C01000715,2023-07-13,B020,ZM,Retail,App,2009-06-27,F,Active
C01000716,2024-06-11,B020,ZM,Retail,ATM,1984-02-16,F,Active
C01000717,2024-09-21,B003,ZM,SME,Web,1968-02-21,M,Active
C01000718,2022-03-01,B004,ZM,Retail,Agent,2006-01-17,F,Active
C01000719,2024-03-07,B020,ZM,SME,Branch,1978-11-26,F,Dormant
C01000720,2023-11-20,B004,ZM,Retail,ATM,1983-03-02,F,Active
C01000721,2025-10-01,B002,ZM,Retail,Web,1979-07-31,F,Active
C01000722,2025-10-22,B003,ZM,Retail,USSD,2001-12-16,M,Active
C01000723,2024-04-08,B004,ZM,Retail,Agent,1983-05-27,F,Closed
C01000724,2026-01-23,B001,ZM,Retail,USSD,1962-10-27,F,Active
C01000725,2022-12-05,B001,ZM,Retail,ATM,1970-05-06,F,Active
C01000726,2024-08-15,B005,ZM,SME,App,2006-05-21,M,Active
C01000727,2022-09-19,B003,ZM,Retail,App,1976-09-21,F,Active
C01000728,2025-06-28,B003,ZM,SME,ATM,2002-08-19,F,Dormant
C01000729,2024-12-29,B005,ZM,SME,App,1972-07-17,F,Active
C01000730,2022-02-25,B004,ZM,Retail,App,2001-12-01,M,Active
C01000731,2024-03-17,B003,ZM,Retail,USSD,2012-08-23,F,Dormant
C01000732,2025-04-27,B001,ZM,Retail,App,1988-12-22,M,Active
C01000733,2025-03-01,B001,ZM,SME,App,1993-05-25,F,Active
C01000734,2025-09-19,B020,ZM,Retail,ATM,2010-07-30,M,Active
C01000735,2022-02-25,B002,ZM,SME,App,1993-11-26,M,Active
C01000736,2022-06-21,B003,ZM,Retail,Agent,2012-10-14,F,Active
C01000737,2025-08-09,B004,ZM,Premium,Branch,1963-01-14,F,Active
C01000738,2024-05-27,B005,ZM,Retail,Branch,1988-12-02,M,Active
C01000739,2022-10-05,B005,ZM,Retail,ATM,1969-05-20,M,Active
C01000740,2024-08-03,B004,ZM,SME,Branch,1992-03-12,F,Closed
C01000741,2023-01-08,B015,ZM,SME,USSD,1960-09-15,F,Active
C01000742,2022-04-13,B010,ZM,Retail,Agent,1974-03-29,F,Active
C01000743,2023-06-17,B002,ZM,Retail,Agent,1997-10-21,F,Active
C01000744,2024-02-16,B005,ZM,Retail,ATM,2002-08-29,F,Active
C01000745,2023-11-02,B003,ZM,Premium,App,1990-01-10,F,Active
C01000746,2023-03-10,B002,ZM,SME,Branch,1990-03-16,F,Dormant
C01000747,2024-07-20,B003,ZM,SME,USSD,1968-12-27,M,Active
C01000748,2023-11-01,B015,ZM,Retail,ATM,1976-10-14,M,Active
C01000749,2023-11-23,B001,ZM,Retail,ATM,1992-02-13,F,Closed
C01000750,2024-02-16,B002,ZM,Retail,App,1987-06-24,F,Active
C01000751,2023-07-24,B020,ZM,SME,Web,1974-08-07,F,Active
C01000752,2024-05-13,B005,ZM,Retail,Branch,2001-11-18,M,Closed
C01000753,2023-06-01,B002,ZM,SME,USSD,2009-01-19,M,Active
C01000754,2022-06-17,B002,ZM,Retail,ATM,1976-09-13,F,Closed
C01000755,2024-08-21,B002,ZM,Retail,Branch,1961-12-13,F,Active
C01000756,2022-02-09,B010,ZM,Retail,USSD,1999-05-21,M,Active
C01000757,2025-01-09,B002,ZM,Retail,Agent,2000-12-12,M,Active
C01000758,2022-04-17,B003,ZM,Retail,Agent,2013-04-02,M,Active
C01000759,2023-12-18,B001,ZM,Retail,USSD,2011-09-03,F,Active
C01000760,2023-04-05,B015,ZM,Retail,Agent,1999-01-09,F,Closed
C01000761,2025-08-24,B004,ZM,SME,ATM,1995-10-29,M,Active
C01000762,2022-05-21,B002,ZM,Retail,Branch,2002-06-27,F,Active
C01000763,2025-08-27,B005,ZM,Retail,USSD,1981-11-07,F,Active
C01000764,2022-03-24,B002,ZM,Retail,ATM,1982-08-29,F,Active
C01000765,2022-03-05,B005,ZM,Retail,Branch,1993-06-25,M,Active
C01000766,2023-05-22,B003,ZM,SME,Branch,2013-11-29,M,Active
C01000767,2023-02-13,B005,ZM,Retail,ATM,1990-04-24,M,Closed
C01000768,2022-02-11,B020,ZM,SME,Branch,2003-04-17,F,Dormant
C01000769,2025-06-26,B004,ZM,Retail,Web,1995-12-27,F,Active
C01000770,2022-11-09,B001,ZM,Retail,USSD,1986-12-06,M,Active
C01000771,2023-05-04,B005,ZM,Retail,USSD,1963-08-07,F,Active
C01000772,2022-09-16,B005,ZM,Retail,Branch,1981-01-07,M,Active
C01000773,2024-08-27,B001,ZM,Retail,ATM,2005-06-25,F,Dormant
C01000774,2025-10-03,B004,ZM,Retail,App,1969-09-04,F,Active
C01000775,2022-08-23,B002,ZM,Retail,Agent,1997-10-07,F,Dormant
C01000776,2025-03-01,B005,ZM,Retail,Branch,1998-03-17,F,Active
C01000777,2023-03-23,B001,ZM,Retail,App,1984-03-01,F,Active
C01000778,2024-08-10,B020,ZM,Retail,Branch,2011-10-23,M,Dormant
C01000779,2025-12-03,B020,ZM,Retail,App,1995-12-14,M,Active
C01000780,2023-06-09,B003,ZM,Retail,Branch,2013-03-16,F,Dormant
C01000781,2024-01-26,B001,ZM,Retail,ATM,1962-07-24,M,Active
C01000782,2022-12-10,B003,ZM,Retail,Agent,1974-09-18,F,Closed
C01000783,2025-05-25,B020,ZM,Retail,App,2005-12-13,F,Active
C01000784,2025-05-28,B004,ZM,SME,Web,1974-12-05,F,Active
C01000785,2026-01-11,B002,ZM,Retail,ATM,1986-12-19,M,Active
C01000786,2022-08-23,B001,ZM,Retail,Agent,2013-07-18,F,Active
C01000787,2022-12-02,B015,ZM,Premium,Branch,2007-01-07,F,Active
C01000788,2023-09-30,B020,ZM,Retail,App,1977-10-21,M,Dormant
C01000789,2022-08-10,B020,ZM,Retail,Agent,2010-12-15,F,Active
C01000790,2025-03-31,B015,ZM,Retail,USSD,1972-07-08,M,Dormant
C01000791,2022-02-22,B010,ZM,Retail,ATM,1971-08-27,M,Active
C01000792,2023-10-01,B020,ZM,Retail,App,1989-11-20,M,Active
C01000793,2025-03-25,B005,ZM,Premium,ATM,1964-10-28,M,Active
C01000794,2025-10-19,B004,ZM,Retail,App,1968-02-10,M,Active
C01000795,2024-02-08,B001,ZM,SME,USSD,1987-09-30,M,Active
C01000796,2024-03-23,B015,ZM,Retail,Web,1972-09-09,M,Active
C01000797,2026-01-04,B005,ZM,Retail,USSD,1991-01-19,F,Active
C01000798,2023-02-11,B015,ZM,Retail,Branch,2001-02-25,F,Active
C01000799,2022-06-05,B001,ZM,SME,ATM,1995-07-11,F,Active
C01000800,2025-04-27,B003,ZM,Premium,Web,1974-10-31,F,Active
C01000801,2025-11-15,B001,ZM,Retail,ATM,2001-04-27,F,Active
C01000802,2025-07-08,B010,ZM,Premium,Agent,1960-01-28,F,Active
C01000803,2023-05-13,B001,ZM,Retail,App,1973-03-25,F,Active
C01000804,2022-07-28,B001,ZM,Retail,Branch,1977-12-23,F,Active
C01000805,2025-11-28,B010,ZM,Retail,Branch,1975-06-09,M,Active
C01000806,2023-09-10,B004,ZM,Retail,ATM,1987-01-11,F,Dormant
C01000807,2025-11-02,B020,ZM,Retail,Branch,1987-08-04,F,Active
C01000808,2025-05-14,B001,ZM,Retail,ATM,1967-03-18,M,Active
C01000809,2022-09-05,B010,ZM,Retail,App,1976-07-23,M,Closed
C01000810,2025-03-05,B005,ZM,Retail,App,1981-03-10,M,Active
C01000811,2022-03-26,B003,ZM,Retail,ATM,1978-03-29,F,Active
C01000812,2023-12-13,B003,ZM,Premium,USSD,1999-03-01,M,Active
C01000813,2024-12-27,B001,ZM,Retail,USSD,1968-02-02,M,Dormant
C01000814,2024-05-27,B004,ZM,Retail,App,1981-12-15,M,Active
C01000815,2025-09-16,B004,ZM,Retail,Web,1973-10-29,M,Closed
C01000816,2024-01-29,B005,ZM,Retail,USSD,2009-10-27,F,Active
C01000817,2022-05-22,B001,ZM,SME,ATM,1993-07-29,M,Active
C01000818,2024-11-02,B003,ZM,Retail,App,1960-06-11,F,Active
C01000819,2025-08-19,B004,ZM,SME,Branch,2002-10-28,M,Active
C01000820,2023-11-30,B001,ZM,Retail,Branch,1974-04-17,M,Dormant
C01000821,2022-01-26,B015,ZM,Retail,USSD,1990-12-04,M,Active
C01000822,2024-05-10,B004,ZM,Retail,Web,1968-12-17,F,Active
C01000823,2024-09-30,B010,ZM,Retail,Agent,2002-03-28,M,Active
C01000824,2022-08-05,B015,ZM,Retail,USSD,2009-04-29,F,Active
C01000825,2024-06-06,B020,ZM,Retail,Web,1995-05-09,M,Active
C01000826,2024-01-12,B004,ZM,Retail,USSD,1979-01-23,F,Active
C01000827,2025-07-25,B003,ZM,Retail,Branch,2002-05-16,F,Dormant
C01000828,2024-07-30,B002,ZM,Premium,Web,1993-10-04,M,Active
C01000829,2025-12-19,B015,ZM,Retail,Branch,2001-07-31,M,Dormant
C01000830,2022-11-10,B020,ZM,Retail,ATM,1981-10-11,M,Active
C01000831,2024-06-10,B005,ZM,Retail,ATM,1968-08-05,F,Active
C01000832,2022-12-27,B005,ZM,Retail,App,1994-10-09,M,Active
C01000833,2024-12-04,B003,ZM,Retail,Branch,1971-07-12,F,Closed
C01000834,2025-08-25,B004,ZM,SME,Branch,1988-07-23,F,Active
C01000835,2023-07-08,B001,ZM,Premium,App,1971-12-24,F,Active
C01000836,2025-06-15,B004,ZM,Retail,ATM,1995-11-16,F,Active
C01000837,2025-01-07,B003,ZM,Retail,ATM,1989-05-06,F,Active
C01000838,2024-09-17,B005,ZM,Retail,Web,1985-05-28,F,Active
C01000839,2024-08-10,B004,ZM,Retail,Web,1998-02-03,F,Active
C01000840,2024-06-11,B005,ZM,Retail,Agent,2013-07-21,M,Active
C01000841,2026-02-06,B015,ZM,Retail,ATM,1995-05-02,M,Dormant
C01000842,2025-04-28,B020,ZM,Retail,Agent,2007-12-01,F,Active
C01000843,2023-07-04,B001,ZM,Retail,USSD,1966-06-06,M,Active
C01000844,2023-10-23,B015,ZM,Retail,Branch,1991-02-13,M,Active
C01000845,2023-05-18,B005,ZM,Retail,Web,2003-10-22,F,Active
C01000846,2022-06-27,B005,ZM,Retail,USSD,2012-08-11,M,Closed
C01000847,2023-07-26,B002,ZM,Retail,Web,1962-05-31,F,Active
C01000848,2024-07-12,B002,ZM,SME,App,1979-11-21,F,Active
C01000849,2023-05-15,B015,ZM,Retail,Branch,2014-08-05,M,Active
C01000850,2024-08-09,B010,ZM,SME,Agent,1975-12-25,F,Active
C01000851,2025-03-13,B015,ZM,Retail,Agent,1981-02-04,F,Active
C01000852,2025-06-03,B002,ZM,Retail,Web,1993-02-11,M,Active
C01000853,2025-09-30,B005,ZM,Retail,ATM,1992-07-02,M,Active
C01000854,2024-02-16,B003,ZM,Retail,Agent,1990-06-28,F,Active
C01000855,2023-11-20,B015,ZM,Premium,App,2004-12-26,M,Dormant
C01000856,2022-02-28,B005,ZM,Retail,App,1960-02-22,F,Active
C01000857,2024-10-09,B003,ZM,Retail,ATM,2013-10-02,M,Active
C01000858,2023-10-28,B003,ZM,Retail,App,1995-09-21,M,Active
C01000859,2023-01-08,B002,ZM,Premium,Branch,1966-12-06,M,Active
C01000860,2024-09-25,B015,ZM,Retail,Web,1980-08-22,F,Active
C01000861,2023-03-11,B004,ZM,Premium,App,1972-05-21,M,Active
C01000862,2023-12-28,B001,ZM,SME,Branch,2004-11-07,F,Active
C01000863,2023-06-14,B002,ZM,Retail,ATM,1976-11-11,F,Active
C01000864,2023-11-29,B002,ZM,SME,Web,1963-12-20,F,Active
C01000865,2023-07-27,B004,ZM,Premium,ATM,1978-12-13,M,Active
C01000866,2025-05-05,B001,ZM,Retail,Web,1987-02-01,M,Active
C01000867,2025-12-07,B005,ZM,Retail,App,1999-01-23,F,Active
C01000868,2023-07-20,B010,ZM,Retail,App,1968-04-30,F,Active
C01000869,2025-02-12,B015,ZM,Retail,Web,1990-06-19,M,Active
C01000870,2022-01-21,B010,ZM,Retail,Branch,1994-06-16,M,Dormant
C01000871,2024-11-24,B005,ZM,Retail,Branch,1976-02-20,M,Dormant
C01000872,2023-01-27,B020,ZM,Retail,Branch,1998-03-11,M,Dormant
C01000873,2022-06-25,B002,ZM,Retail,USSD,1973-07-10,F,Active
C01000874,2023-05-10,B001,ZM,Retail,Agent,1985-07-25,F,Closed
C01000875,2026-01-14,B002,ZM,SME,Agent,1987-11-28,M,Active
C01000876,2024-04-12,B003,ZM,Retail,Agent,1994-09-14,F,Dormant
C01000877,2024-09-27,B002,ZM,Retail,Branch,2003-02-14,M,Dormant
C01000878,2025-02-11,B002,ZM,Retail,App,1963-02-15,M,Active
C01000879,2023-05-08,B005,ZM,Retail,USSD,1983-06-02,M,Active
C01000880,2025-11-15,B005,ZM,Premium,Branch,1997-11-01,M,Active
C01000881,2024-09-02,B005,ZM,Retail,App,1976-02-08,F,Active
C01000882,2025-08-15,B010,ZM,Retail,USSD,1974-09-02,F,Active
C01000883,2025-12-28,B003,ZM,SME,App,1995-09-22,F,Active
C01000884,2024-10-02,B020,ZM,Premium,Web,2006-05-31,M,Active
C01000885,2024-07-06,B020,ZM,Retail,App,1969-07-19,F,Active
C01000886,2022-02-05,B005,ZM,SME,USSD,2001-09-16,M,Dormant
C01000887,2022-07-10,B001,ZM,Retail,Branch,1967-05-31,F,Active
C01000888,2023-08-26,B010,ZM,Retail,Agent,1991-01-25,M,Active
C01000889,2023-03-30,B004,ZM,Retail,USSD,1969-02-04,F,Active
C01000890,2024-04-08,B001,ZM,Retail,Branch,1996-04-14,M,Dormant
C01000891,2025-11-17,B015,ZM,SME,Branch,1961-02-04,F,Active
C01000892,2023-05-14,B015,ZM,Retail,ATM,1974-06-07,F,Active
C01000893,2023-09-20,B001,ZM,Retail,Web,1988-08-14,F,Active
C01000894,2025-09-21,B005,ZM,Premium,ATM,1971-07-20,F,Active
C01000895,2025-04-06,B004,ZM,Retail,Agent,2011-07-23,F,Active
C01000896,2024-01-26,B004,ZM,Premium,USSD,2005-06-25,F,Active
C01000897,2024-08-27,B010,ZM,Premium,ATM,1994-06-13,F,Active
C01000898,2025-02-07,B004,ZM,Retail,Agent,2000-10-16,M,Active
C01000899,2024-12-23,B015,ZM,Retail,Branch,1961-01-14,M,Active
C01000900,2023-12-06,B003,ZM,Retail,USSD,2003-08-12,M,Active
C01000901,2024-05-21,B005,ZM,Retail,ATM,1996-01-15,F,Active
C01000902,2025-02-01,B004,ZM,Retail,App,1997-11-25,F,Active
C01000903,2023-11-09,B010,ZM,Retail,Agent,1964-11-21,M,Dormant
C01000904,2023-12-22,B015,ZM,Premium,Agent,1987-03-07,F,Active
C01000905,2025-12-10,B003,ZM,Retail,Web,1998-02-15,M,Active
C01000906,2024-07-18,B002,ZM,Retail,App,1983-03-16,F,Dormant
C01000907,2023-07-09,B002,ZM,Retail,USSD,1970-05-27,M,Dormant
C01000908,2023-09-20,B003,ZM,Retail,ATM,2014-02-25,F,Active
C01000909,2023-05-30,B015,ZM,SME,Branch,2000-05-24,F,Dormant
C01000910,2023-04-18,B010,ZM,Retail,ATM,2005-01-15,F,Closed
C01000911,2022-09-05,B003,ZM,Retail,USSD,1993-06-12,F,Active
C01000912,2026-01-17,B005,ZM,Retail,USSD,2002-06-26,F,Active
C01000913,2023-01-30,B005,ZM,Retail,USSD,1990-01-22,F,Active
C01000914,2023-10-09,B002,ZM,Retail,USSD,2007-12-31,M,Closed
C01000915,2022-09-02,B004,ZM,Retail,Agent,1992-09-24,M,Active
C01000916,2025-01-02,B010,ZM,Retail,ATM,1970-01-07,M,Active
C01000917,2025-11-14,B002,ZM,Premium,App,1976-01-17,F,Dormant
C01000918,2023-01-15,B004,ZM,SME,Branch,1998-01-16,M,Closed
C01000919,2023-01-28,B004,ZM,Retail,Branch,2007-09-14,F,Active
C01000920,2023-03-20,B020,ZM,SME,Web,1994-05-27,M,Active
C01000921,2024-09-18,B005,ZM,Retail,Agent,1967-03-06,M,Active
C01000922,2023-07-21,B015,ZM,Retail,USSD,1973-06-28,M,Closed
C01000923,2026-01-23,B001,ZM,Retail,USSD,1960-08-15,F,Dormant
C01000924,2025-04-22,B015,ZM,Retail,USSD,1990-03-30,F,Active
C01000925,2024-12-10,B001,ZM,Retail,Agent,2012-12-11,M,Dormant
C01000926,2025-05-07,B003,ZM,Retail,App,1983-02-17,F,Active
C01000927,2023-08-03,B005,ZM,Retail,USSD,1977-09-23,M,Active
C01000928,2022-07-25,B004,ZM,SME,Web,2006-03-12,F,Active
C01000929,2023-02-02,B010,ZM,Retail,Web,2000-10-26,M,Active
C01000930,2023-08-30,B001,ZM,Retail,App,1999-01-06,F,Active
C01000931,2023-04-11,B015,ZM,SME,Agent,1964-05-09,M,Active
C01000932,2024-01-10,B004,ZM,Retail,USSD,2001-09-11,F,Dormant
C01000933,2023-01-03,B001,ZM,Retail,ATM,1985-04-10,F,Active
C01000934,2023-09-12,B001,ZM,SME,ATM,1963-07-29,M,Closed
C01000935,2022-01-29,B020,ZM,Retail,Branch,1970-11-26,F,Active
C01000936,2025-12-21,B001,ZM,Retail,App,2003-12-04,F,Active
C01000937,2024-12-29,B010,ZM,Retail,ATM,2001-04-16,F,Active
C01000938,2022-09-17,B005,ZM,SME,Branch,1992-12-07,F,Dormant
C01000939,2023-07-16,B010,ZM,Retail,Web,1964-06-28,F,Active
C01000940,2022-04-04,B002,ZM,SME,Branch,2013-10-07,F,Dormant
C01000941,2022-04-22,B004,ZM,Retail,USSD,1993-02-17,F,Active
C01000942,2025-02-07,B005,ZM,Retail,USSD,1982-08-21,F,Active
C01000943,2023-08-22,B020,ZM,SME,Web,1998-03-11,F,Dormant
C01000944,2025-11-29,B005,ZM,Retail,App,1990-04-10,M,Active
C01000945,2022-09-16,B005,ZM,Retail,Agent,1986-07-27,F,Active
C01000946,2025-07-30,B015,ZM,Retail,USSD,1962-02-10,F,Active
C01000947,2024-10-02,B005,ZM,SME,USSD,2008-09-09,M,Active
C01000948,2022-07-30,B020,ZM,Retail,Branch,1983-12-22,F,Active
C01000949,2022-01-26,B010,ZM,Retail,Branch,1976-01-13,F,Active
C01000950,2025-03-21,B005,ZM,Retail,Branch,1986-04-22,F,Closed
C01000951,2023-08-06,B003,ZM,SME,ATM,1992-01-07,F,Active
C01000952,2024-08-19,B004,ZM,Retail,Web,1997-06-01,M,Active
C01000953,2024-09-07,B005,ZM,Retail,App,1961-07-28,F,Active
C01000954,2024-06-21,B004,ZM,Retail,Branch,2000-01-30,F,Active
C01000955,2023-11-29,B003,ZM,Retail,App,1989-02-14,M,Active
C01000956,2023-01-13,B003,ZM,Retail,Branch,1986-09-15,M,Active
C01000957,2022-04-16,B004,ZM,Retail,USSD,1963-03-13,M,Active
C01000958,2023-06-02,B001,ZM,Retail,App,2013-06-13,F,Active
C01000959,2024-09-05,B002,ZM,SME,ATM,1970-01-07,M,Active
C01000960,2022-08-22,B015,ZM,SME,Branch,1992-01-19,F,Dormant
C01000961,2022-05-14,B001,ZM,Retail,Agent,1963-04-14,M,Active
C01000962,2024-03-31,B001,ZM,SME,Web,2007-08-30,M,Active
C01000963,2024-10-04,B010,ZM,Retail,USSD,1995-07-19,F,Active
C01000964,2022-06-01,B015,ZM,SME,Branch,1982-04-22,M,Active
C01000965,2025-03-27,B015,ZM,Retail,App,1975-09-21,F,Active
C01000966,2025-07-13,B001,ZM,Retail,Branch,1967-07-17,M,Active
C01000967,2025-11-06,B005,ZM,SME,USSD,2007-12-30,M,Active
C01000968,2022-04-20,B010,ZM,SME,Web,1968-06-25,F,Active
C01000969,2022-11-07,B010,ZM,Retail,Web,1971-04-23,F,Dormant
C01000970,2022-11-02,B003,ZM,Retail,Web,1972-12-22,M,Active
C01000971,2025-02-26,B020,ZM,Retail,Agent,2004-04-08,F,Active
C01000972,2023-09-15,B015,ZM,Retail,USSD,1998-09-04,M,Active
C01000973,2022-06-24,B001,ZM,Retail,Agent,1984-08-23,F,Active
C01000974,2023-05-24,B003,ZM,Retail,Agent,1990-12-26,M,Active
C01000975,2022-08-31,B004,ZM,SME,Branch,2001-02-02,F,Active
C01000976,2025-02-16,B002,ZM,Retail,USSD,1981-11-24,M,Active
C01000977,2024-05-02,B020,ZM,Retail,USSD,2006-12-20,M,Active
C01000978,2025-05-26,B020,ZM,Retail,Branch,2011-01-20,M,Active
C01000979,2025-05-05,B020,ZM,Retail,ATM,2001-02-15,M,Dormant
C01000980,2025-06-20,B010,ZM,Retail,Agent,1963-08-24,F,Closed
C01000981,2023-04-08,B004,ZM,Retail,Web,1966-11-12,F,Active
C01000982,2024-12-06,B020,ZM,SME,App,1989-04-19,F,Active
C01000983,2024-02-19,B004,ZM,SME,Agent,1993-06-11,M,Active
C01000984,2024-07-11,B005,ZM,Retail,App,1963-06-08,M,Dormant
C01000985,2024-06-25,B020,ZM,Retail,Branch,1973-03-01,M,Dormant
C01000986,2023-09-01,B002,ZM,Retail,App,2014-09-01,F,Active
C01000987,2025-04-20,B004,ZM,SME,ATM,1969-01-26,F,Active
C01000988,2024-05-28,B004,ZM,SME,USSD,1994-04-06,F,Dormant
C01000989,2023-09-18,B002,ZM,Retail,Web,2005-12-27,F,Active
C01000990,2025-03-10,B020,ZM,Retail,App,1967-01-24,M,Active
C01000991,2025-06-25,B002,ZM,SME,App,1990-04-21,M,Active
C01000992,2022-05-04,B004,ZM,Retail,Branch,1987-02-03,M,Dormant
C01000993,2025-06-02,B002,ZM,Retail,Branch,1997-11-27,M,Active
C01000994,2022-07-23,B004,ZM,SME,USSD,1995-12-14,F,Dormant
C01000995,2023-03-02,B004,ZM,Retail,Web,1962-01-03,M,Active
C01000996,2025-07-05,B005,ZM,Retail,App,1976-07-02,F,Active
C01000997,2023-03-09,B001,ZM,Retail,USSD,1983-01-16,F,Active
C01000998,2023-06-26,B004,ZM,Retail,Web,1967-02-10,M,Active
C01000999,2025-09-14,B020,ZM,Retail,USSD,1998-11-19,F,Active
C01001000,2022-06-16,B003,ZM,Retail,App,1970-06-12,F,Active
C01001001,2022-11-18,B010,ZM,Retail,Branch,1977-03-11,M,Closed
C01001002,2023-05-07,B015,ZM,Retail,Branch,2011-03-21,F,Dormant
C01001003,2022-12-22,B001,ZM,SME,Branch,1983-05-31,M,Active
C01001004,2025-02-04,B001,ZM,Retail,ATM,1987-03-15,F,Active
C01001005,2022-06-03,B001,ZM,Retail,USSD,2006-02-12,F,Closed
C01001006,2022-11-17,B005,ZM,Retail,App,2008-05-15,F,Dormant
C01001007,2022-01-06,B004,ZM,Retail,USSD,1981-11-13,F,Closed
C01001008,2024-04-16,B005,ZM,Retail,Branch,1964-05-19,F,Active
C01001009,2024-07-11,B004,ZM,Retail,Agent,1993-07-28,M,Active
C01001010,2025-11-12,B020,ZM,SME,Agent,2011-06-09,F,Dormant
C01001011,2025-05-01,B005,ZM,Retail,USSD,2002-06-05,F,Active
C01001012,2024-08-20,B005,ZM,SME,Web,1979-04-22,F,Active
C01001013,2023-08-20,B010,ZM,Premium,Agent,1999-03-14,F,Dormant
C01001014,2022-03-08,B003,ZM,Retail,Agent,1984-08-26,M,Active
C01001015,2023-04-20,B005,ZM,Retail,USSD,1976-08-29,F,Active
C01001016,2023-08-14,B010,ZM,Premium,ATM,1984-11-01,F,Active
C01001017,2025-12-18,B002,ZM,Premium,ATM,2004-12-30,F,Active
C01001018,2023-08-03,B003,ZM,Retail,Branch,1964-02-07,M,Active
C01001019,2025-12-10,B020,ZM,Retail,App,2014-03-30,F,Active
C01001020,2024-07-18,B005,ZM,Retail,Web,1995-10-07,F,Active
C01001021,2022-05-26,B015,ZM,Premium,App,1976-04-05,F,Dormant
C01001022,2025-11-08,B001,ZM,Retail,App,1985-07-24,M,Active
C01001023,2023-04-24,B002,ZM,Retail,Web,1984-06-18,F,Active
C01001024,2023-06-26,B002,ZM,SME,ATM,1960-06-14,F,Active
C01001025,2025-07-04,B020,ZM,Retail,Agent,1996-07-12,F,Active
C01001026,2025-04-22,B010,ZM,Retail,Branch,1978-08-01,M,Active
C01001027,2025-09-16,B002,ZM,Retail,USSD,1961-09-05,F,Active
C01001028,2023-02-10,B003,ZM,SME,ATM,1997-03-03,F,Active
C01001029,2024-05-20,B005,ZM,Retail,Branch,1971-08-23,F,Dormant
C01001030,2022-08-24,B005,ZM,Retail,Agent,1984-08-25,F,Active
C01001031,2025-01-20,B015,ZM,Retail,ATM,1983-12-16,M,Active
C01001032,2023-04-06,B020,ZM,Retail,Web,2001-06-27,M,Dormant
C01001033,2025-08-19,B001,ZM,Retail,App,2013-09-29,M,Active
C01001034,2022-11-02,B010,ZM,Retail,Web,1988-07-17,F,Active
C01001035,2023-06-29,B001,ZM,Retail,Agent,1968-09-18,M,Active
C01001036,2022-10-19,B002,ZM,SME,USSD,1979-11-09,F,Active
C01001037,2022-05-27,B020,ZM,SME,Web,1980-03-03,F,Active
C01001038,2022-05-03,B015,ZM,Retail,Agent,1961-08-15,F,Active
C01001039,2022-12-06,B001,ZM,Retail,App,1989-02-13,M,Active
C01001040,2023-09-22,B003,ZM,Retail,ATM,1979-10-31,M,Active
C01001041,2025-05-03,B005,ZM,SME,Branch,1965-09-19,F,Active
C01001042,2025-03-11,B002,ZM,Retail,Agent,1985-10-27,F,Active
C01001043,2023-08-15,B015,ZM,Retail,Agent,2014-08-31,M,Dormant
C01001044,2024-06-18,B001,ZM,Retail,USSD,2001-04-29,M,Active
C01001045,2022-09-12,B010,ZM,Retail,ATM,2012-09-28,F,Active
C01001046,2024-08-17,B003,ZM,Retail,Agent,1997-09-30,M,Active
C01001047,2025-11-11,B003,ZM,Retail,Agent,2013-05-26,F,Dormant
C01001048,2023-09-15,B001,ZM,Retail,Branch,1989-06-29,M,Active
C01001049,2025-12-04,B005,ZM,Retail,App,2008-07-29,M,Active
C01001050,2024-04-04,B001,ZM,Retail,Web,1994-11-26,M,Active
C01001051,2023-07-12,B002,ZM,Retail,ATM,2002-09-01,F,Active
C01001052,2024-10-21,B001,ZM,Retail,Branch,2010-01-11,F,Active
C01001053,2025-01-10,B003,ZM,Retail,Branch,1961-02-15,F,Active
C01001054,2024-10-08,B015,ZM,Retail,Web,1990-10-07,F,Dormant
C01001055,2024-06-15,B001,ZM,Retail,ATM,1990-07-22,M,Active
C01001056,2022-06-14,B005,ZM,Retail,ATM,1988-09-04,F,Active
C01001057,2025-05-09,B020,ZM,Retail,App,1991-01-27,M,Active
C01001058,2022-03-23,B015,ZM,Retail,ATM,1999-11-13,F,Active
C01001059,2024-06-03,B010,ZM,Retail,Agent,1973-08-13,F,Active
C01001060,2023-10-23,B004,ZM,SME,Web,2001-06-11,F,Active
C01001061,2025-05-21,B001,ZM,Retail,ATM,2004-10-06,M,Active
C01001062,2023-05-28,B005,ZM,Retail,App,1978-11-24,M,Dormant
C01001063,2022-02-22,B015,ZM,Retail,Branch,2007-10-01,M,Active
C01001064,2022-07-07,B005,ZM,Retail,Agent,1975-04-02,F,Active
C01001065,2023-04-14,B010,ZM,Retail,ATM,1994-12-29,F,Active
C01001066,2025-10-12,B003,ZM,Retail,Web,1982-12-09,M,Active
C01001067,2025-03-24,B005,ZM,Retail,ATM,1996-02-24,M,Active
C01001068,2025-04-17,B015,ZM,Retail,USSD,1962-11-23,M,Active
C01001069,2022-02-12,B005,ZM,Retail,App,2011-04-03,M,Closed
C01001070,2025-10-08,B005,ZM,SME,Branch,1967-01-19,F,Active
C01001071,2023-07-06,B005,ZM,Premium,USSD,2003-08-25,F,Active
C01001072,2025-03-26,B002,ZM,Retail,Web,2010-05-11,F,Active
C01001073,2022-03-24,B002,ZM,Retail,ATM,1990-12-23,F,Active
C01001074,2022-12-25,B003,ZM,Retail,App,1967-06-15,F,Active
C01001075,2024-08-21,B001,ZM,Retail,Agent,1978-08-15,M,Active
C01001076,2024-11-28,B005,ZM,Retail,ATM,2007-07-06,M,Active
C01001077,2025-08-27,B010,ZM,Retail,ATM,1993-02-13,F,Active
C01001078,2024-06-24,B001,ZM,Retail,ATM,1987-04-11,M,Active
C01001079,2023-07-24,B010,ZM,Retail,Agent,1986-03-07,F,Dormant
C01001080,2023-01-07,B001,ZM,Retail,ATM,1988-04-15,F,Active
C01001081,2025-04-13,B003,ZM,Retail,App,2000-07-03,M,Closed
C01001082,2024-06-11,B005,ZM,SME,Agent,2001-12-06,M,Dormant
C01001083,2025-07-24,B005,ZM,Retail,Agent,1962-08-26,F,Active
C01001084,2024-10-04,B004,ZM,Retail,USSD,1973-12-26,F,Dormant
C01001085,2022-07-06,B010,ZM,Retail,Web,2012-06-23,M,Active
C01001086,2024-08-20,B001,ZM,Retail,Agent,1974-12-16,M,Dormant
C01001087,2023-12-14,B001,ZM,Retail,USSD,1991-07-19,F,Dormant
C01001088,2024-04-16,B020,ZM,Retail,App,2010-09-05,M,Dormant
C01001089,2023-11-14,B020,ZM,Retail,Web,1998-09-18,F,Active
C01001090,2023-10-20,B002,ZM,Retail,Agent,1997-04-07,F,Active
C01001091,2025-10-04,B004,ZM,Retail,Branch,1962-02-06,M,Active
C01001092,2022-08-03,B015,ZM,Retail,USSD,1985-06-20,M,Active
C01001093,2022-11-26,B020,ZM,Retail,App,2009-12-02,F,Active
C01001094,2023-11-07,B015,ZM,Retail,App,2004-01-11,M,Active
C01001095,2024-04-23,B002,ZM,Retail,App,1981-01-21,M,Active
C01001096,2025-11-21,B002,ZM,Retail,Web,1993-09-01,M,Dormant
C01001097,2024-10-11,B002,ZM,Premium,ATM,2008-03-24,M,Closed
C01001098,2023-08-14,B010,ZM,Retail,Branch,1971-10-25,M,Active
C01001099,2025-09-18,B010,ZM,Retail,Web,1993-12-13,F,Active
C01001100,2024-03-31,B003,ZM,Retail,Web,2014-06-20,M,Active
C01001101,2025-01-31,B003,ZM,SME,Agent,1971-01-29,M,Active
C01001102,2022-03-17,B002,ZM,SME,USSD,1968-09-12,M,Active
C01001103,2024-07-20,B004,ZM,Retail,Branch,1995-07-03,F,Active
C01001104,2022-06-30,B001,ZM,Retail,App,1979-08-02,F,Closed
C01001105,2023-10-07,B010,ZM,Retail,Web,1978-12-16,F,Closed
C01001106,2023-06-01,B004,ZM,Retail,Branch,1969-12-04,M,Dormant
C01001107,2023-10-25,B005,ZM,Retail,USSD,2011-03-16,F,Active
C01001108,2022-08-26,B010,ZM,Retail,ATM,1985-12-16,M,Active
C01001109,2024-04-07,B010,ZM,Retail,Branch,1976-01-10,M,Dormant
C01001110,2024-11-19,B003,ZM,Retail,App,1974-04-10,F,Active
C01001111,2022-01-03,B001,ZM,SME,Web,1995-12-26,F,Active
C01001112,2025-09-08,B001,ZM,Retail,ATM,2009-05-07,F,Active
C01001113,2025-01-16,B020,ZM,Retail,USSD,1996-08-25,F,Closed
C01001114,2024-08-04,B015,ZM,Retail,App,1991-08-01,M,Active
C01001115,2024-04-26,B015,ZM,SME,ATM,1979-07-15,F,Active
C01001116,2022-04-22,B015,ZM,SME,Agent,1997-07-07,M,Active
C01001117,2023-01-20,B015,ZM,Retail,Agent,2013-10-05,F,Active
C01001118,2024-11-27,B005,ZM,Retail,USSD,1985-01-07,F,Closed
C01001119,2024-01-11,B005,ZM,SME,App,1988-08-27,F,Active
C01001120,2025-06-29,B010,ZM,Retail,Web,1992-07-31,M,Dormant
C01001121,2024-10-17,B002,ZM,Retail,USSD,1969-06-23,F,Active
C01001122,2025-07-04,B003,ZM,SME,ATM,1988-07-04,M,Active
C01001123,2024-06-24,B003,ZM,Retail,App,2005-01-23,M,Dormant
C01001124,2022-04-16,B015,ZM,Retail,Agent,2008-01-20,M,Active
C01001125,2023-02-21,B010,ZM,SME,Agent,2007-10-10,M,Active
C01001126,2023-07-01,B020,ZM,Retail,Branch,1995-03-08,M,Active
C01001127,2025-01-29,B004,ZM,Retail,App,1980-03-12,M,Active
C01001128,2022-09-26,B002,ZM,Retail,ATM,1996-03-29,M,Active
C01001129,2023-08-13,B010,ZM,Retail,ATM,2004-05-23,M,Active
C01001130,2024-06-16,B002,ZM,Retail,Branch,2001-08-14,M,Active
C01001131,2025-12-01,B002,ZM,Retail,ATM,1985-09-06,F,Active
C01001132,2024-09-19,B002,ZM,Retail,App,2000-04-27,F,Active
C01001133,2022-09-06,B010,ZM,Retail,Agent,1974-01-30,F,Active
C01001134,2022-03-01,B015,ZM,Retail,USSD,1975-12-08,M,Dormant
C01001135,2025-07-14,B003,ZM,Retail,Agent,1995-11-21,M,Active
C01001136,2025-05-31,B003,ZM,Premium,Agent,1985-11-15,F,Active
C01001137,2023-05-06,B015,ZM,Retail,App,1960-04-19,F,Dormant
C01001138,2025-12-24,B002,ZM,Retail,ATM,2007-10-15,M,Active
C01001139,2022-11-21,B004,ZM,Retail,Branch,1989-12-20,F,Active
C01001140,2023-09-29,B001,ZM,Retail,Branch,2001-08-18,M,Active
C01001141,2025-02-02,B010,ZM,Retail,Web,1975-06-15,F,Dormant
C01001142,2022-01-29,B001,ZM,Retail,Branch,1968-10-26,M,Active
C01001143,2025-02-05,B020,ZM,Retail,Branch,1994-05-23,M,Active
C01001144,2024-04-15,B015,ZM,Retail,ATM,2012-01-18,M,Dormant
C01001145,2022-07-10,B004,ZM,Retail,USSD,1997-07-05,M,Active
C01001146,2023-04-06,B010,ZM,Retail,USSD,1997-07-10,F,Active
C01001147,2022-08-21,B015,ZM,Retail,ATM,1996-10-22,M,Dormant
C01001148,2024-08-03,B002,ZM,Retail,Branch,1976-12-11,M,Dormant
C01001149,2022-08-29,B003,ZM,Retail,App,1962-08-09,F,Active
C01001150,2025-08-19,B001,ZM,Retail,Agent,1980-02-11,F,Active
C01001151,2022-11-12,B005,ZM,Retail,Agent,1972-06-06,F,Active
C01001152,2024-10-17,B005,ZM,Retail,USSD,2014-09-12,M,Dormant
C01001153,2026-01-07,B004,ZM,Retail,ATM,2005-02-27,M,Active
C01001154,2023-08-21,B002,ZM,Retail,App,1967-03-23,F,Active
C01001155,2024-11-08,B020,ZM,Premium,Branch,2013-10-15,F,Active
C01001156,2025-12-15,B001,ZM,SME,ATM,2011-03-10,F,Active
C01001157,2023-07-14,B002,ZM,Retail,USSD,1996-09-02,M,Active
C01001158,2024-04-30,B001,ZM,Retail,App,1962-01-18,F,Active
C01001159,2024-09-15,B004,ZM,Retail,App,1989-02-27,F,Active
C01001160,2024-08-25,B004,ZM,Retail,USSD,2014-09-16,M,Active
C01001161,2023-05-15,B020,ZM,Retail,App,1982-06-04,M,Active
C01001162,2024-07-24,B005,ZM,Retail,Agent,1974-12-07,M,Dormant
C01001163,2025-02-02,B002,ZM,Retail,USSD,2011-01-28,F,Active
C01001164,2022-10-24,B010,ZM,SME,Agent,2002-05-03,M,Active
C01001165,2024-02-25,B005,ZM,Retail,ATM,1968-02-28,M,Active
C01001166,2023-01-26,B002,ZM,SME,Web,1993-03-21,F,Active
C01001167,2025-05-12,B005,ZM,SME,Branch,1962-01-14,M,Active
C01001168,2024-11-06,B010,ZM,Retail,ATM,2013-12-12,F,Active
C01001169,2022-10-07,B003,ZM,Retail,Agent,1994-12-05,F,Active
C01001170,2022-05-23,B003,ZM,Retail,Branch,2009-07-11,M,Active
C01001171,2023-07-20,B020,ZM,Retail,Branch,2005-11-15,F,Active
C01001172,2024-04-29,B003,ZM,Retail,Agent,1977-04-26,F,Dormant
C01001173,2023-11-28,B003,ZM,Retail,Agent,1974-06-24,F,Active
C01001174,2024-11-05,B015,ZM,Retail,USSD,2001-01-25,M,Active
C01001175,2023-07-02,B001,ZM,Premium,Web,1993-02-09,F,Active
C01001176,2022-01-06,B015,ZM,Retail,Agent,1981-06-20,F,Active
C01001177,2023-08-03,B015,ZM,Premium,Branch,1975-09-20,M,Active
C01001178,2026-01-26,B020,ZM,Retail,Branch,2002-05-12,M,Active
C01001179,2023-09-04,B015,ZM,SME,ATM,1977-12-03,F,Active
C01001180,2025-04-17,B003,ZM,Retail,Web,1988-12-14,F,Active
C01001181,2025-04-02,B010,ZM,Retail,Web,1971-11-25,M,Active
C01001182,2025-09-13,B020,ZM,SME,Branch,1986-04-14,F,Active
C01001183,2024-09-29,B020,ZM,Retail,Web,1965-10-24,M,Active
C01001184,2022-11-01,B004,ZM,Retail,ATM,1962-10-09,M,Active
C01001185,2024-07-03,B020,ZM,Retail,USSD,1978-07-28,M,Active
C01001186,2025-01-08,B004,ZM,Retail,Branch,2011-10-26,F,Active
C01001187,2024-09-18,B020,ZM,Retail,App,2001-05-16,M,Active
C01001188,2023-12-08,B001,ZM,Retail,Branch,2001-03-12,M,Active
C01001189,2023-11-12,B003,ZM,Retail,Branch,1981-12-25,M,Active
C01001190,2025-02-04,B020,ZM,Retail,USSD,2014-02-13,F,Active
C01001191,2025-01-17,B003,ZM,SME,Agent,1999-10-20,F,Dormant
C01001192,2024-02-12,B003,ZM,Retail,Agent,1981-09-13,M,Active
C01001193,2024-07-21,B005,ZM,Retail,App,1975-11-13,M,Closed
C01001194,2023-10-22,B020,ZM,Retail,App,2001-05-24,F,Active
C01001195,2023-01-22,B002,ZM,Retail,App,2004-11-16,F,Active
C01001196,2025-11-29,B005,ZM,Retail,Agent,1969-12-21,F,Active
C01001197,2023-05-05,B002,ZM,Retail,USSD,2014-03-10,M,Active
C01001198,2025-03-17,B003,ZM,Retail,Web,1989-09-19,F,Active
C01001199,2024-02-24,B003,ZM,Retail,App,1974-04-15,M,Active
C01001200,2023-04-24,B005,ZM,Retail,Web,1981-12-19,M,Active
C01001201,2024-04-21,B005,ZM,SME,ATM,2001-06-19,F,Active
C01001202,2022-03-31,B002,ZM,Retail,USSD,1966-04-07,M,Active
C01001203,2023-10-14,B004,ZM,Retail,Web,1960-08-13,M,Dormant
C01001204,2024-08-26,B002,ZM,Premium,Agent,1962-11-25,F,Active
C01001205,2025-12-15,B005,ZM,Retail,Agent,1996-06-15,M,Active
C01001206,2024-02-20,B010,ZM,SME,App,2006-08-18,M,Active
C01001207,2024-03-01,B005,ZM,Retail,App,2002-03-08,F,Active
C01001208,2025-09-21,B010,ZM,SME,Web,1994-07-27,M,Active
C01001209,2025-08-28,B001,ZM,Retail,Agent,1966-04-24,F,Active
C01001210,2022-11-08,B005,ZM,Retail,Web,1997-06-02,F,Active
C01001211,2024-10-11,B001,ZM,Retail,ATM,1983-04-30,M,Active
C01001212,2022-03-17,B004,ZM,Retail,USSD,2008-03-16,M,Active
C01001213,2022-09-16,B002,ZM,SME,Agent,1970-11-08,F,Closed
C01001214,2024-10-25,B010,ZM,Retail,Branch,2014-06-15,F,Active
C01001215,2025-04-23,B002,ZM,Retail,Agent,2007-12-03,M,Active
C01001216,2023-11-11,B001,ZM,Retail,ATM,1962-02-16,M,Active
C01001217,2022-07-25,B010,ZM,Retail,Agent,1999-05-05,M,Active
C01001218,2024-06-20,B002,ZM,Retail,ATM,2003-02-19,F,Dormant
C01001219,2022-07-24,B005,ZM,Retail,Agent,1965-05-13,M,Active
C01001220,2024-12-13,B003,ZM,Retail,ATM,1986-04-13,M,Active
C01001221,2024-07-24,B001,ZM,Retail,App,1995-09-28,M,Active
C01001222,2022-02-01,B002,ZM,Premium,Web,1963-07-31,M,Active
C01001223,2026-01-19,B001,ZM,Retail,Agent,1992-08-07,F,Dormant
C01001224,2022-10-23,B015,ZM,Retail,USSD,1995-11-01,F,Active
C01001225,2024-04-19,B001,ZM,SME,App,2005-11-22,M,Active
C01001226,2025-09-02,B010,ZM,Retail,ATM,1999-06-24,M,Active
C01001227,2022-11-13,B015,ZM,Retail,USSD,1998-06-13,F,Active
C01001228,2022-06-03,B020,ZM,Retail,App,1971-02-17,M,Active
C01001229,2024-08-19,B010,ZM,Retail,Branch,1969-04-18,F,Dormant
C01001230,2023-06-27,B003,ZM,Retail,Agent,1973-02-04,F,Active
C01001231,2023-11-25,B015,ZM,Retail,Agent,1983-07-20,F,Active
C01001232,2025-06-30,B020,ZM,Retail,ATM,2012-01-07,F,Active
C01001233,2025-11-19,B005,ZM,Retail,App,1970-01-10,M,Active
C01001234,2024-03-25,B001,ZM,Retail,App,1975-02-27,F,Active
C01001235,2025-08-23,B002,ZM,Premium,ATM,1992-11-16,M,Dormant
C01001236,2022-06-14,B004,ZM,Retail,Branch,1997-01-15,M,Active
C01001237,2023-11-04,B001,ZM,Retail,Agent,1990-06-27,F,Active
C01001238,2025-10-13,B020,ZM,Retail,Web,1972-09-25,F,Active
C01001239,2024-12-28,B001,ZM,SME,Branch,1981-10-21,F,Active
C01001240,2024-02-18,B003,ZM,Retail,ATM,2003-04-18,M,Dormant
C01001241,2023-10-11,B005,ZM,Retail,Web,1978-11-06,F,Active
C01001242,2025-07-07,B004,ZM,SME,App,1983-09-24,F,Active
C01001243,2026-01-11,B015,ZM,Retail,Branch,1968-09-17,F,Active
C01001244,2024-09-26,B015,ZM,SME,Branch,1989-08-10,M,Active
C01001245,2025-01-13,B015,ZM,Retail,Agent,1966-08-24,F,Active
C01001246,2022-03-15,B020,ZM,Retail,Agent,2001-02-09,F,Active
C01001247,2025-06-18,B010,ZM,Premium,Web,2004-02-06,F,Dormant
C01001248,2022-05-21,B010,ZM,Retail,App,1981-12-15,M,Active
C01001249,2023-04-26,B002,ZM,Retail,Branch,1983-04-29,F,Active
C01001250,2025-07-16,B004,ZM,Retail,Web,1990-09-21,M,Active
C01001251,2025-11-02,B015,ZM,SME,Branch,1986-06-29,M,Active
C01001252,2023-08-12,B010,ZM,Retail,Agent,1999-11-23,M,Active
C01001253,2023-04-11,B020,ZM,Retail,App,1989-08-31,M,Active
C01001254,2022-07-05,B002,ZM,Retail,App,2000-05-27,M,Active
C01001255,2024-06-07,B005,ZM,Retail,USSD,1983-02-20,F,Active
C01001256,2022-07-21,B002,ZM,Retail,Web,2010-12-23,F,Closed
C01001257,2025-07-21,B010,ZM,Retail,Agent,1984-09-11,M,Active
C01001258,2025-12-12,B003,ZM,Retail,Agent,2013-04-30,M,Dormant
C01001259,2022-07-25,B020,ZM,Retail,Agent,1963-03-17,M,Active
C01001260,2024-06-27,B003,ZM,Retail,ATM,1972-07-24,M,Active
C01001261,2022-12-07,B015,ZM,Retail,Branch,1973-04-12,F,Active
C01001262,2025-11-22,B003,ZM,SME,App,2006-10-23,F,Active
C01001263,2023-09-06,B015,ZM,SME,Branch,1985-11-16,M,Active
C01001264,2022-03-01,B015,ZM,Retail,Branch,1962-04-30,M,Active
C01001265,2022-04-05,B010,ZM,Retail,ATM,1979-10-30,M,Active
C01001266,2023-10-27,B003,ZM,Retail,App,1993-04-09,F,Active
C01001267,2022-04-25,B015,ZM,Retail,USSD,2010-07-23,M,Active
C01001268,2023-08-24,B004,ZM,Retail,Agent,1992-07-16,F,Closed
C01001269,2024-01-05,B005,ZM,Retail,Web,1986-02-15,F,Active
C01001270,2024-02-07,B002,ZM,Retail,Branch,1987-07-06,M,Active
C01001271,2024-06-01,B002,ZM,SME,ATM,1974-03-15,F,Active
C01001272,2022-10-26,B010,ZM,Retail,ATM,2010-12-04,M,Active
C01001273,2023-05-16,B003,ZM,Retail,Web,1987-05-04,F,Dormant
C01001274,2024-12-23,B003,ZM,Retail,Web,2002-08-22,M,Active
C01001275,2024-04-23,B015,ZM,SME,App,1999-06-18,M,Active
C01001276,2025-03-05,B020,ZM,Retail,Branch,1986-06-15,M,Active
C01001277,2025-10-28,B001,ZM,Retail,Branch,1973-11-08,M,Active
C01001278,2023-01-04,B015,ZM,Retail,Web,1971-07-14,M,Dormant
C01001279,2022-12-15,B005,ZM,Retail,Agent,1973-02-22,M,Dormant
C01001280,2022-12-25,B004,ZM,Retail,USSD,2014-06-30,F,Active
C01001281,2022-06-11,B002,ZM,Retail,Branch,1986-03-24,F,Active
C01001282,2025-06-02,B015,ZM,Retail,ATM,1994-06-21,M,Dormant
C01001283,2024-02-23,B001,ZM,Retail,Agent,1983-01-31,F,Active
C01001284,2025-06-23,B001,ZM,Retail,Web,1980-06-12,M,Active
C01001285,2025-10-31,B015,ZM,SME,Branch,1962-07-06,F,Dormant
C01001286,2023-05-09,B010,ZM,Retail,App,1978-12-27,F,Active
C01001287,2024-10-16,B002,ZM,Retail,Web,2012-04-28,M,Active
C01001288,2025-04-09,B010,ZM,Retail,ATM,1987-03-07,M,Active
C01001289,2022-10-21,B004,ZM,Retail,App,1973-04-23,F,Active
C01001290,2023-04-21,B001,ZM,Retail,Web,2012-05-31,F,Active
C01001291,2024-08-02,B001,ZM,Retail,Web,1961-01-30,F,Active
C01001292,2025-07-30,B005,ZM,SME,Branch,1983-04-10,F,Active
C01001293,2023-06-05,B004,ZM,Premium,App,1992-09-01,F,Active
C01001294,2024-07-30,B001,ZM,Retail,Web,2005-08-17,F,Active
C01001295,2023-06-07,B004,ZM,Retail,Agent,2006-05-14,M,Active
C01001296,2025-09-27,B002,ZM,Retail,ATM,1996-05-29,F,Active
C01001297,2022-01-20,B003,ZM,Retail,App,2002-10-16,M,Dormant
C01001298,2024-08-10,B001,ZM,Retail,Agent,1975-04-15,F,Active
C01001299,2023-08-13,B005,ZM,Retail,Branch,1990-11-18,M,Dormant
C01001300,2025-10-19,B002,ZM,Premium,USSD,1973-12-25,M,Active
C01001301,2025-01-24,B015,ZM,Retail,Web,2012-09-03,M,Active
C01001302,2022-11-20,B004,ZM,SME,USSD,2004-12-14,M,Active
C01001303,2022-06-01,B015,ZM,SME,Web,1988-03-12,F,Active
C01001304,2024-06-23,B010,ZM,SME,Agent,2006-12-13,M,Closed
C01001305,2023-12-09,B002,ZM,Retail,Branch,1993-08-02,M,Closed
C01001306,2025-04-18,B015,ZM,Retail,Branch,1993-11-28,F,Active
C01001307,2023-09-05,B020,ZM,Retail,Branch,2003-07-14,F,Active
C01001308,2025-08-01,B020,ZM,Retail,Branch,1975-03-04,F,Active
C01001309,2024-05-18,B001,ZM,Retail,App,2007-02-13,M,Active
C01001310,2025-11-14,B004,ZM,Premium,App,2003-03-31,F,Active
C01001311,2023-05-28,B003,ZM,Retail,Web,1975-09-26,M,Active
C01001312,2024-07-24,B002,ZM,SME,App,2003-06-03,M,Active
C01001313,2023-09-11,B001,ZM,SME,Web,1994-01-29,M,Active
C01001314,2023-02-12,B005,ZM,Retail,App,1961-04-11,F,Active
C01001315,2024-02-27,B010,ZM,Retail,App,1965-10-22,M,Active
C01001316,2024-09-16,B004,ZM,Retail,App,1990-09-18,M,Active
C01001317,2022-08-07,B002,ZM,Retail,ATM,1980-03-03,M,Dormant
C01001318,2023-05-01,B020,ZM,SME,Branch,1987-10-01,F,Dormant
C01001319,2024-02-21,B002,ZM,Retail,ATM,1978-07-09,F,Active
C01001320,2025-03-17,B003,ZM,Retail,App,1980-02-15,M,Active
C01001321,2024-01-06,B020,ZM,Retail,App,1973-06-19,M,Active
C01001322,2025-03-23,B003,ZM,Retail,ATM,1984-12-19,M,Active
C01001323,2023-08-29,B005,ZM,Retail,Agent,2014-08-08,M,Active
C01001324,2025-12-03,B010,ZM,SME,Web,1970-09-23,F,Active
C01001325,2023-08-28,B005,ZM,Retail,Branch,1977-09-01,M,Active
C01001326,2022-02-14,B001,ZM,Retail,Web,1991-12-25,F,Active
C01001327,2025-09-10,B001,ZM,Retail,Agent,2004-09-30,M,Active
C01001328,2024-03-21,B005,ZM,Retail,Branch,2001-03-17,M,Active
C01001329,2023-07-17,B010,ZM,Retail,USSD,2011-01-31,F,Active
C01001330,2022-01-17,B005,ZM,Premium,Branch,1961-02-03,M,Dormant
C01001331,2025-03-05,B010,ZM,Retail,Web,2007-01-08,M,Active
C01001332,2025-11-05,B010,ZM,Retail,Branch,1980-06-27,F,Active
C01001333,2022-04-11,B015,ZM,Retail,USSD,1978-03-03,M,Dormant
C01001334,2025-05-26,B020,ZM,Retail,USSD,1992-08-13,F,Active
C01001335,2024-10-14,B004,ZM,Retail,App,1962-12-12,F,Active
C01001336,2023-08-10,B010,ZM,Retail,USSD,1995-10-01,M,Active
C01001337,2023-04-17,B003,ZM,Retail,ATM,1968-11-12,F,Active
C01001338,2025-05-28,B010,ZM,SME,Web,1989-07-24,F,Active
C01001339,2023-12-23,B010,ZM,Retail,ATM,2005-07-10,M,Active
C01001340,2023-03-25,B010,ZM,Retail,Agent,1966-01-10,M,Active
C01001341,2025-07-27,B015,ZM,Retail,ATM,1984-05-09,M,Active
C01001342,2023-01-25,B020,ZM,Retail,Web,2009-08-21,F,Active
C01001343,2025-06-25,B015,ZM,SME,Agent,2007-12-22,M,Active
C01001344,2023-05-29,B001,ZM,SME,ATM,2008-03-29,F,Active
C01001345,2025-10-20,B015,ZM,Retail,ATM,1967-02-16,M,Active
C01001346,2026-01-16,B003,ZM,SME,Agent,1965-01-08,M,Active
C01001347,2025-09-12,B003,ZM,SME,ATM,2000-01-26,M,Active
C01001348,2025-10-26,B015,ZM,Premium,USSD,2010-11-03,F,Active
C01001349,2022-10-08,B020,ZM,Retail,Web,2006-11-30,F,Active
C01001350,2025-07-10,B005,ZM,Retail,Web,1982-03-31,F,Active
C01001351,2022-07-18,B004,ZM,Retail,Web,1981-12-14,M,Active
C01001352,2025-07-09,B020,ZM,SME,ATM,1982-12-21,M,Active
C01001353,2025-08-16,B015,ZM,Retail,USSD,1976-05-22,M,Active
C01001354,2022-03-22,B010,ZM,Retail,Web,1981-12-27,M,Active
C01001355,2023-09-25,B002,ZM,Retail,Branch,1980-06-26,M,Active
C01001356,2024-06-21,B004,ZM,Retail,Web,2000-11-30,M,Active
C01001357,2022-03-10,B004,ZM,Retail,App,1975-12-02,M,Dormant
C01001358,2025-04-01,B003,ZM,SME,Branch,1963-08-11,F,Closed
C01001359,2024-01-18,B004,ZM,Retail,Web,2014-08-25,M,Closed
C01001360,2026-02-08,B015,ZM,SME,ATM,1983-11-04,M,Closed
C01001361,2022-09-27,B010,ZM,Retail,Web,2009-07-09,F,Dormant
C01001362,2022-07-04,B010,ZM,Retail,USSD,1984-11-22,M,Active
C01001363,2023-08-28,B001,ZM,Retail,USSD,1968-03-12,M,Active
C01001364,2023-11-01,B010,ZM,Retail,Web,1977-01-17,F,Active
C01001365,2024-04-30,B020,ZM,Retail,ATM,1965-09-17,M,Active
C01001366,2022-12-26,B010,ZM,Retail,ATM,1971-11-22,F,Active
C01001367,2023-02-16,B003,ZM,Retail,ATM,2006-11-18,M,Active
C01001368,2022-09-28,B010,ZM,Retail,Web,1987-02-28,F,Active
C01001369,2025-01-09,B001,ZM,Retail,Web,1965-06-17,M,Active
C01001370,2024-01-20,B002,ZM,Retail,App,1978-08-20,F,Active
C01001371,2024-12-23,B015,ZM,Retail,USSD,1980-06-01,M,Active
C01001372,2024-10-24,B003,ZM,Retail,Branch,1981-11-19,F,Closed
C01001373,2023-07-13,B020,ZM,Retail,Branch,2012-07-17,M,Active
C01001374,2022-12-03,B002,ZM,Retail,USSD,2012-02-24,M,Active
C01001375,2023-06-11,B003,ZM,Retail,Agent,2002-10-26,M,Active
C01001376,2024-09-13,B005,ZM,Retail,App,2001-08-26,F,Active
C01001377,2023-08-28,B004,ZM,Retail,USSD,1968-10-25,F,Active
C01001378,2023-11-25,B005,ZM,Retail,App,2008-03-03,M,Dormant
C01001379,2022-08-24,B010,ZM,Retail,Agent,1964-07-31,M,Dormant
C01001380,2024-08-17,B002,ZM,Retail,App,1988-08-09,F,Active
C01001381,2022-06-04,B010,ZM,SME,ATM,1966-07-21,F,Active
C01001382,2022-10-16,B004,ZM,Retail,USSD,1977-08-15,F,Active
C01001383,2023-04-08,B003,ZM,Retail,Branch,2002-11-28,F,Active
C01001384,2025-10-17,B004,ZM,Retail,Web,1970-06-11,F,Active
C01001385,2026-01-23,B001,ZM,Retail,Agent,1999-08-24,F,Active
C01001386,2025-10-13,B004,ZM,Retail,Agent,1967-06-25,M,Active
C01001387,2024-03-24,B001,ZM,Retail,Web,2002-09-15,M,Dormant
C01001388,2025-02-15,B004,ZM,Premium,USSD,1977-09-16,M,Active
C01001389,2024-01-20,B015,ZM,SME,Web,1968-12-16,F,Dormant
C01001390,2022-07-04,B001,ZM,Retail,App,2008-08-28,F,Active
C01001391,2024-03-19,B002,ZM,Retail,Web,2012-11-15,M,Active
C01001392,2022-01-29,B010,ZM,Retail,App,1979-04-15,M,Active
C01001393,2023-06-26,B020,ZM,Retail,App,2013-09-03,F,Active
C01001394,2025-01-03,B010,ZM,Retail,Branch,2003-09-17,M,Active
C01001395,2022-09-11,B005,ZM,Retail,Web,1986-11-29,M,Active
C01001396,2024-07-20,B010,ZM,Retail,Branch,2011-01-28,F,Dormant
C01001397,2024-01-25,B003,ZM,Retail,Web,1960-11-10,M,Active
C01001398,2025-10-09,B015,ZM,Premium,App,2012-03-09,M,Active
C01001399,2025-10-08,B004,ZM,Retail,Web,1998-07-22,F,Active
C01001400,2023-06-21,B005,ZM,Premium,Agent,1970-01-02,F,Active
C01001401,2025-04-12,B003,ZM,SME,Agent,1999-09-17,F,Dormant
C01001402,2024-02-20,B003,ZM,Retail,Branch,1977-06-23,F,Active
C01001403,2025-07-31,B001,ZM,Retail,ATM,2012-11-01,M,Active
C01001404,2024-01-31,B010,ZM,Retail,Agent,2000-12-06,M,Active
C01001405,2022-08-10,B002,ZM,Retail,Branch,1960-01-17,F,Active
C01001406,2025-10-14,B020,ZM,Retail,ATM,1982-08-02,F,Active
C01001407,2023-04-24,B002,ZM,Retail,USSD,1996-07-12,F,Active
C01001408,2024-08-23,B005,ZM,Retail,Branch,2013-12-13,M,Active
C01001409,2022-02-21,B015,ZM,Retail,Agent,1984-04-15,M,Active
C01001410,2025-06-22,B002,ZM,Retail,Agent,2004-03-11,M,Active
C01001411,2025-02-23,B004,ZM,Retail,Web,1975-11-02,F,Active
C01001412,2023-11-03,B002,ZM,Retail,ATM,1989-06-25,F,Active
C01001413,2025-06-03,B005,ZM,Retail,Agent,2005-07-05,M,Active
C01001414,2023-03-30,B020,ZM,Retail,Web,2003-05-11,M,Active
C01001415,2025-08-19,B002,ZM,Retail,ATM,2006-02-17,F,Active
C01001416,2022-05-10,B004,ZM,Retail,Branch,1985-06-16,F,Active
C01001417,2025-07-25,B001,ZM,Retail,Branch,1986-11-18,F,Active
C01001418,2024-08-08,B015,ZM,SME,Web,1983-09-14,F,Dormant
C01001419,2025-12-06,B005,ZM,Retail,Branch,2007-09-29,F,Active
C01001420,2023-09-11,B001,ZM,Retail,Web,1982-05-04,F,Active
C01001421,2025-08-22,B001,ZM,Retail,App,1990-08-09,F,Active
C01001422,2024-04-16,B001,ZM,SME,ATM,1984-09-11,F,Active
C01001423,2022-08-27,B003,ZM,Retail,Web,2010-05-09,M,Dormant
C01001424,2022-10-14,B015,ZM,Retail,ATM,2005-02-17,M,Active
C01001425,2022-04-03,B020,ZM,Retail,App,1987-09-14,M,Active
C01001426,2022-03-18,B010,ZM,Retail,ATM,1999-06-24,F,Active
C01001427,2023-09-16,B015,ZM,Retail,Web,1969-12-31,M,Closed
C01001428,2024-10-05,B003,ZM,Retail,Branch,1976-05-05,M,Dormant
C01001429,2022-08-26,B010,ZM,Premium,ATM,2003-09-29,M,Closed
C01001430,2022-07-19,B015,ZM,Retail,ATM,1960-08-01,F,Active
C01001431,2023-04-26,B001,ZM,Retail,Agent,1988-08-20,F,Active
C01001432,2025-01-05,B005,ZM,Retail,Agent,2005-09-17,F,Active
C01001433,2022-10-05,B010,ZM,Retail,App,2002-03-18,M,Active
C01001434,2024-03-06,B004,ZM,SME,USSD,2004-06-23,M,Active
C01001435,2024-07-18,B004,ZM,Retail,Branch,1974-08-20,F,Dormant
C01001436,2024-01-30,B002,ZM,Retail,Web,1976-01-15,M,Active
C01001437,2025-10-05,B010,ZM,Retail,App,1965-11-18,M,Active
C01001438,2025-11-27,B005,ZM,SME,Web,1998-10-04,F,Active
C01001439,2025-01-11,B020,ZM,Retail,Web,1987-05-01,F,Active
C01001440,2024-05-08,B003,ZM,Retail,ATM,1968-06-25,F,Active
C01001441,2025-04-17,B001,ZM,Retail,App,1999-10-05,F,Active
C01001442,2026-01-28,B002,ZM,Retail,App,1990-09-20,F,Active
C01001443,2022-11-13,B004,ZM,Premium,Agent,2008-04-26,F,Active
C01001444,2024-04-29,B003,ZM,Retail,Branch,1976-05-21,F,Active
C01001445,2025-09-03,B003,ZM,Retail,USSD,1977-05-14,F,Active
C01001446,2022-07-22,B001,ZM,Retail,Web,1969-10-02,F,Active
C01001447,2024-09-29,B020,ZM,Retail,Branch,1980-10-17,F,Active
C01001448,2025-06-14,B020,ZM,Retail,Agent,1979-02-16,F,Active
C01001449,2024-04-15,B010,ZM,Premium,Branch,1987-07-24,F,Closed
C01001450,2023-07-27,B004,ZM,Retail,Web,2005-01-06,M,Active
C01001451,2022-03-09,B020,ZM,SME,ATM,1987-05-25,F,Active
C01001452,2025-11-14,B005,ZM,Retail,ATM,1988-09-16,M,Active
C01001453,2024-01-29,B020,ZM,Retail,Web,2007-08-02,M,Active
C01001454,2023-03-21,B003,ZM,Retail,Agent,2002-05-02,M,Active
C01001455,2024-06-27,B001,ZM,Retail,Agent,1969-03-26,F,Dormant
C01001456,2024-06-29,B005,ZM,Premium,App,1986-12-02,F,Active
C01001457,2023-04-29,B010,ZM,SME,USSD,2014-09-06,F,Active
C01001458,2024-01-13,B004,ZM,Retail,ATM,1978-11-12,F,Active
C01001459,2022-07-23,B010,ZM,Retail,USSD,2011-03-24,M,Active
C01001460,2025-11-05,B003,ZM,Retail,Branch,1973-11-13,M,Active
C01001461,2024-01-23,B005,ZM,SME,Branch,1989-01-17,F,Active
C01001462,2025-01-20,B005,ZM,SME,Web,1974-01-11,F,Active
C01001463,2025-08-13,B005,ZM,SME,Web,1977-03-20,F,Closed
C01001464,2024-01-05,B003,ZM,Retail,Web,1995-07-19,F,Active
C01001465,2022-05-05,B003,ZM,Retail,Agent,1975-05-30,M,Active
C01001466,2024-03-26,B010,ZM,Retail,ATM,1974-03-03,F,Active
C01001467,2023-07-20,B002,ZM,Retail,USSD,2014-09-26,M,Closed
C01001468,2023-01-24,B010,ZM,Retail,Branch,1974-02-04,F,Active
C01001469,2022-09-08,B004,ZM,Retail,USSD,1989-03-20,F,Active
C01001470,2024-07-20,B001,ZM,Retail,ATM,2006-05-02,F,Active
C01001471,2022-07-07,B005,ZM,SME,USSD,2002-07-03,F,Closed
C01001472,2025-09-19,B002,ZM,SME,USSD,2013-05-26,F,Active
C01001473,2023-03-11,B001,ZM,Retail,Agent,1997-05-27,F,Active
C01001474,2025-08-07,B002,ZM,Retail,Web,1984-03-02,M,Active
C01001475,2025-08-02,B020,ZM,Retail,Agent,1980-07-08,M,Dormant
C01001476,2025-05-07,B020,ZM,Retail,Agent,1983-08-01,F,Active
C01001477,2022-02-13,B015,ZM,SME,USSD,2002-05-05,M,Active
C01001478,2022-04-14,B020,ZM,SME,USSD,1987-03-28,F,Active
C01001479,2023-11-15,B010,ZM,Retail,Agent,1993-04-07,M,Active
C01001480,2023-05-14,B020,ZM,Retail,USSD,1973-01-02,F,Active
C01001481,2022-09-15,B003,ZM,Retail,Agent,1987-06-22,M,Active
C01001482,2025-03-02,B005,ZM,Retail,App,1989-12-09,F,Active
C01001483,2023-02-25,B010,ZM,Retail,Agent,1991-10-02,M,Active
C01001484,2022-05-21,B001,ZM,SME,Branch,1988-04-16,M,Active
C01001485,2025-02-09,B015,ZM,Retail,Branch,2000-05-06,F,Active
C01001486,2023-03-01,B015,ZM,Retail,USSD,1987-08-20,F,Active
C01001487,2025-04-15,B015,ZM,Retail,Agent,1998-02-26,F,Active
C01001488,2023-03-19,B001,ZM,Premium,Agent,2010-07-14,F,Dormant
C01001489,2023-04-23,B001,ZM,Retail,Web,1995-04-22,F,Active
C01001490,2023-11-04,B001,ZM,Retail,Web,1997-06-03,M,Active
C01001491,2022-10-30,B001,ZM,Retail,Web,1960-07-04,F,Active
C01001492,2025-05-05,B015,ZM,Retail,Agent,1996-04-01,F,Active
C01001493,2022-01-06,B015,ZM,Retail,Agent,1964-12-17,M,Active
C01001494,2023-07-22,B002,ZM,Retail,Branch,1996-09-03,M,Active
C01001495,2022-10-24,B010,ZM,Retail,ATM,1991-09-22,M,Active
C01001496,2022-09-24,B005,ZM,SME,USSD,1972-07-21,F,Active
C01001497,2025-01-11,B020,ZM,Retail,Branch,2000-12-27,F,Active
C01001498,2023-05-29,B020,ZM,Retail,Web,1984-08-07,M,Active
C01001499,2022-12-24,B003,ZM,Premium,Branch,1961-09-30,M,Active
C01001500,2022-08-14,B015,ZM,Retail,Branch,1978-02-21,F,Active
C01001501,2025-09-15,B003,ZM,Retail,Branch,1978-09-18,M,Active
C01001502,2022-02-22,B010,ZM,SME,Web,1982-12-17,F,Active
C01001503,2022-09-27,B010,ZM,Retail,ATM,1986-06-12,M,Active
C01001504,2022-01-31,B003,ZM,Retail,App,1993-07-04,M,Active
C01001505,2024-01-04,B015,ZM,Retail,USSD,1962-02-14,F,Active
C01001506,2023-05-03,B003,ZM,Retail,USSD,1988-11-15,M,Active
C01001507,2025-04-20,B020,ZM,Retail,Branch,1998-05-09,M,Active
C01001508,2023-10-26,B002,ZM,SME,ATM,1994-04-22,F,Dormant
C01001509,2022-02-02,B020,ZM,Retail,Web,1989-03-21,F,Closed
C01001510,2022-12-23,B004,ZM,Retail,App,2010-01-24,M,Active
C01001511,2023-06-28,B015,ZM,Premium,App,2010-03-28,F,Active
C01001512,2022-04-18,B015,ZM,Retail,Branch,1977-11-22,F,Dormant
C01001513,2022-09-17,B005,ZM,Retail,Branch,1979-04-15,F,Active
C01001514,2024-05-12,B001,ZM,Retail,Web,2005-02-13,M,Active
C01001515,2024-12-13,B004,ZM,Retail,Web,1999-06-26,M,Active
C01001516,2022-08-21,B010,ZM,Retail,Agent,1984-07-30,M,Active
C01001517,2022-05-11,B015,ZM,Retail,Web,1969-08-01,M,Active
C01001518,2024-09-02,B003,ZM,Premium,Branch,1966-09-04,M,Active
C01001519,2024-07-07,B004,ZM,Premium,ATM,1981-10-24,M,Closed
C01001520,2024-01-12,B005,ZM,SME,Branch,1974-05-23,M,Active
C01001521,2024-11-17,B010,ZM,SME,Branch,1989-03-14,F,Active
C01001522,2025-04-30,B001,ZM,Retail,App,2003-01-13,F,Active
C01001523,2022-08-12,B001,ZM,Retail,Web,2013-03-12,M,Active
C01001524,2024-07-14,B005,ZM,SME,USSD,2002-02-25,M,Dormant
C01001525,2024-10-28,B005,ZM,Retail,Web,1964-02-16,F,Active
C01001526,2023-03-30,B003,ZM,Premium,Agent,1994-12-29,M,Active
C01001527,2025-06-13,B015,ZM,Retail,ATM,2003-09-11,M,Active
C01001528,2022-03-30,B001,ZM,Retail,ATM,1982-05-31,M,Active
C01001529,2026-01-29,B010,ZM,Retail,Web,1985-02-17,F,Active
C01001530,2025-09-11,B004,ZM,Premium,Web,2014-06-06,F,Active
C01001531,2024-12-03,B010,ZM,Retail,Branch,2012-07-31,F,Active
C01001532,2023-09-10,B002,ZM,Retail,USSD,1993-08-23,M,Active
C01001533,2024-07-27,B002,ZM,Retail,Branch,1965-04-27,F,Active
C01001534,2025-08-10,B005,ZM,Retail,App,1969-02-05,F,Active
C01001535,2022-03-05,B003,ZM,SME,App,1965-01-12,M,Active
C01001536,2022-05-05,B002,ZM,Retail,ATM,1990-09-29,M,Active
C01001537,2024-09-07,B001,ZM,Retail,ATM,1984-10-06,M,Active
C01001538,2024-04-02,B010,ZM,Retail,USSD,2008-04-03,M,Dormant
C01001539,2024-05-23,B010,ZM,Retail,ATM,1993-02-22,F,Active
C01001540,2025-11-06,B005,ZM,Retail,Agent,1999-04-22,F,Active
C01001541,2022-08-10,B015,ZM,Retail,App,1985-07-01,M,Active
C01001542,2024-10-01,B015,ZM,Retail,USSD,1969-12-17,M,Active
C01001543,2025-12-29,B004,ZM,Premium,App,2002-05-01,M,Active
C01001544,2024-06-27,B005,ZM,Retail,Web,1972-01-18,M,Active
C01001545,2022-05-31,B020,ZM,Retail,Web,1966-08-21,M,Active
C01001546,2022-06-15,B004,ZM,Retail,USSD,1989-02-11,F,Active
C01001547,2023-10-22,B020,ZM,Retail,Branch,1997-02-13,M,Active
C01001548,2025-05-30,B015,ZM,Retail,Agent,1973-08-13,F,Active
C01001549,2022-10-31,B005,ZM,Retail,Agent,1973-06-29,M,Active
C01001550,2022-05-15,B020,ZM,Retail,ATM,2012-11-29,F,Active
C01001551,2022-09-16,B005,ZM,Retail,USSD,1986-10-23,M,Active
C01001552,2023-07-18,B005,ZM,Retail,Agent,2011-07-03,M,Active
C01001553,2025-07-02,B015,ZM,Retail,ATM,1977-12-10,F,Active
C01001554,2025-07-20,B004,ZM,Retail,App,2010-05-28,F,Active
C01001555,2025-04-13,B004,ZM,Retail,Branch,1967-11-23,F,Active
C01001556,2025-01-28,B005,ZM,Retail,ATM,1999-04-26,F,Active
C01001557,2025-12-29,B002,ZM,Premium,Web,1981-12-31,F,Closed
C01001558,2023-10-28,B003,ZM,Retail,Web,1989-05-30,F,Active
C01001559,2024-02-20,B015,ZM,Retail,App,2011-05-20,F,Active
C01001560,2025-05-08,B003,ZM,Retail,USSD,2009-01-13,F,Active
C01001561,2024-12-22,B003,ZM,SME,ATM,1983-05-23,M,Active
C01001562,2023-08-27,B004,ZM,Retail,App,2009-12-10,M,Active
C01001563,2024-07-18,B004,ZM,SME,Web,2007-08-22,M,Closed
C01001564,2024-11-01,B002,ZM,Retail,Web,1986-02-22,F,Active
C01001565,2025-05-24,B003,ZM,Premium,Web,1961-12-17,F,Active
C01001566,2024-05-31,B003,ZM,SME,Branch,1972-08-07,M,Active
C01001567,2022-07-23,B005,ZM,SME,Branch,1966-02-06,F,Dormant
C01001568,2025-12-08,B004,ZM,Retail,Web,1988-03-01,M,Active
C01001569,2022-08-23,B003,ZM,Retail,Agent,1992-05-28,F,Closed
C01001570,2025-09-02,B010,ZM,Retail,USSD,1999-12-31,F,Active
C01001571,2025-08-26,B002,ZM,Retail,Branch,1979-04-09,F,Active
C01001572,2025-02-03,B020,ZM,SME,ATM,1976-07-08,F,Active
C01001573,2026-01-16,B010,ZM,Retail,Branch,1988-10-27,M,Closed
C01001574,2023-03-17,B010,ZM,Retail,ATM,2002-01-06,M,Active
C01001575,2024-05-30,B020,ZM,Retail,Branch,1980-06-04,M,Active
C01001576,2024-07-13,B015,ZM,Retail,Web,2001-05-04,F,Active
C01001577,2023-04-13,B015,ZM,Retail,ATM,1992-06-29,M,Active
C01001578,2024-04-27,B002,ZM,SME,USSD,1989-11-16,M,Active
C01001579,2023-11-26,B010,ZM,Retail,Branch,1977-11-07,M,Active
C01001580,2024-07-17,B003,ZM,Retail,Branch,1983-03-28,M,Closed
C01001581,2024-03-27,B004,ZM,Retail,Web,1982-11-28,M,Active
C01001582,2024-05-01,B002,ZM,Retail,ATM,2014-02-25,M,Active
C01001583,2026-02-03,B005,ZM,Retail,Agent,1962-01-28,F,Active
C01001584,2022-07-14,B020,ZM,Retail,Web,1972-08-01,F,Active
C01001585,2023-10-03,B010,ZM,Retail,ATM,1970-09-10,F,Active
C01001586,2024-05-24,B002,ZM,Retail,Branch,1996-11-07,F,Active
C01001587,2023-10-03,B001,ZM,Retail,Branch,1998-05-03,M,Dormant
C01001588,2025-09-24,B001,ZM,Retail,Branch,1995-07-22,M,Active
C01001589,2023-06-07,B015,ZM,Premium,Branch,2003-08-19,F,Active
C01001590,2024-02-06,B020,ZM,SME,App,1964-04-22,M,Active
C01001591,2022-11-09,B004,ZM,SME,Branch,2007-05-28,M,Active
C01001592,2025-11-07,B003,ZM,Retail,Branch,1965-05-29,M,Closed
C01001593,2024-08-29,B004,ZM,Premium,Agent,2005-12-15,F,Active
C01001594,2022-05-18,B004,ZM,SME,Agent,1993-07-04,M,Active
C01001595,2022-07-06,B004,ZM,SME,ATM,1961-06-14,F,Active
C01001596,2022-06-24,B020,ZM,Retail,Branch,2010-10-02,F,Closed
C01001597,2022-07-10,B004,ZM,Retail,Branch,1999-03-23,M,Dormant
C01001598,2024-06-03,B005,ZM,Premium,ATM,1962-11-17,F,Active
C01001599,2022-07-17,B020,ZM,Retail,Branch,2005-03-27,F,Active
C01001600,2024-02-03,B005,ZM,Retail,Branch,1989-05-05,F,Dormant
C01001601,2022-09-24,B020,ZM,Premium,Web,2008-05-03,F,Active
C01001602,2025-02-13,B015,ZM,Retail,App,2004-02-21,F,Active
C01001603,2022-05-03,B002,ZM,Retail,ATM,1985-05-10,M,Active
C01001604,2025-04-16,B001,ZM,Retail,Web,2011-07-27,M,Active
C01001605,2025-02-24,B004,ZM,Premium,Agent,1989-12-10,F,Active
C01001606,2025-02-24,B015,ZM,Retail,USSD,1966-01-08,F,Active
C01001607,2023-11-07,B002,ZM,Retail,USSD,1966-10-11,F,Active
C01001608,2025-10-04,B001,ZM,Retail,Agent,2010-09-18,F,Active
C01001609,2022-09-08,B010,ZM,SME,App,1968-04-07,F,Closed
C01001610,2024-04-21,B003,ZM,Retail,USSD,2010-02-01,F,Active
C01001611,2023-12-26,B005,ZM,SME,App,1970-01-28,F,Active
C01001612,2025-09-24,B010,ZM,Premium,USSD,2007-09-15,M,Active
C01001613,2024-05-16,B020,ZM,Retail,USSD,1974-03-12,F,Dormant
C01001614,2026-01-16,B001,ZM,Retail,Web,2006-01-25,M,Active
C01001615,2022-04-16,B010,ZM,Retail,USSD,1967-11-14,M,Active
C01001616,2023-08-13,B003,ZM,Retail,Agent,2011-06-28,F,Active
C01001617,2025-05-14,B015,ZM,Retail,App,2002-01-10,M,Dormant
C01001618,2023-10-02,B001,ZM,SME,Branch,2014-09-23,F,Dormant
C01001619,2023-12-22,B010,ZM,SME,Branch,1977-02-15,M,Active
C01001620,2022-08-01,B005,ZM,Retail,Branch,1966-07-22,M,Active
C01001621,2025-03-29,B005,ZM,Retail,App,1998-08-30,F,Active
C01001622,2024-11-05,B002,ZM,Retail,App,1984-11-02,M,Active
C01001623,2023-03-12,B010,ZM,Retail,Branch,2001-10-12,M,Active
C01001624,2022-11-13,B004,ZM,Retail,Agent,2000-06-26,M,Active
C01001625,2025-09-06,B010,ZM,SME,USSD,1973-08-27,M,Active
C01001626,2024-09-14,B015,ZM,SME,Branch,1989-08-23,F,Active
C01001627,2023-04-05,B001,ZM,Retail,ATM,1966-07-20,M,Active
C01001628,2022-08-10,B001,ZM,SME,App,1976-04-19,F,Dormant
C01001629,2023-12-19,B015,ZM,Retail,ATM,2011-08-09,F,Active
C01001630,2025-02-13,B010,ZM,Retail,ATM,1990-06-26,F,Closed
C01001631,2024-01-23,B015,ZM,Retail,App,2000-09-25,F,Active
C01001632,2022-08-24,B003,ZM,Retail,Branch,2007-05-06,M,Active
C01001633,2023-07-25,B020,ZM,SME,Agent,1998-10-16,M,Active
C01001634,2025-03-21,B015,ZM,Retail,Web,1961-12-04,M,Closed
C01001635,2023-04-09,B005,ZM,Retail,ATM,1996-01-07,M,Active
C01001636,2024-05-28,B015,ZM,Retail,Branch,2011-07-25,F,Dormant
C01001637,2025-02-22,B001,ZM,Retail,Web,1986-05-11,F,Active
C01001638,2025-06-27,B005,ZM,Retail,ATM,1960-07-27,M,Dormant
C01001639,2025-06-10,B001,ZM,Retail,Branch,1994-12-25,F,Active
C01001640,2025-10-14,B002,ZM,Retail,ATM,1961-09-10,F,Active
C01001641,2025-08-09,B004,ZM,Retail,Branch,1960-10-06,F,Closed
C01001642,2025-02-14,B001,ZM,Retail,Agent,1980-03-16,F,Dormant
C01001643,2022-02-23,B005,ZM,Retail,USSD,1988-12-02,F,Dormant
C01001644,2025-06-01,B002,ZM,Retail,USSD,1998-04-27,F,Active
C01001645,2025-09-09,B001,ZM,Retail,App,1973-07-02,F,Active
C01001646,2025-11-21,B003,ZM,SME,Web,1983-03-23,F,Dormant
C01001647,2023-07-02,B015,ZM,Retail,ATM,1979-12-30,F,Active
C01001648,2022-03-01,B004,ZM,Retail,ATM,2012-06-04,M,Active
C01001649,2023-01-05,B001,ZM,Retail,Branch,1989-04-20,M,Active
C01001650,2023-07-14,B002,ZM,Retail,Web,2007-10-05,F,Active
C01001651,2025-12-10,B003,ZM,Retail,ATM,2001-01-24,M,Active
C01001652,2023-09-25,B010,ZM,Retail,Web,1977-12-21,F,Active
C01001653,2023-11-27,B002,ZM,Retail,Web,2011-07-15,F,Active
C01001654,2023-12-20,B015,ZM,Retail,USSD,1991-10-26,M,Active
C01001655,2022-01-13,B002,ZM,SME,ATM,2011-10-02,M,Active
C01001656,2023-01-07,B003,ZM,Retail,ATM,1973-09-09,F,Active
C01001657,2022-10-21,B002,ZM,Retail,App,1976-12-10,F,Active
C01001658,2025-03-05,B003,ZM,Retail,Web,1973-04-20,M,Closed
C01001659,2025-09-08,B001,ZM,SME,Branch,1978-06-29,F,Active
C01001660,2024-03-31,B020,ZM,Retail,USSD,1987-09-04,M,Active
C01001661,2022-05-23,B003,ZM,Retail,App,1976-04-16,F,Active
C01001662,2022-10-18,B003,ZM,Retail,USSD,1969-01-19,F,Active
C01001663,2025-07-20,B004,ZM,Retail,Branch,1962-05-09,M,Active
C01001664,2022-03-04,B003,ZM,Retail,App,2007-11-09,F,Active
C01001665,2022-07-07,B003,ZM,SME,USSD,2013-12-31,M,Active
C01001666,2024-12-22,B010,ZM,Retail,Branch,1963-07-16,F,Dormant
C01001667,2023-03-17,B020,ZM,Retail,Agent,1971-06-04,M,Active
C01001668,2024-02-10,B001,ZM,Retail,App,2008-06-14,F,Active
C01001669,2024-05-09,B015,ZM,Retail,Branch,1991-04-08,M,Active
C01001670,2024-07-18,B004,ZM,Retail,App,1966-03-19,M,Active
C01001671,2023-11-30,B010,ZM,Retail,ATM,1989-05-18,M,Active
C01001672,2022-11-19,B005,ZM,Retail,ATM,1988-04-15,M,Active
C01001673,2024-01-28,B020,ZM,Retail,USSD,1980-08-23,M,Active
C01001674,2023-10-01,B001,ZM,Retail,Web,1978-09-25,M,Dormant
C01001675,2026-01-17,B001,ZM,Retail,Agent,1978-02-04,F,Active
C01001676,2023-10-27,B005,ZM,Retail,Web,1987-03-06,M,Active
C01001677,2025-03-08,B015,ZM,Retail,Branch,1974-08-25,F,Active
C01001678,2025-05-06,B003,ZM,Retail,App,1998-01-23,F,Active
C01001679,2022-06-23,B010,ZM,Retail,ATM,1984-04-26,M,Active
C01001680,2022-04-18,B002,ZM,Retail,Web,1980-11-25,F,Active
C01001681,2022-11-15,B004,ZM,Retail,ATM,1979-06-28,F,Dormant
C01001682,2022-11-19,B002,ZM,Premium,Agent,1991-11-17,M,Active
C01001683,2025-06-19,B005,ZM,Retail,Branch,1962-06-13,M,Dormant
C01001684,2022-04-12,B001,ZM,Retail,Agent,1972-04-26,M,Active
C01001685,2025-10-12,B015,ZM,SME,Agent,1999-06-11,M,Active
C01001686,2022-06-17,B001,ZM,Retail,Branch,1971-01-17,F,Active
C01001687,2023-07-12,B004,ZM,Retail,App,1993-08-26,M,Active
C01001688,2024-06-26,B001,ZM,SME,Agent,1962-04-13,M,Dormant
C01001689,2025-09-17,B001,ZM,Retail,Web,1999-10-30,M,Dormant
C01001690,2024-05-18,B004,ZM,Retail,Branch,1978-09-17,F,Active
C01001691,2024-09-21,B010,ZM,Retail,Branch,1994-02-16,F,Active
C01001692,2025-05-28,B010,ZM,Retail,ATM,1964-05-31,M,Closed
C01001693,2024-06-24,B004,ZM,Retail,USSD,2000-02-01,M,Dormant
C01001694,2024-04-28,B015,ZM,Retail,Agent,1999-05-06,M,Active
C01001695,2023-07-14,B005,ZM,Premium,Web,1995-10-24,F,Active
C01001696,2023-03-18,B020,ZM,SME,App,1977-10-26,F,Active
C01001697,2024-11-15,B001,ZM,SME,Agent,1978-06-13,F,Active
C01001698,2022-08-22,B015,ZM,SME,App,1994-02-19,F,Active
C01001699,2023-12-08,B001,ZM,Premium,ATM,2012-12-13,M,Active
C01001700,2024-05-30,B020,ZM,Retail,Agent,1971-03-08,F,Active
C01001701,2022-08-16,B005,ZM,Retail,App,1968-04-30,M,Active
C01001702,2023-08-04,B010,ZM,Retail,Agent,1975-09-16,M,Active
C01001703,2025-10-20,B015,ZM,SME,Branch,2005-06-16,M,Active
C01001704,2025-10-21,B003,ZM,Retail,Agent,2011-11-18,M,Active
C01001705,2025-04-29,B003,ZM,Retail,Web,2006-05-03,F,Active
C01001706,2024-09-23,B020,ZM,Retail,Agent,1970-12-01,M,Active
C01001707,2024-12-15,B003,ZM,Retail,App,1974-08-12,F,Active
C01001708,2025-09-28,B010,ZM,Retail,Web,1978-10-22,F,Closed
C01001709,2023-09-24,B020,ZM,Retail,App,1970-10-18,F,Active
C01001710,2022-04-04,B010,ZM,Retail,USSD,2003-11-18,M,Dormant
C01001711,2023-03-28,B005,ZM,Retail,USSD,2014-04-06,M,Active
C01001712,2024-03-20,B001,ZM,Retail,Web,1992-02-25,M,Active
C01001713,2025-05-12,B005,ZM,Retail,USSD,1988-06-05,M,Active
C01001714,2022-04-23,B005,ZM,Retail,USSD,1997-03-29,M,Active
C01001715,2022-01-16,B010,ZM,Retail,Branch,1977-02-18,F,Active
C01001716,2023-02-23,B020,ZM,Retail,App,1978-11-14,M,Active
C01001717,2023-09-10,B020,ZM,SME,USSD,1968-02-23,F,Active
C01001718,2023-03-09,B003,ZM,Retail,Web,2005-06-23,F,Active
C01001719,2022-10-09,B002,ZM,Retail,Branch,1992-04-13,F,Active
C01001720,2023-06-08,B001,ZM,Retail,USSD,2002-11-18,F,Active
C01001721,2023-08-16,B010,ZM,Retail,Agent,1982-11-26,M,Active
C01001722,2023-11-03,B003,ZM,SME,Web,2005-08-22,M,Active
C01001723,2022-09-03,B015,ZM,Retail,App,1970-01-17,M,Active
C01001724,2022-01-16,B002,ZM,Retail,Agent,2000-12-29,F,Active
C01001725,2024-10-15,B002,ZM,Retail,USSD,1961-06-13,F,Dormant
C01001726,2024-05-31,B010,ZM,Premium,Web,1960-08-25,F,Dormant
C01001727,2022-12-26,B004,ZM,SME,Agent,1994-02-03,F,Active
C01001728,2022-09-22,B001,ZM,Retail,Web,1997-09-06,F,Active
C01001729,2024-02-18,B002,ZM,Retail,ATM,1995-11-30,F,Closed
C01001730,2024-12-26,B010,ZM,SME,Agent,1968-12-22,M,Closed
C01001731,2025-12-12,B010,ZM,Retail,Web,1991-10-27,F,Active
C01001732,2023-04-17,B003,ZM,SME,Agent,1992-05-01,M,Active
C01001733,2024-10-21,B015,ZM,Retail,ATM,1987-10-23,M,Active
C01001734,2025-02-18,B004,ZM,Retail,App,1965-11-09,M,Active
C01001735,2025-09-30,B001,ZM,Retail,App,1998-12-13,F,Dormant
C01001736,2023-12-27,B020,ZM,Retail,Branch,1986-12-23,M,Active
C01001737,2022-05-28,B005,ZM,Retail,Agent,1980-07-29,M,Active
C01001738,2024-03-24,B015,ZM,Premium,ATM,1967-07-30,F,Active
C01001739,2022-03-28,B015,ZM,Retail,Web,1994-12-17,M,Active
C01001740,2024-06-12,B003,ZM,Retail,Branch,2002-04-15,M,Active
C01001741,2022-02-08,B020,ZM,Retail,Agent,1961-06-03,F,Dormant
C01001742,2024-07-30,B002,ZM,Retail,Branch,1984-08-23,F,Active
C01001743,2022-06-09,B002,ZM,SME,Agent,1988-12-31,F,Active
C01001744,2023-10-04,B003,ZM,SME,App,1964-01-26,M,Active
C01001745,2025-03-25,B010,ZM,Retail,Web,1972-08-16,M,Active
C01001746,2024-05-29,B002,ZM,Premium,ATM,1982-05-04,F,Active
C01001747,2025-03-20,B004,ZM,SME,App,1975-11-29,M,Active
C01001748,2024-04-08,B001,ZM,SME,Branch,2010-08-26,F,Dormant
C01001749,2025-12-24,B015,ZM,Retail,USSD,1960-10-30,F,Active
C01001750,2025-08-04,B015,ZM,SME,Branch,1971-06-24,F,Active
C01001751,2024-05-05,B004,ZM,Retail,USSD,2006-07-12,M,Active
C01001752,2023-08-16,B020,ZM,Retail,Agent,1973-12-21,M,Active
C01001753,2022-08-24,B002,ZM,SME,App,1972-07-30,M,Active
C01001754,2024-04-09,B015,ZM,Retail,Agent,2002-02-23,F,Active
C01001755,2022-02-12,B005,ZM,Retail,ATM,1963-07-01,F,Active
C01001756,2023-10-28,B020,ZM,SME,Web,1965-06-27,M,Active
C01001757,2022-12-18,B001,ZM,SME,USSD,2013-06-27,M,Active
C01001758,2025-06-19,B001,ZM,Retail,Web,1978-10-28,M,Active
C01001759,2024-07-31,B015,ZM,SME,Agent,1986-04-17,F,Active
C01001760,2025-11-13,B003,ZM,Retail,App,1993-05-06,F,Active
C01001761,2024-01-12,B020,ZM,Retail,App,1997-03-21,M,Active
C01001762,2022-06-30,B015,ZM,SME,Agent,1974-02-16,M,Active
C01001763,2024-06-13,B003,ZM,Retail,Agent,1997-08-11,M,Active
C01001764,2022-08-05,B015,ZM,Retail,App,1975-06-20,M,Active
C01001765,2023-05-14,B005,ZM,Retail,ATM,1975-09-01,F,Active
C01001766,2024-06-11,B020,ZM,Retail,USSD,2006-07-11,M,Closed
C01001767,2025-04-21,B010,ZM,Retail,Web,1973-07-31,M,Active
C01001768,2024-03-31,B001,ZM,SME,Branch,1976-04-17,F,Active
C01001769,2024-12-09,B015,ZM,SME,Agent,1992-10-01,F,Active
C01001770,2022-06-11,B005,ZM,Retail,Agent,1969-10-24,M,Closed
C01001771,2024-03-21,B003,ZM,SME,App,1974-07-26,F,Active
C01001772,2023-09-28,B003,ZM,Retail,Web,1962-09-09,M,Active
C01001773,2023-11-27,B001,ZM,Retail,Web,2004-08-20,M,Active
C01001774,2023-03-30,B004,ZM,SME,ATM,1978-04-23,M,Active
C01001775,2023-11-14,B015,ZM,Retail,USSD,1987-06-17,F,Active
C01001776,2022-12-11,B020,ZM,Retail,ATM,1996-03-18,M,Active
C01001777,2022-06-06,B002,ZM,Retail,ATM,1993-06-24,M,Active
C01001778,2024-11-11,B003,ZM,Retail,Web,1983-10-16,F,Active
C01001779,2025-07-20,B020,ZM,SME,USSD,1988-10-20,F,Active
C01001780,2022-08-22,B020,ZM,Retail,USSD,1962-07-22,F,Dormant
C01001781,2024-12-22,B010,ZM,Retail,USSD,1962-04-26,M,Active
C01001782,2024-11-10,B020,ZM,Retail,App,1989-09-30,M,Closed
C01001783,2023-02-02,B020,ZM,Retail,USSD,1962-07-22,M,Active
C01001784,2023-12-17,B010,ZM,Retail,Web,2002-03-18,M,Active
C01001785,2023-12-21,B003,ZM,Retail,App,1963-01-26,M,Active
C01001786,2026-01-29,B020,ZM,SME,Branch,1972-12-12,F,Active
C01001787,2025-08-14,B004,ZM,SME,Agent,1996-07-28,F,Active
C01001788,2022-10-30,B004,ZM,Retail,ATM,1964-03-03,M,Active
C01001789,2023-04-29,B005,ZM,Retail,USSD,2008-05-25,M,Active
C01001790,2022-07-30,B010,ZM,Retail,Branch,1993-10-28,M,Active
C01001791,2022-10-27,B005,ZM,Premium,USSD,2013-09-10,M,Active
C01001792,2023-06-09,B010,ZM,Premium,ATM,2007-02-12,M,Active
C01001793,2023-02-09,B015,ZM,Retail,Web,1975-03-25,M,Active
C01001794,2022-12-22,B015,ZM,Retail,Web,1974-03-10,M,Closed
C01001795,2025-05-18,B020,ZM,Retail,ATM,1968-12-24,M,Dormant
C01001796,2022-11-10,B002,ZM,Retail,Branch,1961-05-04,F,Dormant
C01001797,2025-09-04,B015,ZM,Retail,App,1991-04-13,F,Active
C01001798,2022-06-04,B002,ZM,Retail,Agent,1979-12-24,M,Active
C01001799,2022-12-29,B015,ZM,Retail,Agent,1968-04-06,M,Active
C01001800,2025-07-10,B001,ZM,Retail,Agent,1997-09-01,M,Active
C01001801,2024-10-08,B015,ZM,Retail,App,1965-12-13,F,Active
C01001802,2024-08-08,B005,ZM,Retail,USSD,1970-01-31,F,Active
C01001803,2025-02-28,B003,ZM,Retail,ATM,2002-09-04,M,Dormant
C01001804,2025-04-01,B020,ZM,Retail,ATM,2001-08-31,M,Active
C01001805,2024-07-08,B005,ZM,Retail,App,1997-03-28,M,Closed
C01001806,2025-10-26,B003,ZM,Retail,Branch,2008-02-25,M,Active
C01001807,2025-03-02,B004,ZM,Retail,Agent,1999-07-06,M,Active
C01001808,2025-08-09,B005,ZM,Retail,ATM,1972-01-22,F,Active
C01001809,2025-07-25,B004,ZM,Retail,Web,2014-02-13,M,Active
C01001810,2025-07-03,B002,ZM,Retail,Web,1960-01-24,M,Active
C01001811,2023-10-24,B002,ZM,Retail,ATM,1987-12-09,F,Active
C01001812,2025-07-08,B001,ZM,Retail,Agent,2002-09-22,M,Active
C01001813,2023-10-10,B015,ZM,SME,Agent,2002-02-13,F,Dormant
C01001814,2022-11-06,B005,ZM,Retail,Agent,1983-01-16,F,Active
C01001815,2024-06-19,B004,ZM,Retail,Branch,1971-07-02,F,Dormant
C01001816,2022-05-20,B003,ZM,Retail,Web,1988-12-19,M,Active
C01001817,2024-08-18,B002,ZM,Retail,Branch,2008-06-11,F,Active
C01001818,2024-06-24,B015,ZM,Retail,App,1992-10-18,F,Active
C01001819,2025-07-17,B002,ZM,Retail,USSD,1968-08-24,F,Active
C01001820,2023-09-13,B003,ZM,Retail,Agent,2002-11-12,M,Active
C01001821,2023-07-17,B015,ZM,SME,App,2004-03-18,F,Dormant
C01001822,2025-04-26,B015,ZM,Retail,USSD,2011-04-01,F,Active
C01001823,2022-04-26,B004,ZM,Retail,Web,1977-08-10,M,Active
C01001824,2023-12-22,B004,ZM,Retail,USSD,1971-04-16,M,Active
C01001825,2024-11-05,B005,ZM,Premium,USSD,1979-09-04,F,Active
C01001826,2022-06-01,B005,ZM,SME,ATM,2006-03-06,F,Active
C01001827,2023-09-28,B010,ZM,Retail,USSD,1971-08-24,F,Active
C01001828,2024-08-03,B020,ZM,SME,ATM,1972-10-16,M,Active
C01001829,2024-07-14,B010,ZM,Retail,USSD,1980-03-26,M,Dormant
C01001830,2022-03-19,B001,ZM,SME,ATM,1967-05-17,M,Active
C01001831,2022-04-27,B002,ZM,SME,Web,1968-07-03,M,Active
C01001832,2024-01-26,B005,ZM,Retail,Web,1996-03-24,M,Active
C01001833,2023-08-11,B004,ZM,Retail,USSD,1985-04-29,F,Active
C01001834,2022-06-07,B003,ZM,Retail,Branch,1969-06-10,F,Active
C01001835,2025-08-13,B004,ZM,Retail,Web,1982-05-29,M,Active
C01001836,2022-07-04,B002,ZM,Retail,App,1980-04-17,F,Active
C01001837,2025-06-13,B010,ZM,Retail,App,1982-06-27,M,Active
C01001838,2025-05-01,B004,ZM,Retail,ATM,1976-07-24,F,Active
C01001839,2024-11-04,B020,ZM,Retail,Branch,1987-01-05,F,Active
C01001840,2024-02-27,B001,ZM,Retail,Agent,1989-06-25,M,Active
C01001841,2024-08-05,B002,ZM,Retail,ATM,2001-06-17,M,Active
C01001842,2025-04-03,B010,ZM,Retail,USSD,2012-12-31,F,Dormant
C01001843,2025-02-09,B020,ZM,Retail,Web,2006-08-23,F,Active
C01001844,2022-03-26,B003,ZM,Retail,Branch,2006-05-16,F,Active
C01001845,2024-07-10,B010,ZM,Retail,ATM,2011-10-12,F,Active
C01001846,2025-03-16,B015,ZM,Retail,ATM,1983-12-06,M,Active
C01001847,2025-08-27,B020,ZM,Premium,App,1971-10-25,F,Active
C01001848,2023-01-21,B020,ZM,Retail,USSD,1989-06-03,M,Active
C01001849,2023-10-21,B001,ZM,Retail,ATM,1997-11-10,F,Active
C01001850,2025-05-24,B002,ZM,Retail,App,1993-08-15,M,Active
C01001851,2024-09-01,B003,ZM,Retail,Branch,1973-01-10,M,Active
C01001852,2024-10-23,B001,ZM,Retail,ATM,2011-12-23,M,Active
C01001853,2022-11-05,B010,ZM,Retail,Agent,1963-01-26,F,Active
C01001854,2022-05-07,B001,ZM,Retail,Agent,1994-07-17,F,Active
C01001855,2024-07-11,B020,ZM,SME,App,1964-04-22,M,Dormant
C01001856,2022-07-31,B002,ZM,Retail,Agent,1977-10-02,F,Active
C01001857,2023-12-05,B005,ZM,Retail,USSD,1976-05-05,M,Active
C01001858,2026-01-02,B001,ZM,SME,Web,1961-04-14,M,Active
C01001859,2022-06-22,B015,ZM,Retail,Agent,1972-10-28,M,Closed
C01001860,2024-10-30,B001,ZM,Retail,Branch,1963-01-22,M,Active
C01001861,2025-08-16,B010,ZM,Retail,ATM,1981-05-03,M,Dormant
C01001862,2022-12-20,B010,ZM,Retail,App,1974-07-10,F,Dormant
C01001863,2022-03-22,B003,ZM,Retail,ATM,1995-08-06,M,Active
C01001864,2023-05-23,B010,ZM,Retail,Web,1988-12-07,F,Active
C01001865,2025-12-20,B004,ZM,SME,ATM,1961-01-18,F,Active
C01001866,2024-06-15,B002,ZM,Premium,ATM,2011-04-29,F,Active
C01001867,2024-06-18,B002,ZM,SME,App,2003-02-18,M,Active
C01001868,2024-12-09,B005,ZM,SME,Web,2003-05-29,F,Closed
C01001869,2024-12-06,B005,ZM,Retail,Branch,1990-11-07,F,Active
C01001870,2025-06-02,B002,ZM,Retail,App,1976-11-04,F,Dormant
C01001871,2022-11-22,B015,ZM,Retail,Web,2011-10-13,F,Active
C01001872,2024-01-16,B005,ZM,Retail,Web,1996-05-23,M,Active
C01001873,2024-02-03,B003,ZM,SME,ATM,2000-07-23,F,Dormant
C01001874,2023-08-03,B010,ZM,Retail,USSD,1979-04-10,F,Active
C01001875,2024-03-04,B002,ZM,SME,USSD,2000-08-28,M,Active
C01001876,2024-04-17,B020,ZM,SME,Branch,1983-07-30,F,Dormant
C01001877,2023-11-24,B005,ZM,Premium,ATM,2008-12-21,F,Active
C01001878,2025-10-22,B002,ZM,SME,USSD,1999-06-18,F,Active
C01001879,2025-05-09,B004,ZM,Retail,App,1970-07-27,F,Active
C01001880,2022-04-18,B001,ZM,Retail,Branch,1985-01-21,F,Dormant
C01001881,2025-07-16,B010,ZM,Retail,ATM,2006-02-26,M,Active
C01001882,2025-08-18,B002,ZM,Retail,Agent,1990-04-07,F,Active
C01001883,2023-11-17,B001,ZM,Retail,App,1990-04-04,F,Active
C01001884,2022-05-15,B005,ZM,SME,USSD,1976-09-18,M,Active
C01001885,2023-11-07,B001,ZM,SME,USSD,1982-11-26,F,Active
C01001886,2022-07-13,B010,ZM,Retail,USSD,1990-08-04,F,Active
C01001887,2025-02-16,B002,ZM,Retail,USSD,2003-09-21,F,Closed
C01001888,2025-10-21,B004,ZM,Retail,Web,2009-03-30,M,Dormant
C01001889,2024-03-02,B015,ZM,Retail,Agent,2000-12-08,F,Active
C01001890,2023-08-05,B005,ZM,Retail,Branch,1968-08-28,F,Active
C01001891,2023-06-01,B002,ZM,Retail,Branch,1990-09-18,F,Dormant
C01001892,2026-01-22,B010,ZM,Retail,USSD,2006-07-26,F,Active
C01001893,2025-09-06,B005,ZM,Retail,Branch,1983-08-01,F,Active
C01001894,2025-05-19,B003,ZM,Retail,Agent,1965-08-30,M,Active
C01001895,2022-11-04,B001,ZM,Retail,App,1992-10-13,F,Closed
C01001896,2023-11-14,B015,ZM,Retail,App,1998-04-07,M,Active
C01001897,2022-06-16,B010,ZM,Retail,Branch,1962-04-12,F,Dormant
C01001898,2025-04-08,B003,ZM,Retail,USSD,2008-09-28,F,Closed
C01001899,2025-09-21,B020,ZM,Premium,ATM,1971-04-29,F,Active
C01001900,2022-10-17,B002,ZM,Retail,Agent,1968-06-26,M,Closed
C01001901,2023-12-18,B004,ZM,Retail,USSD,1980-05-17,M,Active
C01001902,2023-09-28,B005,ZM,Retail,Web,2001-01-14,F,Active
C01001903,2025-09-05,B001,ZM,Retail,ATM,1969-12-20,F,Active
C01001904,2025-12-01,B005,ZM,SME,Agent,1970-10-16,M,Active
C01001905,2025-09-18,B015,ZM,Retail,Web,2009-05-20,M,Active
C01001906,2024-03-13,B002,ZM,Retail,Branch,1986-07-12,M,Active
C01001907,2022-09-22,B005,ZM,Retail,Web,1971-05-01,F,Active
C01001908,2025-05-03,B001,ZM,Retail,Branch,1991-03-09,M,Active
C01001909,2025-12-22,B002,ZM,Retail,Web,1987-07-18,M,Dormant
C01001910,2022-06-23,B005,ZM,Retail,ATM,2000-08-07,M,Active
C01001911,2023-09-27,B004,ZM,Retail,Web,1999-02-17,M,Active
C01001912,2025-02-18,B010,ZM,Retail,USSD,2009-08-21,F,Active
C01001913,2024-02-11,B002,ZM,Retail,Branch,1967-06-11,M,Active
C01001914,2025-08-10,B010,ZM,Retail,App,2005-04-12,M,Active
C01001915,2023-11-04,B020,ZM,Retail,Web,1976-05-19,F,Active
C01001916,2022-09-19,B002,ZM,Retail,Branch,1995-09-01,M,Active
C01001917,2025-10-04,B004,ZM,Retail,App,2005-11-01,F,Active
C01001918,2025-12-10,B010,ZM,Retail,Branch,1977-06-25,M,Active
C01001919,2025-11-04,B003,ZM,Retail,Branch,1972-09-17,F,Active
C01001920,2024-12-14,B001,ZM,Retail,App,1979-11-26,M,Active
C01001921,2022-07-11,B003,ZM,Retail,App,1961-07-01,F,Active
C01001922,2025-08-16,B005,ZM,Retail,ATM,1977-10-28,F,Active
C01001923,2025-10-05,B004,ZM,Premium,Agent,1991-10-02,F,Active
C01001924,2024-05-17,B003,ZM,Retail,Web,2007-02-25,F,Active
C01001925,2024-11-07,B002,ZM,Retail,Web,2013-11-29,F,Dormant
C01001926,2024-01-12,B005,ZM,Retail,Branch,1973-08-13,F,Active
C01001927,2022-02-07,B005,ZM,SME,USSD,2010-07-01,M,Active
C01001928,2024-01-13,B003,ZM,Retail,USSD,2007-08-07,F,Active
C01001929,2023-09-25,B020,ZM,Premium,Agent,2007-02-07,F,Active
C01001930,2023-01-05,B003,ZM,Premium,Branch,1964-03-19,F,Dormant
C01001931,2023-03-15,B020,ZM,Retail,ATM,2007-10-31,F,Active
C01001932,2023-12-01,B004,ZM,Premium,App,1992-07-14,M,Active
C01001933,2024-09-22,B001,ZM,Retail,Branch,2008-05-24,F,Active
C01001934,2023-01-29,B003,ZM,SME,Web,1980-09-02,M,Active
C01001935,2023-04-09,B015,ZM,Retail,USSD,2007-08-17,F,Active
C01001936,2022-10-09,B020,ZM,Retail,USSD,1974-12-17,M,Active
C01001937,2022-11-14,B003,ZM,Retail,USSD,1993-08-05,M,Active
C01001938,2022-06-08,B010,ZM,SME,ATM,1974-03-29,M,Active
C01001939,2023-08-29,B002,ZM,Retail,Web,1968-12-25,F,Active
C01001940,2022-07-27,B015,ZM,Retail,ATM,1974-11-10,M,Active
C01001941,2024-11-05,B015,ZM,Retail,App,1980-04-19,F,Active
C01001942,2025-01-10,B020,ZM,Retail,Branch,1973-08-22,F,Active
C01001943,2024-12-14,B010,ZM,Retail,Branch,2008-07-08,F,Active
C01001944,2022-03-19,B010,ZM,Retail,USSD,2014-09-11,M,Active
C01001945,2025-09-17,B005,ZM,Retail,USSD,1998-01-15,M,Active
C01001946,2023-11-21,B020,ZM,Retail,App,1978-02-20,F,Active
C01001947,2025-06-19,B001,ZM,Retail,ATM,1984-12-23,M,Active
C01001948,2022-09-26,B002,ZM,Retail,Agent,1964-05-21,F,Dormant
C01001949,2025-05-08,B004,ZM,Retail,Agent,1995-12-18,M,Active
C01001950,2024-02-11,B015,ZM,Premium,Agent,1986-08-07,F,Active
C01001951,2022-11-12,B004,ZM,Retail,Web,1994-12-20,F,Active
C01001952,2022-11-29,B003,ZM,Premium,App,2006-10-22,M,Active
C01001953,2023-01-06,B003,ZM,Retail,Branch,1997-10-16,M,Active
C01001954,2025-11-19,B004,ZM,Retail,Branch,2002-10-02,F,Active
C01001955,2025-07-03,B003,ZM,Retail,ATM,2001-12-26,M,Active
C01001956,2022-12-06,B001,ZM,SME,App,1988-11-17,M,Closed
C01001957,2026-01-16,B010,ZM,Retail,Web,1972-03-18,M,Active
C01001958,2024-06-15,B003,ZM,Retail,App,1986-11-30,M,Active
C01001959,2022-03-31,B005,ZM,Retail,App,1960-01-12,M,Active
C01001960,2024-04-21,B003,ZM,Retail,ATM,1966-09-19,F,Active
C01001961,2024-01-17,B002,ZM,SME,Web,1982-07-19,M,Active
C01001962,2025-10-17,B001,ZM,Retail,Agent,2009-11-10,M,Closed
C01001963,2026-01-13,B002,ZM,Retail,Branch,1987-12-15,M,Active
C01001964,2023-05-02,B002,ZM,Retail,USSD,1978-09-23,M,Active
C01001965,2024-06-28,B005,ZM,Retail,Agent,2013-04-15,F,Closed
C01001966,2025-06-04,B001,ZM,Retail,Web,1965-12-29,M,Active
C01001967,2023-08-07,B001,ZM,Retail,Branch,1965-04-24,F,Active
C01001968,2024-07-08,B020,ZM,SME,Agent,1996-10-25,M,Active
C01001969,2023-04-25,B001,ZM,Retail,ATM,1972-08-02,F,Active
C01001970,2024-12-29,B001,ZM,SME,Web,1972-11-24,M,Active
C01001971,2023-05-05,B001,ZM,Retail,Web,2003-02-23,M,Active
C01001972,2023-09-26,B005,ZM,Retail,Branch,1974-05-18,M,Active
C01001973,2024-08-18,B003,ZM,Retail,Branch,1981-10-02,M,Active
C01001974,2023-02-02,B020,ZM,Retail,App,1995-02-06,F,Active
C01001975,2024-01-24,B002,ZM,Retail,App,1974-04-21,M,Active
C01001976,2025-10-21,B001,ZM,Retail,Web,1997-08-04,F,Active
C01001977,2025-03-14,B015,ZM,Retail,USSD,1995-01-29,F,Active
C01001978,2024-06-21,B003,ZM,Retail,ATM,2013-01-21,M,Active
C01001979,2024-08-03,B003,ZM,Retail,Branch,1977-05-07,F,Active
C01001980,2023-08-01,B002,ZM,Retail,App,1982-04-20,F,Dormant
C01001981,2024-02-22,B005,ZM,Retail,ATM,1991-06-09,M,Active
C01001982,2024-10-26,B004,ZM,Retail,Agent,1966-04-30,M,Active
C01001983,2024-12-16,B004,ZM,Retail,Agent,1980-04-20,M,Dormant
C01001984,2024-05-07,B003,ZM,Retail,Web,1984-10-12,M,Active
C01001985,2022-11-28,B010,ZM,Premium,Branch,1972-08-06,M,Active
C01001986,2023-02-13,B010,ZM,SME,Agent,1996-01-06,M,Active
C01001987,2025-05-23,B002,ZM,Retail,Branch,1971-01-28,M,Active
C01001988,2022-10-11,B004,ZM,Retail,App,2012-07-25,F,Closed
C01001989,2023-05-28,B003,ZM,Retail,Agent,1973-08-15,F,Active
C01001990,2022-04-17,B005,ZM,SME,USSD,1978-06-19,M,Active
C01001991,2025-08-06,B004,ZM,Retail,Agent,1999-10-11,F,Active
C01001992,2024-09-11,B003,ZM,Retail,Branch,1972-10-10,F,Dormant
C01001993,2024-01-31,B003,ZM,Retail,USSD,1984-09-17,F,Active
C01001994,2025-02-09,B001,ZM,Retail,ATM,1989-05-18,M,Active
C01001995,2022-07-30,B005,ZM,Retail,Agent,1960-12-18,F,Active
C01001996,2025-12-27,B001,ZM,Retail,Branch,1970-07-10,M,Active
C01001997,2024-11-22,B002,ZM,Retail,Agent,2006-09-15,F,Active
C01001998,2022-09-13,B001,ZM,Retail,Agent,1987-12-01,M,Closed
C01001999,2023-08-07,B015,ZM,Retail,Branch,2007-01-12,F,Active
C01002000,2022-06-21,B001,ZM,Retail,USSD,1969-03-16,F,Active
C01002001,2022-11-25,B015,ZM,Retail,App,2013-09-08,M,Dormant
C01002002,2023-07-13,B004,ZM,SME,Agent,2002-04-07,F,Dormant
C01002003,2024-07-09,B010,ZM,Retail,Web,1980-10-30,M,Active
C01002004,2024-11-17,B020,ZM,Retail,ATM,1999-04-27,M,Active
C01002005,2022-10-29,B020,ZM,Retail,Branch,1986-10-22,M,Active
C01002006,2024-06-14,B003,ZM,SME,Agent,1971-03-15,F,Active
C01002007,2022-07-07,B020,ZM,SME,App,2008-07-22,F,Dormant
C01002008,2023-03-31,B015,ZM,Retail,Branch,2014-09-23,M,Active
C01002009,2024-07-12,B005,ZM,Retail,Agent,2000-10-05,M,Active
C01002010,2023-12-17,B001,ZM,Retail,ATM,1973-10-14,M,Active
C01002011,2022-02-24,B015,ZM,Retail,Web,1966-04-25,F,Active
C01002012,2024-04-29,B005,ZM,Retail,Branch,1990-08-17,F,Active
C01002013,2022-04-20,B010,ZM,SME,Agent,1984-05-30,M,Active
C01002014,2024-03-22,B020,ZM,Retail,USSD,1963-09-04,F,Dormant
C01002015,2024-10-25,B010,ZM,Premium,App,1994-03-24,F,Active
C01002016,2024-02-05,B020,ZM,SME,Web,1982-12-01,M,Active
C01002017,2023-04-28,B001,ZM,Retail,Branch,1970-02-14,M,Active
C01002018,2024-03-01,B002,ZM,Premium,Agent,2001-11-08,F,Active
C01002019,2022-06-17,B001,ZM,Retail,Web,1998-03-18,M,Active
C01002020,2024-02-07,B004,ZM,Retail,USSD,2012-06-24,M,Active
C01002021,2023-04-05,B015,ZM,Retail,Branch,1975-02-10,F,Active
C01002022,2022-02-27,B003,ZM,Retail,Web,2003-09-19,M,Active
C01002023,2023-10-15,B002,ZM,Retail,Branch,1986-02-11,M,Active
C01002024,2022-07-22,B001,ZM,Retail,Branch,1980-02-25,F,Active
C01002025,2026-01-03,B005,ZM,Retail,Web,2006-11-27,M,Active
C01002026,2025-08-24,B002,ZM,Retail,Branch,1969-03-30,F,Closed
C01002027,2023-11-18,B015,ZM,Retail,USSD,1967-12-12,M,Active
C01002028,2022-10-27,B020,ZM,SME,Web,2014-02-15,F,Active
C01002029,2022-10-09,B002,ZM,Retail,Agent,2013-09-28,F,Active
C01002030,2022-03-20,B020,ZM,Retail,Web,1992-07-11,M,Active
C01002031,2023-08-11,B015,ZM,Retail,USSD,1981-08-24,M,Active
C01002032,2024-08-25,B001,ZM,Retail,USSD,2004-05-13,M,Dormant
C01002033,2025-11-26,B015,ZM,Retail,USSD,1998-10-19,F,Active
C01002034,2022-10-12,B002,ZM,Retail,Agent,1997-10-30,F,Active
C01002035,2025-12-15,B005,ZM,Retail,Agent,1965-01-30,M,Active
C01002036,2024-08-18,B010,ZM,Retail,Branch,1969-06-08,M,Active
C01002037,2024-07-07,B002,ZM,Premium,Branch,1985-02-19,F,Dormant
C01002038,2025-06-14,B015,ZM,Retail,ATM,1984-09-30,M,Active
C01002039,2022-01-11,B010,ZM,Retail,Branch,1982-07-30,F,Active
C01002040,2022-06-12,B015,ZM,Retail,USSD,2005-07-23,M,Active
C01002041,2022-02-08,B005,ZM,Retail,ATM,1989-07-02,M,Closed
C01002042,2023-06-09,B015,ZM,Retail,USSD,1997-08-24,M,Dormant
C01002043,2023-03-18,B001,ZM,Retail,App,1982-07-16,F,Active
C01002044,2022-11-03,B003,ZM,Retail,Agent,1991-12-31,M,Active
C01002045,2025-01-28,B020,ZM,Retail,Web,1967-06-15,F,Active
C01002046,2026-01-29,B020,ZM,Retail,App,1961-02-27,F,Active
C01002047,2025-05-31,B002,ZM,SME,Agent,1969-01-26,M,Active
C01002048,2024-12-16,B003,ZM,Retail,Agent,2003-07-24,M,Active
C01002049,2024-05-16,B015,ZM,Retail,USSD,1981-10-11,F,Dormant
C01002050,2022-08-16,B005,ZM,Retail,Branch,2012-07-20,M,Active
C01002051,2023-08-14,B002,ZM,Retail,Web,2004-05-28,M,Active
C01002052,2023-05-02,B015,ZM,Retail,Branch,1979-11-11,F,Active
C01002053,2023-09-09,B010,ZM,Retail,Branch,2013-01-10,M,Active
C01002054,2022-09-07,B004,ZM,Retail,Web,1998-11-30,F,Active
C01002055,2022-04-08,B015,ZM,Retail,Web,1983-11-04,F,Closed
C01002056,2023-05-04,B003,ZM,Retail,App,1969-04-29,F,Active
C01002057,2024-05-09,B002,ZM,Premium,USSD,2003-10-08,F,Active
C01002058,2025-08-01,B003,ZM,Retail,Branch,2010-04-20,F,Active
C01002059,2025-06-29,B002,ZM,Retail,USSD,2014-06-04,M,Active
C01002060,2024-07-25,B015,ZM,SME,USSD,2010-09-29,F,Active
C01002061,2022-05-09,B001,ZM,Retail,ATM,1993-09-18,F,Active
C01002062,2022-08-16,B010,ZM,Retail,App,2014-06-03,M,Active
C01002063,2024-10-20,B015,ZM,Retail,Branch,2006-07-23,F,Active
C01002064,2025-05-07,B020,ZM,Retail,Agent,1994-04-28,F,Active
C01002065,2025-01-02,B003,ZM,Retail,Web,1963-10-11,M,Active
C01002066,2022-02-03,B004,ZM,Retail,Web,2013-12-23,M,Active
C01002067,2025-07-18,B004,ZM,Retail,USSD,1969-09-02,M,Dormant
C01002068,2024-11-21,B005,ZM,Retail,App,2012-12-17,F,Active
C01002069,2025-03-23,B002,ZM,Retail,App,1968-11-04,F,Active
C01002070,2023-05-11,B003,ZM,SME,Branch,2011-08-23,F,Dormant
C01002071,2026-01-11,B005,ZM,Retail,Branch,1968-07-07,M,Active
C01002072,2022-10-22,B003,ZM,Retail,USSD,1970-07-16,F,Active
C01002073,2023-08-20,B020,ZM,Retail,USSD,1981-05-28,F,Active
C01002074,2024-05-29,B002,ZM,Retail,USSD,1992-05-11,F,Active
C01002075,2022-01-04,B015,ZM,Retail,ATM,2012-01-17,M,Closed
C01002076,2025-06-13,B015,ZM,Retail,App,2014-03-03,M,Closed
C01002077,2023-12-24,B004,ZM,Premium,USSD,1997-11-04,M,Active
C01002078,2023-05-08,B015,ZM,Retail,App,1995-04-29,M,Active
C01002079,2025-03-14,B015,ZM,Retail,Agent,1963-07-30,F,Active
C01002080,2024-05-03,B020,ZM,Retail,Web,1991-02-27,F,Active
C01002081,2023-01-19,B001,ZM,Retail,Web,1999-06-30,F,Active
C01002082,2025-09-22,B004,ZM,Retail,App,2001-05-02,M,Active
C01002083,2025-09-30,B005,ZM,Retail,Agent,2011-06-09,F,Active
C01002084,2022-06-25,B010,ZM,SME,Web,2006-11-24,F,Active
C01002085,2024-12-08,B001,ZM,Retail,Web,1963-05-06,F,Active
C01002086,2024-01-09,B005,ZM,Retail,Web,1995-10-08,F,Dormant
C01002087,2022-05-19,B002,ZM,Retail,Branch,1998-09-27,M,Active
C01002088,2024-12-13,B001,ZM,Retail,Agent,1962-04-20,F,Active
C01002089,2025-01-19,B020,ZM,Retail,Branch,1979-05-20,M,Active
C01002090,2024-11-05,B005,ZM,SME,App,2010-11-11,F,Active
C01002091,2024-11-05,B002,ZM,Premium,App,1976-03-19,M,Active
C01002092,2025-02-08,B004,ZM,Retail,ATM,1962-03-02,M,Active
C01002093,2022-02-11,B010,ZM,Retail,Branch,1989-07-06,M,Active
C01002094,2024-03-10,B002,ZM,SME,App,1968-11-11,F,Active
C01002095,2024-08-20,B015,ZM,Retail,Branch,1986-03-22,M,Dormant
C01002096,2022-03-31,B003,ZM,Retail,ATM,1996-12-22,M,Active
C01002097,2025-07-25,B002,ZM,Retail,App,1962-07-18,F,Active
C01002098,2024-03-03,B002,ZM,Retail,App,2000-12-18,F,Dormant
C01002099,2024-02-04,B010,ZM,Retail,App,1982-09-29,F,Dormant
C01002100,2023-06-04,B003,ZM,SME,App,1992-03-03,F,Active
C01002101,2022-02-03,B015,ZM,SME,USSD,1990-11-12,M,Active
C01002102,2024-01-02,B005,ZM,Retail,Agent,1991-08-12,M,Active
C01002103,2022-05-19,B005,ZM,Retail,Agent,1982-04-24,F,Active
C01002104,2023-12-08,B002,ZM,SME,Branch,1984-10-25,M,Active
C01002105,2023-05-09,B020,ZM,Retail,Branch,2000-01-05,M,Active
C01002106,2025-09-07,B020,ZM,Retail,Branch,1964-04-15,M,Active
C01002107,2025-07-10,B003,ZM,Retail,ATM,1989-02-10,M,Active
C01002108,2022-08-01,B003,ZM,Retail,USSD,2001-02-08,M,Dormant
C01002109,2025-04-06,B015,ZM,Retail,Branch,1983-08-11,F,Dormant
C01002110,2023-11-12,B010,ZM,Retail,Branch,1974-05-29,F,Active
C01002111,2022-10-01,B004,ZM,Retail,App,1978-10-13,F,Active
C01002112,2022-04-01,B005,ZM,SME,App,2010-02-07,F,Active
C01002113,2023-12-23,B010,ZM,Retail,App,2009-02-05,F,Active
C01002114,2025-01-23,B001,ZM,Retail,Branch,1988-11-16,F,Active
C01002115,2023-11-25,B005,ZM,Retail,App,1996-01-02,F,Active
C01002116,2025-08-09,B010,ZM,Retail,Branch,1991-04-08,M,Active
C01002117,2022-12-25,B005,ZM,Retail,ATM,1975-06-08,F,Active
C01002118,2025-11-03,B004,ZM,Retail,ATM,2004-11-03,M,Active
C01002119,2024-08-09,B001,ZM,Retail,Web,1967-12-22,M,Active
C01002120,2025-11-25,B020,ZM,Retail,USSD,1989-12-10,M,Active
C01002121,2024-09-07,B020,ZM,SME,App,1991-07-24,M,Active
C01002122,2025-07-17,B004,ZM,Retail,Agent,2008-04-14,M,Active
C01002123,2023-01-09,B015,ZM,Retail,App,1980-06-01,F,Dormant
C01002124,2022-10-04,B001,ZM,Retail,USSD,1988-05-25,M,Active
C01002125,2022-05-10,B002,ZM,Retail,USSD,1987-06-09,F,Active
C01002126,2026-01-06,B010,ZM,Premium,Web,1969-02-01,F,Closed
C01002127,2024-07-26,B001,ZM,SME,USSD,1968-02-11,F,Active
C01002128,2022-03-17,B015,ZM,Retail,Branch,1996-06-05,M,Active
C01002129,2023-08-24,B015,ZM,Retail,App,1988-01-27,M,Active
C01002130,2023-02-17,B004,ZM,Retail,USSD,2004-08-09,F,Dormant
C01002131,2022-03-31,B005,ZM,Retail,Branch,1976-09-14,F,Active
C01002132,2023-02-13,B001,ZM,Retail,USSD,1994-05-02,F,Active
C01002133,2022-03-27,B010,ZM,Retail,Agent,1978-02-19,F,Active
C01002134,2023-10-09,B001,ZM,SME,Branch,1983-09-30,F,Active
C01002135,2023-09-28,B003,ZM,Retail,ATM,2003-07-20,M,Active
C01002136,2024-11-21,B005,ZM,Retail,Branch,1991-06-15,F,Active
C01002137,2024-03-26,B010,ZM,Retail,Web,1990-03-26,F,Active
C01002138,2025-01-17,B020,ZM,Retail,Branch,1999-04-10,F,Active
C01002139,2024-08-27,B010,ZM,Retail,USSD,1992-06-05,F,Active
C01002140,2023-06-03,B002,ZM,Retail,ATM,1974-04-14,M,Active
C01002141,2022-03-16,B004,ZM,Retail,ATM,1975-02-13,F,Active
C01002142,2025-08-17,B002,ZM,Retail,Branch,1988-12-15,F,Active
C01002143,2023-01-27,B010,ZM,SME,USSD,1961-06-05,M,Dormant
C01002144,2023-08-09,B005,ZM,Retail,ATM,1969-12-31,F,Active
C01002145,2024-01-02,B001,ZM,Retail,Agent,1977-01-10,M,Active
C01002146,2022-04-08,B020,ZM,Retail,Branch,2012-03-13,M,Active
C01002147,2025-09-04,B001,ZM,SME,Branch,1987-11-10,F,Active
C01002148,2023-11-11,B005,ZM,Retail,Branch,2005-05-28,F,Closed
C01002149,2023-07-14,B010,ZM,Retail,ATM,2010-04-13,M,Active
C01002150,2022-09-12,B015,ZM,Premium,App,1986-07-29,M,Active
C01002151,2024-01-24,B001,ZM,Retail,USSD,2010-03-26,F,Active
C01002152,2024-06-13,B015,ZM,Retail,Web,2008-04-15,F,Active
C01002153,2024-03-30,B001,ZM,Retail,Web,1975-12-17,M,Active
C01002154,2024-06-19,B001,ZM,SME,USSD,1995-09-14,F,Closed
C01002155,2024-03-02,B020,ZM,Retail,App,1966-10-24,M,Closed
C01002156,2023-11-26,B004,ZM,Retail,USSD,1977-10-26,F,Active
C01002157,2023-01-18,B004,ZM,Retail,Branch,1968-05-17,F,Active
C01002158,2024-10-13,B003,ZM,Premium,Agent,1968-02-14,M,Active
C01002159,2025-11-18,B002,ZM,Retail,USSD,2013-08-24,M,Active
C01002160,2024-10-15,B005,ZM,Retail,USSD,1996-04-20,F,Active
C01002161,2024-01-23,B005,ZM,SME,Agent,1983-08-18,M,Active
C01002162,2024-11-29,B005,ZM,Retail,ATM,1973-01-28,F,Active
C01002163,2023-07-01,B003,ZM,Premium,Web,1990-07-08,F,Active
C01002164,2022-06-19,B004,ZM,Premium,Web,2007-10-20,M,Active
C01002165,2026-01-29,B010,ZM,SME,Branch,1991-09-28,F,Closed
C01002166,2024-05-19,B015,ZM,Retail,Agent,1995-08-05,F,Dormant
C01002167,2022-06-11,B020,ZM,Retail,Branch,1971-12-08,M,Active
C01002168,2024-05-31,B015,ZM,SME,ATM,1994-07-24,M,Dormant
C01002169,2025-05-18,B010,ZM,Premium,Branch,1969-04-18,M,Active
C01002170,2023-01-05,B020,ZM,Retail,Agent,1986-05-14,F,Active
C01002171,2025-01-22,B003,ZM,SME,Agent,2011-02-23,M,Active
C01002172,2023-08-25,B010,ZM,Retail,App,1967-05-17,F,Active
C01002173,2023-10-20,B005,ZM,Retail,ATM,1989-01-19,M,Active
C01002174,2022-07-30,B002,ZM,Retail,Agent,1980-03-03,F,Dormant
C01002175,2022-06-13,B001,ZM,SME,Agent,1999-09-14,F,Active
C01002176,2023-11-03,B015,ZM,Retail,ATM,1963-08-29,M,Active
C01002177,2025-09-15,B004,ZM,Retail,USSD,1982-01-22,F,Active
C01002178,2023-08-29,B004,ZM,Premium,USSD,2009-02-28,F,Active
C01002179,2023-09-20,B003,ZM,Retail,App,1973-11-27,M,Active
C01002180,2024-07-02,B020,ZM,Retail,Agent,1984-07-24,F,Dormant
C01002181,2025-05-19,B004,ZM,Retail,ATM,1962-05-13,F,Active
C01002182,2026-01-09,B005,ZM,Retail,ATM,2004-05-12,F,Active
C01002183,2024-05-22,B015,ZM,Retail,USSD,1980-02-20,F,Active
C01002184,2022-12-08,B010,ZM,Premium,Web,1979-08-24,F,Dormant
C01002185,2025-11-13,B005,ZM,Retail,Web,1982-01-04,F,Dormant
C01002186,2024-06-28,B003,ZM,SME,Agent,1980-04-05,M,Active
C01002187,2023-12-21,B005,ZM,Retail,USSD,1999-07-04,M,Active
C01002188,2024-07-04,B010,ZM,Retail,Agent,1979-05-17,M,Active
C01002189,2022-03-28,B002,ZM,Retail,Branch,1973-01-15,F,Active
C01002190,2026-01-28,B003,ZM,Retail,ATM,1961-02-10,M,Active
C01002191,2023-12-24,B002,ZM,Retail,Agent,1986-08-17,M,Active
C01002192,2025-06-13,B001,ZM,Retail,App,1981-11-10,F,Dormant
C01002193,2024-06-09,B002,ZM,Retail,Web,1961-11-11,M,Dormant
C01002194,2023-07-17,B001,ZM,Retail,Agent,2003-05-10,M,Active
C01002195,2025-08-02,B001,ZM,Retail,Branch,1999-05-19,F,Active
C01002196,2022-04-28,B002,ZM,Retail,ATM,1997-03-10,M,Active
C01002197,2022-06-03,B003,ZM,SME,Branch,2009-11-28,M,Active
C01002198,2025-10-06,B020,ZM,Retail,Agent,2009-06-14,M,Dormant
C01002199,2025-07-29,B010,ZM,Retail,ATM,2010-12-19,M,Active
C01002200,2024-04-11,B005,ZM,Premium,ATM,1977-03-31,M,Active
C01002201,2024-01-15,B005,ZM,SME,USSD,1996-12-28,M,Active
C01002202,2024-11-16,B010,ZM,Retail,USSD,1976-09-09,F,Dormant
C01002203,2025-10-23,B015,ZM,Retail,App,2006-07-10,F,Active
C01002204,2022-11-24,B015,ZM,Retail,App,2012-02-11,M,Active
C01002205,2022-03-05,B001,ZM,Retail,Branch,1995-11-07,M,Active
C01002206,2022-10-20,B001,ZM,SME,USSD,2011-08-17,M,Active
C01002207,2025-05-29,B003,ZM,Retail,ATM,1994-09-23,F,Active
C01002208,2025-10-20,B004,ZM,Retail,USSD,1983-06-17,M,Active
C01002209,2024-06-16,B002,ZM,Premium,ATM,1992-08-26,F,Active
C01002210,2022-03-13,B001,ZM,Retail,USSD,1983-08-24,F,Active
C01002211,2022-09-16,B005,ZM,Retail,ATM,1998-09-11,M,Active
C01002212,2022-05-18,B003,ZM,SME,Branch,1993-03-19,F,Active
C01002213,2023-04-29,B002,ZM,Retail,USSD,1992-09-13,M,Dormant
C01002214,2025-08-14,B003,ZM,SME,Web,1981-01-20,F,Active
C01002215,2024-01-21,B002,ZM,Premium,Web,1988-09-20,M,Active
C01002216,2024-01-12,B002,ZM,Retail,ATM,2008-06-23,M,Active
C01002217,2024-02-24,B010,ZM,Retail,Branch,1992-01-13,F,Active
C01002218,2025-03-07,B001,ZM,Retail,ATM,1966-11-29,M,Active
C01002219,2022-03-08,B020,ZM,Retail,Branch,1972-01-25,F,Active
C01002220,2025-05-24,B003,ZM,Retail,App,1988-11-09,M,Active
C01002221,2022-11-11,B020,ZM,Retail,USSD,1982-02-24,F,Dormant
C01002222,2025-10-22,B003,ZM,SME,Branch,2008-04-16,M,Active
C01002223,2024-07-10,B010,ZM,Retail,ATM,2011-12-10,M,Active
C01002224,2024-01-30,B005,ZM,Retail,App,1971-07-21,M,Active
C01002225,2024-02-01,B020,ZM,Retail,ATM,1968-09-01,F,Closed
C01002226,2024-06-28,B005,ZM,SME,Web,2005-07-11,F,Active
C01002227,2022-06-07,B015,ZM,Retail,Web,2002-09-05,M,Closed
C01002228,2025-03-21,B001,ZM,Retail,USSD,2008-01-11,M,Active
C01002229,2022-10-09,B001,ZM,SME,Agent,1988-02-15,M,Active
C01002230,2024-12-20,B004,ZM,Retail,USSD,1969-05-27,F,Dormant
C01002231,2024-01-22,B010,ZM,Retail,App,2014-03-12,M,Active
C01002232,2024-03-26,B005,ZM,SME,Web,1980-06-09,M,Active
C01002233,2023-10-06,B002,ZM,Retail,Branch,1991-04-02,M,Active
C01002234,2025-08-23,B003,ZM,Premium,Web,2009-09-15,F,Active
C01002235,2023-07-25,B001,ZM,Retail,Agent,1980-02-03,M,Active
C01002236,2023-05-27,B020,ZM,Retail,USSD,2001-09-28,M,Active
C01002237,2022-08-21,B003,ZM,SME,ATM,1984-02-22,F,Active
C01002238,2022-02-23,B003,ZM,Retail,App,2011-07-09,M,Active
C01002239,2023-01-17,B004,ZM,Retail,Agent,1964-10-09,F,Dormant
C01002240,2024-10-19,B005,ZM,SME,Web,2001-04-16,F,Active
C01002241,2024-11-26,B001,ZM,SME,Branch,1999-04-14,F,Active
C01002242,2024-03-03,B003,ZM,Premium,Agent,2004-08-07,F,Active
C01002243,2025-02-24,B001,ZM,Retail,Branch,2013-01-09,F,Active
C01002244,2022-08-30,B002,ZM,Retail,Branch,1999-02-17,M,Active
C01002245,2023-06-21,B004,ZM,Retail,App,1965-10-19,M,Active
C01002246,2023-06-18,B002,ZM,Retail,Branch,1975-05-16,M,Active
C01002247,2025-12-12,B001,ZM,SME,Branch,1961-12-25,M,Active
C01002248,2024-07-02,B015,ZM,Retail,Web,2010-03-27,M,Active
C01002249,2023-03-16,B020,ZM,Retail,App,2000-03-26,M,Active
C01002250,2025-06-07,B001,ZM,Retail,ATM,2010-02-24,M,Active
C01002251,2023-08-08,B005,ZM,Retail,ATM,1965-02-28,M,Active
C01002252,2025-11-22,B003,ZM,Premium,Branch,1991-03-09,F,Dormant
C01002253,2024-10-02,B003,ZM,Retail,Agent,2002-10-05,M,Dormant
C01002254,2023-02-14,B002,ZM,Retail,USSD,1973-04-07,M,Active
C01002255,2022-09-09,B020,ZM,SME,App,1965-09-20,F,Dormant
C01002256,2022-10-05,B004,ZM,Retail,USSD,1991-10-18,M,Active
C01002257,2022-06-01,B015,ZM,Retail,App,1965-11-13,F,Active
C01002258,2024-07-14,B010,ZM,Retail,App,1984-10-07,M,Active
C01002259,2022-12-20,B020,ZM,Retail,Web,2011-02-11,M,Dormant
C01002260,2025-12-31,B003,ZM,Retail,Branch,1982-08-10,F,Active
C01002261,2024-06-30,B005,ZM,SME,Web,1962-06-22,M,Active
C01002262,2022-06-29,B020,ZM,Retail,Agent,2013-08-16,F,Active
C01002263,2025-10-28,B002,ZM,Premium,USSD,2004-01-12,F,Active
C01002264,2023-10-17,B002,ZM,SME,USSD,1998-08-26,F,Active
C01002265,2025-09-29,B010,ZM,Retail,ATM,1971-12-18,M,Active
C01002266,2023-12-13,B005,ZM,Retail,Agent,1995-07-20,F,Active
C01002267,2025-12-24,B004,ZM,Retail,Agent,1979-04-22,F,Active
C01002268,2022-05-13,B020,ZM,Retail,Web,2000-07-23,M,Active
C01002269,2025-01-31,B005,ZM,SME,Web,1987-10-18,F,Active
C01002270,2025-01-15,B004,ZM,Retail,Agent,2008-04-20,F,Active
C01002271,2023-08-18,B005,ZM,Retail,Web,1987-05-02,M,Active
C01002272,2023-09-07,B005,ZM,Retail,ATM,1989-08-26,M,Closed
C01002273,2022-11-19,B001,ZM,Retail,Web,1980-11-11,M,Active
C01002274,2025-12-28,B002,ZM,Retail,Web,2011-02-15,F,Active
C01002275,2025-12-24,B020,ZM,Retail,Agent,2005-07-27,F,Active
C01002276,2025-12-05,B005,ZM,Retail,Agent,1996-07-11,M,Active
C01002277,2025-07-30,B020,ZM,Retail,Web,1972-12-09,F,Active
C01002278,2022-12-23,B010,ZM,Retail,Web,2008-05-30,F,Active
C01002279,2024-01-11,B005,ZM,Retail,Agent,2012-08-25,M,Active
C01002280,2024-11-07,B003,ZM,Retail,USSD,1988-03-18,M,Active
C01002281,2023-04-05,B002,ZM,Retail,Branch,1960-08-10,M,Active
C01002282,2022-09-06,B003,ZM,Retail,USSD,2014-09-09,F,Active
C01002283,2023-02-16,B020,ZM,Retail,Web,1964-10-01,M,Closed
C01002284,2022-10-12,B020,ZM,Premium,App,1992-02-24,F,Active
C01002285,2023-04-30,B002,ZM,Retail,App,2012-09-13,M,Closed
C01002286,2024-10-08,B020,ZM,Retail,ATM,1970-09-26,F,Active
C01002287,2022-02-23,B003,ZM,SME,USSD,1966-05-15,M,Active
C01002288,2024-01-10,B005,ZM,SME,Agent,1965-09-15,F,Active
C01002289,2025-02-08,B005,ZM,Retail,ATM,2007-07-12,F,Active
C01002290,2025-03-18,B001,ZM,Retail,ATM,1997-02-11,F,Active
C01002291,2024-01-26,B010,ZM,Retail,App,1974-06-18,F,Active
C01002292,2024-08-15,B020,ZM,Retail,USSD,1977-06-17,F,Active
C01002293,2025-02-03,B003,ZM,SME,Branch,1982-04-27,F,Active
C01002294,2022-09-23,B020,ZM,Retail,Agent,2013-12-18,F,Active
C01002295,2025-06-07,B020,ZM,Retail,USSD,1976-02-02,M,Active
C01002296,2022-06-26,B004,ZM,Retail,ATM,1976-04-04,F,Dormant
C01002297,2022-05-15,B001,ZM,Retail,Web,1962-08-24,F,Dormant
C01002298,2023-09-26,B003,ZM,Retail,ATM,2004-05-28,F,Dormant
C01002299,2024-03-26,B003,ZM,SME,USSD,1970-09-20,F,Active
C01002300,2026-01-08,B020,ZM,Retail,App,1989-10-07,F,Active
C01002301,2026-01-12,B001,ZM,Retail,USSD,1967-12-29,M,Active
C01002302,2024-09-07,B005,ZM,Retail,Branch,1968-06-12,M,Dormant
C01002303,2024-12-12,B003,ZM,Retail,Agent,1996-03-15,M,Dormant
C01002304,2024-04-21,B005,ZM,Retail,Agent,2011-06-30,F,Active
C01002305,2024-04-18,B001,ZM,SME,Web,1994-10-04,F,Active
C01002306,2025-03-23,B005,ZM,Retail,Web,1996-07-25,F,Dormant
C01002307,2022-06-01,B002,ZM,SME,ATM,1994-03-17,M,Active
C01002308,2022-09-14,B004,ZM,Retail,USSD,2002-07-24,M,Dormant
C01002309,2023-10-12,B015,ZM,Retail,Agent,1972-06-04,M,Active
C01002310,2025-08-08,B003,ZM,Retail,App,1990-10-19,F,Active
C01002311,2022-06-01,B010,ZM,Retail,Branch,1976-06-01,F,Active
C01002312,2024-07-10,B004,ZM,SME,ATM,1968-08-07,F,Active
C01002313,2024-08-12,B015,ZM,Retail,USSD,1987-12-02,F,Closed
C01002314,2025-10-24,B005,ZM,Retail,App,1991-11-11,M,Dormant
C01002315,2024-11-25,B003,ZM,Retail,USSD,1975-12-01,M,Active
C01002316,2023-12-07,B005,ZM,Premium,App,1998-08-11,M,Active
C01002317,2022-09-20,B002,ZM,Retail,USSD,1982-08-10,M,Active
C01002318,2025-02-03,B001,ZM,Retail,USSD,2004-10-29,M,Active
C01002319,2025-08-03,B003,ZM,Retail,Agent,1968-02-21,F,Active
C01002320,2025-04-18,B015,ZM,Retail,ATM,1976-07-22,M,Active
C01002321,2023-01-08,B015,ZM,Retail,USSD,1983-05-16,F,Active
C01002322,2022-09-22,B002,ZM,SME,USSD,1996-01-05,F,Active
C01002323,2024-06-05,B002,ZM,Retail,ATM,1977-12-30,M,Active
C01002324,2024-10-26,B020,ZM,Retail,ATM,1980-05-01,M,Active
C01002325,2022-04-24,B003,ZM,Retail,Web,1991-07-05,F,Active
C01002326,2022-09-12,B005,ZM,Retail,Web,1967-04-26,F,Active
C01002327,2024-11-27,B010,ZM,Retail,Agent,1990-06-23,F,Active
C01002328,2022-11-10,B015,ZM,Premium,ATM,2000-07-11,F,Active
C01002329,2023-09-15,B015,ZM,SME,Branch,1968-06-08,M,Active
C01002330,2022-12-04,B002,ZM,SME,Agent,2006-12-31,F,Active
C01002331,2022-11-28,B004,ZM,SME,App,1983-02-15,M,Active
C01002332,2023-10-23,B002,ZM,Retail,ATM,1961-10-30,M,Active
C01002333,2025-12-23,B010,ZM,Retail,Web,2014-05-19,M,Active
C01002334,2023-04-07,B005,ZM,Retail,USSD,1965-06-18,M,Active
C01002335,2023-12-10,B005,ZM,Retail,ATM,2009-12-24,F,Dormant
C01002336,2024-11-28,B004,ZM,Retail,ATM,1965-04-22,F,Active
C01002337,2023-08-05,B015,ZM,Retail,Web,1993-06-23,M,Active
C01002338,2022-06-11,B002,ZM,Retail,Web,1968-07-26,F,Active
C01002339,2023-05-29,B020,ZM,SME,Branch,1975-02-12,M,Active
C01002340,2023-02-07,B005,ZM,Retail,Agent,1960-02-26,M,Active
C01002341,2025-07-24,B010,ZM,Premium,Web,2007-06-21,F,Active
C01002342,2025-02-02,B003,ZM,Retail,Web,1961-02-16,F,Active
C01002343,2023-07-17,B001,ZM,Retail,Web,1960-06-01,F,Dormant
C01002344,2022-09-14,B001,ZM,Retail,Agent,1989-04-28,F,Active
C01002345,2025-07-04,B001,ZM,Retail,USSD,1994-07-08,M,Active
C01002346,2023-09-13,B020,ZM,Retail,ATM,1987-06-23,M,Active
C01002347,2025-06-12,B015,ZM,Retail,ATM,1962-06-25,M,Active
C01002348,2024-12-28,B002,ZM,Retail,Web,2010-12-18,F,Active
C01002349,2022-07-11,B004,ZM,Retail,Agent,2010-07-17,F,Closed
C01002350,2024-10-26,B020,ZM,Retail,Branch,1993-08-17,M,Dormant
C01002351,2025-08-05,B020,ZM,Retail,Web,1966-03-23,F,Active
C01002352,2022-12-12,B005,ZM,Retail,Agent,1975-06-19,M,Active
C01002353,2025-04-27,B003,ZM,Retail,Agent,1976-11-28,M,Active
C01002354,2025-04-04,B020,ZM,Retail,Branch,2004-09-11,M,Dormant
C01002355,2022-11-12,B010,ZM,Retail,Agent,1976-04-22,F,Active
C01002356,2022-12-17,B003,ZM,Retail,ATM,2008-01-06,F,Active
C01002357,2025-09-11,B010,ZM,Retail,Branch,1979-08-04,M,Active
C01002358,2025-07-02,B015,ZM,SME,Branch,1990-12-22,F,Active
C01002359,2026-01-15,B002,ZM,Retail,App,1968-09-12,F,Active
C01002360,2025-05-24,B001,ZM,Retail,Branch,1973-11-16,F,Active
C01002361,2023-11-23,B020,ZM,Retail,Branch,2013-10-20,M,Active
C01002362,2025-02-28,B002,ZM,Retail,USSD,1993-07-26,F,Active
C01002363,2022-03-26,B015,ZM,Retail,ATM,2011-06-30,F,Active
C01002364,2022-02-28,B004,ZM,Retail,Web,1975-11-15,F,Active
C01002365,2022-06-16,B004,ZM,Retail,App,1999-07-15,M,Active
C01002366,2022-04-04,B015,ZM,Retail,Branch,1975-12-04,M,Dormant
C01002367,2025-08-06,B010,ZM,Retail,USSD,2005-07-07,M,Active
C01002368,2025-03-27,B005,ZM,Retail,USSD,1973-05-09,F,Active
C01002369,2023-06-27,B005,ZM,Retail,Agent,1999-12-07,M,Active
C01002370,2025-08-26,B010,ZM,Retail,Web,1962-09-21,F,Active
C01002371,2023-03-08,B004,ZM,Retail,Web,1963-06-24,M,Closed
C01002372,2025-03-17,B004,ZM,Premium,ATM,2008-03-24,F,Active
C01002373,2024-05-03,B020,ZM,Premium,Agent,1970-10-16,M,Active
C01002374,2025-06-19,B004,ZM,Retail,Branch,1987-12-17,M,Active
C01002375,2025-08-01,B002,ZM,Retail,USSD,1986-02-22,F,Active
C01002376,2022-03-04,B004,ZM,Retail,App,1969-09-01,M,Active
C01002377,2024-10-16,B003,ZM,Retail,ATM,1991-04-25,F,Active
C01002378,2025-07-08,B020,ZM,SME,Branch,1976-03-08,F,Active
C01002379,2025-01-22,B001,ZM,Premium,Agent,2012-12-09,F,Active
C01002380,2023-08-17,B004,ZM,Retail,Web,2006-07-07,F,Active
C01002381,2025-08-07,B010,ZM,Retail,Agent,1975-01-06,F,Active
C01002382,2023-09-11,B001,ZM,Retail,Branch,1968-12-11,F,Active
C01002383,2024-09-16,B002,ZM,Retail,Agent,2004-08-24,M,Active
C01002384,2023-05-17,B010,ZM,SME,Web,1977-04-30,M,Active
C01002385,2025-11-03,B001,ZM,SME,Branch,2014-02-21,M,Active
C01002386,2024-04-11,B010,ZM,Retail,App,1973-12-05,M,Active
C01002387,2023-09-02,B002,ZM,Retail,ATM,1990-04-08,M,Active
C01002388,2024-07-17,B020,ZM,Retail,Agent,2000-10-15,M,Active
C01002389,2022-05-30,B003,ZM,Retail,Web,2009-02-28,F,Active
C01002390,2025-11-11,B002,ZM,SME,App,1994-11-19,F,Dormant
C01002391,2022-05-03,B002,ZM,Retail,USSD,2000-03-08,F,Closed
C01002392,2022-11-20,B010,ZM,Retail,App,1970-06-10,M,Active
C01002393,2024-06-19,B020,ZM,Retail,App,2009-09-28,F,Active
C01002394,2024-05-01,B015,ZM,SME,App,1965-11-15,F,Active
C01002395,2024-09-18,B005,ZM,Retail,Web,1990-05-09,F,Dormant
C01002396,2024-08-09,B004,ZM,SME,USSD,1982-02-02,F,Active
C01002397,2023-02-22,B004,ZM,SME,ATM,1992-10-22,M,Active
C01002398,2023-11-28,B003,ZM,Premium,App,1972-09-06,F,Active
C01002399,2025-05-27,B003,ZM,Retail,Web,1981-06-25,F,Active
C01002400,2022-10-22,B004,ZM,Retail,Web,2004-01-11,F,Active
C01002401,2023-10-03,B005,ZM,Retail,ATM,1976-11-23,M,Active
C01002402,2026-01-11,B004,ZM,Retail,Branch,1996-04-08,M,Active
C01002403,2023-10-16,B015,ZM,Retail,USSD,1963-09-24,F,Active
C01002404,2023-12-09,B005,ZM,Retail,USSD,1992-02-23,F,Active
C01002405,2024-03-27,B003,ZM,Retail,Agent,1965-04-04,M,Dormant
C01002406,2022-09-25,B001,ZM,SME,App,2003-02-06,M,Closed
C01002407,2024-01-29,B010,ZM,Retail,Branch,2013-01-12,F,Closed
C01002408,2024-11-20,B015,ZM,Retail,USSD,1968-11-10,M,Active
C01002409,2025-02-24,B015,ZM,SME,Agent,2006-08-21,M,Active
C01002410,2022-08-06,B020,ZM,SME,App,1968-02-28,M,Active
C01002411,2023-10-16,B003,ZM,SME,Branch,1988-10-03,F,Active
C01002412,2023-05-11,B003,ZM,Retail,Web,2007-04-23,M,Active
C01002413,2024-08-13,B002,ZM,SME,App,2010-07-05,M,Active
C01002414,2022-09-08,B015,ZM,Retail,Branch,2011-08-05,F,Closed
C01002415,2023-07-02,B002,ZM,Retail,ATM,2007-09-21,F,Active
C01002416,2024-07-09,B002,ZM,Retail,USSD,2006-10-20,F,Dormant
C01002417,2023-05-23,B010,ZM,Retail,App,1995-05-13,M,Active
C01002418,2022-10-16,B002,ZM,Retail,Agent,2009-01-06,M,Active
C01002419,2022-07-18,B005,ZM,Retail,Web,1978-01-10,F,Active
C01002420,2022-04-14,B004,ZM,Retail,Agent,1985-05-07,F,Active
C01002421,2023-08-18,B001,ZM,Retail,App,1988-09-26,F,Dormant
C01002422,2024-02-26,B003,ZM,Retail,USSD,1972-02-26,F,Active
C01002423,2025-06-14,B005,ZM,SME,USSD,2000-03-07,F,Active
C01002424,2024-05-06,B001,ZM,Retail,Branch,1977-10-07,M,Active
C01002425,2023-05-24,B015,ZM,Retail,Agent,1986-04-13,M,Dormant
C01002426,2022-11-24,B015,ZM,Retail,Agent,1998-03-31,F,Active
C01002427,2023-11-02,B015,ZM,SME,Web,1996-04-07,M,Closed
C01002428,2025-03-29,B005,ZM,SME,Branch,1999-01-14,F,Active
C01002429,2026-01-16,B005,ZM,Retail,Web,1993-10-29,M,Dormant
C01002430,2023-10-03,B003,ZM,Retail,App,1967-05-23,M,Active
C01002431,2023-01-24,B004,ZM,Retail,App,2004-01-01,F,Active
C01002432,2022-11-23,B020,ZM,Premium,Agent,1962-02-19,F,Active
C01002433,2024-10-17,B002,ZM,SME,Branch,2004-01-26,F,Active
C01002434,2024-11-20,B015,ZM,SME,ATM,1969-05-11,F,Dormant
C01002435,2024-08-14,B010,ZM,Retail,USSD,1988-11-04,M,Active
C01002436,2024-10-18,B004,ZM,Retail,Branch,2010-05-09,M,Active
C01002437,2023-09-24,B010,ZM,SME,Branch,2003-06-07,F,Active
C01002438,2024-10-15,B003,ZM,Retail,App,2014-09-11,M,Dormant
C01002439,2022-02-17,B003,ZM,Retail,USSD,1994-11-18,F,Dormant
C01002440,2022-07-04,B003,ZM,Retail,Branch,1987-06-11,F,Active
C01002441,2024-03-16,B001,ZM,SME,App,2004-08-22,F,Active
C01002442,2024-11-01,B010,ZM,Retail,App,1985-10-06,F,Dormant
C01002443,2024-07-25,B004,ZM,Retail,Agent,1964-12-11,F,Active
C01002444,2023-05-09,B020,ZM,Retail,Agent,2007-04-30,M,Active
C01002445,2023-03-17,B004,ZM,SME,Branch,1963-09-26,M,Active
C01002446,2025-04-09,B005,ZM,Retail,Branch,1976-11-14,M,Dormant
C01002447,2023-12-24,B005,ZM,Retail,App,1968-01-01,F,Active
C01002448,2022-04-10,B015,ZM,Retail,Agent,1987-07-21,F,Active
C01002449,2022-04-14,B020,ZM,SME,Branch,2012-09-14,M,Active
C01002450,2023-07-31,B005,ZM,Premium,USSD,2011-04-02,M,Active
C01002451,2024-10-10,B003,ZM,SME,App,2008-09-11,F,Active
C01002452,2025-05-08,B004,ZM,Retail,App,1975-07-21,M,Dormant
C01002453,2025-09-01,B010,ZM,SME,Branch,1988-02-20,F,Active
C01002454,2025-10-09,B003,ZM,Retail,Branch,1964-04-20,F,Active
C01002455,2024-08-21,B001,ZM,Retail,Branch,2007-12-07,F,Active
C01002456,2023-08-09,B005,ZM,Retail,USSD,1962-07-05,M,Active
C01002457,2025-01-04,B003,ZM,Retail,App,1964-03-26,F,Dormant
C01002458,2022-01-17,B003,ZM,SME,ATM,1987-03-06,F,Active
C01002459,2022-08-09,B001,ZM,Retail,USSD,1994-07-13,M,Active
C01002460,2024-06-01,B002,ZM,Retail,USSD,1976-11-20,F,Closed
C01002461,2022-10-02,B004,ZM,Retail,Agent,1991-07-23,F,Active
C01002462,2023-06-26,B010,ZM,Retail,App,2008-03-30,M,Active
C01002463,2026-01-29,B015,ZM,Retail,ATM,1964-09-14,M,Dormant
C01002464,2024-01-20,B002,ZM,Retail,App,1998-12-01,F,Active
C01002465,2024-04-05,B005,ZM,Retail,USSD,2005-08-10,M,Active
C01002466,2024-01-20,B003,ZM,Retail,Branch,2007-01-03,M,Active
C01002467,2022-04-03,B020,ZM,Retail,App,1975-12-30,F,Active
C01002468,2024-03-31,B001,ZM,SME,App,2005-08-22,F,Active
C01002469,2022-04-15,B001,ZM,Retail,Branch,1993-04-08,F,Closed
C01002470,2025-03-13,B020,ZM,SME,ATM,1964-01-05,F,Active
C01002471,2025-02-24,B004,ZM,Premium,ATM,1979-03-30,F,Dormant
C01002472,2023-02-03,B002,ZM,SME,App,1968-11-06,F,Dormant
C01002473,2024-01-13,B015,ZM,Retail,Branch,2001-01-07,M,Active
C01002474,2025-02-07,B004,ZM,Retail,Agent,1976-08-29,F,Dormant
C01002475,2023-08-15,B020,ZM,Premium,App,1979-11-17,M,Dormant
C01002476,2022-05-31,B003,ZM,Retail,Branch,1988-09-25,M,Active
C01002477,2024-03-02,B020,ZM,Retail,USSD,1966-07-18,F,Closed
C01002478,2024-10-29,B004,ZM,Retail,Agent,1978-04-07,M,Active
C01002479,2024-07-11,B010,ZM,Retail,Branch,2004-06-07,F,Closed
C01002480,2025-01-31,B001,ZM,Premium,App,1978-07-19,M,Dormant
C01002481,2023-07-27,B001,ZM,Retail,Web,2011-03-29,M,Active
C01002482,2025-06-30,B005,ZM,Retail,ATM,1961-05-25,M,Active
C01002483,2025-10-25,B005,ZM,Retail,App,1964-01-22,M,Active
C01002484,2025-06-05,B020,ZM,Retail,Branch,1994-03-23,M,Active
C01002485,2022-09-01,B015,ZM,Retail,Agent,1978-06-26,M,Active
C01002486,2022-09-21,B003,ZM,Retail,Agent,1970-06-08,F,Dormant
C01002487,2022-07-18,B010,ZM,Retail,Branch,1986-01-21,M,Active
C01002488,2024-03-17,B002,ZM,Retail,ATM,1960-06-04,F,Active
C01002489,2024-02-04,B004,ZM,SME,App,1981-07-26,F,Active
C01002490,2023-11-26,B015,ZM,Retail,Agent,1989-09-03,M,Active
C01002491,2025-02-16,B003,ZM,Retail,Agent,1975-11-19,M,Active
C01002492,2024-01-19,B005,ZM,Retail,Web,1994-12-24,M,Active
C01002493,2022-10-23,B020,ZM,Retail,USSD,1980-06-27,F,Active
C01002494,2023-02-12,B004,ZM,SME,Web,1993-05-09,M,Active
C01002495,2025-05-18,B005,ZM,SME,USSD,1996-01-23,F,Dormant
C01002496,2024-11-08,B020,ZM,Retail,Agent,1964-01-06,M,Active
C01002497,2024-04-02,B004,ZM,Retail,USSD,1973-12-27,M,Active
C01002498,2024-10-21,B002,ZM,Retail,App,1972-09-16,F,Active
C01002499,2022-03-24,B003,ZM,Retail,Agent,2013-09-18,M,Active
C01002500,2022-04-03,B004,ZM,Retail,Agent,1982-01-31,F,Active
C01002501,2022-03-21,B010,ZM,Premium,USSD,1983-03-01,M,Closed
C01002502,2022-10-08,B015,ZM,Retail,Branch,1997-12-07,M,Active
C01002503,2026-01-01,B001,ZM,Premium,USSD,2011-03-09,M,Active
C01002504,2023-11-14,B010,ZM,Retail,USSD,1987-10-15,M,Active
C01002505,2024-08-28,B010,ZM,Retail,ATM,1978-05-19,M,Active
C01002506,2024-11-29,B015,ZM,Retail,ATM,1984-06-16,F,Active
C01002507,2024-07-24,B001,ZM,Retail,App,1996-09-16,F,Active
C01002508,2022-11-02,B010,ZM,Retail,App,1960-12-01,F,Active
C01002509,2025-05-26,B004,ZM,Retail,Branch,1997-04-23,F,Active
C01002510,2024-11-21,B004,ZM,Retail,ATM,1997-02-09,F,Active
C01002511,2022-10-14,B004,ZM,Retail,Web,1993-10-31,M,Dormant
C01002512,2023-11-03,B001,ZM,Retail,App,1984-12-12,M,Dormant
C01002513,2025-06-09,B010,ZM,Retail,App,1976-12-31,M,Active
C01002514,2023-10-15,B020,ZM,Retail,ATM,2003-10-19,M,Active
C01002515,2022-11-29,B001,ZM,Retail,ATM,1982-09-26,M,Active
C01002516,2024-03-15,B004,ZM,Retail,Branch,2013-11-03,F,Active
C01002517,2025-06-16,B015,ZM,Retail,ATM,1960-12-07,F,Closed
C01002518,2023-09-05,B010,ZM,Retail,USSD,1995-06-24,F,Closed
C01002519,2025-04-30,B010,ZM,Retail,Agent,1963-10-01,F,Active
C01002520,2023-11-20,B005,ZM,SME,Web,2000-04-17,F,Active
C01002521,2024-11-04,B005,ZM,Retail,Agent,1971-07-25,M,Active
C01002522,2024-11-09,B002,ZM,Retail,USSD,1980-01-02,M,Active
C01002523,2024-12-26,B020,ZM,SME,USSD,1966-04-29,M,Active
C01002524,2024-09-30,B020,ZM,Retail,Agent,1970-04-06,M,Closed
C01002525,2025-12-22,B003,ZM,Retail,USSD,1970-05-05,F,Active
C01002526,2025-02-26,B020,ZM,SME,App,1974-04-04,F,Active
C01002527,2023-09-06,B005,ZM,Retail,Agent,2003-10-30,M,Active
C01002528,2024-08-30,B001,ZM,SME,USSD,1965-12-19,M,Dormant
C01002529,2022-02-04,B020,ZM,Retail,App,1976-06-13,M,Closed
C01002530,2024-01-25,B005,ZM,Retail,ATM,2008-03-03,M,Dormant
C01002531,2023-11-10,B002,ZM,Premium,Web,1989-05-15,M,Active
C01002532,2025-10-11,B010,ZM,Retail,Web,1975-01-06,M,Active
C01002533,2022-08-13,B020,ZM,Retail,USSD,1983-01-04,F,Active
C01002534,2024-05-03,B002,ZM,Retail,Web,1995-09-22,F,Active
C01002535,2025-04-10,B010,ZM,Retail,App,1985-07-20,F,Active
C01002536,2023-09-23,B015,ZM,Retail,ATM,2008-02-10,F,Closed
C01002537,2026-01-25,B015,ZM,Retail,USSD,1985-09-12,M,Dormant
C01002538,2025-11-10,B010,ZM,Retail,Branch,1985-07-17,M,Active
C01002539,2025-07-12,B020,ZM,Retail,Agent,2011-02-23,M,Active
C01002540,2022-02-24,B003,ZM,Retail,Web,1983-06-17,M,Active
C01002541,2025-05-07,B005,ZM,Retail,Web,1969-09-25,F,Active
C01002542,2024-08-29,B001,ZM,Retail,USSD,1970-09-17,M,Active
C01002543,2023-06-28,B001,ZM,SME,Agent,1995-06-06,M,Active
C01002544,2025-09-04,B004,ZM,Retail,Agent,1978-02-18,F,Dormant
C01002545,2025-03-30,B010,ZM,Retail,Web,1967-10-05,M,Closed
C01002546,2025-03-28,B001,ZM,SME,Web,2009-10-08,F,Active
C01002547,2023-04-12,B020,ZM,SME,Branch,2004-09-03,M,Dormant
C01002548,2026-01-17,B003,ZM,Retail,Agent,1978-01-05,F,Active
C01002549,2022-04-16,B010,ZM,SME,App,1971-05-28,F,Active
C01002550,2025-04-10,B003,ZM,Retail,USSD,2006-06-29,M,Active
C01002551,2024-09-10,B020,ZM,SME,USSD,1963-03-15,M,Closed
C01002552,2022-12-16,B001,ZM,Retail,Branch,2002-01-26,F,Active
C01002553,2024-12-09,B001,ZM,Retail,Branch,2002-12-15,M,Active
C01002554,2025-07-12,B004,ZM,Retail,App,1969-10-22,F,Active
C01002555,2026-01-16,B001,ZM,SME,ATM,1969-12-29,M,Active
C01002556,2025-06-23,B010,ZM,Retail,USSD,1980-07-06,F,Dormant
C01002557,2024-02-18,B020,ZM,Retail,Agent,1963-05-31,M,Active
C01002558,2022-10-30,B015,ZM,Retail,Web,1994-10-25,F,Dormant
C01002559,2025-10-26,B020,ZM,SME,App,1976-07-19,F,Active
C01002560,2023-05-12,B010,ZM,SME,USSD,1967-07-02,M,Dormant
C01002561,2022-03-06,B010,ZM,Retail,Agent,1966-01-17,M,Active
C01002562,2025-03-18,B004,ZM,Retail,App,1981-09-08,F,Active
C01002563,2025-12-05,B004,ZM,Retail,ATM,1999-02-10,F,Dormant
C01002564,2022-08-14,B001,ZM,Retail,Agent,1993-04-10,F,Active
C01002565,2023-01-26,B002,ZM,SME,USSD,1999-04-21,M,Active
C01002566,2022-02-08,B020,ZM,Retail,Web,1972-10-21,F,Active
C01002567,2024-06-22,B020,ZM,Retail,Agent,1999-08-28,F,Active
C01002568,2023-10-05,B002,ZM,Retail,USSD,2013-07-23,M,Closed
C01002569,2024-05-07,B004,ZM,Retail,App,1963-09-07,F,Dormant
C01002570,2022-11-07,B001,ZM,Retail,ATM,2005-03-07,M,Active
C01002571,2024-04-25,B002,ZM,Retail,Agent,1976-12-14,F,Active
C01002572,2025-11-15,B001,ZM,Retail,App,1978-11-17,M,Active
C01002573,2023-02-22,B001,ZM,Retail,App,1988-07-09,M,Active
C01002574,2024-04-20,B001,ZM,Retail,Branch,1963-12-04,M,Active
C01002575,2024-10-24,B005,ZM,Retail,App,2011-01-11,M,Active
C01002576,2025-06-06,B010,ZM,Retail,Agent,1961-04-10,M,Active
C01002577,2024-08-23,B001,ZM,SME,ATM,1973-09-13,M,Dormant
C01002578,2026-01-29,B005,ZM,Retail,Web,1990-08-16,F,Active
C01002579,2022-05-08,B004,ZM,Retail,Branch,1982-07-02,M,Dormant
C01002580,2025-12-16,B002,ZM,Retail,App,1975-09-30,F,Dormant
C01002581,2022-10-10,B010,ZM,Retail,Agent,1991-05-30,M,Active
C01002582,2024-11-28,B015,ZM,Retail,USSD,2001-06-13,M,Active
C01002583,2023-03-01,B002,ZM,Retail,Branch,1977-12-31,F,Active
C01002584,2025-02-22,B010,ZM,Retail,ATM,1965-01-23,M,Active
C01002585,2023-10-28,B015,ZM,Retail,USSD,1995-02-08,F,Active
C01002586,2025-09-18,B002,ZM,Retail,ATM,1994-02-03,F,Active
C01002587,2024-09-06,B010,ZM,SME,USSD,1973-09-25,F,Dormant
C01002588,2024-12-12,B002,ZM,SME,Web,1986-03-06,M,Active
C01002589,2024-02-11,B002,ZM,Retail,ATM,2005-05-11,F,Active
C01002590,2023-10-05,B015,ZM,Retail,USSD,1965-09-16,F,Active
C01002591,2022-12-21,B002,ZM,Retail,ATM,1980-03-16,F,Active
C01002592,2024-07-30,B002,ZM,Retail,Branch,1976-07-03,M,Active
C01002593,2024-12-27,B015,ZM,Retail,ATM,1977-06-08,M,Active
C01002594,2023-12-03,B004,ZM,SME,Agent,1990-02-18,M,Active
C01002595,2025-01-23,B001,ZM,Retail,ATM,1999-05-16,M,Closed
C01002596,2023-12-27,B020,ZM,SME,USSD,1962-04-09,M,Active
C01002597,2025-10-16,B003,ZM,Retail,ATM,1999-07-10,F,Active
C01002598,2026-01-16,B005,ZM,SME,Web,1966-03-23,F,Active
C01002599,2025-10-26,B003,ZM,Retail,App,1982-01-18,F,Active
C01002600,2025-08-10,B003,ZM,Retail,Branch,2013-12-23,F,Dormant
C01002601,2025-11-20,B010,ZM,Retail,Agent,2007-06-02,M,Active
C01002602,2023-06-26,B001,ZM,Retail,USSD,1985-10-26,M,Active
C01002603,2025-06-03,B010,ZM,Retail,ATM,2009-12-15,M,Active
C01002604,2024-09-18,B001,ZM,Retail,ATM,1974-06-14,M,Active
C01002605,2023-01-29,B015,ZM,Retail,ATM,1972-11-10,F,Active
C01002606,2023-05-20,B015,ZM,Retail,Branch,2009-01-31,F,Active
C01002607,2023-07-26,B020,ZM,SME,Agent,1988-06-27,F,Dormant
C01002608,2025-02-16,B001,ZM,Retail,App,1965-02-01,M,Active
C01002609,2023-09-04,B002,ZM,Retail,Web,1969-12-28,F,Active
C01002610,2023-04-06,B004,ZM,Retail,Agent,1965-11-04,F,Active
C01002611,2023-09-02,B020,ZM,Premium,Web,1996-10-10,M,Active
C01002612,2023-08-15,B020,ZM,Retail,Agent,2006-06-23,M,Active
C01002613,2025-12-14,B002,ZM,Retail,USSD,2007-12-07,F,Active
C01002614,2023-03-01,B004,ZM,Retail,App,1961-07-26,M,Active
C01002615,2025-11-14,B010,ZM,SME,App,1975-03-30,F,Active
C01002616,2025-12-14,B004,ZM,SME,Branch,1988-11-09,F,Closed
C01002617,2024-09-28,B010,ZM,Retail,Agent,1993-03-24,F,Dormant
C01002618,2023-10-12,B015,ZM,Retail,ATM,1963-06-13,F,Dormant
C01002619,2024-09-09,B003,ZM,Retail,App,1972-11-14,F,Active
C01002620,2023-12-16,B015,ZM,Retail,Agent,1969-04-24,M,Active
C01002621,2025-02-21,B015,ZM,Retail,ATM,1980-12-17,M,Active
C01002622,2026-01-17,B003,ZM,Retail,Branch,1960-07-12,M,Active
C01002623,2023-07-15,B004,ZM,Premium,Agent,1994-03-14,F,Dormant
C01002624,2023-08-13,B020,ZM,Retail,Agent,1960-04-22,F,Active
C01002625,2022-09-07,B004,ZM,Retail,USSD,2010-06-25,M,Closed
C01002626,2025-03-20,B010,ZM,Retail,Agent,1965-03-29,M,Active
C01002627,2025-10-17,B002,ZM,Retail,USSD,1994-10-07,M,Active
C01002628,2025-01-17,B010,ZM,SME,ATM,2010-11-11,F,Active
C01002629,2024-02-17,B002,ZM,Retail,ATM,1970-09-25,M,Dormant
C01002630,2024-03-19,B015,ZM,Retail,App,1980-02-22,M,Active
C01002631,2023-12-08,B003,ZM,Retail,Branch,1963-02-27,F,Active
C01002632,2022-10-27,B015,ZM,Retail,USSD,2010-07-26,M,Active
C01002633,2023-08-18,B001,ZM,SME,App,2008-12-11,M,Active
C01002634,2022-03-28,B004,ZM,Retail,Web,1966-08-19,F,Active
C01002635,2023-08-13,B002,ZM,SME,App,1961-10-10,F,Active
C01002636,2026-01-02,B010,ZM,Retail,ATM,2002-09-28,M,Active
C01002637,2022-06-11,B003,ZM,SME,Web,2011-04-09,F,Active
C01002638,2023-12-11,B002,ZM,Retail,App,1994-08-20,M,Active
C01002639,2024-06-24,B010,ZM,SME,Agent,1985-05-04,M,Active
C01002640,2025-09-05,B004,ZM,Retail,Branch,1994-09-12,M,Active
C01002641,2023-06-10,B015,ZM,Retail,USSD,2000-05-04,M,Active
C01002642,2024-09-08,B004,ZM,Retail,Agent,1981-04-27,F,Active
C01002643,2023-03-15,B005,ZM,Retail,Web,2004-01-04,F,Active
C01002644,2023-02-18,B001,ZM,Retail,Branch,1982-06-07,F,Active
C01002645,2025-01-08,B005,ZM,Retail,App,1990-12-18,M,Active
C01002646,2023-07-10,B003,ZM,Premium,Agent,2000-10-25,M,Active
C01002647,2025-02-25,B002,ZM,Retail,ATM,2002-12-26,M,Dormant
C01002648,2025-11-26,B003,ZM,SME,ATM,1973-09-27,F,Active
C01002649,2023-07-11,B015,ZM,Premium,Branch,2000-09-30,M,Active
C01002650,2022-10-09,B010,ZM,Retail,ATM,2008-02-16,M,Active
C01002651,2022-08-12,B004,ZM,Retail,USSD,1992-04-22,M,Active
C01002652,2025-06-14,B005,ZM,Retail,Branch,1980-01-30,F,Dormant
C01002653,2025-04-16,B020,ZM,Retail,Branch,1972-12-14,M,Active
C01002654,2023-05-06,B005,ZM,Retail,ATM,1985-09-25,M,Active
C01002655,2023-05-12,B015,ZM,Premium,Branch,1975-08-23,F,Dormant
C01002656,2022-04-14,B005,ZM,Retail,App,1994-11-06,F,Active
C01002657,2025-10-03,B015,ZM,Retail,Web,1983-01-28,M,Active
C01002658,2024-12-23,B020,ZM,Retail,Agent,1974-05-20,M,Active
C01002659,2023-04-08,B003,ZM,SME,Web,1993-01-08,F,Active
C01002660,2025-07-30,B004,ZM,Retail,Agent,1961-11-17,F,Active
C01002661,2023-04-22,B002,ZM,Retail,ATM,1998-09-25,F,Active
C01002662,2022-04-18,B010,ZM,Retail,USSD,1986-11-25,M,Dormant
C01002663,2022-07-25,B002,ZM,Retail,USSD,1972-12-01,F,Active
C01002664,2024-04-26,B003,ZM,Premium,ATM,1963-10-26,M,Active
C01002665,2023-11-08,B010,ZM,SME,ATM,2001-04-06,F,Active
C01002666,2026-01-09,B005,ZM,Retail,Branch,1996-10-25,M,Closed
C01002667,2024-08-25,B020,ZM,Retail,USSD,2008-07-30,M,Active
C01002668,2022-07-25,B020,ZM,Retail,Web,1980-05-12,F,Active
C01002669,2025-10-27,B001,ZM,Retail,ATM,1996-02-01,F,Active
C01002670,2022-10-09,B003,ZM,Retail,Web,1971-03-20,M,Closed
C01002671,2022-01-11,B003,ZM,Retail,Agent,1991-08-31,F,Closed
C01002672,2025-02-01,B004,ZM,Retail,Web,1978-09-02,M,Active
C01002673,2022-11-20,B002,ZM,Premium,USSD,1996-05-28,M,Active
C01002674,2024-04-13,B003,ZM,Retail,Agent,1997-10-12,F,Active
C01002675,2025-08-30,B003,ZM,SME,Web,1997-06-23,M,Active
C01002676,2024-09-01,B005,ZM,Retail,Branch,2001-04-27,F,Dormant
C01002677,2024-09-04,B005,ZM,Retail,Branch,2000-07-30,M,Active
C01002678,2025-08-25,B010,ZM,SME,USSD,1999-10-28,M,Active
C01002679,2023-02-13,B015,ZM,Retail,Branch,1994-11-06,F,Active
C01002680,2023-08-12,B015,ZM,Retail,ATM,2001-08-01,M,Active
C01002681,2023-10-20,B001,ZM,Retail,Agent,1992-08-13,M,Dormant
C01002682,2023-08-08,B015,ZM,Retail,USSD,1990-04-22,M,Active
C01002683,2025-08-15,B004,ZM,SME,Agent,1989-03-31,F,Active
C01002684,2022-05-02,B001,ZM,SME,Web,1995-10-14,F,Active
C01002685,2022-07-03,B010,ZM,Retail,ATM,1971-12-10,M,Closed
C01002686,2025-08-28,B005,ZM,Retail,USSD,2007-07-17,M,Active
C01002687,2025-03-21,B015,ZM,Retail,Web,1978-06-22,M,Closed
C01002688,2023-04-21,B002,ZM,Retail,Web,1982-01-26,F,Dormant
C01002689,2024-12-31,B005,ZM,Retail,Web,1979-06-19,M,Active
C01002690,2026-01-20,B020,ZM,Retail,Web,1977-02-17,M,Dormant
C01002691,2022-03-18,B004,ZM,Retail,Web,2010-12-28,F,Active
C01002692,2022-12-25,B005,ZM,Retail,USSD,1977-06-16,F,Dormant
C01002693,2024-05-05,B004,ZM,Retail,Branch,1992-08-08,M,Active
C01002694,2022-12-27,B004,ZM,Retail,Web,2001-07-27,F,Active
C01002695,2022-03-16,B004,ZM,Retail,ATM,2009-03-07,M,Active
C01002696,2024-03-24,B010,ZM,Premium,USSD,1996-08-15,F,Active
C01002697,2024-10-11,B004,ZM,SME,App,1993-08-16,F,Active
C01002698,2023-01-17,B004,ZM,Retail,Branch,1987-07-14,F,Active
C01002699,2023-08-16,B020,ZM,Retail,ATM,1979-02-26,F,Active
C01002700,2022-03-18,B002,ZM,SME,Web,1995-03-30,M,Closed
C01002701,2022-01-19,B001,ZM,SME,USSD,1972-09-05,M,Active
C01002702,2023-09-04,B003,ZM,SME,USSD,2002-03-09,F,Active
C01002703,2025-03-09,B020,ZM,Retail,Web,1969-09-30,M,Dormant
C01002704,2025-05-19,B001,ZM,Premium,ATM,2008-09-12,M,Dormant
C01002705,2022-08-08,B004,ZM,Retail,USSD,2000-07-30,M,Active
C01002706,2023-11-18,B002,ZM,Retail,Agent,1986-12-10,F,Dormant
C01002707,2023-08-06,B005,ZM,SME,Branch,1996-12-21,F,Active
C01002708,2024-07-19,B002,ZM,Retail,ATM,1964-07-25,M,Active
C01002709,2025-08-06,B020,ZM,SME,Web,1977-11-21,M,Dormant
C01002710,2025-01-17,B004,ZM,Retail,ATM,1979-06-26,M,Active
C01002711,2024-12-09,B002,ZM,Premium,Agent,1990-04-18,M,Active
C01002712,2024-10-08,B015,ZM,Retail,ATM,2009-06-29,F,Active
C01002713,2022-10-02,B002,ZM,Premium,App,1974-01-22,M,Active
C01002714,2024-10-29,B004,ZM,Retail,Web,1994-06-23,M,Dormant
C01002715,2024-08-16,B010,ZM,Retail,Branch,2006-06-05,M,Active
C01002716,2023-07-13,B015,ZM,Retail,Web,1998-09-26,M,Active
C01002717,2023-01-30,B002,ZM,Retail,App,1976-03-05,M,Active
C01002718,2022-08-19,B003,ZM,Retail,Web,1999-09-28,F,Active
C01002719,2023-11-09,B003,ZM,Retail,Web,1962-02-20,F,Active
C01002720,2022-11-29,B002,ZM,Retail,Branch,1978-07-10,F,Dormant
C01002721,2026-02-06,B010,ZM,Retail,App,1994-08-17,F,Active
C01002722,2024-07-28,B005,ZM,Retail,Web,2010-11-26,F,Active
C01002723,2025-08-20,B004,ZM,Premium,Agent,1975-06-18,M,Active
C01002724,2023-06-11,B003,ZM,Retail,Web,1984-07-09,F,Active
C01002725,2026-01-11,B005,ZM,Retail,USSD,2010-07-17,F,Active
C01002726,2023-01-17,B002,ZM,Retail,Web,1973-12-25,F,Active
C01002727,2022-01-29,B020,ZM,Retail,Branch,1996-01-20,M,Active
C01002728,2023-11-22,B005,ZM,Retail,USSD,2011-08-04,M,Active
C01002729,2023-08-28,B015,ZM,Retail,Agent,1977-09-29,M,Active
C01002730,2025-03-08,B001,ZM,SME,Agent,1973-07-08,M,Active
C01002731,2025-10-13,B003,ZM,Retail,Agent,1996-11-24,F,Active
C01002732,2023-01-31,B002,ZM,Retail,App,1988-05-23,F,Dormant
C01002733,2022-12-26,B020,ZM,Retail,Agent,2002-01-14,F,Active
C01002734,2025-06-05,B004,ZM,Retail,ATM,1982-01-16,M,Dormant
C01002735,2025-08-01,B020,ZM,Retail,Branch,1971-09-18,F,Active
C01002736,2024-04-10,B010,ZM,SME,App,2003-08-30,F,Active
C01002737,2024-05-25,B015,ZM,Retail,USSD,1988-05-14,M,Active
C01002738,2024-11-21,B002,ZM,Retail,ATM,2014-10-04,M,Active
C01002739,2023-11-03,B004,ZM,Retail,App,2007-08-08,F,Active
C01002740,2022-06-27,B010,ZM,SME,Branch,1963-03-02,F,Active
C01002741,2024-03-31,B010,ZM,Retail,USSD,1968-09-15,F,Dormant
C01002742,2025-10-02,B002,ZM,Retail,Branch,1965-11-11,F,Active
C01002743,2022-07-15,B015,ZM,Retail,Branch,1967-09-10,F,Active
C01002744,2023-01-14,B005,ZM,Retail,USSD,1961-12-04,F,Closed
C01002745,2022-10-15,B005,ZM,SME,Agent,1960-10-11,M,Active
C01002746,2024-09-04,B010,ZM,Retail,Web,1964-09-24,M,Active
C01002747,2023-10-25,B005,ZM,Retail,Branch,1989-09-27,F,Closed
C01002748,2023-05-24,B001,ZM,SME,Agent,1968-01-26,M,Closed
C01002749,2022-01-14,B010,ZM,Retail,USSD,1988-02-09,F,Active
C01002750,2023-06-19,B010,ZM,Retail,Branch,1992-01-01,F,Active
C01002751,2024-02-25,B004,ZM,Retail,Web,1978-03-19,M,Active
C01002752,2023-04-28,B005,ZM,Retail,USSD,1973-07-05,M,Active
C01002753,2024-07-03,B015,ZM,Retail,App,1979-02-09,F,Active
C01002754,2023-07-01,B010,ZM,SME,App,1987-08-05,M,Active
C01002755,2023-11-07,B020,ZM,Retail,Agent,1965-12-03,F,Active
C01002756,2023-09-11,B015,ZM,Retail,App,1992-07-23,M,Active
C01002757,2025-04-07,B001,ZM,SME,ATM,1988-04-21,F,Active
C01002758,2026-01-20,B004,ZM,Retail,Branch,2012-05-05,M,Dormant
C01002759,2025-03-19,B002,ZM,Retail,Branch,2000-01-25,F,Dormant
C01002760,2022-01-24,B015,ZM,Retail,USSD,2002-08-15,M,Active
C01002761,2023-06-20,B010,ZM,SME,ATM,1990-05-18,M,Active
C01002762,2025-08-31,B001,ZM,SME,Branch,1975-09-20,M,Active
C01002763,2024-01-07,B003,ZM,Premium,USSD,1985-12-29,F,Active
C01002764,2025-11-19,B001,ZM,SME,Web,1987-03-16,M,Active
C01002765,2023-04-29,B001,ZM,Retail,Branch,1969-02-07,M,Active
C01002766,2022-05-08,B004,ZM,Retail,Agent,2010-05-29,F,Active
C01002767,2025-09-29,B002,ZM,SME,Branch,1974-05-03,F,Active
C01002768,2022-08-31,B003,ZM,Retail,Web,1973-08-21,M,Dormant
C01002769,2024-08-11,B005,ZM,Retail,Web,1974-08-24,M,Dormant
C01002770,2023-09-21,B005,ZM,Retail,Branch,1997-03-31,M,Active
C01002771,2022-11-24,B015,ZM,Retail,Web,1970-08-17,M,Active
C01002772,2024-04-10,B001,ZM,SME,USSD,2007-10-03,F,Active
C01002773,2025-11-06,B020,ZM,Retail,Branch,1996-10-02,M,Active
C01002774,2024-10-26,B004,ZM,Retail,Branch,1974-03-14,F,Active
C01002775,2025-12-11,B020,ZM,Premium,App,2010-05-22,F,Active
C01002776,2023-09-29,B004,ZM,Retail,Agent,2009-07-20,M,Active
C01002777,2025-11-14,B005,ZM,Retail,Branch,2002-02-15,F,Active
C01002778,2022-08-29,B015,ZM,Retail,App,1985-03-25,M,Active
C01002779,2025-08-01,B015,ZM,SME,Web,1982-05-17,F,Dormant
C01002780,2023-08-28,B015,ZM,SME,Agent,1970-03-03,F,Dormant
C01002781,2024-01-23,B003,ZM,SME,Agent,1973-02-26,F,Active
C01002782,2025-06-12,B002,ZM,Retail,Web,1999-11-30,M,Active
C01002783,2023-03-29,B003,ZM,Retail,USSD,1968-09-15,F,Active
C01002784,2023-03-25,B010,ZM,SME,App,1963-07-14,F,Dormant
C01002785,2022-10-01,B010,ZM,SME,Branch,1972-03-01,F,Active
C01002786,2024-09-06,B020,ZM,Retail,App,1994-03-05,F,Active
C01002787,2022-11-10,B002,ZM,Retail,Web,2002-06-02,F,Active
C01002788,2024-07-20,B005,ZM,Premium,Web,1994-01-13,F,Active
C01002789,2025-05-25,B002,ZM,SME,USSD,2002-10-13,M,Active
C01002790,2024-02-05,B004,ZM,SME,Agent,1975-04-17,F,Active
C01002791,2024-05-01,B010,ZM,SME,Agent,1961-10-15,F,Active
C01002792,2025-12-08,B001,ZM,Retail,Web,2012-08-02,M,Active
C01002793,2025-01-29,B001,ZM,Retail,App,1992-07-05,F,Active
C01002794,2024-08-22,B005,ZM,Retail,Agent,1999-07-23,F,Active
C01002795,2025-01-05,B004,ZM,Retail,Branch,2012-06-21,M,Dormant
C01002796,2025-09-22,B020,ZM,Retail,Branch,2011-04-23,M,Active
C01002797,2023-03-24,B003,ZM,Retail,App,1976-04-24,F,Active
C01002798,2023-05-22,B004,ZM,Retail,USSD,2000-02-18,F,Active
C01002799,2025-10-25,B001,ZM,Retail,Branch,1961-10-12,F,Active
C01002800,2025-05-05,B001,ZM,Retail,App,2004-02-13,F,Closed
C01002801,2022-06-17,B020,ZM,Retail,App,2010-11-06,M,Active
C01002802,2024-12-12,B010,ZM,Retail,Web,1990-11-05,F,Active
C01002803,2024-07-03,B004,ZM,Retail,Agent,1990-06-25,M,Active
C01002804,2024-12-17,B004,ZM,Retail,Web,1967-08-17,F,Active
C01002805,2025-12-12,B001,ZM,Premium,Agent,1993-03-11,M,Active
C01002806,2024-01-11,B003,ZM,Retail,USSD,1966-03-07,F,Active
C01002807,2022-06-09,B005,ZM,Retail,USSD,1975-11-25,M,Dormant
C01002808,2025-03-01,B015,ZM,Retail,USSD,1972-02-08,M,Dormant
C01002809,2022-08-18,B005,ZM,Retail,App,1986-12-03,M,Active
C01002810,2022-05-07,B004,ZM,Retail,App,1995-04-25,M,Active
C01002811,2025-01-26,B005,ZM,SME,Web,1973-05-30,M,Active
C01002812,2024-11-01,B001,ZM,SME,Branch,1969-12-15,F,Dormant
C01002813,2023-02-19,B001,ZM,Retail,Agent,1977-09-07,F,Active
C01002814,2025-03-18,B020,ZM,Retail,Agent,1988-10-08,F,Active
C01002815,2025-01-04,B004,ZM,Premium,USSD,1986-03-24,M,Closed
C01002816,2022-11-03,B020,ZM,SME,Agent,1967-06-15,M,Active
C01002817,2022-12-03,B004,ZM,Retail,ATM,1991-10-28,F,Active
C01002818,2023-11-03,B015,ZM,Retail,USSD,2014-01-29,M,Active
C01002819,2024-12-01,B015,ZM,Retail,Agent,2004-05-20,M,Active
C01002820,2024-06-23,B010,ZM,Retail,Web,1961-06-06,M,Active
C01002821,2022-08-27,B004,ZM,Retail,Agent,2012-12-16,M,Active
C01002822,2025-10-25,B003,ZM,Retail,App,1997-06-23,F,Active
C01002823,2023-02-25,B005,ZM,Retail,Web,1975-03-02,F,Active
C01002824,2026-01-08,B004,ZM,Retail,Web,1992-10-06,F,Active
C01002825,2025-04-09,B002,ZM,SME,Web,1982-09-02,M,Active
C01002826,2024-09-28,B010,ZM,SME,ATM,1977-03-24,F,Active
C01002827,2022-07-06,B002,ZM,Retail,ATM,2006-01-22,M,Active
C01002828,2024-11-11,B001,ZM,SME,Agent,1985-02-21,F,Dormant
C01002829,2024-07-01,B015,ZM,Retail,USSD,2006-09-09,F,Active
C01002830,2022-04-24,B005,ZM,SME,Agent,1962-02-07,M,Dormant
C01002831,2024-07-17,B004,ZM,Retail,Agent,2003-12-04,F,Active
C01002832,2022-09-28,B002,ZM,Retail,Agent,1988-07-30,M,Active
C01002833,2024-11-17,B005,ZM,Retail,App,1974-12-21,F,Active
C01002834,2024-04-30,B001,ZM,Retail,Web,1964-08-31,F,Active
C01002835,2024-07-24,B015,ZM,SME,Branch,1981-06-04,F,Active
C01002836,2025-02-28,B003,ZM,Retail,USSD,1987-07-05,F,Active
C01002837,2022-04-29,B010,ZM,Retail,USSD,1983-08-09,F,Active
C01002838,2025-02-18,B005,ZM,Retail,Web,2000-04-10,F,Active
C01002839,2024-08-04,B005,ZM,Retail,USSD,1998-11-03,M,Active
C01002840,2025-10-09,B003,ZM,Retail,Web,1990-04-12,F,Active
C01002841,2023-09-24,B005,ZM,Retail,USSD,1963-08-18,F,Dormant
C01002842,2026-01-21,B001,ZM,SME,Agent,1984-06-23,M,Active
C01002843,2022-02-14,B001,ZM,SME,App,2001-02-04,M,Active
C01002844,2024-03-21,B003,ZM,Premium,USSD,1967-03-14,F,Dormant
C01002845,2023-06-06,B010,ZM,Retail,USSD,1989-11-13,F,Active
C01002846,2022-01-07,B004,ZM,Retail,Branch,2009-06-16,M,Active
C01002847,2023-03-23,B002,ZM,Retail,App,1962-10-25,F,Active
C01002848,2025-03-30,B004,ZM,Retail,Agent,1971-09-21,F,Active
C01002849,2022-05-30,B005,ZM,Retail,App,1960-12-15,F,Active
C01002850,2022-04-03,B002,ZM,Premium,App,2011-06-19,M,Active
C01002851,2024-05-17,B020,ZM,Retail,USSD,1961-09-21,F,Active
C01002852,2023-12-07,B003,ZM,Premium,ATM,1987-02-27,M,Active
C01002853,2025-12-05,B003,ZM,SME,USSD,1994-02-24,F,Closed
C01002854,2022-05-11,B010,ZM,SME,Web,1977-11-28,M,Dormant
C01002855,2025-01-13,B002,ZM,SME,Branch,2002-03-05,M,Active
C01002856,2022-05-04,B001,ZM,Retail,App,1994-02-03,F,Active
C01002857,2022-05-22,B002,ZM,Retail,Web,1994-11-04,M,Active
C01002858,2024-08-24,B005,ZM,Retail,Agent,1963-03-25,M,Active
C01002859,2022-03-06,B001,ZM,Retail,Web,1984-03-31,F,Active
C01002860,2023-08-11,B015,ZM,Retail,ATM,1993-08-27,M,Active
C01002861,2024-04-17,B015,ZM,Retail,App,1990-02-10,M,Active
C01002862,2023-01-04,B020,ZM,Retail,USSD,1992-11-27,M,Active
C01002863,2022-10-05,B015,ZM,Premium,App,2005-12-26,M,Active
C01002864,2025-08-06,B003,ZM,SME,Branch,1998-01-31,F,Active
C01002865,2026-02-02,B002,ZM,Retail,App,1996-07-12,F,Active
C01002866,2025-08-15,B015,ZM,Retail,Web,1990-09-10,F,Active
C01002867,2024-05-10,B004,ZM,Retail,Web,1971-11-15,M,Active
C01002868,2024-02-06,B010,ZM,Retail,USSD,1991-01-23,F,Active
C01002869,2024-02-23,B004,ZM,SME,USSD,1983-06-20,M,Active
C01002870,2024-07-07,B015,ZM,Retail,USSD,2009-07-22,F,Active
C01002871,2024-02-13,B020,ZM,Retail,Agent,1977-04-22,M,Active
C01002872,2024-02-09,B010,ZM,SME,Branch,2003-11-08,F,Active
C01002873,2022-06-14,B005,ZM,SME,Agent,1985-04-07,M,Active
C01002874,2025-10-30,B004,ZM,Retail,Agent,1983-12-04,M,Active
C01002875,2025-09-17,B020,ZM,Retail,Agent,1967-06-22,M,Active
C01002876,2025-01-09,B002,ZM,Retail,App,2000-05-11,M,Active
C01002877,2022-09-30,B002,ZM,Retail,ATM,1967-08-10,F,Dormant
C01002878,2025-08-31,B004,ZM,Retail,App,1988-08-01,M,Active
C01002879,2023-12-14,B015,ZM,Retail,USSD,2005-08-24,M,Dormant
C01002880,2022-08-31,B020,ZM,Retail,Branch,1970-03-08,M,Active
C01002881,2023-01-01,B002,ZM,Retail,Agent,1962-01-23,F,Active
C01002882,2025-01-05,B005,ZM,Retail,App,1971-07-13,F,Active
C01002883,2024-03-15,B001,ZM,SME,Web,1969-08-08,F,Active
C01002884,2024-12-19,B015,ZM,Retail,Agent,1981-10-18,M,Active
C01002885,2022-09-18,B020,ZM,Retail,App,1966-09-04,M,Dormant
C01002886,2026-01-30,B005,ZM,SME,Web,1975-11-21,F,Active
C01002887,2023-04-02,B020,ZM,Retail,App,1993-07-01,M,Active
C01002888,2022-01-08,B010,ZM,Premium,App,1965-10-29,F,Active
C01002889,2022-02-16,B005,ZM,Retail,Agent,1973-10-25,M,Active
C01002890,2023-09-04,B015,ZM,Retail,App,2011-04-23,M,Active
C01002891,2024-08-06,B010,ZM,Retail,USSD,1981-04-04,F,Active
C01002892,2025-10-11,B015,ZM,Retail,Web,1967-11-03,M,Active
C01002893,2026-01-12,B002,ZM,Retail,Branch,1966-10-07,M,Active
C01002894,2025-01-20,B001,ZM,Retail,ATM,1960-11-12,M,Active
C01002895,2024-05-18,B015,ZM,Retail,Agent,1961-03-16,F,Active
C01002896,2024-12-25,B015,ZM,Retail,Web,1990-08-09,M,Active
C01002897,2024-02-16,B002,ZM,Retail,USSD,1966-04-25,M,Active
C01002898,2023-04-16,B003,ZM,Retail,Web,1974-01-06,M,Active
C01002899,2023-05-22,B002,ZM,Retail,Branch,2012-04-12,M,Active
C01002900,2024-08-01,B010,ZM,Retail,Agent,2001-05-03,F,Active
C01002901,2023-12-10,B002,ZM,Retail,Web,1989-09-07,F,Active
C01002902,2022-11-14,B002,ZM,Retail,USSD,1969-06-29,F,Active
C01002903,2023-07-19,B001,ZM,Retail,Agent,1970-12-10,M,Active
C01002904,2023-01-22,B002,ZM,Retail,USSD,1965-01-14,F,Active
C01002905,2026-01-24,B020,ZM,SME,Agent,1972-06-11,F,Active
C01002906,2022-08-20,B015,ZM,Retail,ATM,1977-11-24,M,Active
C01002907,2022-03-07,B020,ZM,Retail,Branch,1967-04-13,M,Active
C01002908,2025-09-14,B001,ZM,Retail,ATM,1976-08-24,M,Active
C01002909,2024-05-08,B004,ZM,Retail,App,1968-03-23,F,Active
C01002910,2025-06-13,B003,ZM,Retail,USSD,1968-03-20,M,Active
C01002911,2022-02-02,B020,ZM,Retail,ATM,1960-05-05,F,Active
C01002912,2023-05-08,B001,ZM,Retail,USSD,1998-11-04,M,Active
C01002913,2023-02-27,B010,ZM,Retail,Agent,1980-11-28,F,Active
C01002914,2022-05-18,B004,ZM,Retail,USSD,1978-11-10,M,Active
C01002915,2022-07-26,B001,ZM,Retail,App,1964-06-26,M,Dormant
C01002916,2025-05-01,B001,ZM,Retail,USSD,1967-02-15,F,Active
C01002917,2022-03-10,B003,ZM,Retail,Agent,1994-09-16,M,Active
C01002918,2024-07-03,B015,ZM,Retail,Agent,1988-09-29,F,Active
C01002919,2025-05-09,B020,ZM,Retail,ATM,2007-06-28,M,Closed
C01002920,2025-10-08,B010,ZM,Retail,Branch,1977-04-13,F,Active
C01002921,2025-12-11,B005,ZM,Retail,Web,2002-09-16,F,Active
C01002922,2022-04-10,B020,ZM,Retail,ATM,1977-09-13,M,Active
C01002923,2023-05-17,B005,ZM,SME,App,2004-06-08,M,Active
C01002924,2022-04-01,B001,ZM,Retail,Web,2014-04-26,M,Active
C01002925,2024-04-03,B002,ZM,Retail,USSD,1976-09-09,F,Active
C01002926,2024-06-17,B010,ZM,SME,ATM,2002-02-04,F,Dormant
C01002927,2023-04-25,B004,ZM,Retail,Web,1985-11-04,F,Active
C01002928,2025-01-10,B002,ZM,Retail,ATM,2013-02-03,F,Closed
C01002929,2023-03-21,B002,ZM,SME,USSD,1965-06-30,F,Active
C01002930,2022-04-26,B020,ZM,Retail,Agent,1999-09-13,F,Active
C01002931,2022-10-14,B010,ZM,Retail,ATM,1976-08-03,F,Active
C01002932,2024-10-28,B015,ZM,SME,App,2005-07-15,M,Active
C01002933,2023-08-16,B001,ZM,Premium,Web,1960-07-25,F,Active
C01002934,2023-04-25,B001,ZM,Retail,Web,1967-02-19,M,Active
C01002935,2026-02-07,B001,ZM,Retail,Web,1975-10-11,F,Dormant
C01002936,2025-03-25,B001,ZM,Retail,ATM,1977-09-26,F,Active
C01002937,2023-10-16,B020,ZM,Retail,USSD,1983-08-14,F,Active
C01002938,2025-03-28,B005,ZM,Retail,ATM,1972-11-28,M,Active
C01002939,2025-05-09,B001,ZM,Retail,ATM,2008-08-16,F,Active
C01002940,2025-10-09,B005,ZM,Retail,Agent,2011-08-16,F,Active
C01002941,2023-10-19,B005,ZM,Retail,Web,1976-12-26,F,Active
C01002942,2023-05-01,B015,ZM,Retail,USSD,1971-02-15,M,Dormant
C01002943,2023-09-11,B001,ZM,Retail,Branch,1966-10-19,M,Active
C01002944,2022-10-21,B003,ZM,SME,USSD,1976-11-18,F,Dormant
C01002945,2025-09-14,B004,ZM,SME,ATM,1976-10-12,F,Active
C01002946,2024-12-03,B002,ZM,Retail,App,1988-10-31,F,Active
C01002947,2023-03-29,B005,ZM,Premium,USSD,1980-06-05,M,Active
C01002948,2024-04-26,B010,ZM,SME,Web,1974-07-28,F,Active
C01002949,2023-09-08,B010,ZM,Retail,App,1995-05-29,F,Active
C01002950,2023-07-18,B004,ZM,Retail,Branch,2013-02-19,F,Active
C01002951,2022-05-05,B010,ZM,Retail,Branch,1986-08-14,M,Closed
C01002952,2025-02-14,B003,ZM,Retail,App,2013-12-19,F,Active
C01002953,2025-04-26,B010,ZM,Retail,Branch,1996-12-26,F,Active
C01002954,2022-12-25,B002,ZM,Retail,App,2005-06-15,M,Active
C01002955,2025-07-06,B002,ZM,Retail,ATM,1985-08-09,F,Active
C01002956,2025-10-22,B005,ZM,Retail,App,1979-07-31,F,Dormant
C01002957,2024-05-24,B001,ZM,Retail,ATM,1998-04-07,F,Active
C01002958,2025-02-12,B015,ZM,SME,Web,1982-07-07,M,Active
C01002959,2024-10-12,B003,ZM,Retail,Web,1990-12-06,M,Active
C01002960,2022-04-07,B005,ZM,Premium,Branch,1981-08-07,F,Active
C01002961,2023-12-07,B003,ZM,Retail,Agent,2007-08-07,M,Active
C01002962,2025-08-10,B001,ZM,Premium,Agent,1960-08-16,F,Active
C01002963,2025-10-06,B020,ZM,Retail,App,1982-07-30,F,Active
C01002964,2024-02-20,B010,ZM,Retail,ATM,1985-04-01,M,Active
C01002965,2024-12-10,B010,ZM,Retail,Web,1974-06-20,M,Active
C01002966,2023-10-15,B015,ZM,Retail,Web,1965-10-19,M,Active
C01002967,2025-11-27,B001,ZM,SME,Web,1965-07-12,F,Active
C01002968,2024-05-02,B005,ZM,Retail,Branch,1965-08-19,F,Active
C01002969,2024-04-16,B015,ZM,SME,Web,2004-04-23,F,Active
C01002970,2022-11-02,B001,ZM,Retail,Agent,1990-11-18,F,Active
C01002971,2023-09-07,B004,ZM,Retail,USSD,1965-06-02,M,Active
C01002972,2024-02-10,B002,ZM,SME,Branch,1998-08-02,F,Active
C01002973,2023-01-12,B015,ZM,Retail,App,1967-03-04,M,Active
C01002974,2025-01-06,B015,ZM,Retail,USSD,2000-01-03,F,Active
C01002975,2024-08-27,B005,ZM,SME,Branch,1961-01-28,F,Active
C01002976,2023-05-09,B003,ZM,SME,Branch,1967-12-01,M,Active
C01002977,2023-04-07,B004,ZM,Premium,ATM,1988-07-25,M,Active
C01002978,2023-09-08,B005,ZM,SME,USSD,2012-10-06,F,Active
C01002979,2025-12-20,B001,ZM,Retail,USSD,1992-06-05,M,Dormant
C01002980,2022-10-23,B001,ZM,SME,Agent,2014-04-28,F,Active
C01002981,2024-08-06,B001,ZM,Retail,USSD,1965-11-28,F,Dormant
C01002982,2022-04-29,B020,ZM,Premium,Web,2011-01-24,F,Active
C01002983,2025-02-25,B001,ZM,Retail,Agent,1983-07-18,F,Active
C01002984,2024-04-25,B003,ZM,Retail,Web,1988-08-16,M,Active
C01002985,2024-05-03,B004,ZM,Retail,Agent,2000-06-10,M,Active
C01002986,2025-02-15,B010,ZM,Retail,App,1992-02-16,M,Active
C01002987,2024-12-21,B002,ZM,Retail,Agent,2003-02-07,M,Active
C01002988,2022-10-02,B003,ZM,SME,App,1993-03-26,F,Active
C01002989,2024-03-06,B003,ZM,SME,Agent,2004-10-30,F,Active
C01002990,2023-05-13,B020,ZM,Retail,App,1986-12-08,M,Active
C01002991,2023-06-07,B010,ZM,SME,Web,2003-11-17,M,Active
C01002992,2023-02-21,B010,ZM,Retail,Agent,1988-02-14,M,Active
C01002993,2023-11-08,B002,ZM,Retail,ATM,2008-12-22,F,Active
C01002994,2025-08-17,B002,ZM,Retail,Agent,1977-01-26,M,Dormant
C01002995,2022-06-11,B010,ZM,SME,App,1980-06-18,F,Active
C01002996,2024-07-10,B001,ZM,Retail,Branch,2012-09-06,M,Active
C01002997,2024-01-30,B003,ZM,Retail,Web,1975-04-20,M,Active
C01002998,2022-07-09,B005,ZM,Retail,ATM,1963-10-31,F,Active
C01002999,2025-01-01,B002,ZM,Retail,Branch,1991-08-29,F,Active
C01003000,2026-01-23,B020,ZM,Retail,Branch,1996-10-04,M,Active
C01003001,2023-01-26,B020,ZM,Retail,Web,2001-09-17,M,Closed
C01003002,2022-04-16,B002,ZM,Retail,Agent,2001-06-01,F,Active
C01003003,2023-07-04,B010,ZM,Retail,USSD,1989-02-05,F,Active
C01003004,2024-02-12,B004,ZM,SME,ATM,1996-03-05,F,Active
C01003005,2025-10-11,B005,ZM,Retail,Agent,2001-08-05,F,Active
C01003006,2025-05-23,B005,ZM,Retail,Web,2001-08-30,F,Active
C01003007,2025-05-19,B002,ZM,Retail,USSD,2000-07-25,M,Active
C01003008,2022-03-22,B001,ZM,SME,Web,1973-09-12,F,Active
C01003009,2022-05-30,B004,ZM,Retail,Web,1972-09-29,M,Active
C01003010,2023-01-21,B005,ZM,SME,Branch,1994-08-04,F,Closed
C01003011,2025-04-18,B002,ZM,Retail,Agent,1997-08-23,F,Active
C01003012,2026-01-23,B020,ZM,SME,Web,1962-03-13,M,Active
C01003013,2025-10-07,B005,ZM,Retail,Agent,1972-07-04,M,Active
C01003014,2025-02-18,B015,ZM,Retail,USSD,1988-05-31,F,Active
C01003015,2023-03-21,B004,ZM,Retail,Branch,1994-03-22,F,Active
C01003016,2024-09-08,B004,ZM,Retail,USSD,1973-05-27,F,Active
C01003017,2023-03-04,B015,ZM,SME,USSD,1995-11-01,M,Active
C01003018,2023-11-13,B003,ZM,SME,Branch,1992-10-22,M,Active
C01003019,2023-09-13,B020,ZM,Retail,Agent,1961-04-02,F,Dormant
C01003020,2022-02-01,B015,ZM,Retail,USSD,1998-12-20,M,Active
C01003021,2023-03-10,B010,ZM,Retail,App,1975-07-02,F,Active
C01003022,2023-01-25,B010,ZM,Retail,Agent,1973-07-20,M,Active
C01003023,2022-08-29,B002,ZM,Retail,Web,2013-03-12,F,Active
C01003024,2024-09-07,B004,ZM,SME,Branch,1976-07-01,F,Active
C01003025,2023-05-12,B003,ZM,Premium,Branch,1979-06-20,F,Active
C01003026,2025-11-25,B003,ZM,Retail,Agent,1968-07-04,M,Active
C01003027,2025-05-22,B005,ZM,SME,App,1961-06-21,F,Active
C01003028,2025-12-12,B005,ZM,Retail,App,1995-02-07,F,Active
C01003029,2023-02-23,B015,ZM,Retail,App,2002-05-15,M,Active
C01003030,2024-03-23,B003,ZM,Retail,App,1973-06-12,M,Active
C01003031,2023-05-06,B015,ZM,Retail,ATM,1984-04-20,F,Closed
C01003032,2025-02-04,B020,ZM,Retail,Branch,1990-04-06,F,Active
C01003033,2023-10-21,B015,ZM,Retail,USSD,1977-09-28,F,Active
C01003034,2023-08-03,B005,ZM,Retail,Branch,1961-12-11,F,Dormant
C01003035,2024-02-19,B004,ZM,Retail,Branch,2004-08-13,M,Active
C01003036,2024-08-12,B015,ZM,Premium,Branch,1995-03-10,F,Dormant
C01003037,2024-12-28,B001,ZM,Retail,App,1974-03-15,M,Dormant
C01003038,2025-08-21,B004,ZM,SME,App,1987-03-25,F,Active
C01003039,2024-01-06,B003,ZM,SME,ATM,2009-04-13,F,Active
C01003040,2023-09-24,B003,ZM,Retail,Agent,1984-11-28,F,Dormant
C01003041,2023-06-20,B015,ZM,Retail,Branch,1980-06-06,M,Active
C01003042,2024-01-07,B004,ZM,SME,Web,1977-01-15,M,Active
C01003043,2024-11-16,B005,ZM,Retail,Agent,2003-08-25,M,Active
C01003044,2024-10-15,B005,ZM,Premium,ATM,2014-06-10,F,Active
C01003045,2024-08-12,B010,ZM,Retail,App,2004-10-11,M,Dormant
C01003046,2022-07-21,B003,ZM,Retail,Branch,1998-10-31,F,Active
C01003047,2026-01-19,B002,ZM,SME,App,1999-01-13,F,Active
C01003048,2024-08-19,B010,ZM,SME,Agent,1974-05-04,F,Active
C01003049,2023-10-18,B005,ZM,Premium,USSD,2003-09-21,F,Active
C01003050,2023-02-21,B004,ZM,Retail,App,1965-05-12,F,Dormant
C01003051,2024-01-30,B020,ZM,Premium,App,1991-09-14,F,Active
C01003052,2023-10-03,B005,ZM,SME,ATM,1969-07-05,F,Closed
C01003053,2024-04-27,B004,ZM,SME,USSD,1966-01-01,F,Active
C01003054,2022-04-04,B010,ZM,Retail,Agent,1989-01-01,M,Active
C01003055,2025-02-26,B003,ZM,Retail,Web,2002-10-07,F,Active
C01003056,2023-03-30,B005,ZM,Premium,Web,2014-07-12,M,Dormant
C01003057,2022-10-26,B015,ZM,Retail,Web,1985-12-15,F,Active
C01003058,2022-02-03,B004,ZM,Retail,Branch,1972-09-09,F,Active
C01003059,2023-06-19,B003,ZM,Retail,Web,1981-02-04,F,Active
C01003060,2025-02-07,B020,ZM,Retail,Branch,2006-07-16,F,Dormant
C01003061,2025-04-11,B020,ZM,Retail,Agent,2004-05-03,M,Active
C01003062,2025-04-01,B002,ZM,Retail,Agent,1979-06-01,M,Active
C01003063,2026-01-14,B004,ZM,SME,App,1997-05-08,M,Active
C01003064,2024-05-05,B010,ZM,Retail,Web,2004-01-02,M,Dormant
C01003065,2023-08-28,B002,ZM,Retail,ATM,1961-02-28,M,Active
C01003066,2022-11-09,B002,ZM,Retail,Agent,1987-08-19,M,Active
C01003067,2023-02-06,B001,ZM,Retail,USSD,1974-03-25,F,Active
C01003068,2023-11-07,B005,ZM,Retail,USSD,1990-05-17,F,Active
C01003069,2023-04-17,B004,ZM,Retail,Agent,1987-11-13,M,Active
C01003070,2024-02-17,B002,ZM,Retail,App,1998-06-27,M,Active
C01003071,2025-03-12,B001,ZM,SME,USSD,1970-12-06,M,Active
C01003072,2023-05-19,B010,ZM,Retail,USSD,2013-09-30,F,Active
C01003073,2024-10-19,B003,ZM,Retail,App,1971-08-12,F,Active
C01003074,2025-02-01,B015,ZM,Retail,App,2007-07-08,F,Active
C01003075,2025-09-02,B015,ZM,Retail,App,1985-04-16,F,Active
C01003076,2025-11-03,B004,ZM,SME,ATM,1990-08-08,F,Active
C01003077,2023-11-23,B002,ZM,SME,App,1993-06-30,M,Active
C01003078,2023-06-12,B015,ZM,Retail,App,1971-06-30,F,Active
C01003079,2024-09-27,B005,ZM,Retail,App,1993-02-25,M,Active
C01003080,2026-01-21,B015,ZM,Retail,Agent,2010-09-19,F,Active
C01003081,2025-08-07,B015,ZM,Retail,Web,2002-06-25,M,Active
C01003082,2024-10-01,B015,ZM,Premium,Agent,1965-08-30,F,Closed
C01003083,2024-08-01,B020,ZM,Retail,Web,1961-08-03,F,Active
C01003084,2022-12-11,B001,ZM,Retail,ATM,2000-02-09,F,Active
C01003085,2026-02-09,B002,ZM,Retail,ATM,1993-03-12,F,Closed
C01003086,2023-12-23,B005,ZM,Retail,USSD,1997-05-30,F,Active
C01003087,2022-12-13,B002,ZM,Retail,Agent,1982-01-29,M,Active
C01003088,2022-10-14,B020,ZM,Retail,Web,1978-10-16,F,Active
C01003089,2026-01-15,B004,ZM,SME,ATM,1989-04-06,F,Active
C01003090,2025-01-24,B004,ZM,Retail,ATM,1980-12-10,F,Active
C01003091,2024-09-27,B004,ZM,Retail,Agent,1988-01-15,F,Active
C01003092,2023-01-12,B010,ZM,Retail,USSD,2002-09-20,F,Dormant
C01003093,2025-01-15,B015,ZM,Premium,App,1985-03-02,F,Dormant
C01003094,2025-08-07,B010,ZM,Retail,Branch,2009-10-16,F,Active
C01003095,2022-05-01,B001,ZM,SME,USSD,1990-07-27,F,Active
C01003096,2024-12-09,B004,ZM,SME,Branch,2011-10-14,F,Active
C01003097,2022-03-11,B020,ZM,Premium,USSD,1989-09-13,M,Active
C01003098,2022-06-02,B005,ZM,Retail,USSD,1977-06-09,M,Active
C01003099,2025-09-30,B002,ZM,Retail,App,1971-05-28,F,Active
C01003100,2022-04-10,B015,ZM,Retail,ATM,1988-11-14,F,Closed
C01003101,2022-01-14,B003,ZM,Retail,Web,2011-05-05,F,Active
C01003102,2024-04-24,B005,ZM,Retail,USSD,1980-07-15,F,Active
C01003103,2022-10-09,B015,ZM,Retail,App,2013-03-09,F,Dormant
C01003104,2025-07-15,B010,ZM,Premium,Branch,2014-09-02,M,Active
C01003105,2023-04-19,B010,ZM,Retail,Agent,1981-04-06,F,Active
C01003106,2022-05-20,B005,ZM,Retail,Agent,1982-05-07,M,Active
C01003107,2025-12-19,B010,ZM,Retail,ATM,2003-11-01,F,Active
C01003108,2022-11-06,B004,ZM,Retail,Agent,2010-07-15,F,Active
C01003109,2022-01-19,B001,ZM,Retail,USSD,2002-02-21,F,Active
C01003110,2023-03-24,B002,ZM,Retail,Branch,1961-09-27,F,Active
C01003111,2024-11-01,B001,ZM,Retail,USSD,1988-02-14,M,Active
C01003112,2024-07-22,B015,ZM,Retail,Agent,2005-11-03,M,Active
C01003113,2024-02-04,B002,ZM,Premium,Web,1968-07-29,M,Active
C01003114,2022-05-04,B020,ZM,SME,Agent,1994-06-18,M,Active
C01003115,2025-06-19,B002,ZM,Premium,Web,1973-04-23,M,Active
C01003116,2025-07-30,B001,ZM,Retail,Agent,1988-11-08,F,Active
C01003117,2025-09-27,B005,ZM,Retail,ATM,1967-04-18,F,Active
C01003118,2025-06-16,B002,ZM,Retail,Branch,2007-06-24,M,Active
C01003119,2024-09-16,B020,ZM,Retail,Web,2004-01-17,F,Active
C01003120,2025-09-12,B020,ZM,Retail,App,2001-07-05,F,Active
C01003121,2024-09-26,B020,ZM,Retail,ATM,2014-01-22,F,Active
C01003122,2022-02-02,B001,ZM,Retail,USSD,1983-11-12,M,Active
C01003123,2022-01-14,B002,ZM,Retail,Agent,1966-01-02,M,Active
C01003124,2024-12-25,B003,ZM,SME,Branch,2000-04-28,M,Active
C01003125,2025-02-03,B005,ZM,Retail,Branch,1994-12-13,M,Active
C01003126,2024-04-22,B004,ZM,Retail,Agent,1977-05-01,F,Active
C01003127,2022-01-25,B002,ZM,Retail,App,1984-10-11,F,Active
C01003128,2022-02-04,B020,ZM,Retail,Web,1972-11-01,F,Dormant
C01003129,2024-12-20,B003,ZM,Retail,Agent,1992-08-20,F,Active
C01003130,2026-01-19,B004,ZM,Retail,Branch,1965-04-18,F,Active
C01003131,2023-07-17,B004,ZM,Retail,App,2002-07-02,F,Active
C01003132,2025-01-02,B015,ZM,SME,App,1982-02-14,M,Active
C01003133,2023-08-11,B002,ZM,SME,USSD,1980-01-14,F,Dormant
C01003134,2022-02-05,B001,ZM,Retail,App,1960-04-10,F,Active
C01003135,2024-10-25,B002,ZM,Retail,ATM,1989-05-10,F,Dormant
C01003136,2025-11-30,B003,ZM,Retail,Branch,1991-12-14,F,Active
C01003137,2025-10-12,B004,ZM,SME,ATM,2003-04-17,F,Active
C01003138,2024-05-31,B002,ZM,Retail,App,2010-05-29,M,Active
C01003139,2023-01-03,B001,ZM,Retail,App,1973-02-09,F,Active
C01003140,2022-08-08,B015,ZM,Retail,ATM,1984-06-20,F,Active
C01003141,2022-07-17,B002,ZM,Retail,USSD,1988-09-16,M,Dormant
C01003142,2024-12-09,B005,ZM,SME,App,2003-06-26,M,Active
C01003143,2022-11-01,B015,ZM,Retail,ATM,1988-03-08,F,Active
C01003144,2023-05-09,B001,ZM,Retail,ATM,2014-04-04,F,Active
C01003145,2023-01-29,B003,ZM,Retail,Branch,2008-02-11,M,Active
C01003146,2025-06-23,B004,ZM,Retail,USSD,1977-12-12,F,Active
C01003147,2024-12-14,B002,ZM,SME,Web,1976-11-18,M,Active
C01003148,2023-06-01,B001,ZM,SME,ATM,2013-08-11,M,Active
C01003149,2023-12-27,B015,ZM,Retail,Branch,2014-04-14,M,Dormant
C01003150,2023-07-02,B005,ZM,Retail,Web,1970-10-19,F,Active
C01003151,2024-03-23,B001,ZM,Retail,Branch,1986-07-09,M,Active
C01003152,2022-06-11,B010,ZM,Retail,Branch,1965-06-07,M,Active
C01003153,2024-02-04,B020,ZM,Retail,Agent,1977-06-27,F,Dormant
C01003154,2024-04-11,B005,ZM,Retail,USSD,2006-12-19,M,Active
C01003155,2024-07-29,B015,ZM,Retail,App,2005-03-24,M,Active
C01003156,2025-03-03,B003,ZM,Retail,USSD,1985-05-04,F,Active
C01003157,2023-05-14,B004,ZM,Retail,Web,1982-04-08,F,Dormant
C01003158,2025-11-28,B015,ZM,SME,Agent,1993-09-25,F,Active
C01003159,2023-04-08,B020,ZM,Retail,USSD,1997-12-12,F,Active
C01003160,2023-09-07,B003,ZM,Retail,App,1960-12-23,F,Closed
C01003161,2025-11-01,B002,ZM,Retail,USSD,1986-10-01,F,Dormant
C01003162,2022-06-15,B001,ZM,Retail,USSD,1983-06-01,F,Active
C01003163,2025-08-31,B010,ZM,Retail,USSD,1978-04-28,F,Active
C01003164,2025-08-23,B005,ZM,Retail,ATM,1972-12-03,F,Active
C01003165,2022-03-06,B005,ZM,SME,ATM,1986-07-25,F,Active
C01003166,2022-07-11,B001,ZM,Retail,USSD,1962-04-08,F,Active
C01003167,2024-04-10,B010,ZM,Retail,App,1962-08-02,F,Active
C01003168,2024-02-16,B001,ZM,Retail,App,1997-10-22,F,Dormant
C01003169,2024-02-12,B002,ZM,Retail,App,1967-01-23,F,Active
C01003170,2025-02-05,B020,ZM,Retail,App,1993-01-26,M,Closed
C01003171,2024-09-01,B003,ZM,Retail,Agent,2001-09-17,F,Dormant
C01003172,2022-04-25,B015,ZM,Retail,Agent,1973-03-30,F,Active
C01003173,2025-07-28,B005,ZM,Retail,Branch,2000-01-27,M,Active
C01003174,2022-01-20,B002,ZM,Retail,USSD,1994-04-10,M,Active
C01003175,2025-12-10,B003,ZM,Retail,USSD,2009-10-24,M,Active
C01003176,2022-12-17,B002,ZM,Retail,Branch,1974-01-30,F,Dormant
C01003177,2022-06-19,B010,ZM,Retail,App,2013-04-11,M,Active
C01003178,2024-10-20,B005,ZM,Retail,Web,1999-11-05,F,Active
C01003179,2024-06-07,B015,ZM,SME,Web,1988-03-06,F,Dormant
C01003180,2025-08-13,B001,ZM,Retail,Branch,1969-08-31,M,Active
C01003181,2023-11-10,B001,ZM,Premium,Web,1984-07-16,M,Active
C01003182,2025-03-04,B003,ZM,Retail,ATM,2000-11-26,M,Active
C01003183,2022-07-15,B015,ZM,SME,USSD,1984-10-03,F,Active
C01003184,2024-12-17,B020,ZM,Retail,Web,1977-09-28,M,Dormant
C01003185,2022-03-29,B004,ZM,Retail,Agent,2014-06-01,M,Active
C01003186,2023-04-16,B010,ZM,Retail,Agent,2000-09-01,M,Active
C01003187,2023-03-09,B003,ZM,Retail,ATM,1985-07-19,M,Dormant
C01003188,2025-11-18,B004,ZM,Retail,USSD,1974-08-12,M,Dormant
C01003189,2025-03-06,B002,ZM,Retail,ATM,2012-08-12,M,Active
C01003190,2024-08-31,B010,ZM,Retail,USSD,1971-07-13,M,Active
C01003191,2023-07-10,B002,ZM,SME,USSD,1988-12-16,M,Active
C01003192,2022-04-06,B020,ZM,Retail,Web,1961-07-09,F,Active
C01003193,2022-06-02,B015,ZM,SME,Agent,1971-02-12,M,Active
C01003194,2025-11-02,B005,ZM,Retail,Branch,1964-09-13,F,Active
C01003195,2023-07-29,B010,ZM,Retail,Web,1989-04-17,M,Active
C01003196,2025-01-17,B004,ZM,Retail,App,2009-07-28,F,Active
C01003197,2025-02-28,B020,ZM,Retail,ATM,2002-10-20,F,Active
C01003198,2025-09-09,B005,ZM,Retail,App,1993-02-01,F,Active
C01003199,2022-03-09,B001,ZM,SME,USSD,1972-09-18,M,Active
C01003200,2023-01-03,B004,ZM,Retail,Web,1988-04-13,F,Active
C01003201,2023-10-07,B003,ZM,Retail,App,1993-08-23,F,Active
C01003202,2022-02-02,B001,ZM,SME,App,2009-05-09,M,Active
C01003203,2023-03-01,B020,ZM,Retail,Agent,1962-04-14,M,Active
C01003204,2025-04-17,B001,ZM,Premium,App,1998-12-16,F,Closed
C01003205,2022-10-23,B003,ZM,Premium,Agent,1989-01-21,M,Active
C01003206,2025-12-30,B010,ZM,Retail,Agent,1995-06-26,M,Active
C01003207,2024-03-26,B001,ZM,Retail,USSD,1975-12-20,M,Active
C01003208,2022-06-07,B015,ZM,Retail,Agent,1989-04-20,F,Active
C01003209,2023-09-05,B004,ZM,SME,USSD,1963-02-05,F,Active
C01003210,2022-11-29,B005,ZM,Retail,Agent,1985-05-19,M,Active
C01003211,2025-02-28,B001,ZM,Retail,Agent,1989-01-25,F,Active
C01003212,2023-05-08,B004,ZM,SME,USSD,2010-09-29,M,Active
C01003213,2025-03-06,B002,ZM,Retail,App,2011-01-02,M,Active
C01003214,2024-03-07,B004,ZM,SME,ATM,1963-07-14,M,Active
C01003215,2025-10-18,B005,ZM,Retail,Web,2005-11-27,M,Active
C01003216,2025-01-12,B004,ZM,Retail,Web,1965-01-04,M,Active
C01003217,2023-11-11,B003,ZM,SME,USSD,1971-10-31,F,Dormant
C01003218,2024-02-26,B020,ZM,Retail,App,2004-07-23,M,Active
C01003219,2022-10-14,B005,ZM,Retail,ATM,1965-09-24,F,Dormant
C01003220,2025-11-12,B020,ZM,Retail,Branch,1966-02-02,M,Active
C01003221,2026-01-23,B010,ZM,Retail,USSD,1972-07-20,M,Active
C01003222,2022-06-10,B020,ZM,Retail,Branch,1973-08-06,F,Active
C01003223,2024-10-22,B002,ZM,Premium,Web,1969-03-04,F,Active
C01003224,2023-12-10,B003,ZM,Retail,Web,2006-11-25,F,Active
C01003225,2022-04-20,B010,ZM,Retail,ATM,1974-08-28,F,Active
C01003226,2022-07-20,B004,ZM,Retail,ATM,1981-01-30,M,Active
C01003227,2024-06-14,B005,ZM,Retail,Branch,1968-03-29,M,Active
C01003228,2023-04-21,B002,ZM,SME,Web,1992-04-28,F,Active
C01003229,2022-06-05,B003,ZM,SME,ATM,1992-01-13,F,Dormant
C01003230,2023-11-29,B010,ZM,Retail,ATM,1990-05-03,F,Active
C01003231,2025-05-24,B010,ZM,Retail,Web,1967-04-13,F,Active
C01003232,2025-06-11,B002,ZM,Retail,Web,1997-01-07,F,Active
C01003233,2025-05-04,B015,ZM,Retail,App,1990-10-28,F,Active
C01003234,2024-03-23,B004,ZM,Retail,Agent,1966-03-29,F,Active
C01003235,2023-10-31,B002,ZM,Retail,ATM,2004-03-06,F,Active
C01003236,2022-03-02,B010,ZM,Premium,Branch,1995-12-08,M,Active
C01003237,2025-07-22,B001,ZM,Retail,USSD,2008-11-26,M,Dormant
C01003238,2023-07-14,B003,ZM,SME,USSD,1965-07-29,F,Closed
C01003239,2024-07-11,B002,ZM,Retail,Web,2007-01-26,M,Dormant
C01003240,2024-10-01,B015,ZM,Retail,Agent,1997-05-09,F,Closed
C01003241,2023-04-13,B010,ZM,SME,Branch,1995-07-11,M,Active
C01003242,2023-12-30,B004,ZM,Retail,App,1973-11-26,F,Active
C01003243,2025-02-06,B020,ZM,SME,ATM,2009-03-04,M,Active
C01003244,2024-02-08,B010,ZM,Retail,App,1968-01-10,F,Active
C01003245,2024-06-03,B004,ZM,Retail,Branch,1978-08-05,M,Active
C01003246,2023-01-16,B002,ZM,SME,App,2000-03-27,M,Active
C01003247,2025-10-24,B004,ZM,Retail,Web,1974-04-09,F,Active
C01003248,2025-04-14,B005,ZM,SME,USSD,1970-05-04,M,Active
C01003249,2025-09-15,B005,ZM,Premium,Web,1983-05-24,M,Active
C01003250,2024-02-18,B005,ZM,Retail,ATM,1980-05-26,M,Active
C01003251,2022-06-25,B015,ZM,Retail,Web,1981-06-19,M,Active
C01003252,2025-06-20,B015,ZM,Retail,Branch,1965-01-25,F,Active
C01003253,2023-08-28,B001,ZM,Retail,Branch,2010-01-12,F,Dormant
C01003254,2023-05-20,B015,ZM,SME,ATM,1962-03-04,F,Active
C01003255,2025-12-31,B020,ZM,Retail,ATM,1964-09-15,M,Dormant
C01003256,2022-05-31,B002,ZM,Retail,USSD,1980-03-25,F,Active
C01003257,2022-06-18,B010,ZM,Retail,App,2002-12-11,M,Active
C01003258,2023-07-03,B010,ZM,Retail,USSD,1963-10-21,M,Active
C01003259,2022-11-12,B001,ZM,SME,Web,1963-10-14,M,Active
C01003260,2024-02-18,B015,ZM,Retail,App,1979-08-25,F,Dormant
C01003261,2025-12-28,B020,ZM,Premium,ATM,1980-11-14,F,Active
C01003262,2025-07-22,B004,ZM,Retail,Branch,1973-09-10,M,Dormant
C01003263,2022-11-12,B001,ZM,Retail,Web,1972-05-08,M,Dormant
C01003264,2024-03-08,B020,ZM,Retail,USSD,2004-11-28,F,Active
C01003265,2023-10-11,B004,ZM,Retail,Agent,1988-08-29,M,Dormant
C01003266,2024-01-09,B020,ZM,Premium,Agent,1988-12-21,M,Active
C01003267,2022-08-07,B004,ZM,Retail,ATM,1994-10-07,F,Active
C01003268,2022-07-07,B003,ZM,SME,App,1995-07-05,F,Dormant
C01003269,2022-01-11,B020,ZM,Retail,Agent,1961-09-22,M,Dormant
C01003270,2023-09-24,B010,ZM,Retail,App,2005-10-10,F,Active
C01003271,2024-06-29,B005,ZM,Retail,Branch,1985-12-25,M,Dormant
C01003272,2024-01-08,B015,ZM,Retail,ATM,2004-02-28,M,Active
C01003273,2023-07-07,B004,ZM,Retail,ATM,1962-02-09,F,Active
C01003274,2022-07-29,B003,ZM,Retail,Web,1997-03-23,M,Active
C01003275,2022-09-29,B020,ZM,SME,Web,2009-05-06,F,Active
C01003276,2022-06-28,B010,ZM,Retail,App,1966-02-04,F,Active
C01003277,2023-01-19,B005,ZM,Retail,Agent,1963-08-07,F,Active
C01003278,2024-06-01,B004,ZM,Retail,Agent,1977-12-14,M,Dormant
C01003279,2024-07-08,B020,ZM,Retail,USSD,2012-11-25,F,Dormant
C01003280,2025-02-14,B020,ZM,Premium,App,1963-03-25,M,Active
C01003281,2025-02-10,B004,ZM,Retail,Agent,1978-09-26,M,Active
C01003282,2024-11-15,B001,ZM,Retail,Web,1980-08-03,F,Active
C01003283,2024-04-15,B001,ZM,Retail,Web,2012-04-12,M,Active
C01003284,2022-07-31,B010,ZM,Retail,Web,2004-02-03,F,Closed
C01003285,2022-02-23,B005,ZM,Retail,App,1960-08-22,F,Active
C01003286,2022-07-03,B004,ZM,Retail,ATM,1991-05-06,F,Active
C01003287,2023-12-26,B010,ZM,Retail,USSD,1967-03-26,M,Closed
C01003288,2025-02-09,B010,ZM,Retail,USSD,2012-03-05,F,Active
C01003289,2022-07-10,B002,ZM,SME,Web,1993-01-09,F,Active
C01003290,2025-05-07,B020,ZM,Retail,Branch,2005-09-04,F,Active
C01003291,2025-05-09,B015,ZM,SME,App,1974-09-23,M,Closed
C01003292,2023-10-27,B020,ZM,Retail,Agent,1995-08-19,M,Active
C01003293,2024-02-28,B001,ZM,SME,Agent,1979-02-02,F,Active
C01003294,2022-01-26,B005,ZM,Retail,ATM,1973-08-29,F,Active
C01003295,2023-08-21,B020,ZM,Retail,Web,2008-02-09,F,Active
C01003296,2024-04-27,B004,ZM,Retail,Branch,1960-08-28,M,Active
C01003297,2024-03-05,B010,ZM,Retail,Web,1985-03-31,M,Active
C01003298,2022-06-23,B004,ZM,Retail,Branch,1983-10-31,M,Active
C01003299,2026-01-24,B002,ZM,Retail,USSD,2009-11-26,F,Dormant
C01003300,2025-02-19,B005,ZM,Retail,Branch,1993-07-31,M,Dormant
C01003301,2023-05-13,B010,ZM,Retail,USSD,2005-10-31,F,Active
C01003302,2025-03-17,B004,ZM,Retail,USSD,1994-11-05,M,Active
C01003303,2024-12-03,B001,ZM,SME,App,1974-05-05,F,Active
C01003304,2022-12-14,B015,ZM,Retail,Branch,1978-01-31,M,Active
C01003305,2025-11-04,B002,ZM,Retail,ATM,2014-07-06,M,Dormant
C01003306,2024-02-19,B005,ZM,Retail,ATM,1982-12-28,M,Active
C01003307,2022-12-14,B002,ZM,Retail,Branch,1990-01-03,M,Active
C01003308,2022-10-12,B001,ZM,Retail,App,1977-07-25,F,Active
C01003309,2023-07-05,B005,ZM,SME,ATM,1989-05-05,F,Active
C01003310,2023-09-09,B002,ZM,Retail,Web,1983-05-10,F,Active
C01003311,2023-07-04,B003,ZM,Retail,ATM,1995-03-23,M,Active
C01003312,2024-10-06,B001,ZM,Retail,App,1970-09-09,F,Active
C01003313,2022-10-26,B001,ZM,Retail,USSD,1985-08-08,M,Active
C01003314,2022-05-10,B001,ZM,SME,USSD,2000-07-08,M,Closed
C01003315,2022-12-09,B003,ZM,SME,USSD,1962-08-02,M,Dormant
C01003316,2024-06-09,B003,ZM,Retail,App,1999-12-21,F,Active
C01003317,2023-07-20,B004,ZM,Retail,USSD,2014-02-17,M,Active
C01003318,2024-05-12,B010,ZM,Retail,USSD,2005-11-30,M,Active
C01003319,2023-09-06,B015,ZM,Retail,App,1996-05-24,M,Active
C01003320,2024-09-18,B002,ZM,Retail,Web,1978-05-10,M,Active
C01003321,2022-06-07,B004,ZM,Retail,ATM,1976-07-31,F,Active
C01003322,2024-01-10,B002,ZM,Retail,App,1970-02-09,F,Active
C01003323,2023-05-31,B015,ZM,Retail,App,1963-09-27,F,Active
C01003324,2023-05-21,B010,ZM,Retail,Branch,1994-10-05,F,Closed
C01003325,2026-01-16,B003,ZM,SME,USSD,1969-07-29,F,Active
C01003326,2025-07-04,B010,ZM,Retail,Agent,1978-06-11,M,Active
C01003327,2024-10-12,B003,ZM,SME,Web,1977-12-15,F,Active
C01003328,2025-05-01,B015,ZM,Retail,Agent,2011-02-26,F,Active
C01003329,2025-06-16,B010,ZM,Retail,Branch,1986-10-15,F,Active
C01003330,2023-02-05,B004,ZM,SME,Web,1979-03-25,F,Active
C01003331,2024-07-26,B005,ZM,SME,USSD,2013-03-22,F,Active
C01003332,2022-08-08,B004,ZM,Retail,Agent,1987-03-20,M,Active
C01003333,2022-10-05,B002,ZM,Retail,USSD,1992-05-19,F,Dormant
C01003334,2023-09-16,B004,ZM,SME,USSD,2001-08-10,M,Active
C01003335,2022-01-14,B015,ZM,Retail,ATM,1964-11-16,F,Dormant
C01003336,2024-03-21,B001,ZM,Retail,Web,1980-08-13,M,Active
C01003337,2023-11-12,B002,ZM,SME,Web,2010-11-08,M,Active
C01003338,2025-06-24,B010,ZM,Retail,Branch,1982-08-21,F,Active
C01003339,2024-02-18,B002,ZM,Retail,App,1979-06-14,F,Active
C01003340,2023-11-06,B005,ZM,Retail,USSD,2005-11-07,F,Active
C01003341,2024-06-20,B003,ZM,Retail,USSD,1962-02-19,M,Active
C01003342,2023-11-17,B010,ZM,Retail,Agent,1987-10-20,M,Active
C01003343,2024-05-31,B020,ZM,Retail,Branch,1961-02-09,F,Active
C01003344,2025-08-26,B002,ZM,Retail,Web,1979-06-01,M,Active
C01003345,2025-05-02,B010,ZM,Retail,ATM,1976-03-25,F,Active
C01003346,2022-10-06,B010,ZM,Retail,Web,1989-12-16,M,Active
C01003347,2023-09-08,B010,ZM,Retail,ATM,1978-07-06,F,Active
C01003348,2023-10-19,B003,ZM,SME,ATM,2004-10-26,M,Dormant
C01003349,2025-05-20,B020,ZM,Retail,Web,1994-11-10,F,Dormant
C01003350,2025-11-24,B015,ZM,Premium,Agent,1989-05-14,M,Active
C01003351,2023-02-16,B004,ZM,Retail,USSD,2001-01-28,M,Dormant
C01003352,2024-09-08,B010,ZM,SME,ATM,1995-01-21,F,Active
C01003353,2023-10-06,B001,ZM,Retail,Agent,2013-12-28,M,Active
C01003354,2022-12-30,B015,ZM,Retail,Branch,1974-10-29,M,Dormant
C01003355,2024-03-26,B005,ZM,SME,Branch,2004-02-10,F,Active
C01003356,2023-10-16,B003,ZM,SME,ATM,2003-01-29,F,Active
C01003357,2023-08-20,B002,ZM,Retail,USSD,2010-04-25,F,Dormant
C01003358,2025-11-24,B003,ZM,Retail,ATM,2013-07-14,M,Closed
C01003359,2025-07-20,B002,ZM,Retail,Branch,1985-08-07,M,Active
C01003360,2024-10-02,B003,ZM,SME,Branch,1982-04-18,F,Closed
C01003361,2025-03-25,B002,ZM,Retail,Web,1966-12-20,M,Active
C01003362,2023-05-12,B010,ZM,Retail,USSD,1969-08-15,M,Active
C01003363,2023-10-30,B004,ZM,Retail,Web,1960-01-09,M,Active
C01003364,2024-02-10,B002,ZM,Retail,Agent,1962-10-19,F,Closed
C01003365,2023-07-29,B020,ZM,SME,Agent,1964-06-27,F,Active
C01003366,2024-03-15,B002,ZM,Retail,Agent,1961-01-02,F,Dormant
C01003367,2024-01-18,B001,ZM,Retail,App,1984-08-08,F,Closed
C01003368,2022-08-22,B002,ZM,Retail,Agent,1960-01-01,M,Dormant
C01003369,2025-02-28,B001,ZM,Retail,ATM,1987-03-23,F,Active
C01003370,2023-02-14,B005,ZM,Retail,Web,1999-12-05,F,Dormant
C01003371,2025-04-27,B010,ZM,Retail,Agent,1994-03-21,M,Active
C01003372,2025-01-22,B001,ZM,Premium,USSD,2010-12-19,F,Active
C01003373,2023-01-04,B004,ZM,Retail,Agent,1974-04-23,M,Closed
C01003374,2025-10-28,B015,ZM,Retail,ATM,1968-09-21,M,Active
C01003375,2025-01-31,B010,ZM,Retail,ATM,1964-10-20,M,Active
C01003376,2022-02-25,B001,ZM,Retail,ATM,1993-01-07,M,Active
C01003377,2026-01-29,B010,ZM,Premium,ATM,1979-04-26,M,Active
C01003378,2024-08-03,B020,ZM,Retail,ATM,1977-02-11,F,Active
C01003379,2025-12-21,B010,ZM,Retail,USSD,1997-12-18,M,Dormant
C01003380,2023-03-06,B010,ZM,Retail,App,1993-06-12,F,Closed
C01003381,2024-06-16,B005,ZM,Retail,Branch,1966-10-29,F,Active
C01003382,2023-08-20,B004,ZM,Retail,App,1985-02-12,M,Active
C01003383,2025-11-19,B003,ZM,SME,Branch,1997-06-15,M,Active
C01003384,2022-05-22,B003,ZM,Retail,Web,1962-01-03,F,Active
C01003385,2024-04-17,B001,ZM,Retail,ATM,1986-09-08,M,Dormant
C01003386,2025-10-10,B010,ZM,Retail,Web,1963-02-20,F,Active
C01003387,2024-10-19,B001,ZM,Retail,Web,1970-10-09,M,Active
C01003388,2022-10-13,B005,ZM,Retail,Branch,1987-02-05,M,Dormant
C01003389,2025-07-21,B005,ZM,SME,USSD,1972-09-21,M,Active
C01003390,2023-09-13,B002,ZM,Retail,ATM,1983-07-27,F,Active
C01003391,2023-05-11,B020,ZM,Retail,Agent,2000-12-28,M,Active
C01003392,2023-06-02,B005,ZM,Retail,Web,1978-05-12,M,Active
C01003393,2025-09-10,B002,ZM,SME,App,1970-10-17,F,Dormant
C01003394,2022-11-12,B004,ZM,Retail,ATM,1962-09-22,F,Active
C01003395,2026-01-04,B001,ZM,SME,USSD,2002-10-01,F,Active
C01003396,2024-05-16,B015,ZM,Retail,ATM,1975-08-30,M,Active
C01003397,2024-02-12,B004,ZM,SME,Agent,1961-04-15,F,Active
C01003398,2022-06-01,B005,ZM,Retail,Agent,1970-02-06,F,Active
C01003399,2024-07-08,B004,ZM,Retail,Web,1967-09-22,F,Active
C01003400,2025-05-09,B004,ZM,Retail,App,1981-01-24,M,Active
C01003401,2024-09-08,B020,ZM,Retail,Web,2000-11-03,M,Active
C01003402,2025-04-07,B020,ZM,Retail,USSD,2012-01-06,M,Active
C01003403,2024-03-31,B020,ZM,Retail,Branch,2010-01-04,F,Active
C01003404,2024-12-30,B004,ZM,Retail,Agent,1984-07-03,M,Active
C01003405,2024-11-03,B005,ZM,Retail,App,1984-03-24,M,Active
C01003406,2025-11-17,B015,ZM,Premium,Agent,1962-01-09,F,Active
C01003407,2024-05-06,B010,ZM,Retail,USSD,2010-07-12,M,Dormant
C01003408,2025-01-18,B004,ZM,SME,USSD,2003-01-14,M,Active
C01003409,2022-03-17,B002,ZM,Retail,Agent,1965-09-04,F,Active
C01003410,2024-01-07,B005,ZM,Retail,Web,1973-10-02,F,Active
C01003411,2025-12-07,B004,ZM,Retail,Agent,1979-05-01,F,Active
C01003412,2025-01-04,B015,ZM,Retail,Web,1965-11-05,F,Active
C01003413,2025-05-01,B010,ZM,Premium,Agent,1995-08-31,F,Dormant
C01003414,2025-07-30,B020,ZM,Retail,Web,1993-11-10,F,Active
C01003415,2022-06-24,B005,ZM,SME,Branch,1962-09-06,F,Active
C01003416,2022-08-12,B003,ZM,SME,ATM,1963-05-02,F,Active
C01003417,2023-05-24,B010,ZM,Retail,ATM,2004-08-16,M,Active
C01003418,2025-09-08,B002,ZM,Premium,Web,1998-10-19,M,Active
C01003419,2025-09-23,B004,ZM,Retail,Web,2001-10-12,M,Active
C01003420,2023-12-29,B015,ZM,Premium,Branch,1996-12-31,M,Active
C01003421,2022-12-07,B003,ZM,Retail,ATM,1975-09-14,M,Active
C01003422,2025-08-18,B015,ZM,Retail,Branch,1961-03-10,F,Active
C01003423,2025-06-08,B003,ZM,SME,USSD,2011-09-29,F,Active
C01003424,2022-04-01,B005,ZM,Retail,Agent,1963-12-13,F,Dormant
C01003425,2025-02-27,B003,ZM,Retail,ATM,1965-08-26,M,Active
C01003426,2025-08-14,B002,ZM,Retail,Web,1985-03-12,M,Active
C01003427,2025-10-19,B002,ZM,Retail,App,1985-04-05,F,Active
C01003428,2025-08-17,B001,ZM,Retail,USSD,2002-12-27,F,Active
C01003429,2024-03-29,B002,ZM,SME,Agent,1978-03-09,M,Active
C01003430,2023-11-11,B010,ZM,Retail,App,1983-12-24,M,Active
C01003431,2024-05-31,B003,ZM,Retail,Branch,1962-03-10,F,Active
C01003432,2022-08-05,B002,ZM,Retail,Agent,1984-05-25,M,Dormant
C01003433,2022-01-22,B005,ZM,Retail,Branch,1976-11-14,M,Active
C01003434,2022-07-21,B015,ZM,Retail,Branch,1981-01-24,F,Active
C01003435,2023-06-14,B020,ZM,SME,Web,2000-03-10,F,Active
C01003436,2023-03-31,B015,ZM,Premium,Branch,1960-03-04,M,Active
C01003437,2024-11-11,B001,ZM,Retail,App,1963-12-16,F,Dormant
C01003438,2024-11-28,B015,ZM,Retail,USSD,2010-07-12,F,Active
C01003439,2025-02-16,B003,ZM,SME,Web,1999-01-21,M,Active
C01003440,2025-04-03,B001,ZM,SME,USSD,2010-02-22,M,Active
C01003441,2025-11-09,B003,ZM,Retail,Branch,2003-10-30,F,Dormant
C01003442,2025-03-24,B005,ZM,Retail,ATM,1980-10-08,M,Active
C01003443,2023-03-29,B001,ZM,SME,Agent,1964-03-29,F,Active
C01003444,2024-07-01,B004,ZM,Retail,Web,1985-09-14,F,Active
C01003445,2024-02-06,B010,ZM,Retail,Branch,1992-08-28,M,Active
C01003446,2024-03-12,B010,ZM,Retail,Web,1967-12-07,F,Active
C01003447,2024-08-06,B003,ZM,Retail,ATM,2013-08-26,M,Active
C01003448,2025-10-23,B015,ZM,Retail,App,1992-12-13,M,Active
C01003449,2025-04-20,B020,ZM,Retail,App,2000-12-06,M,Active
C01003450,2025-11-15,B020,ZM,Retail,Agent,2002-05-22,M,Dormant
C01003451,2024-10-21,B004,ZM,Retail,App,2008-11-09,F,Closed
C01003452,2022-11-05,B001,ZM,Retail,ATM,1974-09-14,F,Active
C01003453,2023-12-08,B004,ZM,Retail,USSD,1993-06-27,F,Active
C01003454,2022-02-20,B004,ZM,SME,ATM,1993-04-22,M,Active
C01003455,2024-09-15,B015,ZM,Premium,ATM,2009-06-07,F,Active
C01003456,2022-08-03,B020,ZM,Retail,Branch,2008-07-06,F,Active
C01003457,2023-08-29,B001,ZM,Retail,App,1973-01-26,M,Active
C01003458,2024-05-01,B005,ZM,Premium,Web,1988-10-09,M,Active
C01003459,2022-06-25,B015,ZM,Retail,Agent,1991-02-10,F,Dormant
C01003460,2022-08-26,B004,ZM,Retail,USSD,1996-07-06,F,Active
C01003461,2026-02-04,B004,ZM,SME,Web,1975-08-10,M,Dormant
C01003462,2022-10-18,B005,ZM,Retail,Branch,2012-01-20,M,Active
C01003463,2023-12-15,B004,ZM,SME,Branch,1996-01-17,M,Active
C01003464,2023-10-01,B004,ZM,SME,USSD,1993-05-20,F,Active
C01003465,2023-12-04,B004,ZM,Retail,Web,2001-12-09,F,Dormant
C01003466,2024-07-21,B010,ZM,Retail,USSD,1991-03-03,M,Dormant
C01003467,2023-02-28,B015,ZM,Retail,USSD,1986-03-27,M,Active
C01003468,2024-12-03,B002,ZM,Retail,App,1973-03-30,F,Active
C01003469,2024-09-16,B015,ZM,Retail,Web,2004-05-13,M,Active
C01003470,2023-12-15,B005,ZM,Retail,App,2008-08-25,M,Active
C01003471,2024-09-02,B004,ZM,Retail,App,1996-08-02,M,Closed
C01003472,2022-07-19,B015,ZM,SME,Agent,1992-04-29,F,Closed
C01003473,2024-06-16,B010,ZM,Retail,App,1998-09-24,F,Dormant
C01003474,2026-01-18,B020,ZM,Retail,ATM,1967-10-03,M,Active
C01003475,2025-11-27,B005,ZM,Retail,Branch,2014-01-08,F,Active
C01003476,2024-07-15,B003,ZM,Retail,Branch,1982-09-18,M,Active
C01003477,2023-10-16,B015,ZM,Retail,ATM,1972-05-07,F,Active
C01003478,2022-05-18,B003,ZM,Retail,USSD,1989-11-09,F,Active
C01003479,2023-09-07,B004,ZM,Retail,Web,1992-03-05,M,Active
C01003480,2022-04-02,B010,ZM,SME,Web,2001-11-09,M,Active
C01003481,2025-12-26,B010,ZM,Premium,Web,2000-06-09,F,Active
C01003482,2022-08-24,B015,ZM,Retail,App,2008-05-16,F,Active
C01003483,2022-02-16,B005,ZM,Retail,Web,1974-09-27,M,Active
C01003484,2023-12-04,B005,ZM,Retail,Web,1963-11-02,M,Active
C01003485,2025-08-20,B010,ZM,Retail,Web,1990-10-24,M,Active
C01003486,2022-08-12,B005,ZM,Retail,Branch,2005-06-05,M,Closed
C01003487,2025-10-18,B010,ZM,SME,ATM,1973-01-05,M,Active
C01003488,2022-12-03,B015,ZM,Retail,Agent,2013-09-20,F,Active
C01003489,2023-05-15,B002,ZM,Retail,USSD,1990-08-26,M,Active
C01003490,2024-11-22,B010,ZM,Retail,ATM,2008-06-18,M,Active
C01003491,2022-12-24,B003,ZM,Premium,Web,1974-04-21,M,Active
C01003492,2025-02-04,B005,ZM,SME,USSD,2011-06-20,F,Active
C01003493,2022-11-24,B010,ZM,Retail,USSD,1972-07-07,F,Dormant
C01003494,2023-11-09,B010,ZM,Retail,ATM,1978-06-19,F,Dormant
C01003495,2025-02-20,B015,ZM,Retail,ATM,1995-07-23,M,Active
C01003496,2024-05-23,B005,ZM,Retail,ATM,1967-05-02,M,Active
C01003497,2024-08-04,B002,ZM,Retail,Agent,1997-08-03,F,Active
C01003498,2023-04-20,B015,ZM,SME,ATM,1970-01-14,F,Active
C01003499,2024-04-09,B002,ZM,Retail,Agent,2004-12-24,M,Active
C01003500,2025-07-13,B020,ZM,Premium,App,2008-10-20,F,Active
C01003501,2023-01-13,B015,ZM,Retail,Branch,1963-10-07,F,Active
C01003502,2023-01-17,B005,ZM,SME,Agent,2006-08-12,M,Active
C01003503,2025-08-04,B001,ZM,SME,Branch,1969-04-24,F,Active
C01003504,2025-09-08,B005,ZM,Retail,Web,2011-08-17,M,Active
C01003505,2024-06-04,B005,ZM,Retail,App,1960-05-12,F,Active
C01003506,2024-03-21,B002,ZM,Retail,USSD,1982-11-07,F,Dormant
C01003507,2022-03-01,B002,ZM,SME,ATM,2009-05-20,M,Active
C01003508,2025-06-11,B005,ZM,Retail,Web,1974-10-10,F,Active
C01003509,2023-02-09,B005,ZM,Retail,USSD,1980-05-06,M,Active
C01003510,2024-07-09,B005,ZM,Retail,Branch,1990-01-16,F,Closed
C01003511,2025-04-27,B002,ZM,Retail,USSD,2003-11-20,F,Active
C01003512,2024-05-29,B005,ZM,Retail,ATM,1970-06-28,M,Active
C01003513,2024-03-07,B005,ZM,Retail,ATM,1989-03-14,M,Active
C01003514,2022-01-10,B020,ZM,Retail,Agent,1993-06-29,F,Active
C01003515,2025-12-14,B004,ZM,Retail,Agent,2009-03-15,M,Dormant
C01003516,2023-03-16,B001,ZM,SME,Branch,1995-06-08,M,Active
C01003517,2023-02-26,B003,ZM,SME,ATM,2006-12-06,M,Active
C01003518,2023-07-25,B001,ZM,Retail,App,1995-03-29,M,Active
C01003519,2025-12-12,B004,ZM,SME,Web,1979-08-27,F,Active
C01003520,2022-05-09,B003,ZM,Retail,Branch,2011-10-07,F,Active
C01003521,2025-03-28,B015,ZM,Retail,Branch,1991-07-02,M,Active
C01003522,2022-07-28,B005,ZM,Retail,USSD,1996-08-08,F,Active
C01003523,2025-01-04,B004,ZM,Retail,Branch,1969-07-19,F,Active
C01003524,2023-01-18,B020,ZM,Retail,Web,1980-04-04,F,Active
C01003525,2024-01-20,B015,ZM,Retail,App,2000-09-12,F,Dormant
C01003526,2023-10-30,B005,ZM,Retail,USSD,1973-12-20,F,Active
C01003527,2023-02-08,B002,ZM,SME,Web,1976-11-23,F,Active
C01003528,2024-07-26,B010,ZM,Retail,Agent,1960-01-20,M,Dormant
C01003529,2022-08-22,B004,ZM,Retail,Branch,2005-04-05,F,Active
C01003530,2023-06-22,B002,ZM,SME,ATM,1969-09-02,F,Active
C01003531,2025-10-05,B004,ZM,SME,Agent,2004-06-04,M,Active
C01003532,2024-09-29,B020,ZM,Retail,ATM,1972-12-13,M,Closed
C01003533,2024-12-16,B004,ZM,Retail,Web,1966-06-24,F,Active
C01003534,2025-08-01,B002,ZM,Retail,App,1987-07-03,F,Active
C01003535,2023-10-04,B020,ZM,Retail,ATM,1981-09-11,F,Active
C01003536,2025-05-07,B003,ZM,Retail,Web,1996-06-07,F,Active
C01003537,2024-03-06,B001,ZM,Retail,USSD,1987-03-04,M,Active
C01003538,2025-06-05,B005,ZM,SME,Branch,1978-10-09,M,Dormant
C01003539,2024-03-14,B004,ZM,Retail,App,2008-08-15,M,Active
C01003540,2025-04-17,B005,ZM,Premium,App,1968-08-30,M,Dormant
C01003541,2022-08-22,B010,ZM,SME,USSD,1977-02-18,M,Active
C01003542,2023-12-14,B002,ZM,Premium,App,1962-02-09,M,Active
C01003543,2023-12-22,B005,ZM,Retail,Web,1961-06-15,F,Active
C01003544,2024-07-26,B002,ZM,SME,App,1962-10-16,F,Dormant
C01003545,2025-06-18,B005,ZM,Retail,App,1986-07-15,F,Active
C01003546,2022-12-20,B001,ZM,Retail,App,1970-11-11,M,Active
C01003547,2025-10-11,B001,ZM,Retail,Web,1978-07-30,F,Active
C01003548,2025-12-16,B020,ZM,Retail,Agent,1976-08-29,M,Active
C01003549,2023-09-02,B001,ZM,SME,Branch,1966-05-26,M,Active
C01003550,2025-06-12,B020,ZM,SME,ATM,1966-01-05,F,Closed
C01003551,2025-04-23,B001,ZM,Retail,Agent,1982-09-26,F,Dormant
C01003552,2022-06-23,B001,ZM,Retail,App,2000-08-08,F,Active
C01003553,2025-10-08,B001,ZM,Retail,USSD,1970-09-02,F,Dormant
C01003554,2022-10-02,B002,ZM,Retail,USSD,1997-11-07,M,Active
C01003555,2023-10-04,B004,ZM,SME,Web,1992-01-28,F,Active
C01003556,2022-08-30,B020,ZM,Retail,Branch,1996-02-26,M,Active
C01003557,2023-05-04,B005,ZM,Premium,App,1960-12-12,M,Active
C01003558,2023-09-18,B001,ZM,Retail,Web,2013-08-10,F,Dormant
C01003559,2022-08-28,B002,ZM,Retail,ATM,1986-12-07,M,Active
C01003560,2023-01-10,B002,ZM,Retail,Branch,1990-10-14,F,Active
C01003561,2024-02-04,B002,ZM,Retail,Branch,1994-10-14,M,Active
C01003562,2025-11-21,B020,ZM,Retail,Web,1993-08-20,M,Active
C01003563,2022-10-17,B004,ZM,SME,Agent,1978-09-13,M,Active
C01003564,2024-11-12,B020,ZM,SME,USSD,1987-04-03,F,Active
C01003565,2024-03-06,B005,ZM,Retail,Agent,1998-06-11,F,Active
C01003566,2024-05-06,B004,ZM,Retail,Branch,2012-11-25,F,Active
C01003567,2025-05-06,B003,ZM,Retail,USSD,2002-12-03,F,Active
C01003568,2022-10-10,B015,ZM,Retail,Branch,2013-03-25,M,Dormant
C01003569,2025-03-23,B002,ZM,Retail,Branch,1963-10-04,F,Active
C01003570,2024-02-25,B020,ZM,Retail,Branch,2004-01-30,M,Active
C01003571,2024-05-16,B003,ZM,SME,ATM,1962-10-29,F,Active
C01003572,2023-01-16,B010,ZM,Retail,USSD,2004-11-08,M,Active
C01003573,2024-09-23,B020,ZM,Premium,ATM,1988-09-03,M,Dormant
C01003574,2025-07-25,B001,ZM,Retail,USSD,1991-07-14,M,Active
C01003575,2025-01-05,B015,ZM,Premium,ATM,1962-10-14,M,Dormant
C01003576,2025-11-21,B001,ZM,Retail,ATM,1982-12-12,M,Active
C01003577,2025-08-14,B004,ZM,Retail,ATM,2002-06-27,M,Active
C01003578,2022-12-21,B015,ZM,Premium,Web,1994-06-05,F,Dormant
C01003579,2025-02-10,B020,ZM,Retail,ATM,2008-05-10,M,Closed
C01003580,2022-12-08,B005,ZM,Retail,Agent,1968-10-16,F,Closed
C01003581,2024-09-29,B003,ZM,Retail,Agent,1997-12-03,F,Active
C01003582,2023-08-15,B005,ZM,SME,Branch,2012-09-02,F,Active
C01003583,2022-10-15,B020,ZM,SME,App,1991-06-30,M,Dormant
C01003584,2023-01-19,B004,ZM,Retail,ATM,2003-12-27,M,Active
C01003585,2023-10-07,B001,ZM,Retail,App,1962-06-14,M,Active
C01003586,2024-07-12,B015,ZM,Premium,App,1994-02-01,M,Dormant
C01003587,2025-06-22,B005,ZM,Retail,Branch,1963-06-21,M,Active
C01003588,2022-04-20,B020,ZM,Retail,App,2003-09-24,F,Active
C01003589,2024-01-06,B005,ZM,Retail,App,1967-10-16,M,Active
C01003590,2022-01-20,B020,ZM,Retail,Agent,2002-08-08,F,Closed
C01003591,2024-09-19,B001,ZM,Retail,App,1982-08-15,M,Active
C01003592,2022-10-07,B015,ZM,Retail,USSD,2008-10-12,M,Active
C01003593,2023-02-04,B003,ZM,Retail,ATM,1968-04-04,F,Active
C01003594,2024-02-26,B001,ZM,Retail,ATM,1967-06-11,F,Dormant
C01003595,2025-02-24,B005,ZM,Retail,App,1982-01-05,M,Active
C01003596,2024-11-01,B003,ZM,Retail,Branch,1968-06-07,M,Active
C01003597,2025-08-30,B020,ZM,SME,USSD,2000-10-16,F,Active
C01003598,2024-10-10,B003,ZM,Retail,Branch,1994-01-28,M,Active
C01003599,2024-04-17,B020,ZM,Retail,Branch,1990-04-08,M,Active
C01003600,2025-11-03,B001,ZM,Premium,App,1981-08-27,M,Active
C01003601,2024-10-04,B005,ZM,Retail,Web,2014-02-25,M,Active
C01003602,2024-05-01,B004,ZM,Retail,App,2002-02-06,M,Dormant
C01003603,2025-12-25,B005,ZM,Retail,Agent,1963-01-30,M,Active
C01003604,2024-06-28,B020,ZM,SME,Web,1988-12-18,F,Active
C01003605,2024-09-27,B002,ZM,SME,USSD,1987-10-17,M,Active
C01003606,2022-12-09,B015,ZM,SME,Web,2009-07-30,F,Active
C01003607,2022-06-19,B010,ZM,SME,App,2000-06-23,M,Active
C01003608,2025-03-03,B004,ZM,Retail,App,1979-06-06,F,Active
C01003609,2022-03-05,B003,ZM,Retail,Branch,1996-11-01,M,Active
C01003610,2023-03-28,B004,ZM,Retail,App,1968-07-08,F,Dormant
C01003611,2023-08-22,B015,ZM,Retail,Agent,1960-12-03,F,Active
C01003612,2022-03-08,B003,ZM,Retail,App,1971-07-08,M,Dormant
C01003613,2023-07-17,B015,ZM,Retail,ATM,2013-03-28,F,Active
C01003614,2023-04-06,B003,ZM,Retail,ATM,1962-07-14,F,Dormant
C01003615,2025-01-06,B004,ZM,SME,Branch,2005-06-03,M,Active
C01003616,2023-08-15,B003,ZM,Retail,Web,1999-11-15,M,Active
C01003617,2022-12-11,B003,ZM,Retail,Web,1966-03-14,F,Active
C01003618,2024-07-25,B002,ZM,Retail,ATM,2005-01-15,M,Dormant
C01003619,2025-03-04,B005,ZM,Retail,Agent,1976-04-04,F,Active
C01003620,2024-10-11,B005,ZM,Retail,USSD,2001-07-21,M,Active
C01003621,2025-01-30,B010,ZM,Retail,Agent,1984-08-24,F,Active
C01003622,2024-11-12,B010,ZM,Retail,ATM,2010-09-10,F,Dormant
C01003623,2022-08-20,B020,ZM,SME,Agent,1994-10-28,F,Closed
C01003624,2025-03-18,B020,ZM,SME,USSD,2008-01-21,F,Active
C01003625,2022-08-22,B020,ZM,Retail,Web,1964-05-15,M,Active
C01003626,2023-07-03,B002,ZM,Retail,ATM,1982-09-18,F,Active
C01003627,2025-01-17,B010,ZM,Retail,App,2012-07-16,M,Closed
C01003628,2024-01-22,B015,ZM,Premium,USSD,1970-07-22,M,Active
C01003629,2025-01-15,B020,ZM,Retail,USSD,2006-05-11,F,Active
C01003630,2022-03-27,B020,ZM,Retail,USSD,2004-01-22,F,Active
C01003631,2026-01-12,B004,ZM,SME,Web,1975-08-08,F,Active
C01003632,2024-06-22,B001,ZM,Retail,Agent,2000-07-11,F,Closed
C01003633,2025-01-23,B015,ZM,Retail,Branch,1986-04-27,M,Dormant
C01003634,2023-03-24,B020,ZM,Retail,App,1974-08-07,F,Active
C01003635,2024-05-20,B020,ZM,Retail,ATM,1963-07-28,F,Dormant
C01003636,2022-07-29,B020,ZM,Retail,Agent,1986-01-16,M,Dormant
C01003637,2025-08-31,B001,ZM,Retail,USSD,2013-12-05,M,Active
C01003638,2023-05-22,B001,ZM,SME,Web,1989-09-24,F,Active
C01003639,2023-09-02,B002,ZM,Retail,USSD,1998-04-14,F,Active
C01003640,2022-03-08,B015,ZM,Retail,Agent,1969-11-02,F,Active
C01003641,2024-07-10,B002,ZM,Retail,ATM,1973-11-20,F,Active
C01003642,2023-06-23,B003,ZM,SME,App,1966-11-22,F,Active
C01003643,2023-12-15,B001,ZM,Retail,USSD,1977-11-11,F,Dormant
C01003644,2022-06-28,B004,ZM,Retail,Web,2003-04-03,F,Dormant
C01003645,2024-06-18,B010,ZM,Retail,Web,2003-08-16,F,Active
C01003646,2022-08-29,B004,ZM,SME,Branch,1982-05-05,F,Active
C01003647,2023-05-01,B010,ZM,Retail,Web,1960-07-05,F,Active
C01003648,2023-03-06,B001,ZM,Retail,Branch,1994-09-30,M,Dormant
C01003649,2025-04-19,B001,ZM,Retail,App,1975-11-05,M,Active
C01003650,2025-11-12,B001,ZM,SME,ATM,1993-10-18,F,Active
C01003651,2023-12-20,B002,ZM,Retail,Branch,1963-12-08,F,Active
C01003652,2025-12-26,B015,ZM,Retail,USSD,1987-02-13,F,Active
C01003653,2025-06-03,B010,ZM,SME,Agent,1976-05-21,F,Active
C01003654,2025-07-19,B015,ZM,SME,USSD,1980-01-17,F,Active
C01003655,2024-05-26,B002,ZM,Retail,ATM,1990-07-05,M,Active
C01003656,2022-12-06,B002,ZM,Premium,Web,2012-05-09,F,Active
C01003657,2025-06-15,B005,ZM,Retail,Agent,2004-04-05,M,Active
C01003658,2022-10-13,B004,ZM,Retail,USSD,1980-07-09,F,Active
C01003659,2023-02-28,B004,ZM,SME,Agent,1999-11-22,F,Active
C01003660,2023-02-28,B003,ZM,Retail,Branch,1970-06-01,F,Active
C01003661,2022-05-02,B020,ZM,Retail,ATM,1969-02-09,F,Active
C01003662,2025-03-13,B002,ZM,Retail,USSD,1974-10-02,F,Active
C01003663,2023-12-20,B010,ZM,Retail,Web,1972-06-27,F,Active
C01003664,2024-12-26,B005,ZM,Retail,Agent,1971-11-04,F,Active
C01003665,2023-07-30,B005,ZM,Retail,Web,2014-04-18,F,Active
C01003666,2025-05-07,B020,ZM,SME,Agent,2010-06-27,M,Dormant
C01003667,2025-01-08,B015,ZM,Retail,USSD,1962-02-14,F,Active
C01003668,2022-12-11,B020,ZM,Retail,ATM,1999-04-21,F,Active
C01003669,2023-10-25,B020,ZM,Premium,App,2004-07-05,F,Dormant
C01003670,2025-12-12,B020,ZM,Retail,USSD,1992-11-23,F,Active
C01003671,2023-08-23,B004,ZM,Retail,Web,1998-07-29,F,Active
C01003672,2023-08-16,B002,ZM,Retail,App,1961-11-03,M,Active
C01003673,2025-03-18,B003,ZM,Retail,ATM,2007-02-11,F,Active
C01003674,2023-07-02,B002,ZM,Retail,Web,1993-01-15,M,Active
C01003675,2024-11-19,B015,ZM,Retail,ATM,2008-10-03,M,Active
C01003676,2025-10-23,B001,ZM,Retail,Agent,1969-07-16,F,Active
C01003677,2022-07-15,B020,ZM,Retail,USSD,1997-07-22,M,Closed
C01003678,2022-10-05,B002,ZM,Retail,ATM,2002-06-29,F,Active
C01003679,2024-04-22,B015,ZM,SME,Web,1963-01-03,M,Active
C01003680,2022-05-02,B001,ZM,SME,USSD,1985-01-08,F,Active
C01003681,2023-07-22,B001,ZM,Retail,Web,1999-02-21,M,Active
C01003682,2025-09-05,B020,ZM,Retail,Web,2009-12-30,F,Active
C01003683,2022-09-17,B003,ZM,Premium,App,1997-11-18,M,Active
C01003684,2025-12-07,B010,ZM,Retail,Branch,1966-01-02,M,Active
C01003685,2022-09-29,B004,ZM,SME,ATM,1965-11-05,F,Active
C01003686,2023-05-27,B002,ZM,Retail,ATM,1967-10-29,M,Dormant
C01003687,2022-10-27,B001,ZM,Premium,App,1983-07-29,M,Active
C01003688,2025-12-27,B002,ZM,Retail,Agent,1992-02-01,M,Active
C01003689,2023-10-22,B010,ZM,Retail,ATM,2002-07-31,M,Active
C01003690,2023-05-22,B004,ZM,Retail,App,1996-01-02,F,Active
C01003691,2025-10-16,B010,ZM,Retail,ATM,2005-06-30,M,Active
C01003692,2024-03-15,B004,ZM,Retail,ATM,1981-10-27,F,Active
C01003693,2024-09-29,B005,ZM,Retail,Web,1972-05-03,F,Active
C01003694,2022-10-19,B004,ZM,Retail,App,1970-11-09,M,Active
C01003695,2025-03-28,B020,ZM,Retail,Agent,1962-03-01,M,Dormant
C01003696,2025-07-19,B003,ZM,Retail,ATM,1974-07-14,F,Active
C01003697,2023-07-05,B010,ZM,Retail,Agent,1967-10-01,F,Active
C01003698,2025-07-09,B001,ZM,Retail,Branch,2011-03-05,F,Closed
C01003699,2024-04-28,B020,ZM,Retail,App,1976-10-03,M,Active
C01003700,2024-02-08,B005,ZM,Retail,App,1977-08-18,M,Active
C01003701,2024-07-14,B003,ZM,Retail,App,2000-01-08,M,Dormant
C01003702,2022-06-04,B002,ZM,Retail,Web,2008-12-22,F,Closed
C01003703,2025-07-21,B020,ZM,Retail,App,1993-06-28,M,Active
C01003704,2022-07-10,B010,ZM,Retail,Web,2010-01-01,F,Active
C01003705,2024-04-05,B015,ZM,Retail,Branch,1983-08-06,F,Active
C01003706,2024-11-21,B015,ZM,Retail,USSD,2002-11-15,F,Active
C01003707,2023-07-24,B001,ZM,Premium,Web,1965-12-29,F,Active
C01003708,2025-11-23,B004,ZM,Retail,ATM,1976-08-22,F,Active
C01003709,2024-01-26,B001,ZM,Retail,App,2012-03-22,M,Active
C01003710,2024-07-20,B015,ZM,Retail,USSD,1997-01-27,F,Active
C01003711,2024-09-26,B002,ZM,Retail,Web,1970-05-24,M,Active
C01003712,2023-11-02,B005,ZM,Retail,Agent,2010-03-18,F,Active
C01003713,2025-04-06,B005,ZM,Retail,Agent,1963-07-26,M,Active
C01003714,2022-01-06,B010,ZM,Premium,ATM,1980-11-01,M,Active
C01003715,2026-02-09,B005,ZM,Premium,USSD,1978-02-28,F,Active
C01003716,2022-07-10,B010,ZM,SME,Branch,1973-03-22,M,Active
C01003717,2026-02-05,B020,ZM,Retail,Web,1986-12-11,M,Active
C01003718,2024-07-27,B010,ZM,Retail,Agent,1971-12-14,F,Active
C01003719,2025-07-24,B020,ZM,Retail,Agent,1995-01-19,F,Active
C01003720,2025-09-22,B010,ZM,Premium,Web,1961-01-01,F,Active
C01003721,2025-11-29,B015,ZM,Retail,Agent,1993-05-12,M,Active
C01003722,2024-01-04,B015,ZM,Retail,Branch,1965-05-19,M,Active
C01003723,2022-05-10,B004,ZM,Retail,Agent,2005-10-09,M,Active
C01003724,2024-12-30,B020,ZM,Retail,Web,1961-02-02,F,Active
C01003725,2024-03-25,B003,ZM,Premium,App,1970-02-11,M,Active
C01003726,2023-03-23,B020,ZM,Retail,Agent,2007-01-22,F,Active
C01003727,2024-05-29,B010,ZM,Retail,Web,1983-11-08,F,Active
C01003728,2023-03-10,B010,ZM,Retail,App,2012-07-14,M,Active
C01003729,2024-10-10,B003,ZM,SME,Agent,2007-08-06,M,Dormant
C01003730,2023-07-04,B001,ZM,Retail,Agent,1960-10-17,F,Active
C01003731,2023-10-24,B010,ZM,SME,Web,1987-03-19,F,Active
C01003732,2023-08-04,B004,ZM,Retail,ATM,1972-04-18,M,Active
C01003733,2023-11-23,B005,ZM,SME,ATM,1988-08-31,F,Dormant
C01003734,2025-01-25,B005,ZM,Retail,USSD,1981-11-10,F,Active
C01003735,2025-03-29,B002,ZM,Retail,ATM,2003-02-05,M,Active
C01003736,2022-09-25,B002,ZM,Retail,Branch,1979-02-27,F,Active
C01003737,2025-03-05,B005,ZM,Retail,USSD,1976-12-04,M,Active
C01003738,2024-09-20,B005,ZM,Retail,ATM,2002-08-04,M,Dormant
C01003739,2023-12-05,B015,ZM,SME,App,2002-11-28,M,Closed
C01003740,2025-10-29,B004,ZM,Retail,Web,2002-12-13,F,Active
C01003741,2022-04-10,B003,ZM,Retail,ATM,1979-03-18,M,Active
C01003742,2022-04-05,B002,ZM,Retail,App,1968-11-19,M,Dormant
C01003743,2022-07-23,B015,ZM,Retail,USSD,1975-06-20,M,Active
C01003744,2025-07-06,B015,ZM,SME,Web,1994-10-18,M,Active
C01003745,2024-07-30,B003,ZM,Retail,ATM,2009-08-12,M,Active
C01003746,2022-02-03,B015,ZM,Premium,USSD,2008-07-27,M,Active
C01003747,2022-09-12,B020,ZM,Premium,ATM,1966-05-12,F,Active
C01003748,2022-11-20,B004,ZM,Retail,USSD,1973-02-08,F,Active
C01003749,2024-06-22,B005,ZM,Retail,ATM,1971-05-23,F,Active
C01003750,2024-07-23,B010,ZM,SME,App,2005-09-28,F,Active
C01003751,2022-01-02,B003,ZM,Retail,Branch,1973-01-16,M,Active
C01003752,2024-05-26,B005,ZM,Retail,App,1966-02-06,F,Dormant
C01003753,2023-02-19,B005,ZM,Retail,Web,2002-11-08,F,Dormant
C01003754,2025-11-11,B001,ZM,Retail,ATM,2006-01-21,F,Active
C01003755,2022-09-28,B020,ZM,SME,Branch,1966-07-06,M,Active
C01003756,2025-08-24,B003,ZM,Retail,Branch,2010-10-16,M,Active
C01003757,2023-09-11,B015,ZM,Retail,Web,1974-10-11,M,Dormant
C01003758,2022-11-22,B010,ZM,SME,Web,1982-03-01,F,Active
C01003759,2023-07-16,B003,ZM,SME,Branch,1997-02-04,M,Active
C01003760,2022-07-11,B015,ZM,Retail,Web,1992-06-13,M,Active
C01003761,2025-09-02,B005,ZM,SME,Web,1980-03-20,M,Active
C01003762,2024-01-09,B010,ZM,Retail,ATM,1983-07-19,F,Active
C01003763,2023-05-28,B015,ZM,SME,App,1996-06-16,M,Active
C01003764,2022-06-18,B004,ZM,Retail,Agent,1965-05-09,F,Active
C01003765,2024-02-01,B015,ZM,Retail,USSD,1998-09-29,F,Active
C01003766,2025-09-22,B001,ZM,Retail,Branch,1963-11-07,M,Active
C01003767,2025-08-21,B020,ZM,Retail,USSD,1988-10-01,M,Dormant
C01003768,2022-12-05,B005,ZM,Premium,Branch,1995-05-28,M,Active
C01003769,2022-04-17,B015,ZM,Retail,Branch,1962-06-25,M,Active
C01003770,2024-03-22,B020,ZM,SME,App,1977-04-12,F,Active
C01003771,2025-07-05,B002,ZM,Premium,Branch,1993-07-10,F,Active
C01003772,2023-09-18,B002,ZM,Retail,Branch,1995-01-21,F,Active
C01003773,2026-01-26,B020,ZM,SME,App,2000-05-09,F,Active
C01003774,2025-12-03,B020,ZM,Retail,Web,2014-05-28,M,Active
C01003775,2023-04-25,B001,ZM,SME,Agent,1980-02-28,F,Active
C01003776,2024-05-29,B004,ZM,Retail,USSD,1971-06-04,F,Active
C01003777,2025-09-04,B005,ZM,Retail,Branch,2003-01-02,M,Active
C01003778,2022-07-06,B003,ZM,Retail,App,2005-09-17,F,Dormant
C01003779,2025-12-12,B001,ZM,Retail,Branch,1996-06-21,M,Dormant
C01003780,2022-07-14,B004,ZM,Retail,App,1974-02-09,M,Active
C01003781,2022-01-03,B020,ZM,Retail,USSD,1981-08-26,M,Active
C01003782,2023-03-14,B003,ZM,SME,ATM,2013-09-26,F,Active
C01003783,2024-09-03,B020,ZM,Retail,Web,2006-10-06,M,Active
C01003784,2022-06-09,B020,ZM,Retail,ATM,1985-10-20,M,Dormant
C01003785,2022-09-29,B002,ZM,Retail,App,2004-08-07,M,Dormant
C01003786,2025-04-30,B002,ZM,Retail,Branch,1966-09-25,F,Active
C01003787,2023-04-09,B003,ZM,Retail,Web,1998-10-28,F,Active
C01003788,2024-11-29,B001,ZM,SME,USSD,2013-10-23,M,Active
C01003789,2025-10-24,B002,ZM,Premium,Agent,1962-10-09,F,Dormant
C01003790,2024-06-30,B005,ZM,Retail,Web,1997-06-09,F,Active
C01003791,2022-01-20,B020,ZM,Retail,Branch,1965-12-13,F,Active
C01003792,2022-01-17,B010,ZM,Retail,ATM,2010-05-23,F,Closed
C01003793,2025-11-25,B015,ZM,Retail,App,1967-08-12,F,Dormant
C01003794,2023-12-05,B003,ZM,Retail,ATM,1973-01-21,M,Active
C01003795,2022-09-04,B003,ZM,SME,Web,1963-08-02,F,Active
C01003796,2024-05-14,B002,ZM,Retail,Agent,1993-02-24,F,Active
C01003797,2025-11-22,B001,ZM,SME,Branch,1984-11-19,F,Active
C01003798,2022-09-28,B020,ZM,Retail,App,1995-04-13,F,Active
C01003799,2024-09-05,B005,ZM,Retail,Branch,1985-03-12,M,Active
C01003800,2022-05-26,B001,ZM,Retail,Branch,2001-09-02,M,Active
C01003801,2023-04-14,B004,ZM,Retail,Agent,1990-08-20,F,Active
C01003802,2024-02-24,B004,ZM,Retail,Web,1987-03-24,M,Active
C01003803,2022-07-02,B010,ZM,SME,ATM,2008-01-09,F,Active
C01003804,2026-02-05,B002,ZM,Retail,Branch,2014-04-21,F,Active
C01003805,2022-07-29,B002,ZM,SME,Branch,1989-05-06,M,Active
C01003806,2022-07-31,B002,ZM,Retail,Branch,1987-08-24,M,Closed
C01003807,2023-10-04,B010,ZM,Retail,App,2002-02-27,F,Active
C01003808,2024-01-23,B004,ZM,Retail,Branch,2005-11-18,F,Active
C01003809,2023-09-05,B001,ZM,Retail,Branch,2003-10-05,M,Active
C01003810,2022-10-08,B010,ZM,Retail,Web,1994-08-21,F,Active
C01003811,2024-02-23,B010,ZM,Retail,Branch,2012-11-21,F,Active
C01003812,2022-09-30,B001,ZM,Retail,Agent,2010-04-04,M,Active
C01003813,2025-08-06,B002,ZM,Retail,Agent,2014-04-18,M,Active
C01003814,2025-10-18,B005,ZM,Retail,Branch,2013-10-08,M,Active
C01003815,2022-10-20,B001,ZM,Retail,Agent,2011-06-30,F,Closed
C01003816,2022-05-21,B004,ZM,Retail,Web,1972-04-24,F,Active
C01003817,2024-12-22,B003,ZM,SME,App,2002-02-07,M,Active
C01003818,2025-02-27,B020,ZM,Retail,Agent,1990-03-29,M,Active
C01003819,2022-01-18,B003,ZM,SME,Agent,1968-02-29,F,Active
C01003820,2025-06-03,B015,ZM,Retail,ATM,2003-12-06,F,Dormant
C01003821,2025-08-24,B015,ZM,Retail,Web,1990-09-20,F,Active
C01003822,2022-12-03,B010,ZM,Retail,Agent,2007-10-17,M,Active
C01003823,2024-06-20,B020,ZM,Premium,App,2006-05-19,M,Active
C01003824,2023-12-21,B003,ZM,Retail,ATM,1965-08-24,F,Active
C01003825,2026-01-19,B005,ZM,SME,Branch,1982-07-28,F,Dormant
C01003826,2023-03-13,B002,ZM,Retail,Web,1984-01-23,F,Active
C01003827,2025-07-10,B004,ZM,Retail,Agent,1984-05-02,F,Active
C01003828,2022-11-07,B015,ZM,Retail,Branch,1985-12-03,M,Active
C01003829,2024-04-23,B005,ZM,Retail,Web,2013-04-30,M,Active
C01003830,2025-06-15,B004,ZM,Retail,ATM,2006-01-25,M,Active
C01003831,2025-11-07,B004,ZM,Retail,Agent,1980-06-09,M,Active
C01003832,2024-06-25,B002,ZM,Retail,App,1988-02-01,M,Active
C01003833,2023-03-21,B020,ZM,Premium,Web,1989-01-30,F,Active
C01003834,2022-06-27,B010,ZM,Retail,App,1981-06-24,M,Active
C01003835,2022-07-25,B003,ZM,SME,Branch,2010-10-12,M,Active
C01003836,2022-10-14,B002,ZM,Retail,Branch,1977-02-27,M,Dormant
C01003837,2022-09-10,B005,ZM,Retail,ATM,1991-04-08,F,Active
C01003838,2025-04-22,B010,ZM,Premium,ATM,1987-06-26,F,Active
C01003839,2026-02-04,B005,ZM,SME,USSD,1977-03-18,M,Active
C01003840,2024-02-26,B010,ZM,SME,USSD,1990-01-20,M,Active
C01003841,2023-12-21,B020,ZM,Retail,ATM,2006-06-11,M,Active
C01003842,2024-05-29,B015,ZM,Retail,Agent,1996-12-02,M,Active
C01003843,2023-10-07,B005,ZM,Retail,Branch,1984-12-26,F,Active
C01003844,2022-10-14,B002,ZM,Retail,App,1983-09-04,M,Active
C01003845,2023-05-23,B010,ZM,Retail,ATM,2013-08-17,M,Active
C01003846,2023-07-22,B010,ZM,SME,Agent,1998-01-09,M,Closed
C01003847,2025-08-13,B004,ZM,SME,App,1976-11-23,M,Active
C01003848,2022-06-22,B004,ZM,Retail,USSD,1972-06-29,F,Active
C01003849,2023-05-24,B001,ZM,Retail,App,1986-06-20,M,Active
C01003850,2025-02-07,B005,ZM,SME,ATM,1977-01-15,M,Active
C01003851,2025-05-15,B004,ZM,Retail,Branch,1992-06-06,M,Active
C01003852,2025-05-13,B001,ZM,Retail,ATM,2008-09-10,M,Active
C01003853,2026-01-16,B015,ZM,Retail,Web,2009-08-08,M,Active
C01003854,2025-05-29,B015,ZM,Retail,Agent,1988-10-23,F,Active
C01003855,2023-08-07,B004,ZM,Premium,Agent,1978-05-05,F,Dormant
C01003856,2025-11-15,B005,ZM,Retail,Agent,2001-07-05,M,Active
C01003857,2022-02-24,B010,ZM,Retail,Web,2012-03-10,F,Active
C01003858,2025-09-10,B003,ZM,Retail,Web,2006-08-30,M,Active
C01003859,2023-09-10,B020,ZM,SME,Branch,1975-07-23,M,Dormant
C01003860,2023-02-25,B005,ZM,SME,Agent,1970-07-07,M,Dormant
C01003861,2024-11-26,B020,ZM,Retail,ATM,1986-02-23,M,Closed
C01003862,2025-05-27,B002,ZM,Retail,Web,1982-02-28,M,Closed
C01003863,2024-11-09,B015,ZM,Retail,ATM,1978-06-16,M,Closed
C01003864,2023-01-22,B004,ZM,Retail,USSD,2013-08-29,F,Active
C01003865,2024-03-13,B004,ZM,Retail,Agent,1990-04-08,M,Active
C01003866,2023-08-29,B020,ZM,Retail,Web,1976-06-04,F,Active
C01003867,2025-08-16,B010,ZM,Retail,Web,2004-08-01,F,Active
C01003868,2022-04-22,B020,ZM,Retail,Branch,1993-08-22,F,Active
C01003869,2023-05-06,B002,ZM,Retail,ATM,1982-01-13,M,Dormant
C01003870,2024-10-10,B010,ZM,SME,Branch,1995-02-18,M,Active
C01003871,2024-03-01,B002,ZM,Retail,Branch,2003-06-14,M,Dormant
C01003872,2022-08-19,B003,ZM,Retail,ATM,1984-04-15,M,Active
C01003873,2023-05-09,B015,ZM,Premium,USSD,2010-12-22,M,Active
C01003874,2024-10-20,B004,ZM,Retail,ATM,2001-03-09,F,Active
C01003875,2025-07-30,B004,ZM,Retail,USSD,2008-03-18,F,Active
C01003876,2025-05-01,B003,ZM,Retail,Branch,1990-08-17,M,Active
C01003877,2022-05-26,B001,ZM,Retail,USSD,1973-02-16,F,Active
C01003878,2024-12-17,B015,ZM,Retail,Agent,1982-11-07,F,Active
C01003879,2022-01-25,B010,ZM,Retail,USSD,2014-05-13,M,Active
C01003880,2024-01-10,B003,ZM,SME,USSD,1966-06-18,M,Dormant
C01003881,2023-10-11,B010,ZM,Retail,Web,1982-08-28,M,Active
C01003882,2022-09-28,B020,ZM,Retail,Web,1971-03-01,F,Active
C01003883,2024-03-03,B005,ZM,Retail,Branch,1993-10-13,F,Active
C01003884,2025-03-10,B004,ZM,Retail,ATM,2009-05-27,F,Dormant
C01003885,2024-05-11,B010,ZM,Retail,USSD,1995-04-07,F,Active
C01003886,2024-01-19,B002,ZM,Retail,Agent,1960-04-17,F,Active
C01003887,2025-01-23,B010,ZM,Retail,Web,1965-12-20,F,Dormant
C01003888,2025-10-30,B005,ZM,Retail,ATM,1976-12-12,F,Active
C01003889,2022-12-20,B015,ZM,SME,Agent,1982-11-10,M,Active
C01003890,2024-08-22,B004,ZM,Retail,USSD,2004-05-30,F,Active
C01003891,2022-05-30,B020,ZM,Premium,ATM,2000-10-18,M,Active
C01003892,2022-02-04,B003,ZM,Retail,Agent,2009-05-26,M,Active
C01003893,2025-04-17,B020,ZM,Retail,App,2012-05-09,F,Closed
C01003894,2022-05-19,B005,ZM,SME,Agent,1984-11-09,F,Active
C01003895,2022-01-29,B004,ZM,Retail,Agent,2005-11-08,M,Active
C01003896,2023-06-21,B010,ZM,Retail,USSD,2010-11-28,F,Active
C01003897,2023-03-18,B015,ZM,Retail,ATM,1997-09-21,M,Active
C01003898,2022-03-23,B001,ZM,Retail,USSD,1977-11-14,F,Active
C01003899,2022-05-04,B015,ZM,Retail,USSD,1983-11-02,F,Active
C01003900,2024-03-26,B001,ZM,Premium,App,1964-07-28,M,Active
C01003901,2024-11-03,B002,ZM,Retail,Agent,1998-05-16,M,Active
C01003902,2023-08-10,B015,ZM,SME,ATM,2003-12-02,M,Active
C01003903,2025-07-11,B004,ZM,Retail,Branch,2013-05-27,M,Active
C01003904,2025-12-30,B001,ZM,Retail,Web,1969-09-11,F,Active
C01003905,2024-10-23,B003,ZM,Retail,USSD,2002-09-26,M,Active
C01003906,2024-04-30,B004,ZM,SME,USSD,1999-03-22,M,Active
C01003907,2024-05-17,B003,ZM,SME,USSD,1994-09-16,M,Active
C01003908,2025-12-08,B015,ZM,Retail,USSD,1988-02-04,F,Active
C01003909,2024-04-03,B003,ZM,Retail,Web,1970-09-18,F,Active
C01003910,2022-06-18,B001,ZM,Retail,Branch,1972-07-14,M,Active
C01003911,2025-08-04,B004,ZM,Retail,App,1976-03-31,F,Active
C01003912,2025-01-03,B010,ZM,Retail,Branch,1971-01-10,M,Active
C01003913,2025-01-06,B005,ZM,SME,Web,1992-06-01,F,Active
C01003914,2025-06-15,B001,ZM,Retail,ATM,1964-11-20,M,Active
C01003915,2022-11-09,B001,ZM,Retail,App,1963-09-06,M,Active
C01003916,2023-07-23,B010,ZM,Retail,App,1966-04-21,F,Active
C01003917,2022-06-21,B004,ZM,Retail,ATM,1984-11-18,M,Active
C01003918,2023-09-27,B004,ZM,Retail,Agent,1969-08-22,M,Active
C01003919,2022-06-11,B020,ZM,Retail,USSD,2009-03-16,M,Active
C01003920,2024-11-13,B015,ZM,SME,Web,2008-01-07,F,Active
C01003921,2023-02-21,B003,ZM,Retail,ATM,1984-01-30,F,Active
C01003922,2022-11-15,B015,ZM,Retail,Branch,1971-06-07,M,Active
C01003923,2025-01-03,B010,ZM,Retail,Branch,1968-08-08,M,Active
C01003924,2023-11-01,B015,ZM,Retail,Agent,1997-12-21,M,Active
C01003925,2024-03-11,B010,ZM,Retail,ATM,1978-05-19,F,Active
C01003926,2025-04-16,B004,ZM,SME,Web,1963-08-01,M,Active
C01003927,2025-07-23,B003,ZM,Retail,Agent,2010-10-30,M,Active
C01003928,2025-08-23,B015,ZM,SME,Agent,1965-05-16,M,Dormant
C01003929,2025-10-26,B001,ZM,Retail,Agent,1960-11-18,F,Closed
C01003930,2025-08-10,B002,ZM,Retail,App,1969-12-30,M,Active
C01003931,2022-05-16,B020,ZM,Premium,App,1990-04-15,F,Active
C01003932,2023-09-28,B005,ZM,Retail,USSD,1984-11-12,M,Dormant
C01003933,2025-12-01,B001,ZM,SME,Web,1985-06-30,M,Active
C01003934,2024-06-14,B004,ZM,Retail,Branch,1998-07-23,M,Active
C01003935,2026-02-03,B005,ZM,Retail,Branch,1981-08-04,F,Active
C01003936,2023-05-04,B002,ZM,SME,USSD,1980-09-04,M,Active
C01003937,2022-04-29,B002,ZM,SME,Branch,1979-10-11,M,Active
C01003938,2023-05-16,B003,ZM,Retail,Agent,2014-02-26,M,Active
C01003939,2022-06-26,B005,ZM,Retail,USSD,2011-03-11,F,Active
C01003940,2024-06-08,B003,ZM,Retail,USSD,1983-12-06,M,Active
C01003941,2022-08-26,B001,ZM,SME,ATM,2009-07-30,M,Active
C01003942,2024-07-17,B010,ZM,Retail,App,1991-09-20,M,Active
C01003943,2025-06-07,B010,ZM,SME,Web,1981-03-16,F,Active
C01003944,2025-05-31,B010,ZM,Retail,Web,1973-08-11,F,Active
C01003945,2022-04-23,B005,ZM,Retail,App,1962-01-22,F,Active
C01003946,2023-09-26,B010,ZM,Retail,Agent,2009-09-03,F,Active
C01003947,2025-09-26,B001,ZM,Retail,Web,2012-05-27,F,Active
C01003948,2025-09-09,B003,ZM,Premium,Branch,1988-05-31,M,Active
C01003949,2022-12-26,B005,ZM,Retail,Branch,1979-09-22,F,Active
C01003950,2022-09-02,B003,ZM,Premium,Web,1975-06-01,F,Dormant
C01003951,2022-01-26,B005,ZM,Retail,ATM,1994-05-21,F,Active
C01003952,2025-12-20,B003,ZM,Retail,Web,1978-03-23,F,Active
C01003953,2022-10-09,B002,ZM,SME,USSD,2008-08-06,F,Active
C01003954,2025-12-07,B003,ZM,Retail,Agent,1961-07-25,F,Dormant
C01003955,2022-01-24,B010,ZM,Retail,USSD,1974-05-22,M,Active
C01003956,2022-12-02,B002,ZM,Retail,App,1968-03-06,M,Active
C01003957,2024-10-13,B003,ZM,SME,Agent,2011-04-01,F,Active
C01003958,2023-12-12,B005,ZM,SME,Agent,1984-03-13,F,Active
C01003959,2024-12-07,B005,ZM,Retail,Branch,2003-08-16,F,Active
C01003960,2024-11-25,B020,ZM,SME,Agent,1971-03-05,F,Active
C01003961,2026-01-16,B005,ZM,Retail,ATM,1968-08-01,M,Active
C01003962,2023-06-15,B004,ZM,Retail,Web,1982-02-01,F,Active
C01003963,2022-12-08,B001,ZM,SME,USSD,1996-06-16,M,Active
C01003964,2024-02-01,B005,ZM,Retail,Branch,1979-10-28,M,Active
C01003965,2022-09-17,B002,ZM,SME,Branch,1981-09-17,M,Active
C01003966,2023-07-05,B020,ZM,Retail,ATM,2001-03-23,M,Active
C01003967,2022-08-30,B005,ZM,Retail,ATM,2014-09-09,F,Active
C01003968,2022-03-02,B004,ZM,Retail,ATM,1974-11-10,M,Active
C01003969,2023-11-18,B010,ZM,Retail,ATM,1975-07-27,F,Active
C01003970,2024-05-29,B002,ZM,SME,USSD,1979-10-08,F,Active
C01003971,2023-07-12,B004,ZM,Retail,ATM,1985-01-26,M,Active
C01003972,2024-12-08,B010,ZM,Retail,Branch,1969-08-19,M,Active
C01003973,2022-05-11,B015,ZM,Retail,Branch,1960-04-13,M,Active
C01003974,2023-06-23,B015,ZM,Retail,Agent,1981-06-03,F,Dormant
C01003975,2025-12-29,B002,ZM,SME,Web,1987-09-04,M,Active
C01003976,2025-03-26,B003,ZM,Retail,Branch,1999-01-16,F,Active
C01003977,2025-07-09,B001,ZM,Retail,Branch,2012-01-01,F,Active
C01003978,2022-06-07,B020,ZM,SME,USSD,2013-10-20,F,Active
C01003979,2024-10-13,B001,ZM,Retail,Agent,1994-09-10,F,Active
C01003980,2024-07-21,B004,ZM,SME,Branch,2000-01-10,M,Closed
C01003981,2024-11-12,B010,ZM,Retail,App,1979-02-22,M,Active
C01003982,2024-01-08,B001,ZM,Retail,Branch,1980-10-30,M,Active
C01003983,2022-04-24,B010,ZM,SME,Web,1969-01-01,M,Active
C01003984,2024-10-20,B010,ZM,Retail,Web,1967-05-10,M,Active
C01003985,2025-03-06,B004,ZM,Retail,Agent,1996-08-25,M,Active
C01003986,2022-12-08,B004,ZM,Retail,Agent,1999-11-05,F,Active
C01003987,2024-01-24,B004,ZM,Retail,ATM,1999-09-13,M,Active
C01003988,2022-11-19,B001,ZM,Retail,USSD,1973-06-28,F,Dormant
C01003989,2023-06-07,B015,ZM,SME,Web,1994-06-29,F,Active
C01003990,2022-07-30,B004,ZM,Retail,App,1994-02-08,F,Active
C01003991,2025-03-21,B020,ZM,Retail,App,1962-01-24,F,Active
C01003992,2025-10-12,B001,ZM,SME,ATM,2008-07-23,M,Active
C01003993,2026-01-20,B004,ZM,Retail,USSD,1984-05-17,M,Active
C01003994,2022-08-25,B005,ZM,Retail,USSD,1978-05-27,F,Active
C01003995,2023-04-13,B010,ZM,SME,Agent,2004-02-05,F,Dormant
C01003996,2024-11-08,B020,ZM,SME,Branch,1999-03-05,M,Active
C01003997,2022-01-06,B004,ZM,Retail,App,2007-01-02,F,Dormant
C01003998,2022-04-01,B002,ZM,Retail,App,1990-09-16,M,Active
C01003999,2022-01-26,B010,ZM,Retail,App,1988-11-22,F,Active
C01004000,2023-05-16,B010,ZM,Retail,App,1961-11-09,F,Dormant
C01004001,2022-04-05,B004,ZM,Retail,Web,2004-10-08,M,Active
C01004002,2024-08-24,B015,ZM,SME,USSD,2005-07-14,M,Dormant
C01004003,2024-01-16,B003,ZM,Premium,Branch,1994-10-19,M,Active
C01004004,2024-02-24,B015,ZM,SME,Web,1999-09-02,M,Active
C01004005,2022-11-04,B004,ZM,Retail,USSD,2014-06-01,M,Active
C01004006,2023-01-02,B010,ZM,SME,ATM,1978-06-07,M,Active
C01004007,2022-03-14,B020,ZM,Retail,App,1993-06-17,M,Dormant
C01004008,2025-02-06,B002,ZM,Retail,Branch,1972-12-18,F,Dormant
C01004009,2026-01-02,B020,ZM,Retail,USSD,1966-12-09,M,Active
C01004010,2025-09-04,B020,ZM,Retail,ATM,2013-11-30,F,Active
C01004011,2024-05-08,B010,ZM,SME,App,1993-11-18,M,Active
C01004012,2023-04-05,B015,ZM,Retail,ATM,1975-02-08,M,Active
C01004013,2023-10-22,B002,ZM,Retail,ATM,1996-03-30,F,Closed
C01004014,2023-05-24,B001,ZM,Premium,Web,1978-08-01,F,Active
C01004015,2024-05-02,B005,ZM,Retail,ATM,1979-07-21,F,Active
C01004016,2026-01-15,B010,ZM,SME,Web,1988-03-10,F,Active
C01004017,2023-10-18,B004,ZM,Retail,Agent,1991-09-10,M,Active
C01004018,2023-07-10,B001,ZM,Retail,Web,1996-05-05,M,Active
C01004019,2022-06-09,B005,ZM,SME,ATM,1984-08-05,M,Active
C01004020,2025-03-16,B004,ZM,Retail,USSD,1982-04-26,M,Dormant
C01004021,2024-02-03,B020,ZM,Retail,ATM,1986-01-28,M,Active
C01004022,2022-09-02,B003,ZM,Retail,ATM,1980-09-17,F,Active
C01004023,2024-10-25,B004,ZM,Retail,USSD,1994-01-15,M,Dormant
C01004024,2025-10-10,B002,ZM,Retail,App,2013-11-13,M,Dormant
C01004025,2022-04-18,B002,ZM,Retail,Branch,2002-02-20,F,Active
C01004026,2023-01-03,B003,ZM,Retail,Agent,1962-03-06,F,Active
C01004027,2023-04-03,B001,ZM,SME,App,2010-07-15,F,Active
C01004028,2024-11-22,B005,ZM,Retail,ATM,1981-11-23,M,Dormant
C01004029,2022-04-05,B004,ZM,Retail,App,1965-10-20,F,Active
C01004030,2024-04-01,B002,ZM,Retail,Branch,2000-07-28,F,Active
C01004031,2022-05-22,B001,ZM,SME,App,1961-12-17,F,Active
C01004032,2024-08-10,B003,ZM,SME,Branch,1994-11-20,F,Closed
C01004033,2023-08-02,B015,ZM,Retail,App,2011-04-15,F,Active
C01004034,2023-09-29,B010,ZM,SME,Web,1990-12-19,M,Active
C01004035,2023-11-02,B015,ZM,Retail,ATM,1992-04-02,M,Active
C01004036,2022-06-26,B015,ZM,Retail,Branch,1994-03-06,F,Active
C01004037,2025-02-06,B002,ZM,Retail,Agent,1961-11-02,F,Active
C01004038,2024-07-24,B020,ZM,Retail,ATM,2004-01-17,F,Active
C01004039,2022-01-17,B020,ZM,Retail,Web,1999-02-21,F,Active
C01004040,2024-01-26,B003,ZM,Retail,App,1999-12-14,F,Dormant
C01004041,2023-02-15,B004,ZM,Premium,ATM,1998-01-19,F,Closed
C01004042,2023-08-21,B020,ZM,SME,App,1968-01-10,M,Dormant
C01004043,2025-02-28,B015,ZM,Retail,App,1999-03-28,F,Active
C01004044,2023-09-15,B020,ZM,Retail,ATM,1982-11-14,F,Active
C01004045,2025-06-29,B015,ZM,Retail,Branch,1991-03-29,F,Active
C01004046,2023-05-12,B005,ZM,Retail,Branch,1980-07-03,F,Active
C01004047,2024-08-08,B002,ZM,Retail,ATM,1984-02-22,M,Active
C01004048,2024-01-25,B002,ZM,Retail,Branch,1992-11-20,F,Active
C01004049,2025-04-26,B004,ZM,Retail,USSD,1983-04-25,M,Active
C01004050,2024-10-07,B020,ZM,SME,App,2002-12-06,F,Active
C01004051,2023-02-05,B020,ZM,Retail,ATM,1974-03-08,F,Active
C01004052,2026-02-09,B010,ZM,Retail,Agent,1975-02-13,F,Dormant
C01004053,2025-01-24,B001,ZM,Retail,Web,1979-08-29,F,Active
C01004054,2023-05-18,B005,ZM,Retail,ATM,2012-07-11,M,Active
C01004055,2022-11-05,B002,ZM,SME,ATM,2006-05-25,F,Active
C01004056,2022-01-14,B005,ZM,Retail,App,2013-09-30,M,Active
C01004057,2024-04-19,B002,ZM,Premium,Web,2007-08-19,M,Active
C01004058,2022-02-18,B005,ZM,Premium,App,1977-07-23,F,Active
C01004059,2023-04-23,B003,ZM,Retail,Agent,1963-04-04,M,Active
C01004060,2025-01-14,B015,ZM,Retail,Branch,1994-03-22,M,Active
C01004061,2023-12-11,B002,ZM,SME,ATM,1992-09-15,F,Active
C01004062,2025-07-26,B005,ZM,Premium,App,1964-04-21,F,Active
C01004063,2025-11-21,B020,ZM,Retail,Agent,1980-07-04,F,Active
C01004064,2022-01-20,B001,ZM,SME,Agent,1968-01-27,F,Active
C01004065,2023-11-18,B003,ZM,SME,USSD,1974-03-30,F,Active
C01004066,2022-01-03,B003,ZM,Retail,ATM,1968-04-15,F,Active
C01004067,2025-09-08,B001,ZM,Retail,Agent,2009-08-05,M,Active
C01004068,2024-02-10,B005,ZM,SME,Branch,1964-06-28,F,Active
C01004069,2026-01-29,B020,ZM,Retail,App,1982-06-18,M,Dormant
C01004070,2023-09-22,B004,ZM,Retail,App,1967-02-10,F,Dormant
C01004071,2022-08-01,B001,ZM,Retail,USSD,2007-02-14,M,Closed
C01004072,2023-02-25,B005,ZM,Retail,Branch,1982-11-21,M,Active
C01004073,2024-12-21,B001,ZM,Retail,Agent,2000-08-25,M,Active
C01004074,2023-05-03,B001,ZM,SME,USSD,1973-05-15,F,Active
C01004075,2024-05-09,B002,ZM,Retail,Agent,1986-04-20,M,Active
C01004076,2024-10-04,B005,ZM,Retail,Agent,1972-09-15,F,Dormant
C01004077,2022-05-03,B004,ZM,Retail,ATM,1999-02-08,M,Active
C01004078,2022-10-19,B015,ZM,Retail,Web,1984-12-26,F,Active
C01004079,2025-12-28,B002,ZM,Retail,Agent,1976-09-08,F,Dormant
C01004080,2023-07-28,B001,ZM,Retail,App,1980-07-20,M,Dormant
C01004081,2022-07-10,B015,ZM,Retail,Agent,1996-09-25,F,Active
C01004082,2022-03-31,B010,ZM,Retail,USSD,1987-12-15,F,Active
C01004083,2023-04-20,B015,ZM,Retail,Agent,1974-12-13,F,Active
C01004084,2024-11-30,B001,ZM,Retail,App,2006-09-12,M,Active
C01004085,2024-04-25,B001,ZM,Premium,App,1965-12-28,F,Dormant
C01004086,2025-12-06,B020,ZM,Retail,USSD,1980-10-18,F,Closed
C01004087,2024-02-02,B005,ZM,Retail,App,1968-04-11,M,Active
C01004088,2024-07-27,B005,ZM,Retail,Branch,1964-09-04,M,Active
C01004089,2022-06-23,B002,ZM,Retail,Branch,2011-05-16,F,Active
C01004090,2025-04-04,B004,ZM,Retail,Web,1975-10-14,M,Dormant
C01004091,2022-07-15,B002,ZM,Retail,Branch,1985-11-10,F,Dormant
C01004092,2024-11-01,B003,ZM,Retail,USSD,2009-02-26,M,Active
C01004093,2022-10-01,B001,ZM,SME,Agent,2002-03-10,M,Active
C01004094,2025-07-29,B015,ZM,SME,Branch,1997-12-21,M,Active
C01004095,2024-03-18,B010,ZM,Retail,Web,1975-01-24,M,Active
C01004096,2022-06-03,B001,ZM,Retail,ATM,1981-03-12,F,Active
C01004097,2025-04-27,B001,ZM,Retail,ATM,1961-07-17,M,Active
C01004098,2025-03-08,B002,ZM,SME,USSD,1977-07-12,F,Active
C01004099,2022-05-08,B010,ZM,SME,Web,2014-01-24,F,Active
C01004100,2024-06-09,B010,ZM,Retail,Branch,1966-11-29,F,Closed
C01004101,2025-09-18,B010,ZM,Retail,Web,1966-01-16,M,Active
C01004102,2022-09-25,B002,ZM,Retail,App,1969-02-08,M,Active
C01004103,2023-04-30,B001,ZM,Retail,Web,1984-02-20,M,Active
C01004104,2023-08-21,B002,ZM,Retail,Branch,1976-01-13,M,Active
C01004105,2023-06-19,B005,ZM,Retail,USSD,2007-11-26,F,Active
C01004106,2023-10-08,B005,ZM,Retail,App,1971-02-19,M,Active
C01004107,2024-03-15,B002,ZM,Premium,Web,2001-06-30,F,Active
C01004108,2025-12-06,B010,ZM,Premium,ATM,2009-08-26,M,Active
C01004109,2023-10-31,B020,ZM,Retail,Branch,1993-02-05,M,Active
C01004110,2023-10-14,B001,ZM,Retail,USSD,1976-01-19,F,Active
C01004111,2024-07-16,B002,ZM,SME,Agent,1973-09-13,M,Active
C01004112,2023-07-11,B002,ZM,Retail,Branch,2007-11-16,M,Active
C01004113,2023-04-24,B002,ZM,Retail,Web,1976-10-04,F,Active
C01004114,2022-06-02,B020,ZM,Retail,USSD,1982-01-14,M,Active
C01004115,2023-02-20,B020,ZM,Retail,ATM,1960-10-13,F,Active
C01004116,2022-10-06,B003,ZM,Retail,App,1989-03-14,F,Closed
C01004117,2025-04-12,B005,ZM,Retail,Web,1975-05-31,M,Active
C01004118,2022-08-12,B015,ZM,Retail,USSD,1984-06-06,F,Active
C01004119,2022-11-15,B010,ZM,Retail,App,2006-01-17,F,Active
C01004120,2022-08-05,B004,ZM,Retail,USSD,1961-11-09,M,Active
C01004121,2022-12-03,B020,ZM,Retail,Agent,2004-12-08,M,Active
C01004122,2024-07-09,B015,ZM,SME,Web,2005-04-05,M,Active
C01004123,2024-08-12,B020,ZM,Retail,USSD,1965-02-05,F,Active
C01004124,2023-10-06,B010,ZM,Retail,ATM,1995-05-01,F,Active
C01004125,2024-04-12,B004,ZM,Retail,USSD,1972-02-09,M,Active
C01004126,2022-09-05,B003,ZM,Retail,Web,1974-12-25,F,Active
C01004127,2025-01-02,B002,ZM,Retail,USSD,1964-05-03,F,Closed
C01004128,2024-01-04,B003,ZM,Retail,App,2002-01-30,M,Active
C01004129,2023-03-02,B020,ZM,Retail,App,1973-12-26,M,Active
C01004130,2024-07-14,B003,ZM,Retail,Agent,1971-11-13,M,Active
C01004131,2023-09-24,B015,ZM,Retail,Branch,1981-09-14,F,Active
C01004132,2024-08-06,B001,ZM,Retail,Agent,2014-08-19,F,Dormant
C01004133,2023-06-27,B020,ZM,Retail,Branch,1992-12-10,M,Active
C01004134,2022-09-03,B020,ZM,Retail,ATM,2011-06-26,F,Active
C01004135,2022-07-05,B015,ZM,Retail,App,1985-01-20,M,Active
C01004136,2022-11-19,B005,ZM,Retail,Branch,2001-06-26,M,Active
C01004137,2025-11-06,B004,ZM,Retail,USSD,1982-01-19,M,Active
C01004138,2023-09-16,B002,ZM,Retail,ATM,2000-10-24,F,Active
C01004139,2025-12-14,B015,ZM,Retail,Web,1975-09-18,F,Active
C01004140,2025-11-28,B004,ZM,Retail,Branch,1969-11-09,F,Active
C01004141,2025-05-20,B010,ZM,Retail,Agent,1982-04-08,F,Active
C01004142,2022-03-24,B004,ZM,Retail,Branch,1974-07-17,F,Dormant
C01004143,2023-03-17,B010,ZM,Retail,Agent,2014-05-14,F,Dormant
C01004144,2023-11-03,B015,ZM,Premium,Agent,1963-10-17,M,Active
C01004145,2022-10-31,B020,ZM,SME,App,1966-01-06,M,Active
C01004146,2022-07-06,B020,ZM,Retail,ATM,1993-11-10,M,Dormant
C01004147,2025-12-27,B005,ZM,Retail,Agent,1972-03-11,M,Active
C01004148,2023-05-24,B015,ZM,Retail,App,1960-01-19,F,Active
C01004149,2023-12-30,B010,ZM,Retail,App,1985-10-07,M,Active
C01004150,2024-03-22,B004,ZM,Retail,Agent,2001-05-03,M,Active
C01004151,2024-11-17,B004,ZM,Retail,ATM,2007-06-13,M,Closed
C01004152,2022-04-11,B010,ZM,SME,USSD,2003-12-15,F,Active
C01004153,2025-10-18,B003,ZM,Retail,Branch,1995-06-09,M,Active
C01004154,2023-09-05,B005,ZM,Retail,App,2009-05-15,M,Active
C01004155,2023-06-17,B001,ZM,Retail,Branch,2008-07-29,M,Active
C01004156,2022-12-23,B020,ZM,Retail,ATM,1996-03-26,M,Active
C01004157,2022-03-05,B002,ZM,SME,USSD,2007-02-07,F,Active
C01004158,2024-04-08,B004,ZM,SME,Web,2001-11-11,F,Active
C01004159,2024-07-15,B002,ZM,SME,USSD,2006-08-15,M,Dormant
C01004160,2025-02-12,B001,ZM,Retail,ATM,1991-10-02,M,Active
C01004161,2025-01-31,B015,ZM,Retail,USSD,2014-04-28,F,Active
C01004162,2023-05-27,B002,ZM,Retail,Web,2011-10-22,F,Active
C01004163,2022-07-13,B001,ZM,Retail,App,1996-05-08,F,Active
C01004164,2024-08-04,B020,ZM,Retail,USSD,1982-07-22,F,Dormant
C01004165,2022-07-28,B010,ZM,Retail,Agent,2006-12-18,M,Dormant
C01004166,2022-10-14,B003,ZM,Retail,Agent,1996-07-28,F,Closed
C01004167,2022-09-06,B020,ZM,Retail,ATM,1974-12-21,M,Active
C01004168,2022-01-25,B004,ZM,Retail,USSD,2005-02-20,F,Active
C01004169,2022-05-07,B001,ZM,Retail,Web,2004-10-31,M,Active
C01004170,2023-04-01,B002,ZM,Retail,ATM,1971-04-29,F,Active
C01004171,2022-09-25,B004,ZM,Retail,USSD,1963-04-08,M,Active
C01004172,2023-02-10,B003,ZM,Retail,ATM,1978-07-24,F,Active
C01004173,2024-03-31,B010,ZM,Retail,Agent,1966-08-02,F,Active
C01004174,2024-02-02,B015,ZM,Retail,Web,2013-10-23,M,Active
C01004175,2025-11-06,B004,ZM,Premium,App,1992-12-20,M,Active
C01004176,2025-07-14,B015,ZM,Retail,Web,1986-10-10,F,Active
C01004177,2025-08-13,B001,ZM,Retail,App,1970-05-13,M,Active
C01004178,2022-06-22,B003,ZM,Retail,Branch,2014-03-22,M,Active
C01004179,2025-04-07,B002,ZM,SME,Agent,1996-12-30,F,Dormant
C01004180,2025-04-15,B003,ZM,Retail,Agent,1994-04-28,F,Active
C01004181,2023-06-15,B003,ZM,Retail,Agent,1993-09-22,F,Dormant
C01004182,2022-06-03,B005,ZM,Retail,Web,1986-11-14,M,Active
C01004183,2022-02-14,B003,ZM,Retail,App,1993-07-08,F,Active
C01004184,2022-05-13,B003,ZM,Retail,Branch,1962-02-21,F,Active
C01004185,2023-02-09,B020,ZM,Retail,Branch,1988-03-21,M,Active
C01004186,2025-08-15,B004,ZM,SME,Branch,2003-09-17,M,Dormant
C01004187,2024-06-27,B002,ZM,SME,ATM,1977-10-29,F,Active
C01004188,2022-09-21,B020,ZM,Retail,Web,1961-06-09,M,Active
C01004189,2022-07-08,B020,ZM,Retail,Web,1979-05-04,M,Active
C01004190,2023-11-11,B004,ZM,Retail,Agent,1999-01-27,F,Active
C01004191,2022-09-08,B004,ZM,SME,Web,1973-03-15,M,Active
C01004192,2022-03-29,B001,ZM,Retail,Web,2000-05-13,M,Active
C01004193,2024-08-02,B004,ZM,Premium,ATM,2012-12-20,M,Active
C01004194,2022-04-14,B005,ZM,Retail,Web,1972-07-18,F,Active
C01004195,2022-12-11,B005,ZM,Retail,App,1987-02-03,M,Active
C01004196,2025-03-21,B020,ZM,SME,Branch,1995-07-23,F,Active
C01004197,2024-06-06,B015,ZM,Retail,ATM,1981-12-07,F,Active
C01004198,2026-01-23,B001,ZM,Retail,ATM,1972-10-07,M,Active
C01004199,2024-03-19,B015,ZM,Retail,Agent,1961-06-20,F,Active
C01004200,2024-10-13,B015,ZM,Retail,Web,1980-05-15,F,Active
C01004201,2022-03-02,B020,ZM,Retail,Branch,1999-05-22,F,Active
C01004202,2024-02-23,B010,ZM,Retail,App,1982-09-09,M,Active
C01004203,2025-10-31,B020,ZM,Retail,Branch,2003-09-02,F,Dormant
C01004204,2024-05-23,B002,ZM,Premium,USSD,1995-10-26,F,Active
C01004205,2022-12-20,B002,ZM,Premium,Branch,2001-11-02,F,Active
C01004206,2023-12-26,B004,ZM,Retail,App,2001-09-25,F,Active
C01004207,2023-03-16,B004,ZM,Retail,App,1993-05-02,F,Active
C01004208,2023-01-19,B010,ZM,Retail,App,1978-05-13,F,Closed
C01004209,2023-07-18,B004,ZM,Retail,ATM,2001-07-25,F,Dormant
C01004210,2023-07-28,B002,ZM,Retail,ATM,1971-09-13,M,Active
C01004211,2024-07-02,B015,ZM,Premium,USSD,1997-04-20,M,Dormant
C01004212,2022-11-01,B020,ZM,Premium,Branch,1964-08-09,M,Active
C01004213,2022-03-12,B003,ZM,Retail,Web,1982-01-05,F,Dormant
C01004214,2025-06-11,B005,ZM,Retail,Agent,1973-01-20,F,Active
C01004215,2025-06-22,B003,ZM,Retail,USSD,1969-01-31,M,Active
C01004216,2025-06-17,B003,ZM,Retail,Web,1986-07-03,F,Dormant
C01004217,2023-05-19,B002,ZM,Retail,Web,1993-07-22,F,Active
C01004218,2025-08-18,B003,ZM,Retail,USSD,1964-10-06,M,Active
C01004219,2023-08-28,B020,ZM,SME,Branch,1991-06-13,F,Active
C01004220,2024-10-18,B010,ZM,Retail,Agent,2001-09-22,M,Dormant
C01004221,2024-04-23,B001,ZM,SME,Web,1994-09-05,M,Active
C01004222,2025-02-01,B004,ZM,Retail,ATM,1998-11-18,F,Active
C01004223,2024-09-08,B001,ZM,Retail,ATM,1967-01-03,M,Active
C01004224,2022-05-05,B015,ZM,SME,USSD,2013-09-02,F,Active
C01004225,2022-06-29,B020,ZM,SME,Agent,1986-05-16,F,Active
C01004226,2023-07-27,B020,ZM,Retail,Agent,1991-10-30,M,Active
C01004227,2024-02-24,B005,ZM,Retail,Web,2005-12-25,F,Active
C01004228,2022-10-09,B020,ZM,Premium,USSD,2009-06-27,F,Active
C01004229,2024-05-08,B004,ZM,Retail,Agent,2002-10-20,M,Active
C01004230,2023-02-13,B020,ZM,Retail,Agent,1963-08-20,F,Active
C01004231,2025-08-09,B003,ZM,Retail,ATM,2003-01-05,F,Active
C01004232,2024-12-12,B005,ZM,SME,USSD,1966-01-29,M,Dormant
C01004233,2023-05-26,B004,ZM,SME,Web,1991-08-16,F,Active
C01004234,2025-07-15,B010,ZM,SME,Web,1989-09-26,F,Active
C01004235,2025-01-18,B010,ZM,Retail,ATM,1977-05-10,F,Active
C01004236,2022-02-09,B010,ZM,Retail,App,1987-11-04,M,Active
C01004237,2024-02-23,B010,ZM,Retail,App,2005-06-17,M,Dormant
C01004238,2025-12-31,B003,ZM,SME,Agent,1974-11-20,M,Active
C01004239,2024-01-06,B020,ZM,Retail,Branch,1960-12-28,F,Active
C01004240,2024-09-09,B001,ZM,Retail,ATM,1969-02-01,M,Dormant
C01004241,2025-01-20,B004,ZM,Retail,Branch,1973-02-03,M,Dormant
C01004242,2024-09-19,B003,ZM,Retail,Agent,2010-05-20,M,Active
C01004243,2023-12-06,B010,ZM,SME,ATM,1984-03-09,M,Active
C01004244,2025-03-04,B015,ZM,Retail,Web,1965-05-16,F,Active
C01004245,2024-10-25,B020,ZM,Premium,ATM,1962-03-19,M,Active
C01004246,2023-10-21,B001,ZM,Retail,USSD,2005-09-16,F,Active
C01004247,2024-03-06,B015,ZM,SME,Branch,1979-08-15,M,Active
C01004248,2023-07-08,B005,ZM,SME,ATM,2006-10-01,F,Active
C01004249,2023-01-04,B015,ZM,Retail,Branch,1993-04-22,M,Active
C01004250,2022-02-23,B005,ZM,Premium,Agent,1962-03-02,F,Active
C01004251,2023-10-16,B005,ZM,Retail,ATM,2000-03-22,M,Dormant
C01004252,2025-05-07,B010,ZM,SME,App,1996-03-11,F,Closed
C01004253,2023-03-25,B005,ZM,SME,Branch,1989-12-19,M,Active
C01004254,2022-03-02,B002,ZM,SME,Web,2001-04-17,F,Active
C01004255,2023-07-30,B004,ZM,Retail,Web,1991-02-15,M,Dormant
C01004256,2022-04-30,B004,ZM,Retail,ATM,1989-04-18,F,Active
C01004257,2024-08-24,B010,ZM,Retail,Web,1985-07-24,M,Active
C01004258,2024-12-20,B002,ZM,Retail,Web,1993-01-04,F,Active
C01004259,2024-01-03,B015,ZM,SME,Branch,1964-07-26,M,Active
C01004260,2025-04-11,B003,ZM,SME,ATM,2006-05-19,M,Active
C01004261,2023-04-22,B015,ZM,SME,Branch,2012-07-15,M,Active
C01004262,2022-11-23,B020,ZM,Retail,ATM,1971-01-23,F,Dormant
C01004263,2022-07-25,B003,ZM,SME,Web,1999-05-01,M,Dormant
C01004264,2023-05-23,B005,ZM,Premium,ATM,2003-09-26,M,Active
C01004265,2025-09-07,B001,ZM,SME,Agent,1998-11-18,M,Active
C01004266,2023-05-09,B003,ZM,Retail,ATM,2006-02-09,F,Active
C01004267,2023-06-30,B001,ZM,Retail,USSD,1963-03-30,F,Active
C01004268,2024-12-28,B004,ZM,Retail,ATM,2009-02-28,M,Active
C01004269,2022-04-25,B001,ZM,Retail,USSD,2010-10-23,M,Dormant
C01004270,2023-03-26,B004,ZM,Retail,Branch,2005-05-22,F,Dormant
C01004271,2025-03-25,B002,ZM,Premium,USSD,1966-01-13,F,Active
C01004272,2024-03-06,B002,ZM,Retail,Branch,1973-10-03,F,Dormant
C01004273,2023-12-28,B010,ZM,Retail,ATM,1993-11-26,M,Active
C01004274,2022-12-22,B010,ZM,Retail,Branch,1989-08-14,M,Dormant
C01004275,2022-12-27,B005,ZM,SME,Web,1999-06-18,F,Closed
C01004276,2023-04-30,B003,ZM,Premium,Agent,1983-12-18,M,Active
C01004277,2025-04-28,B005,ZM,SME,ATM,1972-11-30,F,Active
C01004278,2023-10-14,B004,ZM,Retail,USSD,1972-10-03,F,Dormant
C01004279,2025-11-29,B005,ZM,Retail,Agent,1977-08-12,F,Active
C01004280,2024-01-05,B001,ZM,SME,App,1968-05-11,F,Active
C01004281,2025-04-26,B004,ZM,Retail,Agent,1994-06-10,M,Active
C01004282,2022-02-27,B010,ZM,Retail,ATM,1984-09-27,F,Active
C01004283,2025-12-11,B002,ZM,Retail,Agent,1995-05-20,M,Active
C01004284,2025-12-05,B010,ZM,Retail,Agent,1979-10-04,M,Active
C01004285,2023-12-22,B003,ZM,Retail,Web,1963-10-04,F,Dormant
C01004286,2025-03-08,B004,ZM,Retail,Branch,1963-12-13,M,Dormant
C01004287,2025-02-28,B004,ZM,Retail,Agent,1987-03-05,M,Active
C01004288,2022-10-19,B001,ZM,Retail,USSD,1961-01-31,M,Dormant
C01004289,2025-02-27,B003,ZM,Retail,USSD,1971-12-05,F,Dormant
C01004290,2023-01-21,B002,ZM,Retail,Web,1977-06-13,F,Active
C01004291,2024-10-05,B015,ZM,Retail,Agent,1997-07-14,F,Active
C01004292,2025-01-15,B004,ZM,Retail,Agent,2011-01-27,M,Active
C01004293,2023-09-25,B004,ZM,Retail,Web,1977-05-16,M,Active
C01004294,2022-12-26,B001,ZM,Retail,ATM,1997-06-18,F,Active
C01004295,2024-10-01,B005,ZM,Retail,App,1973-08-09,M,Active
C01004296,2022-03-19,B020,ZM,Retail,App,1998-04-20,F,Dormant
C01004297,2022-07-04,B002,ZM,Retail,Branch,2009-01-28,F,Active
C01004298,2022-04-26,B010,ZM,SME,USSD,2010-12-22,F,Active
C01004299,2023-04-22,B003,ZM,Retail,ATM,1982-11-21,M,Active
C01004300,2025-05-17,B004,ZM,Retail,USSD,1978-11-23,M,Active
C01004301,2023-03-25,B004,ZM,Retail,ATM,1960-01-19,F,Active
C01004302,2022-02-10,B010,ZM,Premium,Web,1965-12-10,F,Active
C01004303,2024-12-14,B002,ZM,Retail,Branch,1974-08-29,F,Closed
C01004304,2024-09-05,B020,ZM,Retail,Web,1963-05-12,M,Active
C01004305,2022-01-02,B005,ZM,Retail,USSD,1983-10-27,F,Active
C01004306,2023-11-11,B004,ZM,SME,Branch,2003-04-20,F,Active
C01004307,2025-06-11,B020,ZM,SME,Agent,1965-12-05,M,Active
C01004308,2023-02-17,B002,ZM,Retail,ATM,1979-08-28,M,Dormant
C01004309,2022-09-25,B010,ZM,Retail,ATM,2002-01-05,M,Active
C01004310,2023-11-29,B001,ZM,Retail,Branch,1974-11-09,F,Dormant
C01004311,2026-01-08,B005,ZM,SME,Web,2004-04-09,M,Active
C01004312,2022-12-30,B003,ZM,Retail,Branch,1970-04-01,F,Dormant
C01004313,2023-10-25,B004,ZM,Retail,Web,1967-03-05,F,Active
C01004314,2022-05-02,B002,ZM,SME,Branch,2001-03-26,F,Active
C01004315,2022-02-14,B001,ZM,SME,Web,1990-09-30,M,Active
C01004316,2022-10-30,B003,ZM,Premium,App,1993-05-20,F,Active
C01004317,2025-04-16,B015,ZM,SME,Branch,2002-01-25,M,Active
C01004318,2025-12-14,B002,ZM,Premium,Web,1983-02-25,M,Active
C01004319,2022-10-18,B002,ZM,Retail,Agent,2011-10-08,M,Active
C01004320,2022-08-16,B003,ZM,SME,USSD,2010-02-10,F,Active
C01004321,2024-12-13,B001,ZM,SME,USSD,2009-02-26,M,Active
C01004322,2024-01-18,B015,ZM,Retail,Branch,1989-08-29,F,Active
C01004323,2022-05-29,B020,ZM,Retail,Branch,1989-04-17,F,Active
C01004324,2024-02-05,B020,ZM,Premium,ATM,2007-04-03,M,Active
C01004325,2025-12-13,B010,ZM,Retail,Web,1973-12-16,F,Active
C01004326,2025-09-18,B001,ZM,SME,Branch,2012-11-28,M,Active
C01004327,2024-03-21,B005,ZM,Retail,USSD,2006-08-27,M,Active
C01004328,2025-04-15,B004,ZM,Retail,USSD,1985-01-10,M,Active
C01004329,2022-07-26,B003,ZM,Retail,USSD,2013-04-11,M,Active
C01004330,2023-11-21,B010,ZM,Retail,Web,1982-01-02,F,Active
C01004331,2023-09-11,B015,ZM,Retail,App,1980-04-17,M,Active
C01004332,2023-10-23,B003,ZM,Retail,Branch,1961-12-29,F,Active
C01004333,2022-10-07,B003,ZM,Retail,App,1998-12-04,F,Active
C01004334,2022-11-19,B001,ZM,Retail,Web,2003-05-14,M,Active
C01004335,2026-02-08,B004,ZM,Retail,Agent,1984-06-02,F,Active
C01004336,2024-06-13,B005,ZM,Retail,Branch,1989-06-09,M,Dormant
C01004337,2025-08-02,B020,ZM,SME,ATM,2005-08-25,M,Active
C01004338,2024-09-24,B002,ZM,Retail,Branch,1986-12-19,M,Active
C01004339,2025-08-22,B002,ZM,Retail,Branch,2004-10-03,F,Active
C01004340,2023-10-12,B003,ZM,Retail,Branch,1996-04-22,M,Active
C01004341,2022-12-23,B020,ZM,Retail,Branch,1964-08-07,F,Active
C01004342,2025-12-19,B020,ZM,Retail,Agent,2013-01-30,M,Active
C01004343,2025-02-24,B004,ZM,Retail,Branch,1986-12-11,F,Active
C01004344,2025-11-21,B015,ZM,SME,Web,1983-02-11,M,Active
C01004345,2025-06-10,B015,ZM,SME,Branch,1969-07-21,F,Active
C01004346,2024-01-01,B010,ZM,SME,Agent,1973-04-10,M,Active
C01004347,2023-04-03,B001,ZM,Retail,Web,2009-10-16,F,Active
C01004348,2025-09-25,B004,ZM,Retail,Branch,1980-01-23,M,Active
C01004349,2025-04-21,B004,ZM,Retail,Branch,1979-08-23,F,Active
C01004350,2022-12-26,B001,ZM,Retail,Web,1982-04-25,M,Active
C01004351,2024-02-14,B020,ZM,Premium,Branch,2001-08-28,F,Active
C01004352,2023-09-21,B015,ZM,Retail,Agent,1973-09-30,M,Closed
C01004353,2025-11-11,B015,ZM,Retail,USSD,1968-11-04,M,Active
C01004354,2023-08-27,B020,ZM,Retail,Branch,2008-08-23,M,Active
C01004355,2022-09-18,B015,ZM,SME,ATM,2005-05-19,F,Dormant
C01004356,2022-12-30,B003,ZM,SME,Web,1992-07-25,F,Active
C01004357,2026-02-01,B004,ZM,Retail,Agent,1997-01-07,M,Active
C01004358,2022-01-04,B002,ZM,Premium,Branch,1995-11-15,F,Active
C01004359,2025-12-08,B001,ZM,Retail,Branch,1997-08-13,M,Active
C01004360,2025-03-19,B015,ZM,SME,Web,2010-10-30,M,Active
C01004361,2024-03-12,B010,ZM,Premium,App,1989-09-18,M,Active
C01004362,2025-03-08,B015,ZM,SME,Agent,1986-10-31,F,Active
C01004363,2022-03-08,B015,ZM,Retail,Agent,1967-04-12,M,Active
C01004364,2023-01-08,B005,ZM,Retail,USSD,1981-10-03,F,Active
C01004365,2025-05-18,B003,ZM,Retail,USSD,1974-07-29,F,Dormant
C01004366,2023-10-14,B001,ZM,Retail,Branch,2003-03-03,M,Dormant
C01004367,2025-06-06,B005,ZM,SME,Web,1965-12-13,F,Active
C01004368,2023-03-29,B005,ZM,Retail,ATM,1988-03-01,F,Active
C01004369,2025-08-02,B010,ZM,Retail,Branch,1965-02-07,F,Closed
C01004370,2025-03-04,B004,ZM,SME,USSD,1999-01-30,M,Active
C01004371,2022-08-02,B010,ZM,Retail,Branch,1996-06-01,M,Active
C01004372,2024-10-13,B004,ZM,Retail,Web,1998-10-09,F,Active
C01004373,2022-10-16,B004,ZM,Retail,Agent,1973-10-26,F,Active
C01004374,2023-11-10,B001,ZM,Retail,Agent,1997-02-28,M,Active
C01004375,2022-06-09,B015,ZM,Retail,Agent,2002-06-13,M,Active
C01004376,2023-05-03,B001,ZM,SME,Agent,1962-09-29,F,Active
C01004377,2023-12-12,B003,ZM,Retail,ATM,1989-12-11,M,Active
C01004378,2023-10-17,B004,ZM,SME,App,1993-03-24,M,Dormant
C01004379,2022-12-10,B005,ZM,Retail,ATM,1970-08-10,F,Active
C01004380,2025-07-26,B015,ZM,Retail,Branch,1987-08-19,M,Active
C01004381,2022-07-01,B002,ZM,Retail,USSD,1981-02-21,F,Active
C01004382,2025-12-22,B003,ZM,Retail,Web,2003-08-25,F,Active
C01004383,2025-10-04,B001,ZM,Retail,Branch,2004-02-16,F,Active
C01004384,2025-08-01,B010,ZM,Retail,App,1995-07-23,F,Active
C01004385,2026-02-02,B003,ZM,Retail,Web,2012-10-15,M,Active
C01004386,2023-11-19,B003,ZM,Retail,Web,1979-03-15,M,Active
C01004387,2024-07-03,B015,ZM,Retail,Web,1996-05-12,M,Active
C01004388,2022-01-24,B003,ZM,Retail,Branch,1998-08-02,M,Dormant
C01004389,2023-06-28,B003,ZM,SME,App,1981-02-03,F,Active
C01004390,2023-03-06,B002,ZM,Premium,Branch,1985-09-12,M,Active
C01004391,2023-05-27,B020,ZM,Retail,Web,1981-10-27,F,Active
C01004392,2025-11-20,B010,ZM,Retail,Web,1974-10-17,F,Active
C01004393,2022-05-19,B010,ZM,Premium,USSD,1990-02-25,F,Dormant
C01004394,2023-12-19,B010,ZM,Retail,ATM,1974-04-13,M,Dormant
C01004395,2023-06-10,B004,ZM,Premium,Branch,2013-08-24,F,Active
C01004396,2022-08-10,B005,ZM,Retail,App,1989-05-07,F,Dormant
C01004397,2026-01-15,B020,ZM,SME,Web,2013-03-29,M,Active
C01004398,2022-01-03,B010,ZM,Retail,Branch,1993-10-22,F,Active
C01004399,2022-04-09,B003,ZM,Premium,ATM,1967-06-08,M,Active
C01004400,2024-03-01,B003,ZM,Retail,Branch,1969-01-11,M,Active
C01004401,2024-06-16,B010,ZM,Retail,ATM,1967-05-14,F,Active
C01004402,2026-02-09,B015,ZM,Retail,Branch,1967-05-21,F,Active
C01004403,2024-05-09,B010,ZM,Retail,USSD,1960-10-05,M,Active
C01004404,2022-12-07,B003,ZM,SME,Branch,1973-06-17,M,Active
C01004405,2024-04-27,B004,ZM,Retail,Agent,2008-06-23,F,Active
C01004406,2024-10-06,B001,ZM,SME,USSD,1998-06-12,F,Active
C01004407,2024-02-15,B001,ZM,Retail,ATM,2004-03-13,F,Closed
C01004408,2023-12-21,B020,ZM,SME,Web,1968-04-12,F,Active
C01004409,2025-01-23,B020,ZM,Retail,Web,1973-08-17,F,Active
C01004410,2024-02-08,B010,ZM,Premium,Branch,1964-08-09,F,Dormant
C01004411,2022-07-27,B002,ZM,Premium,App,1960-03-09,F,Dormant
C01004412,2024-09-08,B010,ZM,Retail,Branch,2002-04-10,F,Active
C01004413,2025-03-29,B015,ZM,SME,USSD,1975-12-06,F,Active
C01004414,2025-08-26,B010,ZM,SME,USSD,1962-12-07,F,Active
C01004415,2025-11-08,B020,ZM,Retail,ATM,1971-12-22,M,Active
C01004416,2023-04-07,B001,ZM,Retail,Branch,1986-02-22,M,Active
C01004417,2022-11-30,B003,ZM,Retail,ATM,1992-11-26,M,Active
C01004418,2024-07-13,B010,ZM,SME,App,1992-01-19,M,Active
C01004419,2022-05-31,B003,ZM,Retail,Web,2011-04-26,F,Dormant
C01004420,2022-03-10,B003,ZM,Retail,Web,1967-11-07,M,Closed
C01004421,2023-08-27,B002,ZM,Retail,Branch,1963-08-17,F,Active
C01004422,2022-02-11,B003,ZM,Retail,ATM,1974-10-27,F,Active
C01004423,2023-10-15,B001,ZM,SME,ATM,1987-10-16,F,Active
C01004424,2023-06-19,B004,ZM,Premium,App,1989-08-14,F,Active
C01004425,2022-08-03,B004,ZM,Retail,ATM,1968-12-19,F,Active
C01004426,2022-06-01,B005,ZM,Retail,Agent,1963-06-30,M,Active
C01004427,2023-12-02,B015,ZM,Retail,Agent,2012-04-16,M,Active
C01004428,2022-12-15,B010,ZM,Retail,USSD,1967-05-22,M,Active
C01004429,2024-02-08,B015,ZM,Retail,Agent,1963-07-18,F,Active
C01004430,2022-11-26,B001,ZM,Retail,Agent,1960-01-07,M,Active
C01004431,2026-02-08,B003,ZM,Retail,USSD,1977-03-31,M,Active
C01004432,2022-06-03,B004,ZM,Retail,Agent,1975-03-31,F,Active
C01004433,2025-01-25,B015,ZM,SME,Agent,1995-01-24,F,Dormant
C01004434,2022-07-10,B001,ZM,Retail,USSD,2003-12-29,M,Active
C01004435,2023-11-24,B004,ZM,SME,Branch,1969-08-24,F,Active
C01004436,2025-05-01,B003,ZM,Retail,USSD,1983-12-25,F,Active
C01004437,2025-06-10,B015,ZM,Retail,USSD,2013-03-26,M,Active
C01004438,2024-09-15,B004,ZM,SME,Agent,1986-02-22,M,Active
C01004439,2025-12-13,B010,ZM,Retail,Web,2007-03-13,F,Active
C01004440,2022-03-05,B020,ZM,Retail,Agent,1966-06-06,F,Active
C01004441,2024-06-02,B010,ZM,Retail,Branch,1985-07-08,M,Active
C01004442,2025-08-31,B005,ZM,Retail,USSD,1972-06-08,M,Active
C01004443,2022-12-04,B005,ZM,SME,App,1965-10-29,M,Active
C01004444,2025-05-28,B004,ZM,Retail,USSD,2001-06-23,F,Active
C01004445,2024-06-08,B020,ZM,Retail,Branch,2014-05-19,M,Active
C01004446,2022-11-18,B001,ZM,Retail,ATM,1983-04-29,M,Dormant
C01004447,2022-04-20,B010,ZM,Retail,Agent,1974-02-13,M,Active
C01004448,2022-07-27,B001,ZM,Premium,Web,2006-03-11,F,Active
C01004449,2023-11-10,B020,ZM,SME,Web,1968-08-15,F,Active
C01004450,2023-02-25,B001,ZM,Retail,Agent,2004-07-14,M,Active
C01004451,2023-01-25,B020,ZM,Retail,Agent,2014-05-30,F,Active
C01004452,2024-04-18,B004,ZM,Retail,Branch,1980-01-29,M,Active
C01004453,2025-11-28,B001,ZM,Retail,USSD,1985-06-14,M,Active
C01004454,2025-02-08,B010,ZM,SME,App,1962-11-15,M,Active
C01004455,2026-01-18,B003,ZM,Retail,USSD,1995-04-17,F,Active
C01004456,2026-02-03,B005,ZM,Retail,USSD,1990-05-20,M,Active
C01004457,2025-01-11,B003,ZM,SME,App,1974-08-09,F,Active
C01004458,2023-06-28,B001,ZM,Retail,Web,2002-05-28,F,Active
C01004459,2025-09-14,B003,ZM,Retail,USSD,2000-08-05,M,Dormant
C01004460,2023-07-31,B010,ZM,Retail,ATM,1992-03-08,F,Active
C01004461,2023-09-02,B010,ZM,Premium,ATM,2005-08-26,M,Dormant
C01004462,2023-05-02,B001,ZM,SME,Branch,1987-06-28,M,Active
C01004463,2022-07-16,B004,ZM,Retail,Branch,1986-05-06,M,Active
C01004464,2022-04-12,B003,ZM,Retail,App,1995-12-26,M,Active
C01004465,2024-03-15,B004,ZM,Premium,App,1997-07-01,F,Active
C01004466,2025-03-16,B004,ZM,Retail,Branch,1981-02-03,M,Dormant
C01004467,2025-01-30,B020,ZM,Retail,Agent,1987-10-01,M,Closed
C01004468,2024-10-02,B002,ZM,Premium,USSD,1989-04-20,M,Active
C01004469,2022-11-11,B001,ZM,SME,Agent,1978-11-21,M,Active
C01004470,2022-04-22,B005,ZM,Retail,Web,1981-08-04,F,Active
C01004471,2024-01-09,B010,ZM,Retail,ATM,2001-05-20,F,Active
C01004472,2022-01-08,B010,ZM,Retail,App,1973-05-05,M,Closed
C01004473,2024-05-25,B001,ZM,Retail,Branch,1973-12-04,F,Closed
C01004474,2022-06-29,B020,ZM,Premium,ATM,1963-04-20,M,Active
C01004475,2023-08-27,B015,ZM,Retail,Agent,1967-02-16,M,Active
C01004476,2025-09-17,B015,ZM,SME,App,1965-04-09,M,Active
C01004477,2025-07-04,B015,ZM,Retail,App,2012-09-21,F,Active
C01004478,2025-05-14,B020,ZM,Retail,USSD,1970-07-24,M,Dormant
C01004479,2024-09-10,B005,ZM,Retail,App,1973-04-01,F,Active
C01004480,2023-02-13,B010,ZM,SME,Web,1969-08-29,F,Active
C01004481,2022-07-18,B001,ZM,Retail,App,2000-04-10,M,Active
C01004482,2022-02-22,B020,ZM,Retail,Web,1971-04-25,F,Closed
C01004483,2023-02-28,B010,ZM,Retail,Agent,1973-05-25,M,Active
C01004484,2022-12-16,B004,ZM,Retail,USSD,1966-08-03,F,Active
C01004485,2025-07-31,B003,ZM,Retail,Web,1985-05-05,F,Active
C01004486,2023-08-21,B003,ZM,Retail,Agent,1989-11-06,F,Active
C01004487,2022-06-17,B020,ZM,Retail,ATM,1988-09-14,F,Active
C01004488,2024-08-27,B010,ZM,Retail,App,2011-12-20,M,Active
C01004489,2022-08-25,B002,ZM,Retail,Branch,1981-06-18,M,Active
C01004490,2023-09-24,B005,ZM,Retail,Branch,2003-03-16,M,Active
C01004491,2024-03-25,B015,ZM,Retail,Web,1999-01-21,M,Active
C01004492,2024-08-22,B005,ZM,Retail,USSD,1996-10-08,M,Active
C01004493,2024-09-28,B005,ZM,Retail,Web,1970-12-31,M,Active
C01004494,2025-09-15,B020,ZM,SME,Agent,2009-07-13,M,Active
C01004495,2023-06-27,B004,ZM,Retail,Agent,2012-09-20,F,Active
C01004496,2022-07-06,B005,ZM,Retail,Web,1987-02-21,F,Dormant
C01004497,2025-08-07,B003,ZM,Retail,Web,1978-10-26,M,Active
C01004498,2025-01-19,B004,ZM,SME,ATM,2002-06-15,M,Active
C01004499,2024-03-04,B001,ZM,Retail,Agent,1963-01-13,F,Active
C01004500,2023-01-14,B005,ZM,Retail,ATM,1992-09-03,F,Active
C01004501,2024-01-30,B005,ZM,Retail,Web,1974-01-16,M,Active
C01004502,2024-02-21,B001,ZM,Retail,USSD,1995-01-22,M,Dormant
C01004503,2024-01-27,B005,ZM,Premium,App,1977-03-06,F,Active
C01004504,2023-01-18,B001,ZM,SME,Agent,1990-12-16,F,Dormant
C01004505,2024-07-01,B004,ZM,Retail,Branch,1965-12-04,F,Closed
C01004506,2022-04-02,B003,ZM,SME,ATM,1964-05-21,F,Active
C01004507,2023-06-24,B001,ZM,SME,Agent,1962-10-25,F,Active
C01004508,2024-06-19,B002,ZM,Retail,App,1982-08-16,M,Active
C01004509,2024-08-10,B020,ZM,Retail,ATM,1994-12-13,F,Active
C01004510,2023-06-24,B020,ZM,Retail,Agent,1976-09-26,M,Active
C01004511,2023-04-09,B001,ZM,Retail,ATM,2004-08-22,F,Dormant
C01004512,2023-07-05,B020,ZM,Retail,ATM,2001-08-01,M,Closed
C01004513,2025-03-01,B005,ZM,Retail,Web,1995-08-29,M,Active
C01004514,2022-05-07,B015,ZM,SME,Web,1989-01-11,M,Active
C01004515,2022-11-06,B015,ZM,Premium,ATM,2000-05-02,M,Active
C01004516,2025-11-27,B020,ZM,Retail,ATM,1971-12-03,M,Active
C01004517,2025-09-28,B004,ZM,Retail,Branch,1989-04-30,F,Active
C01004518,2022-07-18,B010,ZM,SME,App,1997-11-21,M,Active
C01004519,2022-06-25,B004,ZM,SME,App,1988-03-28,F,Active
C01004520,2025-09-30,B010,ZM,SME,USSD,2010-10-30,M,Active
C01004521,2023-12-06,B015,ZM,Retail,USSD,1976-07-03,F,Active
C01004522,2025-01-13,B015,ZM,Retail,USSD,1960-08-31,M,Active
C01004523,2024-04-27,B001,ZM,Retail,Web,1974-09-23,M,Active
C01004524,2025-04-22,B003,ZM,Premium,Web,1982-06-25,F,Dormant
C01004525,2023-04-11,B002,ZM,Retail,Branch,1997-04-20,F,Dormant
C01004526,2025-02-07,B004,ZM,SME,Web,1968-05-12,F,Active
C01004527,2022-05-05,B005,ZM,Retail,USSD,2003-09-06,F,Active
C01004528,2024-03-03,B010,ZM,Premium,Agent,1990-01-05,F,Active
C01004529,2024-12-06,B020,ZM,Retail,ATM,1973-04-17,M,Active
C01004530,2024-05-07,B005,ZM,Retail,USSD,1963-10-09,M,Active
C01004531,2025-01-01,B003,ZM,Retail,Branch,1972-08-03,M,Active
C01004532,2025-11-08,B010,ZM,Retail,ATM,1981-07-14,F,Closed
C01004533,2024-08-30,B004,ZM,Retail,Web,2006-01-01,M,Active
C01004534,2025-03-18,B001,ZM,Retail,ATM,2014-03-07,F,Active
C01004535,2023-04-28,B005,ZM,Retail,Agent,2004-06-09,M,Active
C01004536,2024-09-02,B003,ZM,Retail,Branch,1984-12-04,F,Active
C01004537,2023-09-05,B004,ZM,SME,Web,1978-02-22,F,Active
C01004538,2022-06-11,B015,ZM,Retail,App,1976-03-12,M,Active
C01004539,2024-03-19,B015,ZM,Retail,USSD,1997-06-27,F,Active
C01004540,2026-01-02,B004,ZM,SME,Agent,1963-06-13,M,Dormant
C01004541,2022-03-13,B004,ZM,Retail,Agent,1960-10-29,M,Active
C01004542,2024-10-25,B004,ZM,Premium,USSD,1992-05-12,F,Active
C01004543,2025-03-15,B010,ZM,Retail,Branch,1990-10-08,M,Dormant
C01004544,2024-11-24,B004,ZM,Retail,Branch,1993-06-19,F,Active
C01004545,2025-03-16,B005,ZM,Retail,Agent,1990-04-01,F,Active
C01004546,2025-10-19,B003,ZM,Retail,USSD,1960-03-30,M,Active
C01004547,2025-06-24,B010,ZM,Retail,ATM,1969-05-20,F,Active
C01004548,2022-10-29,B004,ZM,Retail,App,2003-04-25,F,Active
C01004549,2022-09-04,B002,ZM,Retail,App,2004-12-14,M,Dormant
C01004550,2024-07-08,B020,ZM,Retail,Branch,1978-02-04,F,Active
C01004551,2022-12-21,B002,ZM,Retail,Branch,1978-12-08,F,Dormant
C01004552,2022-12-09,B003,ZM,Retail,ATM,1973-04-05,F,Active
C01004553,2023-03-10,B015,ZM,Retail,Branch,1989-10-30,F,Active
C01004554,2023-01-30,B001,ZM,Retail,App,2005-04-21,M,Active
C01004555,2022-09-16,B001,ZM,Retail,USSD,1984-07-13,M,Active
C01004556,2022-03-29,B020,ZM,Retail,Agent,2007-08-17,M,Active
C01004557,2024-05-17,B015,ZM,Retail,App,1995-01-19,M,Dormant
C01004558,2022-06-10,B010,ZM,Retail,ATM,2007-06-08,M,Active
C01004559,2025-10-31,B010,ZM,Retail,USSD,2012-12-22,M,Active
C01004560,2024-06-10,B010,ZM,Retail,USSD,1977-08-23,F,Dormant
C01004561,2023-02-18,B001,ZM,Retail,Agent,1999-01-08,F,Active
C01004562,2025-07-08,B002,ZM,Retail,App,1963-07-15,F,Active
C01004563,2022-10-30,B001,ZM,Retail,USSD,2000-10-24,F,Active
C01004564,2025-05-03,B005,ZM,Retail,USSD,2013-01-07,F,Dormant
C01004565,2023-06-13,B004,ZM,Retail,Branch,2009-01-31,M,Active
C01004566,2023-10-17,B010,ZM,Retail,USSD,1986-01-13,M,Dormant
C01004567,2026-01-29,B002,ZM,SME,ATM,2008-05-03,F,Active
C01004568,2022-05-18,B003,ZM,SME,USSD,2000-12-12,M,Active
C01004569,2022-06-28,B020,ZM,Retail,Branch,1963-12-29,M,Active
C01004570,2024-03-05,B003,ZM,Retail,Web,1985-07-10,M,Active
C01004571,2025-02-13,B004,ZM,Retail,Web,1989-11-02,M,Active
C01004572,2024-03-24,B002,ZM,SME,ATM,1961-08-10,M,Active
C01004573,2025-02-04,B001,ZM,Retail,Agent,1996-07-17,F,Dormant
C01004574,2023-10-30,B001,ZM,Premium,Agent,2012-11-13,F,Active
C01004575,2023-07-20,B005,ZM,Retail,ATM,1965-08-19,M,Dormant
C01004576,2024-11-30,B005,ZM,Retail,USSD,2002-07-27,M,Active
C01004577,2024-07-27,B001,ZM,Retail,USSD,1997-06-07,M,Active
C01004578,2022-01-26,B003,ZM,Retail,Web,2001-08-02,F,Active
C01004579,2025-12-05,B020,ZM,Retail,Web,2014-08-12,M,Active
C01004580,2025-06-30,B010,ZM,Retail,App,2011-04-22,M,Active
C01004581,2025-04-18,B003,ZM,Retail,Web,1980-09-19,M,Active
C01004582,2024-12-06,B020,ZM,SME,Web,1988-04-10,M,Active
C01004583,2024-05-09,B005,ZM,Retail,ATM,2013-01-04,F,Active
C01004584,2022-08-19,B004,ZM,Retail,App,1979-12-30,F,Dormant
C01004585,2024-04-28,B020,ZM,Retail,Agent,2000-04-21,M,Active
C01004586,2022-11-03,B001,ZM,Retail,App,1983-09-30,F,Active
C01004587,2022-10-31,B005,ZM,Retail,USSD,1986-12-09,M,Active
C01004588,2025-03-06,B005,ZM,Retail,USSD,1963-06-22,F,Active
C01004589,2025-04-19,B010,ZM,Retail,App,1980-08-02,M,Active
C01004590,2025-04-08,B001,ZM,Retail,App,2011-12-30,F,Active
C01004591,2022-07-25,B010,ZM,Retail,USSD,1982-10-19,M,Active
C01004592,2022-08-05,B001,ZM,Retail,ATM,1995-06-03,M,Active
C01004593,2025-02-26,B010,ZM,Premium,ATM,1983-10-22,M,Active
C01004594,2022-07-26,B020,ZM,Retail,ATM,1960-05-20,M,Active
C01004595,2023-08-09,B003,ZM,Retail,ATM,2007-08-13,F,Active
C01004596,2025-01-01,B004,ZM,Retail,USSD,1980-07-25,F,Dormant
C01004597,2023-12-06,B004,ZM,SME,Branch,1963-08-21,F,Active
C01004598,2024-04-21,B001,ZM,Retail,Web,1979-11-24,F,Active
C01004599,2023-06-25,B002,ZM,Retail,Web,2000-04-21,M,Active
C01004600,2024-02-24,B015,ZM,Retail,Web,1981-06-09,F,Active
C01004601,2025-09-03,B005,ZM,Retail,Web,1995-08-13,F,Closed
C01004602,2024-09-21,B005,ZM,SME,USSD,1960-03-14,F,Active
C01004603,2025-03-17,B001,ZM,Retail,Branch,1998-07-30,F,Active
C01004604,2025-06-01,B020,ZM,SME,USSD,1964-04-14,M,Active
C01004605,2024-08-26,B010,ZM,Retail,Branch,1966-10-29,M,Active
C01004606,2022-03-18,B002,ZM,Retail,USSD,1984-07-19,F,Dormant
C01004607,2022-12-19,B003,ZM,SME,App,2008-01-08,F,Active
C01004608,2023-07-19,B010,ZM,Retail,Branch,2009-01-12,M,Active
C01004609,2024-04-05,B010,ZM,Retail,Web,1997-05-22,M,Dormant
C01004610,2022-10-22,B001,ZM,Retail,Branch,1961-06-19,F,Active
C01004611,2025-06-20,B001,ZM,Retail,Agent,2005-01-05,F,Active
C01004612,2025-05-31,B020,ZM,Retail,ATM,1987-06-21,F,Closed
C01004613,2025-10-26,B005,ZM,Premium,Branch,2013-11-06,F,Active
C01004614,2025-11-21,B001,ZM,Premium,Agent,1964-08-04,M,Active
C01004615,2024-04-02,B001,ZM,Retail,ATM,2004-07-21,M,Active
C01004616,2022-03-21,B001,ZM,Retail,Agent,2012-01-19,M,Dormant
C01004617,2024-03-21,B020,ZM,Retail,ATM,1979-02-23,M,Active
C01004618,2023-11-10,B005,ZM,Retail,App,2007-12-01,M,Dormant
C01004619,2025-11-15,B003,ZM,Retail,Branch,2009-07-21,M,Active
C01004620,2023-05-02,B003,ZM,Retail,Agent,1985-10-18,F,Active
C01004621,2022-04-11,B015,ZM,Retail,App,1970-05-24,M,Active
C01004622,2024-08-31,B015,ZM,Retail,Web,1981-01-25,F,Active
C01004623,2023-07-05,B001,ZM,Retail,Branch,1994-11-25,M,Active
C01004624,2024-02-02,B015,ZM,Retail,USSD,2010-04-22,F,Active
C01004625,2022-02-11,B005,ZM,SME,USSD,1989-06-24,M,Dormant
C01004626,2023-11-23,B020,ZM,Retail,USSD,1975-11-25,M,Active
C01004627,2023-09-13,B003,ZM,Retail,Agent,2008-11-24,F,Active
C01004628,2023-09-29,B010,ZM,Retail,Agent,1977-12-19,F,Closed
C01004629,2023-07-29,B003,ZM,Retail,ATM,1961-04-10,F,Active
C01004630,2024-10-03,B003,ZM,Retail,USSD,1998-07-13,F,Active
C01004631,2025-11-26,B005,ZM,Retail,Web,1967-02-23,M,Active
C01004632,2025-11-03,B015,ZM,Premium,Agent,1989-06-30,M,Active
C01004633,2022-07-21,B010,ZM,Retail,Branch,1982-01-12,M,Active
C01004634,2023-04-12,B005,ZM,Retail,Agent,2003-01-19,M,Dormant
C01004635,2022-10-03,B001,ZM,Retail,Branch,1961-11-08,M,Active
C01004636,2023-09-08,B020,ZM,Premium,Agent,1968-12-03,F,Active
C01004637,2024-06-26,B004,ZM,SME,ATM,1971-08-26,M,Active
C01004638,2023-10-20,B003,ZM,SME,ATM,1983-03-01,M,Active
C01004639,2023-07-06,B004,ZM,Retail,ATM,1975-03-01,F,Dormant
C01004640,2026-02-01,B020,ZM,Premium,Web,1986-03-23,M,Active
C01004641,2024-05-03,B020,ZM,Retail,Agent,1983-01-24,F,Closed
C01004642,2025-05-23,B005,ZM,Retail,Branch,1997-04-13,M,Dormant
C01004643,2025-08-15,B005,ZM,SME,Agent,1974-07-09,M,Active
C01004644,2022-07-02,B005,ZM,SME,App,1998-04-04,M,Active
C01004645,2023-01-20,B004,ZM,Retail,ATM,1978-04-23,F,Active
C01004646,2024-06-23,B005,ZM,Retail,USSD,1974-09-14,F,Active
C01004647,2023-03-09,B020,ZM,Retail,App,1992-06-04,F,Active
C01004648,2024-04-13,B001,ZM,Retail,App,1968-10-03,M,Dormant
C01004649,2024-09-19,B005,ZM,Retail,ATM,1985-11-27,F,Active
C01004650,2024-11-23,B002,ZM,Premium,USSD,1987-10-07,M,Active
C01004651,2024-02-05,B015,ZM,Retail,ATM,2008-08-26,M,Active
C01004652,2022-04-26,B004,ZM,SME,ATM,2009-03-23,F,Active
C01004653,2024-11-21,B002,ZM,SME,USSD,1966-02-25,F,Active
C01004654,2022-11-22,B005,ZM,Retail,App,1966-11-02,F,Active
C01004655,2022-05-15,B020,ZM,SME,App,1973-12-15,M,Active
C01004656,2023-09-30,B001,ZM,Retail,Agent,1970-11-23,F,Active
C01004657,2025-12-24,B003,ZM,Retail,USSD,1960-04-19,M,Active
C01004658,2024-11-03,B010,ZM,Retail,App,1981-06-28,M,Active
C01004659,2024-04-06,B015,ZM,Retail,Web,1965-12-02,F,Active
C01004660,2022-10-05,B010,ZM,SME,ATM,1984-03-24,M,Dormant
C01004661,2024-12-09,B005,ZM,Premium,Web,1976-01-21,F,Active
C01004662,2025-03-10,B015,ZM,Retail,Web,1970-03-03,M,Active
C01004663,2022-03-01,B015,ZM,SME,Agent,2000-06-26,M,Active
C01004664,2022-12-22,B001,ZM,Retail,Agent,1990-04-13,M,Active
C01004665,2023-01-30,B015,ZM,SME,Agent,1970-11-23,F,Active
C01004666,2023-02-16,B004,ZM,Retail,Web,2004-11-24,M,Active
C01004667,2022-04-29,B002,ZM,Retail,Branch,2007-12-17,M,Active
C01004668,2023-05-26,B002,ZM,Retail,Branch,2001-09-28,M,Active
C01004669,2022-03-09,B002,ZM,Retail,Web,2005-10-28,F,Closed
C01004670,2024-07-23,B004,ZM,Retail,ATM,1970-12-14,M,Active
C01004671,2022-04-14,B010,ZM,SME,Web,2003-03-05,M,Dormant
C01004672,2024-01-09,B001,ZM,Retail,Web,1984-12-19,F,Active
C01004673,2025-12-14,B015,ZM,Premium,Agent,1967-06-21,M,Active
C01004674,2023-02-12,B004,ZM,Retail,Agent,1991-12-17,F,Active
C01004675,2023-07-16,B002,ZM,Retail,Agent,1968-04-03,F,Active
C01004676,2024-01-25,B005,ZM,Retail,Branch,1991-09-09,F,Active
C01004677,2024-08-08,B003,ZM,Retail,Web,1975-10-29,M,Dormant
C01004678,2024-10-31,B015,ZM,Retail,ATM,1994-10-19,M,Active
C01004679,2024-03-23,B004,ZM,Retail,ATM,1976-12-24,M,Active
C01004680,2025-07-25,B020,ZM,Retail,Agent,2008-12-02,M,Active
C01004681,2022-09-11,B004,ZM,Retail,Agent,1982-06-15,M,Active
C01004682,2025-10-27,B001,ZM,Premium,Web,1961-08-20,M,Dormant
C01004683,2022-03-04,B001,ZM,Retail,ATM,1967-10-02,F,Active
C01004684,2023-05-11,B004,ZM,Retail,Web,1965-09-09,F,Active
C01004685,2024-02-02,B002,ZM,Retail,Branch,1974-07-23,F,Dormant
C01004686,2024-09-28,B003,ZM,SME,Web,1973-01-29,M,Active
C01004687,2025-05-01,B015,ZM,SME,Agent,1990-09-09,F,Active
C01004688,2024-07-02,B001,ZM,Retail,App,1974-05-21,F,Active
C01004689,2022-12-30,B015,ZM,Retail,Branch,2006-11-02,M,Active
C01004690,2024-08-29,B002,ZM,Retail,ATM,2007-12-24,M,Active
C01004691,2025-04-16,B015,ZM,Retail,ATM,1977-06-02,F,Active
C01004692,2025-02-03,B005,ZM,Retail,Agent,2002-12-11,F,Active
C01004693,2023-12-18,B001,ZM,Premium,Agent,1991-07-11,M,Active
C01004694,2023-12-07,B002,ZM,Retail,Branch,1962-09-03,F,Dormant
C01004695,2022-12-01,B002,ZM,Retail,Agent,1990-07-09,F,Active
C01004696,2023-06-14,B003,ZM,SME,App,1994-12-03,M,Closed
C01004697,2025-11-11,B003,ZM,Retail,Branch,1998-10-16,F,Active
C01004698,2022-07-05,B005,ZM,Retail,Agent,1969-04-16,M,Dormant
C01004699,2023-08-07,B002,ZM,Retail,USSD,2005-12-20,M,Active
C01004700,2022-02-26,B010,ZM,Retail,App,1996-02-08,F,Active
C01004701,2024-03-02,B002,ZM,Premium,Branch,1979-01-19,F,Active
C01004702,2022-04-12,B003,ZM,Retail,USSD,1975-01-11,M,Active
C01004703,2022-11-30,B010,ZM,Retail,Web,1977-01-21,M,Active
C01004704,2025-03-17,B001,ZM,Retail,App,2003-05-15,F,Active
C01004705,2023-03-15,B001,ZM,SME,Web,2012-08-08,M,Active
C01004706,2023-03-30,B015,ZM,Retail,USSD,1966-01-01,F,Active
C01004707,2025-08-18,B004,ZM,Retail,ATM,1980-05-05,F,Active
C01004708,2023-04-07,B003,ZM,Premium,ATM,2004-05-08,M,Active
C01004709,2025-10-19,B004,ZM,Retail,Agent,2010-01-04,F,Active
C01004710,2023-02-28,B010,ZM,Retail,ATM,2001-01-27,F,Active
C01004711,2023-07-06,B003,ZM,Retail,Web,1994-09-29,M,Dormant
C01004712,2025-08-27,B005,ZM,Retail,App,1988-11-27,F,Active
C01004713,2024-04-18,B002,ZM,Retail,Web,1993-02-03,M,Active
C01004714,2024-11-17,B005,ZM,Retail,Web,1977-11-11,M,Active
C01004715,2022-02-11,B010,ZM,Retail,ATM,1963-10-07,F,Active
C01004716,2025-10-29,B003,ZM,Retail,Web,1963-04-07,M,Dormant
C01004717,2022-01-19,B020,ZM,Retail,USSD,2000-08-18,M,Active
C01004718,2024-08-28,B010,ZM,Retail,Branch,1976-11-15,F,Dormant
C01004719,2022-09-28,B020,ZM,Retail,Branch,1960-05-01,F,Active
C01004720,2025-08-18,B002,ZM,Premium,Branch,2011-03-22,F,Active
C01004721,2022-12-21,B001,ZM,Retail,Agent,1991-11-20,F,Active
C01004722,2025-05-16,B001,ZM,Premium,ATM,1961-07-15,M,Active
C01004723,2022-01-18,B010,ZM,Retail,ATM,1993-06-03,M,Active
C01004724,2023-04-04,B004,ZM,Retail,Branch,1990-05-22,M,Active
C01004725,2023-06-01,B003,ZM,Retail,App,1997-04-12,F,Active
C01004726,2025-05-30,B003,ZM,SME,Agent,1960-08-31,M,Active
C01004727,2023-09-18,B001,ZM,SME,Branch,1988-04-10,F,Active
C01004728,2025-12-30,B015,ZM,Retail,Web,2001-07-31,F,Active
C01004729,2025-12-23,B005,ZM,SME,Branch,1967-08-24,F,Dormant
C01004730,2025-08-09,B015,ZM,Retail,Branch,1972-01-11,M,Active
C01004731,2023-07-18,B002,ZM,Retail,App,1968-08-10,M,Dormant
C01004732,2024-05-17,B005,ZM,Premium,ATM,2013-05-07,F,Active
C01004733,2024-02-11,B005,ZM,SME,ATM,2006-09-12,F,Active
C01004734,2023-12-16,B010,ZM,Premium,Web,2010-05-14,F,Active
C01004735,2024-07-29,B001,ZM,Retail,Branch,1970-06-14,F,Dormant
C01004736,2023-06-01,B015,ZM,Retail,USSD,2013-03-10,M,Active
C01004737,2023-03-23,B015,ZM,Retail,Web,1972-03-06,M,Active
C01004738,2024-08-13,B001,ZM,Retail,ATM,2002-06-22,F,Active
C01004739,2023-09-11,B015,ZM,SME,App,2004-05-07,M,Active
C01004740,2025-10-18,B020,ZM,Retail,ATM,2009-08-30,F,Active
C01004741,2024-12-02,B001,ZM,Retail,ATM,2009-06-26,F,Active
C01004742,2025-07-01,B010,ZM,Retail,App,1990-07-26,F,Closed
C01004743,2024-03-24,B004,ZM,Retail,Branch,1970-09-29,F,Active
C01004744,2025-04-12,B005,ZM,Retail,Branch,1962-11-30,M,Active
C01004745,2022-07-29,B010,ZM,Retail,ATM,1988-06-11,F,Active
C01004746,2022-01-16,B003,ZM,SME,Web,1982-01-27,M,Active
C01004747,2024-11-13,B002,ZM,Retail,USSD,1987-12-30,F,Dormant
C01004748,2025-09-18,B004,ZM,SME,Web,2008-03-08,F,Active
C01004749,2024-02-06,B003,ZM,Retail,Agent,1998-03-09,M,Active
C01004750,2025-02-23,B005,ZM,Retail,Web,1986-04-29,M,Closed
C01004751,2025-08-18,B015,ZM,Retail,ATM,1963-06-29,M,Active
C01004752,2025-05-01,B001,ZM,SME,ATM,1969-07-24,F,Active
C01004753,2025-06-01,B005,ZM,Retail,USSD,1964-12-04,F,Active
C01004754,2023-08-02,B010,ZM,Retail,USSD,1986-12-07,M,Active
C01004755,2023-09-04,B002,ZM,Retail,USSD,1972-04-13,M,Active
C01004756,2025-11-02,B010,ZM,Retail,ATM,1983-03-04,F,Active
C01004757,2022-08-10,B004,ZM,SME,ATM,1994-01-20,F,Active
C01004758,2024-09-13,B004,ZM,SME,Web,1973-09-23,M,Active
C01004759,2022-05-11,B002,ZM,Retail,ATM,1985-03-06,M,Dormant
C01004760,2023-11-20,B020,ZM,Retail,Agent,1990-07-01,F,Active
C01004761,2023-07-21,B003,ZM,SME,Branch,1996-12-18,F,Active
C01004762,2025-08-04,B003,ZM,Retail,Branch,1966-09-03,F,Active
C01004763,2023-10-28,B004,ZM,Retail,USSD,2007-08-20,F,Active
C01004764,2023-07-22,B004,ZM,Retail,ATM,1992-08-20,F,Dormant
C01004765,2023-06-19,B015,ZM,Retail,Agent,1966-09-27,M,Closed
C01004766,2025-09-05,B001,ZM,Retail,Branch,2004-09-13,F,Active
C01004767,2025-12-27,B015,ZM,SME,Web,1987-09-01,M,Active
C01004768,2025-08-27,B015,ZM,Retail,App,1986-11-24,F,Active
C01004769,2023-09-04,B020,ZM,Retail,Web,1996-07-02,F,Active
C01004770,2023-01-21,B003,ZM,SME,App,1962-01-14,F,Active
C01004771,2022-11-04,B020,ZM,Retail,Agent,1962-05-06,F,Active
C01004772,2024-11-25,B020,ZM,Retail,Web,1985-07-31,M,Dormant
C01004773,2023-05-08,B002,ZM,Retail,Branch,1989-05-27,F,Dormant
C01004774,2022-04-27,B003,ZM,Retail,ATM,1976-07-29,F,Active
C01004775,2025-05-13,B001,ZM,SME,App,1968-05-07,F,Active
C01004776,2024-04-07,B010,ZM,SME,ATM,1972-04-30,M,Active
C01004777,2025-09-14,B004,ZM,Retail,Agent,2007-02-04,F,Active
C01004778,2023-10-17,B004,ZM,Retail,ATM,2014-02-02,F,Active
C01004779,2025-10-26,B001,ZM,Retail,Branch,2013-10-14,M,Active
C01004780,2022-10-14,B020,ZM,SME,Agent,1968-12-24,F,Active
C01004781,2026-01-17,B015,ZM,Retail,USSD,1992-07-10,M,Active
C01004782,2022-02-22,B002,ZM,Retail,USSD,1970-03-04,M,Active
C01004783,2025-09-04,B020,ZM,Retail,App,1968-07-15,F,Dormant
C01004784,2024-10-15,B004,ZM,Retail,Branch,1983-09-14,F,Active
C01004785,2023-08-29,B005,ZM,Retail,ATM,1989-12-11,M,Active
C01004786,2023-06-16,B015,ZM,Retail,Web,1988-07-22,F,Active
C01004787,2024-05-07,B004,ZM,SME,Web,1971-02-06,F,Dormant
C01004788,2024-04-08,B005,ZM,Retail,Agent,1976-05-20,M,Active
C01004789,2024-03-06,B020,ZM,Premium,App,2011-09-17,M,Active
C01004790,2022-03-14,B001,ZM,Retail,App,1979-01-17,F,Active
C01004791,2025-04-09,B001,ZM,Retail,App,2012-03-26,F,Active
C01004792,2025-12-21,B015,ZM,Premium,Branch,1967-01-27,F,Dormant
C01004793,2025-03-17,B004,ZM,Retail,Web,1980-10-08,F,Dormant
C01004794,2023-01-24,B003,ZM,SME,Agent,1964-05-27,M,Active
C01004795,2023-12-04,B005,ZM,SME,Branch,1984-10-21,F,Active
C01004796,2026-01-27,B002,ZM,Retail,Agent,1987-12-11,F,Active
C01004797,2025-12-31,B004,ZM,Retail,Branch,2009-05-12,F,Active
C01004798,2023-04-01,B002,ZM,Retail,ATM,2008-07-24,M,Active
C01004799,2025-11-06,B004,ZM,Retail,Branch,1967-02-23,M,Active
C01004800,2024-12-30,B003,ZM,Retail,Branch,2009-03-31,F,Active
C01004801,2025-07-31,B003,ZM,Retail,ATM,2011-10-18,M,Dormant
C01004802,2024-09-01,B015,ZM,Retail,USSD,2008-12-27,M,Active
C01004803,2025-10-07,B015,ZM,Retail,ATM,1986-08-30,F,Active
C01004804,2024-01-05,B003,ZM,Retail,App,2009-07-21,M,Active
C01004805,2024-11-04,B010,ZM,Premium,USSD,1986-09-10,M,Active
C01004806,2023-09-07,B003,ZM,Retail,Web,1969-01-04,F,Active
C01004807,2022-12-15,B001,ZM,Retail,Agent,1996-03-18,M,Active
C01004808,2025-09-08,B001,ZM,Retail,Branch,1963-08-27,M,Active
C01004809,2025-02-17,B010,ZM,Premium,USSD,1987-12-25,F,Active
C01004810,2023-01-06,B020,ZM,Premium,Web,1997-09-11,F,Active
C01004811,2023-08-25,B005,ZM,Retail,ATM,1968-05-04,M,Active
C01004812,2022-07-19,B020,ZM,SME,ATM,1989-11-24,F,Active
C01004813,2024-08-22,B002,ZM,Retail,App,1984-02-20,F,Active
C01004814,2022-09-20,B020,ZM,Premium,App,1964-09-01,M,Active
C01004815,2023-06-14,B004,ZM,Retail,USSD,1972-04-12,M,Active
C01004816,2026-01-25,B020,ZM,Retail,Agent,1966-03-02,F,Active
C01004817,2025-02-18,B004,ZM,Retail,Branch,1968-06-17,F,Active
C01004818,2023-01-10,B010,ZM,Retail,ATM,2012-10-11,F,Active
C01004819,2025-10-24,B001,ZM,SME,USSD,1960-05-11,M,Closed
C01004820,2023-11-19,B015,ZM,Retail,USSD,1969-08-01,M,Active
C01004821,2025-09-02,B004,ZM,Premium,Agent,2002-10-16,M,Active
C01004822,2022-07-02,B001,ZM,Retail,USSD,1963-10-25,F,Active
C01004823,2023-04-01,B005,ZM,Retail,App,2002-02-04,M,Active
C01004824,2023-12-29,B002,ZM,Retail,Agent,1992-05-25,M,Active
C01004825,2023-04-03,B005,ZM,Retail,ATM,1996-06-03,F,Active
C01004826,2023-09-21,B010,ZM,SME,App,2008-08-15,M,Active
C01004827,2024-05-11,B020,ZM,Retail,App,1969-08-03,F,Active
C01004828,2023-11-10,B020,ZM,Retail,Agent,1983-09-17,F,Active
C01004829,2024-02-01,B003,ZM,Retail,Agent,1974-03-31,F,Active
C01004830,2023-06-18,B003,ZM,Retail,USSD,2013-01-03,F,Active
C01004831,2025-04-14,B003,ZM,Premium,Web,2010-05-07,F,Active
C01004832,2023-08-26,B005,ZM,Retail,Web,1982-03-18,M,Active
C01004833,2024-08-07,B004,ZM,SME,Web,1967-05-11,F,Active
C01004834,2022-08-30,B002,ZM,Retail,USSD,1989-12-20,F,Active
C01004835,2024-08-21,B003,ZM,Retail,Branch,1975-02-08,F,Active
C01004836,2022-04-20,B010,ZM,Premium,ATM,1976-08-10,F,Active
C01004837,2025-07-23,B010,ZM,Retail,USSD,2011-01-18,M,Active
C01004838,2025-04-10,B003,ZM,Retail,USSD,1969-04-26,M,Active
C01004839,2025-04-03,B020,ZM,Retail,App,1961-07-05,M,Active
C01004840,2025-06-25,B003,ZM,Retail,Web,2002-03-12,M,Active
C01004841,2022-05-26,B002,ZM,SME,Agent,1979-08-06,F,Dormant
C01004842,2024-08-25,B003,ZM,Retail,USSD,1971-05-13,F,Active
C01004843,2023-02-03,B002,ZM,SME,Branch,1975-03-12,F,Active
C01004844,2024-10-21,B010,ZM,Retail,ATM,2005-09-22,M,Active
C01004845,2022-09-03,B003,ZM,Retail,Branch,1981-05-28,F,Active
C01004846,2025-10-26,B005,ZM,Retail,USSD,1996-08-05,M,Dormant
C01004847,2024-02-21,B015,ZM,Retail,USSD,1960-06-22,F,Closed
C01004848,2024-12-21,B005,ZM,Premium,App,2006-12-01,F,Active
C01004849,2023-09-04,B010,ZM,Retail,Branch,1984-07-08,M,Dormant
C01004850,2024-04-26,B002,ZM,Retail,App,2011-09-27,F,Active
C01004851,2022-04-21,B005,ZM,SME,Agent,1976-10-28,F,Active
C01004852,2022-11-05,B002,ZM,SME,Branch,2004-03-13,F,Dormant
C01004853,2022-10-09,B005,ZM,Retail,Web,2009-02-14,F,Active
C01004854,2023-02-15,B005,ZM,SME,Agent,1981-05-05,F,Active
C01004855,2023-12-03,B002,ZM,Retail,Web,1965-04-29,M,Active
C01004856,2024-04-18,B004,ZM,Retail,Branch,1998-07-21,F,Active
C01004857,2025-03-12,B005,ZM,Retail,App,1978-12-06,F,Active
C01004858,2024-07-26,B003,ZM,Retail,Web,1994-11-06,M,Active
C01004859,2022-10-21,B015,ZM,Retail,USSD,1977-04-07,F,Dormant
C01004860,2023-10-10,B010,ZM,Retail,ATM,2007-05-08,F,Active
C01004861,2026-01-05,B004,ZM,Retail,App,1986-04-05,F,Active
C01004862,2023-01-05,B002,ZM,SME,Agent,1990-11-19,F,Closed
C01004863,2022-06-15,B004,ZM,Premium,Agent,1972-03-21,F,Active
C01004864,2024-09-25,B001,ZM,SME,Branch,1996-04-16,F,Active
C01004865,2023-11-13,B001,ZM,Retail,Agent,2012-12-31,M,Active
C01004866,2025-07-16,B005,ZM,Retail,ATM,1996-12-02,M,Active
C01004867,2022-12-29,B005,ZM,Retail,ATM,2011-11-19,F,Active
C01004868,2023-10-04,B003,ZM,Retail,USSD,1985-10-22,F,Active
C01004869,2025-07-23,B015,ZM,Retail,Agent,1984-03-01,F,Active
C01004870,2022-04-29,B010,ZM,Retail,App,1982-05-05,F,Active
C01004871,2022-01-10,B004,ZM,Retail,ATM,1971-03-08,F,Active
C01004872,2024-07-14,B001,ZM,Retail,App,1997-09-12,M,Active
C01004873,2023-07-15,B005,ZM,Retail,USSD,1982-11-16,F,Active
C01004874,2023-03-05,B020,ZM,Retail,Branch,2014-04-20,M,Active
C01004875,2022-12-12,B020,ZM,Retail,ATM,2004-08-24,F,Active
C01004876,2025-03-26,B010,ZM,Retail,ATM,1960-02-17,M,Active
C01004877,2022-11-21,B004,ZM,Retail,ATM,1970-04-13,M,Active
C01004878,2024-09-29,B005,ZM,Retail,Agent,1996-05-19,M,Active
C01004879,2022-06-30,B005,ZM,Retail,App,2012-12-30,M,Active
C01004880,2022-09-23,B001,ZM,Retail,ATM,1977-02-24,F,Active
C01004881,2025-06-12,B001,ZM,SME,App,1982-09-10,F,Active
C01004882,2024-06-07,B005,ZM,SME,Agent,1971-07-02,F,Active
C01004883,2025-07-21,B002,ZM,Retail,Web,2011-09-24,F,Active
C01004884,2024-05-29,B005,ZM,Retail,Web,1976-07-16,F,Dormant
C01004885,2024-04-06,B010,ZM,Retail,App,2012-01-20,M,Closed
C01004886,2024-05-28,B005,ZM,Retail,Agent,1970-10-06,F,Active
C01004887,2024-09-04,B003,ZM,Retail,Web,1982-04-27,M,Active
C01004888,2024-02-25,B015,ZM,Retail,USSD,1971-11-19,F,Active
C01004889,2022-01-10,B003,ZM,Retail,USSD,1963-08-10,M,Active
C01004890,2022-03-19,B003,ZM,SME,Web,1980-09-16,F,Active
C01004891,2024-12-29,B002,ZM,SME,Branch,1982-06-05,M,Closed
C01004892,2023-02-13,B002,ZM,Retail,App,1964-03-05,M,Dormant
C01004893,2026-02-05,B020,ZM,Retail,Web,1966-06-23,F,Active
C01004894,2024-02-04,B005,ZM,Retail,App,1995-05-31,M,Active
C01004895,2022-01-29,B003,ZM,Retail,Agent,1971-12-05,M,Active
C01004896,2023-10-22,B002,ZM,Premium,Web,1979-07-27,F,Active
C01004897,2024-12-23,B001,ZM,Retail,USSD,1984-10-22,M,Active
C01004898,2023-01-26,B005,ZM,Retail,Agent,1970-02-07,M,Active
C01004899,2022-02-06,B010,ZM,SME,Branch,2011-07-19,F,Active
C01004900,2025-10-17,B015,ZM,SME,App,1960-04-02,M,Active
C01004901,2022-01-09,B004,ZM,SME,Branch,1978-11-09,M,Active
C01004902,2025-07-07,B005,ZM,Retail,USSD,1969-12-08,M,Active
C01004903,2023-05-25,B004,ZM,Retail,ATM,1961-03-26,M,Active
C01004904,2023-04-09,B003,ZM,Retail,ATM,1997-01-30,F,Active
C01004905,2025-11-21,B015,ZM,Retail,App,1969-08-05,F,Active
C01004906,2023-12-07,B004,ZM,Premium,Agent,1990-08-16,F,Dormant
C01004907,2023-10-02,B003,ZM,Retail,USSD,1978-07-06,F,Active
C01004908,2022-09-22,B001,ZM,Premium,App,2000-02-09,F,Active
C01004909,2022-07-30,B004,ZM,Retail,Agent,1972-12-14,F,Active
C01004910,2024-02-25,B015,ZM,SME,App,1973-03-09,M,Active
C01004911,2024-10-27,B020,ZM,Retail,App,1971-01-21,M,Active
C01004912,2025-04-20,B005,ZM,Premium,Branch,1993-01-30,M,Active
C01004913,2023-09-19,B003,ZM,Retail,Web,1989-03-02,F,Dormant
C01004914,2022-12-09,B005,ZM,Retail,USSD,1996-11-18,F,Active
C01004915,2022-05-14,B015,ZM,SME,Branch,1993-12-23,M,Active
C01004916,2022-04-04,B002,ZM,Retail,Agent,2006-07-20,M,Active
C01004917,2023-09-03,B003,ZM,Retail,Web,1984-09-04,F,Active
C01004918,2023-08-19,B004,ZM,Premium,App,1999-10-12,M,Dormant
C01004919,2024-07-22,B003,ZM,Retail,ATM,1978-01-30,F,Active
C01004920,2026-01-30,B005,ZM,Retail,Branch,1973-02-02,M,Active
C01004921,2024-12-01,B001,ZM,Retail,USSD,1978-07-20,F,Active
C01004922,2025-05-06,B003,ZM,SME,USSD,1994-12-01,M,Active
C01004923,2024-12-09,B004,ZM,Retail,Web,1991-09-07,F,Active
C01004924,2023-11-23,B002,ZM,Retail,Branch,1976-11-12,M,Active
C01004925,2024-06-07,B020,ZM,Retail,App,1981-10-12,F,Active
C01004926,2025-11-07,B010,ZM,Retail,Web,2003-12-14,M,Active
C01004927,2022-10-02,B001,ZM,Retail,Agent,2003-11-11,M,Active
C01004928,2023-12-03,B020,ZM,Retail,USSD,1984-07-28,M,Active
C01004929,2024-09-30,B002,ZM,Retail,Agent,1999-03-31,F,Dormant
C01004930,2024-01-06,B003,ZM,Retail,Branch,1964-05-22,M,Active
C01004931,2023-01-21,B005,ZM,Retail,ATM,1982-08-14,M,Active
C01004932,2022-12-04,B015,ZM,Retail,Agent,1960-04-10,F,Active
C01004933,2024-04-06,B005,ZM,Retail,App,1998-11-15,M,Active
C01004934,2022-02-09,B020,ZM,Retail,USSD,2001-08-03,M,Active
C01004935,2023-04-13,B004,ZM,Retail,Branch,1974-03-25,M,Dormant
C01004936,2023-04-05,B005,ZM,Retail,ATM,1965-07-05,M,Active
C01004937,2026-01-29,B001,ZM,Retail,USSD,1965-05-06,M,Closed
C01004938,2022-09-26,B005,ZM,Retail,ATM,2001-02-26,M,Active
C01004939,2023-03-09,B004,ZM,Retail,USSD,2007-01-13,M,Active
C01004940,2022-02-14,B010,ZM,Retail,Web,1985-12-07,F,Active
C01004941,2025-04-22,B003,ZM,Retail,Web,1978-04-15,M,Active
C01004942,2024-10-30,B015,ZM,Retail,Web,1997-02-01,F,Active
C01004943,2022-12-13,B020,ZM,Premium,Branch,1969-11-27,M,Active
C01004944,2022-09-10,B003,ZM,Retail,Web,1985-10-07,F,Dormant
C01004945,2024-01-21,B005,ZM,Retail,Branch,1972-08-15,F,Active
C01004946,2025-12-27,B002,ZM,Retail,App,1985-06-05,M,Active
C01004947,2025-08-25,B003,ZM,Retail,Web,1985-01-22,F,Dormant
C01004948,2022-03-18,B010,ZM,Retail,Branch,1975-11-19,M,Active
C01004949,2024-02-08,B005,ZM,Retail,USSD,1998-03-26,F,Closed
C01004950,2025-08-04,B015,ZM,SME,Branch,1961-03-27,F,Active
C01004951,2023-06-08,B004,ZM,Retail,Agent,2002-06-15,F,Active
C01004952,2024-12-31,B010,ZM,Retail,Branch,2007-07-06,F,Active
C01004953,2025-06-30,B005,ZM,Retail,Agent,1965-11-09,M,Active
C01004954,2022-04-10,B010,ZM,Retail,USSD,2012-08-12,M,Active
C01004955,2025-05-01,B003,ZM,Retail,Branch,2000-10-07,F,Active
C01004956,2022-04-09,B015,ZM,Retail,USSD,1991-03-17,F,Active
C01004957,2025-09-17,B004,ZM,Retail,Agent,1987-03-15,M,Active
C01004958,2022-08-10,B005,ZM,Retail,ATM,1980-02-15,F,Active
C01004959,2025-08-31,B001,ZM,SME,Web,2000-04-24,F,Active
C01004960,2022-02-10,B020,ZM,Retail,Agent,1978-01-09,M,Active
C01004961,2022-04-09,B004,ZM,SME,App,1984-09-22,F,Closed
C01004962,2025-11-13,B001,ZM,Retail,Branch,2002-10-11,F,Active
C01004963,2022-08-26,B010,ZM,Retail,USSD,1995-01-16,F,Active
C01004964,2024-05-03,B002,ZM,SME,Web,1984-03-10,M,Active
C01004965,2024-06-28,B004,ZM,Retail,Branch,1974-05-24,F,Active
C01004966,2024-02-18,B010,ZM,SME,Web,2003-02-04,F,Active
C01004967,2022-09-11,B001,ZM,Retail,ATM,1979-10-15,M,Dormant
C01004968,2025-01-25,B003,ZM,Retail,Branch,1999-04-22,M,Active
C01004969,2023-06-02,B003,ZM,Retail,USSD,1971-12-23,M,Dormant
C01004970,2024-08-29,B002,ZM,Retail,ATM,1961-07-15,M,Active
C01004971,2025-12-08,B020,ZM,Premium,Branch,1981-01-11,M,Active
C01004972,2022-11-10,B004,ZM,SME,Web,2003-08-05,F,Active
C01004973,2023-02-25,B004,ZM,Retail,ATM,1994-07-02,F,Active
C01004974,2025-11-24,B004,ZM,Retail,USSD,1979-08-21,F,Active
C01004975,2025-11-05,B020,ZM,Retail,Branch,2009-07-01,F,Active
C01004976,2025-07-14,B010,ZM,Retail,Web,2005-09-22,F,Active
C01004977,2022-01-20,B015,ZM,Retail,Web,1972-12-24,M,Active
C01004978,2023-09-09,B015,ZM,Retail,Agent,1969-11-07,M,Active
C01004979,2024-05-11,B002,ZM,Retail,ATM,1984-01-06,M,Active
C01004980,2025-09-17,B004,ZM,Retail,Branch,1993-04-08,M,Active
C01004981,2022-07-26,B010,ZM,SME,Agent,2006-10-31,F,Active
C01004982,2025-09-18,B003,ZM,SME,Web,1982-11-10,M,Active
C01004983,2024-12-01,B001,ZM,SME,ATM,1968-11-12,F,Active
C01004984,2023-07-07,B010,ZM,SME,App,1984-05-20,F,Active
C01004985,2025-06-29,B020,ZM,Retail,Web,2006-05-03,M,Active
C01004986,2025-05-25,B015,ZM,Retail,ATM,1987-10-31,F,Active
C01004987,2025-12-06,B015,ZM,Retail,App,1996-03-20,M,Active
C01004988,2022-10-08,B003,ZM,SME,ATM,1961-10-27,M,Active
C01004989,2024-05-07,B003,ZM,Premium,Web,1965-08-25,M,Active
C01004990,2022-08-03,B020,ZM,Retail,App,2010-11-18,M,Dormant
C01004991,2024-11-13,B001,ZM,SME,ATM,1969-08-11,M,Active
C01004992,2026-01-12,B003,ZM,Retail,Branch,1981-08-22,F,Active
C01004993,2025-06-19,B002,ZM,Retail,App,1985-05-16,F,Active
C01004994,2022-08-30,B001,ZM,Retail,ATM,1982-08-13,F,Active
C01004995,2023-08-02,B003,ZM,Retail,Branch,1981-12-01,M,Active
C01004996,2022-08-22,B005,ZM,Retail,App,2009-11-16,F,Active
C01004997,2022-08-06,B010,ZM,Retail,ATM,2011-07-14,F,Active
C01004998,2024-10-16,B003,ZM,Retail,Web,2007-07-17,F,Active
C01004999,2023-02-11,B002,ZM,Retail,App,1976-05-30,M,Active
C01005000,2025-06-01,B004,ZM,Retail,App,2004-08-03,M,Active
C01005001,2023-02-14,B003,ZM,Retail,Branch,2007-05-26,F,Active
C01005002,2023-06-23,B015,ZM,Retail,Agent,1960-04-20,F,Active
C01005003,2024-12-07,B015,ZM,Retail,Agent,1973-05-17,F,Active
C01005004,2023-02-18,B015,ZM,Retail,ATM,1961-10-03,F,Active
C01005005,2024-01-04,B004,ZM,SME,Web,1989-05-15,M,Active
C01005006,2025-12-11,B015,ZM,Retail,Branch,2009-09-09,F,Active
C01005007,2024-04-19,B005,ZM,Retail,App,1997-08-27,F,Active
C01005008,2023-08-28,B003,ZM,SME,Agent,2010-12-14,F,Active
C01005009,2022-11-25,B020,ZM,SME,Branch,1990-08-14,M,Active
C01005010,2022-03-22,B015,ZM,SME,Branch,1960-02-17,M,Active
C01005011,2025-01-27,B001,ZM,Retail,Branch,2003-02-26,F,Active
C01005012,2024-10-13,B020,ZM,Retail,App,1977-05-08,M,Dormant
C01005013,2023-03-02,B004,ZM,Retail,USSD,1976-10-22,M,Active
C01005014,2025-11-10,B005,ZM,Retail,Branch,1969-09-24,M,Active
C01005015,2024-09-11,B001,ZM,SME,USSD,1987-06-26,F,Active
C01005016,2023-11-09,B001,ZM,Retail,Agent,1998-02-11,M,Active
C01005017,2023-04-26,B001,ZM,Retail,Web,1982-07-14,F,Active
C01005018,2022-01-06,B001,ZM,Retail,Agent,1984-05-24,M,Active
C01005019,2022-01-27,B020,ZM,Retail,Web,2012-08-03,M,Active
C01005020,2025-10-07,B020,ZM,Retail,Web,1977-11-23,F,Active
C01005021,2022-07-02,B003,ZM,Retail,Agent,1996-01-23,F,Active
C01005022,2022-08-15,B015,ZM,SME,ATM,2013-12-20,M,Active
C01005023,2025-03-21,B010,ZM,Premium,App,2010-09-15,M,Active
C01005024,2025-10-02,B003,ZM,Retail,USSD,2010-08-07,F,Dormant
C01005025,2024-10-08,B003,ZM,Retail,ATM,1992-01-07,M,Active
C01005026,2022-11-02,B005,ZM,Retail,USSD,1968-08-14,F,Active
C01005027,2022-07-04,B005,ZM,Retail,App,1994-01-31,F,Active
C01005028,2024-11-13,B015,ZM,SME,Branch,2002-05-01,F,Active
C01005029,2022-06-03,B010,ZM,Retail,Agent,1977-08-10,M,Active
C01005030,2026-01-21,B005,ZM,Retail,ATM,1981-12-20,M,Active
C01005031,2026-01-21,B015,ZM,Retail,App,1989-02-17,F,Dormant
C01005032,2022-07-27,B015,ZM,Retail,Agent,1964-02-09,M,Active
C01005033,2023-06-09,B020,ZM,Retail,ATM,1990-02-26,F,Active
C01005034,2025-08-12,B002,ZM,Retail,Web,1992-01-07,M,Dormant
C01005035,2023-04-19,B020,ZM,Retail,ATM,2002-04-16,M,Active
C01005036,2024-07-24,B010,ZM,Retail,Branch,1981-08-20,M,Active
C01005037,2023-08-30,B005,ZM,Retail,Branch,2007-10-09,M,Closed
C01005038,2023-06-25,B010,ZM,SME,USSD,1989-11-29,F,Active
C01005039,2024-08-08,B003,ZM,Retail,ATM,2004-03-29,M,Active
C01005040,2022-04-13,B003,ZM,Retail,Web,1980-06-01,F,Active
C01005041,2022-07-24,B010,ZM,Retail,Branch,1998-08-26,M,Dormant
C01005042,2022-12-24,B002,ZM,Retail,USSD,2010-06-16,F,Closed
C01005043,2022-03-22,B002,ZM,SME,Web,1961-06-22,M,Active
C01005044,2023-08-19,B020,ZM,Premium,Web,1966-11-04,F,Active
C01005045,2024-01-08,B010,ZM,Retail,Web,1969-04-04,M,Active
C01005046,2025-10-18,B005,ZM,Retail,App,2010-09-14,F,Closed
C01005047,2023-10-03,B020,ZM,Retail,Branch,1972-04-16,M,Active
C01005048,2024-05-22,B004,ZM,Retail,App,1980-10-01,M,Dormant
C01005049,2022-08-26,B002,ZM,Retail,App,1996-11-05,M,Active
C01005050,2022-07-14,B001,ZM,SME,Branch,1963-12-08,F,Active
C01005051,2022-04-04,B020,ZM,Retail,ATM,1978-05-22,F,Active
C01005052,2022-01-20,B003,ZM,Retail,Agent,2001-11-26,M,Active
C01005053,2022-10-11,B020,ZM,Retail,USSD,1996-12-29,F,Active
C01005054,2025-09-20,B010,ZM,Retail,Agent,2007-12-30,M,Dormant
C01005055,2025-08-18,B001,ZM,Retail,Agent,1966-07-07,M,Active
C01005056,2022-12-16,B010,ZM,Retail,Agent,1969-03-16,M,Dormant
C01005057,2023-11-05,B015,ZM,Retail,Agent,2009-03-19,F,Active
C01005058,2024-01-03,B003,ZM,Retail,Branch,1999-08-03,F,Active
C01005059,2024-06-15,B003,ZM,Retail,Agent,1972-03-05,M,Active
C01005060,2025-06-27,B002,ZM,SME,USSD,1979-10-20,F,Dormant
C01005061,2023-07-04,B020,ZM,Retail,ATM,1979-03-31,F,Active
C01005062,2022-07-10,B002,ZM,Retail,Branch,1979-08-07,M,Active
C01005063,2024-02-03,B001,ZM,Retail,Agent,1993-04-09,M,Active
C01005064,2023-12-03,B020,ZM,Retail,Web,1968-09-08,F,Active
C01005065,2023-01-10,B015,ZM,Retail,Branch,1963-04-14,M,Active
C01005066,2022-08-22,B010,ZM,Retail,ATM,1983-01-03,M,Active
C01005067,2024-03-31,B015,ZM,SME,Agent,1961-01-18,F,Active
C01005068,2024-03-30,B003,ZM,SME,App,2012-09-15,F,Active
C01005069,2024-07-23,B001,ZM,Retail,Branch,1996-09-14,F,Active
C01005070,2023-07-11,B004,ZM,Retail,Web,1970-10-16,M,Active
C01005071,2024-02-29,B001,ZM,Retail,Branch,1985-02-26,M,Active
C01005072,2025-11-13,B005,ZM,Retail,App,2012-10-22,F,Active
C01005073,2024-09-06,B001,ZM,Retail,Branch,2000-05-10,F,Active
C01005074,2024-05-13,B015,ZM,Retail,Web,1978-10-04,M,Active
C01005075,2025-08-21,B005,ZM,Retail,ATM,1968-05-21,F,Active
C01005076,2022-12-08,B005,ZM,SME,Web,1990-07-29,F,Active
C01005077,2022-08-20,B020,ZM,Retail,ATM,1981-03-27,M,Active
C01005078,2022-09-29,B020,ZM,SME,Web,1970-08-28,M,Active
C01005079,2025-11-26,B005,ZM,Retail,USSD,1968-05-22,F,Active
C01005080,2026-01-27,B004,ZM,Retail,Branch,1982-06-16,F,Active
C01005081,2022-05-01,B020,ZM,Retail,Branch,2013-09-04,M,Active
C01005082,2022-11-23,B001,ZM,Retail,App,2008-03-01,M,Active
C01005083,2022-08-01,B015,ZM,Retail,USSD,1981-08-21,M,Active
C01005084,2024-05-02,B001,ZM,Retail,App,1963-12-18,M,Active
C01005085,2025-04-24,B004,ZM,Retail,Branch,2002-09-14,F,Dormant
C01005086,2024-09-15,B003,ZM,SME,App,1984-11-09,M,Active
C01005087,2025-03-11,B002,ZM,Retail,ATM,2008-07-16,M,Active
C01005088,2025-10-21,B015,ZM,Retail,USSD,1974-12-26,F,Active
C01005089,2024-06-16,B020,ZM,Retail,Web,1960-07-27,F,Active
C01005090,2023-01-07,B015,ZM,Retail,ATM,2003-12-02,F,Dormant
C01005091,2025-06-05,B001,ZM,Retail,Agent,1979-05-30,M,Active
C01005092,2024-02-17,B002,ZM,Retail,Web,1996-12-11,F,Dormant
C01005093,2024-01-05,B010,ZM,Retail,App,1989-09-02,M,Active
C01005094,2025-06-06,B010,ZM,SME,Branch,1968-12-23,M,Dormant
C01005095,2022-03-01,B020,ZM,Retail,ATM,1967-12-16,F,Active
C01005096,2025-11-02,B004,ZM,Retail,USSD,2005-03-10,M,Active
C01005097,2026-01-29,B010,ZM,Retail,Web,2012-04-16,F,Active
C01005098,2022-09-25,B015,ZM,SME,Agent,1980-07-28,F,Closed
C01005099,2024-09-16,B010,ZM,Premium,ATM,2011-08-24,M,Active
C01005100,2024-09-26,B003,ZM,Retail,Branch,1984-11-28,M,Active
C01005101,2022-08-20,B003,ZM,Retail,USSD,1960-01-04,M,Active
C01005102,2024-04-22,B020,ZM,Retail,USSD,1998-04-26,F,Dormant
C01005103,2024-06-21,B003,ZM,SME,Web,1991-04-22,F,Dormant
C01005104,2022-04-05,B010,ZM,Retail,ATM,1992-01-07,F,Active
C01005105,2022-05-10,B004,ZM,Retail,ATM,2000-07-31,M,Dormant
C01005106,2023-06-20,B005,ZM,SME,USSD,2009-11-27,F,Active
C01005107,2025-09-03,B005,ZM,Retail,App,1974-09-27,F,Dormant
C01005108,2023-10-06,B020,ZM,SME,USSD,1962-05-31,F,Dormant
C01005109,2022-01-26,B002,ZM,Retail,Branch,1968-09-30,M,Active
C01005110,2025-12-13,B005,ZM,Retail,ATM,2011-04-16,M,Active
C01005111,2025-10-20,B005,ZM,Retail,Web,1961-11-30,M,Active
C01005112,2024-12-10,B003,ZM,Retail,ATM,1984-09-10,F,Active
C01005113,2025-03-26,B003,ZM,Retail,USSD,1977-04-10,F,Active
C01005114,2026-01-22,B010,ZM,Retail,Branch,1975-06-09,M,Active
C01005115,2025-03-03,B020,ZM,Retail,App,1974-01-30,M,Active
C01005116,2023-04-04,B002,ZM,Retail,ATM,1981-01-04,F,Active
C01005117,2025-10-03,B020,ZM,Retail,USSD,1964-01-21,F,Dormant
C01005118,2023-11-24,B001,ZM,Retail,Agent,1976-02-04,F,Active
C01005119,2024-11-29,B015,ZM,Retail,USSD,1977-07-27,M,Active
C01005120,2024-12-07,B002,ZM,Retail,USSD,1978-10-03,M,Closed
C01005121,2025-11-10,B002,ZM,Retail,Branch,1977-09-24,M,Active
C01005122,2025-12-05,B004,ZM,Retail,USSD,1971-11-24,M,Active
C01005123,2025-06-20,B020,ZM,SME,USSD,1986-06-19,F,Dormant
C01005124,2022-07-15,B010,ZM,SME,USSD,2001-05-06,F,Active
C01005125,2024-06-05,B004,ZM,Retail,ATM,1965-06-30,F,Active
C01005126,2025-09-17,B002,ZM,SME,USSD,2000-04-28,M,Active
C01005127,2026-01-28,B002,ZM,SME,Branch,1980-03-29,M,Closed
C01005128,2023-05-25,B002,ZM,SME,Agent,1972-01-25,F,Active
C01005129,2024-09-13,B005,ZM,Retail,ATM,1962-10-28,M,Active
C01005130,2023-12-10,B020,ZM,Retail,Agent,1970-07-29,M,Active
C01005131,2025-09-21,B015,ZM,Retail,USSD,1978-04-26,F,Active
C01005132,2025-10-17,B015,ZM,Retail,App,1992-11-22,M,Active
C01005133,2025-08-06,B004,ZM,Retail,Agent,1986-11-17,M,Active
C01005134,2024-02-28,B002,ZM,Retail,Branch,1998-09-27,F,Closed
C01005135,2022-11-01,B015,ZM,Retail,App,1973-10-22,F,Active
C01005136,2025-02-17,B003,ZM,Retail,Branch,1965-09-04,F,Active
C01005137,2025-06-09,B020,ZM,Retail,App,1974-04-09,M,Dormant
C01005138,2022-04-22,B015,ZM,Retail,USSD,2002-07-02,F,Active
C01005139,2022-01-24,B010,ZM,SME,App,1993-12-02,F,Active
C01005140,2025-08-10,B020,ZM,Retail,Agent,1960-09-06,M,Active
C01005141,2022-11-18,B010,ZM,Retail,App,1975-05-17,M,Active
C01005142,2024-11-01,B015,ZM,Retail,Branch,1993-08-07,F,Active
C01005143,2024-08-19,B003,ZM,Retail,USSD,1963-02-25,F,Active
C01005144,2024-10-12,B010,ZM,Retail,Branch,2007-10-27,M,Active
C01005145,2022-12-05,B005,ZM,SME,USSD,1975-09-16,M,Active
C01005146,2022-06-03,B015,ZM,Retail,Agent,1997-09-17,M,Closed
C01005147,2024-10-03,B005,ZM,Retail,Web,1969-09-26,F,Active
C01005148,2023-10-19,B015,ZM,SME,ATM,1967-08-11,M,Active
C01005149,2023-05-09,B001,ZM,Retail,Agent,1974-02-18,F,Active
C01005150,2023-11-09,B001,ZM,Retail,Agent,1978-12-31,F,Active
C01005151,2023-07-24,B001,ZM,Retail,ATM,1966-07-27,F,Active
C01005152,2022-04-14,B010,ZM,Retail,Branch,1973-10-16,M,Active
C01005153,2024-11-04,B005,ZM,Retail,Agent,1997-03-27,M,Closed
C01005154,2023-04-02,B005,ZM,Retail,USSD,1969-09-23,F,Active
C01005155,2025-02-01,B005,ZM,Retail,App,1998-12-28,F,Active
C01005156,2025-08-10,B003,ZM,SME,Agent,1980-07-26,M,Active
C01005157,2024-02-15,B005,ZM,Retail,ATM,1974-11-28,F,Active
C01005158,2024-04-05,B003,ZM,SME,Agent,1983-11-16,M,Active
C01005159,2023-04-27,B001,ZM,Retail,Branch,2006-09-03,F,Active
C01005160,2022-06-11,B001,ZM,Retail,Branch,2009-10-16,M,Closed
C01005161,2024-07-29,B010,ZM,Retail,Branch,2007-08-17,F,Dormant
C01005162,2024-06-28,B015,ZM,Retail,USSD,2013-01-30,F,Dormant
C01005163,2025-03-19,B001,ZM,Retail,Agent,2012-07-15,F,Active
C01005164,2024-07-06,B015,ZM,Retail,Branch,1989-08-11,M,Active
C01005165,2022-06-30,B015,ZM,SME,Web,2000-08-23,M,Active
C01005166,2024-10-17,B020,ZM,Retail,App,1974-02-13,M,Active
C01005167,2024-07-04,B010,ZM,Retail,Branch,2013-04-25,F,Active
C01005168,2023-10-10,B002,ZM,Premium,USSD,2007-10-21,F,Dormant
C01005169,2022-09-01,B002,ZM,Retail,App,2010-11-23,M,Active
C01005170,2024-10-15,B004,ZM,Retail,App,1979-05-05,M,Active
C01005171,2025-08-31,B020,ZM,Retail,ATM,2000-04-14,M,Active
C01005172,2022-02-06,B010,ZM,Retail,Branch,1998-02-12,F,Dormant
C01005173,2022-07-30,B004,ZM,Retail,Branch,1975-06-11,M,Active
C01005174,2024-04-06,B004,ZM,Retail,Agent,1999-12-06,M,Active
C01005175,2024-04-24,B020,ZM,Retail,USSD,1985-01-17,F,Active
C01005176,2022-03-15,B002,ZM,Retail,Web,1988-04-28,M,Active
C01005177,2025-02-15,B010,ZM,Retail,Agent,1983-05-07,M,Dormant
C01005178,2025-01-29,B002,ZM,SME,Web,2014-05-23,M,Active
C01005179,2022-01-01,B004,ZM,SME,ATM,1979-03-19,M,Dormant
C01005180,2022-07-06,B010,ZM,Retail,Web,1961-10-18,M,Active
C01005181,2025-05-22,B004,ZM,Retail,USSD,1977-08-10,F,Active
C01005182,2025-06-21,B005,ZM,SME,ATM,1996-05-28,M,Active
C01005183,2025-07-29,B020,ZM,Retail,Branch,1986-07-07,M,Active
C01005184,2023-09-16,B015,ZM,Retail,Web,1993-09-09,M,Active
C01005185,2024-11-07,B010,ZM,Retail,USSD,2008-01-14,M,Active
C01005186,2025-02-25,B010,ZM,SME,USSD,2001-09-14,F,Active
C01005187,2023-02-28,B015,ZM,Retail,Branch,1968-03-01,M,Active
C01005188,2025-09-02,B004,ZM,Premium,USSD,2012-02-28,F,Active
C01005189,2025-10-07,B005,ZM,Retail,ATM,1970-05-07,M,Active
C01005190,2024-07-23,B003,ZM,Retail,ATM,1971-05-17,M,Active
C01005191,2023-11-30,B015,ZM,Retail,Agent,1964-10-28,M,Active
C01005192,2024-01-15,B020,ZM,Retail,App,1980-08-11,F,Active
C01005193,2022-04-22,B002,ZM,SME,Branch,2007-11-13,M,Dormant
C01005194,2023-04-02,B004,ZM,Premium,USSD,1970-02-25,M,Active
C01005195,2024-07-19,B015,ZM,Retail,Web,2010-03-31,M,Dormant
C01005196,2023-11-11,B015,ZM,Premium,Agent,2003-01-01,M,Active
C01005197,2025-02-21,B010,ZM,SME,ATM,1995-05-27,M,Active
C01005198,2025-06-23,B002,ZM,Retail,Branch,2012-02-04,F,Active
C01005199,2025-05-13,B002,ZM,Retail,Branch,1972-02-17,M,Active
C01005200,2024-08-26,B020,ZM,Retail,ATM,1964-09-27,F,Dormant
C01005201,2026-01-07,B002,ZM,Retail,App,2006-06-20,F,Active
C01005202,2025-09-07,B015,ZM,Retail,Branch,1976-02-17,F,Active
C01005203,2024-01-15,B003,ZM,Retail,USSD,2008-05-10,M,Active
C01005204,2026-01-06,B001,ZM,Retail,Web,1980-10-17,F,Dormant
C01005205,2024-07-15,B004,ZM,SME,Web,1971-05-05,M,Active
C01005206,2022-08-22,B001,ZM,SME,ATM,1981-07-29,F,Active
C01005207,2022-07-19,B015,ZM,Retail,Branch,1964-07-21,M,Active
C01005208,2025-09-11,B001,ZM,Retail,Web,2005-08-11,M,Active
C01005209,2023-03-31,B015,ZM,Retail,Branch,2014-06-12,M,Active
C01005210,2022-01-05,B001,ZM,Retail,ATM,2008-10-09,M,Active
C01005211,2023-12-01,B002,ZM,Retail,App,1966-08-27,M,Active
C01005212,2023-12-29,B005,ZM,Retail,Web,1981-08-31,F,Active
C01005213,2025-07-21,B002,ZM,Retail,USSD,2008-05-10,M,Active
C01005214,2023-08-21,B002,ZM,Retail,Agent,2009-07-19,F,Active
C01005215,2025-01-26,B020,ZM,Retail,ATM,1967-07-01,M,Active
C01005216,2024-12-05,B010,ZM,Retail,Agent,1990-06-04,M,Active
C01005217,2024-02-05,B010,ZM,SME,App,2007-02-08,M,Closed
C01005218,2025-12-08,B001,ZM,Premium,USSD,2008-03-23,M,Dormant
C01005219,2022-08-06,B015,ZM,Retail,Agent,1968-05-23,M,Active
C01005220,2022-04-04,B020,ZM,Retail,USSD,1983-04-18,M,Dormant
C01005221,2022-12-03,B002,ZM,Retail,Web,1983-06-06,M,Dormant
C01005222,2024-10-05,B020,ZM,Retail,Branch,1989-10-16,M,Active
C01005223,2022-10-15,B001,ZM,Retail,ATM,2009-03-30,M,Active
C01005224,2026-01-08,B010,ZM,Retail,USSD,1972-03-20,F,Active
C01005225,2026-01-17,B005,ZM,Premium,Web,1975-12-30,F,Dormant
C01005226,2024-04-18,B004,ZM,Retail,App,1963-12-13,F,Dormant
C01005227,2022-08-08,B001,ZM,SME,USSD,1998-05-16,M,Active
C01005228,2023-06-05,B020,ZM,Retail,App,2004-01-02,F,Active
C01005229,2025-06-05,B005,ZM,Retail,ATM,1978-06-02,M,Active
C01005230,2023-02-06,B004,ZM,Retail,Web,1972-07-14,M,Active
C01005231,2023-01-20,B003,ZM,Retail,App,1979-10-13,M,Active
C01005232,2022-09-05,B001,ZM,Retail,Branch,1968-01-07,F,Active
C01005233,2024-03-15,B001,ZM,Retail,Agent,2006-06-20,F,Active
C01005234,2023-03-18,B003,ZM,Retail,App,1973-04-05,M,Active
C01005235,2024-07-25,B003,ZM,Retail,App,1999-09-07,M,Dormant
C01005236,2023-01-26,B001,ZM,Retail,Web,1966-05-29,F,Active
C01005237,2026-01-07,B003,ZM,SME,Web,1997-11-14,F,Active
C01005238,2023-11-24,B002,ZM,Retail,USSD,2009-01-18,F,Active
C01005239,2022-08-09,B004,ZM,Retail,Agent,1967-03-11,F,Active
C01005240,2024-04-28,B004,ZM,Retail,App,1988-11-15,F,Active
C01005241,2022-04-06,B004,ZM,SME,App,2001-05-07,F,Dormant
C01005242,2025-07-20,B002,ZM,Retail,Web,1974-10-08,F,Active
C01005243,2025-10-08,B015,ZM,Retail,Branch,1984-10-15,F,Active
C01005244,2025-04-20,B003,ZM,Retail,Web,1990-04-18,F,Active
C01005245,2022-09-10,B005,ZM,Retail,Branch,1962-09-08,M,Active
C01005246,2024-07-11,B003,ZM,Retail,Agent,1962-12-20,M,Active
C01005247,2024-07-25,B001,ZM,Premium,Web,1961-01-12,M,Dormant
C01005248,2025-09-10,B010,ZM,SME,Agent,1962-06-14,M,Active
C01005249,2025-04-21,B020,ZM,Retail,ATM,1962-03-04,F,Active
C01005250,2024-10-29,B020,ZM,Retail,App,1962-09-21,M,Active
C01005251,2022-10-03,B004,ZM,Retail,Agent,1967-07-03,M,Active
C01005252,2024-10-18,B003,ZM,Retail,Branch,1988-12-06,M,Active
C01005253,2022-01-09,B005,ZM,SME,ATM,1974-10-18,F,Active
C01005254,2024-12-22,B001,ZM,Retail,Branch,2012-07-22,F,Active
C01005255,2022-04-10,B002,ZM,Retail,USSD,1967-04-10,F,Active
C01005256,2025-02-07,B015,ZM,Retail,USSD,1967-05-31,M,Active
C01005257,2024-06-05,B002,ZM,SME,App,1977-01-30,M,Dormant
C01005258,2025-04-13,B005,ZM,Retail,ATM,2003-02-18,M,Active
C01005259,2024-09-16,B001,ZM,Retail,ATM,1968-10-24,M,Active
C01005260,2024-11-07,B004,ZM,Retail,USSD,1999-05-20,F,Active
C01005261,2022-12-29,B003,ZM,Retail,App,2008-05-10,F,Dormant
C01005262,2025-11-17,B001,ZM,Premium,Agent,1993-05-01,M,Active
C01005263,2025-03-30,B020,ZM,Retail,USSD,1965-02-18,M,Dormant
C01005264,2022-12-22,B015,ZM,Retail,ATM,2014-04-07,F,Active
C01005265,2026-02-05,B002,ZM,Retail,Branch,1962-04-26,M,Active
C01005266,2022-09-20,B015,ZM,SME,ATM,1973-06-08,F,Dormant
C01005267,2022-08-01,B015,ZM,Retail,App,1991-09-13,F,Active
C01005268,2024-03-04,B005,ZM,Retail,ATM,1988-01-25,F,Active
C01005269,2025-09-08,B005,ZM,Retail,Web,1994-01-02,M,Active
C01005270,2025-05-14,B003,ZM,Retail,ATM,1970-05-01,F,Active
C01005271,2025-05-26,B005,ZM,Retail,Web,2005-03-20,M,Active
C01005272,2023-10-22,B005,ZM,SME,USSD,1986-01-02,M,Active
C01005273,2024-10-29,B001,ZM,Retail,Agent,1986-03-17,F,Active
C01005274,2024-02-27,B020,ZM,Retail,Web,1983-05-26,M,Active
C01005275,2024-05-07,B004,ZM,Premium,ATM,1974-04-16,M,Active
C01005276,2025-06-01,B003,ZM,Retail,Agent,1967-08-18,F,Active
C01005277,2025-11-19,B001,ZM,Retail,Agent,2008-12-17,M,Active
C01005278,2023-05-24,B004,ZM,Retail,ATM,1973-04-09,M,Closed
C01005279,2023-07-15,B015,ZM,Retail,ATM,2013-11-10,M,Active
C01005280,2024-03-25,B001,ZM,Retail,App,2011-09-16,M,Active
C01005281,2023-12-04,B010,ZM,SME,USSD,2008-06-12,M,Active
C01005282,2023-08-26,B001,ZM,SME,Web,2002-10-10,M,Active
C01005283,2024-07-16,B005,ZM,Retail,Branch,1985-10-06,M,Active
C01005284,2022-10-01,B004,ZM,Retail,Web,2004-01-23,M,Active
C01005285,2022-10-10,B003,ZM,Retail,ATM,2006-11-07,M,Active
C01005286,2024-04-25,B003,ZM,Retail,Branch,1966-11-15,M,Closed
C01005287,2025-05-18,B004,ZM,Retail,Branch,1973-07-05,F,Active
C01005288,2025-12-04,B005,ZM,Retail,Web,1975-10-07,M,Dormant
C01005289,2024-11-15,B002,ZM,Premium,Web,1985-12-04,F,Active
C01005290,2023-09-05,B001,ZM,SME,Web,2004-12-25,M,Active
C01005291,2025-12-07,B005,ZM,Retail,Web,1963-10-23,M,Active
C01005292,2025-01-26,B010,ZM,Retail,USSD,1988-03-06,M,Active
C01005293,2023-10-05,B020,ZM,Retail,App,1994-01-15,F,Active
C01005294,2025-12-28,B015,ZM,Premium,App,2002-01-24,M,Active
C01005295,2025-02-07,B004,ZM,Retail,Web,1963-08-16,M,Closed
C01005296,2025-07-19,B020,ZM,Retail,App,2005-07-01,M,Active
C01005297,2023-03-22,B001,ZM,Retail,Web,1998-12-30,M,Active
C01005298,2023-02-16,B003,ZM,SME,Web,2001-12-03,F,Active
C01005299,2023-03-06,B015,ZM,SME,Web,1962-05-10,M,Active
C01005300,2025-07-02,B020,ZM,Retail,Agent,1963-12-17,F,Active
C01005301,2026-01-03,B002,ZM,SME,USSD,2013-10-03,M,Active
C01005302,2023-08-19,B020,ZM,Retail,ATM,1964-05-19,M,Dormant
C01005303,2025-11-07,B010,ZM,Retail,App,1960-04-01,F,Active
C01005304,2023-12-09,B003,ZM,SME,App,1983-06-10,F,Active
C01005305,2025-10-09,B004,ZM,SME,USSD,1982-01-13,M,Active
C01005306,2022-09-29,B001,ZM,Retail,USSD,1993-11-25,F,Active
C01005307,2025-12-25,B004,ZM,Retail,Web,1990-12-25,M,Active
C01005308,2025-08-24,B015,ZM,SME,Web,1990-08-20,M,Dormant
C01005309,2022-12-31,B001,ZM,SME,Agent,1967-12-16,M,Active
C01005310,2024-10-28,B005,ZM,SME,Agent,1992-06-05,F,Active
C01005311,2025-01-16,B002,ZM,Retail,ATM,2006-04-13,F,Active
C01005312,2025-11-22,B005,ZM,Premium,App,1984-09-04,M,Active
C01005313,2025-07-28,B005,ZM,Premium,USSD,2007-07-21,M,Dormant
C01005314,2023-10-23,B004,ZM,Retail,ATM,1973-06-14,M,Dormant
C01005315,2025-12-25,B015,ZM,SME,App,1996-05-08,F,Active
C01005316,2022-08-25,B002,ZM,Retail,ATM,1993-11-20,F,Active
C01005317,2023-12-23,B020,ZM,Retail,ATM,2010-07-05,M,Active
C01005318,2025-02-25,B001,ZM,Retail,Web,1971-01-11,M,Active
C01005319,2024-09-10,B001,ZM,Retail,ATM,1981-02-25,F,Dormant
C01005320,2025-04-08,B010,ZM,Retail,Web,1997-01-18,F,Active
C01005321,2025-03-14,B003,ZM,SME,App,1973-05-23,F,Active
C01005322,2025-09-28,B010,ZM,Retail,Agent,1984-03-03,F,Active
C01005323,2025-12-25,B020,ZM,Retail,App,2005-11-26,M,Dormant
C01005324,2024-05-04,B010,ZM,Premium,Web,1980-06-10,F,Active
C01005325,2025-10-12,B001,ZM,Retail,Agent,1988-11-08,F,Active
C01005326,2024-12-29,B004,ZM,Retail,Branch,1993-02-25,M,Active
C01005327,2023-08-09,B005,ZM,Retail,Agent,1964-05-24,F,Active
C01005328,2024-05-15,B015,ZM,Retail,ATM,1992-11-07,F,Active
C01005329,2022-01-27,B005,ZM,Retail,App,1987-10-28,M,Active
C01005330,2024-12-06,B005,ZM,SME,ATM,1975-04-10,M,Closed
C01005331,2022-08-07,B002,ZM,Retail,Agent,2011-10-01,M,Active
C01005332,2022-02-21,B001,ZM,SME,Branch,1993-09-02,M,Active
C01005333,2024-02-20,B020,ZM,Retail,ATM,1963-10-04,F,Dormant
C01005334,2022-10-25,B020,ZM,Retail,Branch,2009-07-27,M,Dormant
C01005335,2022-04-19,B015,ZM,Retail,USSD,1963-07-14,M,Active
C01005336,2025-10-04,B004,ZM,Retail,Branch,2002-02-22,F,Active
C01005337,2022-04-26,B002,ZM,Retail,App,1964-10-03,M,Active
C01005338,2023-02-14,B003,ZM,Retail,Agent,1996-06-27,M,Active
C01005339,2023-07-01,B004,ZM,Retail,Web,1978-08-27,M,Active
C01005340,2022-11-26,B010,ZM,Retail,Web,1981-07-26,F,Active
C01005341,2023-08-10,B004,ZM,Retail,ATM,1996-10-18,F,Active
C01005342,2025-10-31,B004,ZM,Retail,Agent,2014-01-06,F,Active
C01005343,2023-05-29,B005,ZM,Retail,USSD,2010-01-31,F,Active
C01005344,2022-10-27,B004,ZM,SME,ATM,2001-04-09,M,Dormant
C01005345,2022-05-08,B020,ZM,Retail,Branch,1991-11-09,F,Active
C01005346,2025-11-15,B010,ZM,Retail,Web,1961-07-10,F,Active
C01005347,2023-08-28,B010,ZM,Retail,Branch,2007-03-05,M,Active
C01005348,2023-02-22,B001,ZM,Retail,Web,1976-07-29,F,Active
C01005349,2025-01-13,B004,ZM,SME,Web,1971-04-14,F,Active
C01005350,2022-03-08,B005,ZM,Retail,Web,1965-10-15,F,Active
C01005351,2024-01-05,B004,ZM,Retail,Agent,1965-06-12,F,Active
C01005352,2024-07-15,B003,ZM,SME,App,1984-01-10,F,Active
C01005353,2022-07-29,B003,ZM,Retail,Agent,1964-03-19,M,Active
C01005354,2025-06-15,B005,ZM,Retail,Branch,1970-12-25,M,Active
C01005355,2025-10-15,B001,ZM,Retail,Agent,1995-02-20,M,Dormant
C01005356,2025-02-24,B001,ZM,Retail,ATM,1982-09-06,F,Active
C01005357,2023-04-05,B010,ZM,Premium,USSD,2007-06-03,M,Active
C01005358,2025-08-18,B010,ZM,SME,ATM,1971-02-23,M,Closed
C01005359,2025-02-23,B002,ZM,Retail,Agent,2009-11-11,F,Dormant
C01005360,2024-03-07,B005,ZM,Premium,Branch,2007-06-26,M,Active
C01005361,2023-05-02,B004,ZM,Retail,USSD,1960-06-11,M,Active
C01005362,2024-11-12,B015,ZM,Retail,ATM,1983-06-21,F,Active
C01005363,2025-11-26,B005,ZM,SME,USSD,1983-03-16,M,Active
C01005364,2023-08-13,B002,ZM,Retail,Branch,1975-12-02,M,Dormant
C01005365,2025-11-20,B010,ZM,Retail,Web,2009-02-11,F,Active
C01005366,2025-09-22,B005,ZM,Retail,Branch,2002-06-29,F,Active
C01005367,2022-04-07,B005,ZM,Retail,App,2004-09-19,F,Dormant
C01005368,2024-02-21,B010,ZM,Retail,USSD,1982-05-04,F,Active
C01005369,2024-03-04,B020,ZM,Retail,Branch,2006-04-06,F,Active
C01005370,2024-05-03,B002,ZM,Retail,Web,1977-05-23,F,Dormant
C01005371,2025-11-04,B010,ZM,Retail,Web,1993-12-02,F,Active
C01005372,2023-10-03,B001,ZM,SME,Branch,1976-11-02,M,Active
C01005373,2025-02-04,B004,ZM,SME,ATM,2007-05-26,F,Active
C01005374,2022-04-21,B010,ZM,Retail,Branch,1965-10-03,F,Dormant
C01005375,2022-01-27,B002,ZM,Premium,Web,1995-11-10,M,Active
C01005376,2023-05-30,B003,ZM,Retail,Branch,1984-01-10,F,Active
C01005377,2023-02-20,B001,ZM,Retail,App,1981-09-24,F,Active
C01005378,2025-06-24,B003,ZM,Retail,ATM,1973-11-22,F,Closed
C01005379,2024-06-26,B015,ZM,Retail,Branch,1965-11-17,M,Active
C01005380,2023-04-07,B010,ZM,Retail,Web,1972-09-10,M,Active
C01005381,2025-07-21,B001,ZM,Retail,Branch,1995-11-22,M,Active
C01005382,2025-12-14,B004,ZM,Retail,Branch,1986-06-24,M,Closed
C01005383,2025-12-24,B010,ZM,Retail,USSD,1975-05-01,F,Active
C01005384,2025-08-19,B004,ZM,SME,Branch,2006-10-21,M,Active
C01005385,2024-01-24,B020,ZM,Retail,App,2011-04-07,M,Active
C01005386,2025-04-20,B005,ZM,SME,Web,1987-08-03,M,Active
C01005387,2025-01-24,B003,ZM,Premium,Agent,1996-07-27,F,Active
C01005388,2025-05-20,B001,ZM,Retail,USSD,1986-09-12,M,Active
C01005389,2023-02-07,B004,ZM,Retail,Agent,1974-03-24,F,Active
C01005390,2026-01-24,B002,ZM,Retail,Branch,1961-11-09,F,Active
C01005391,2023-02-01,B004,ZM,SME,ATM,1981-10-10,F,Active
C01005392,2023-08-26,B002,ZM,Retail,App,1997-08-29,M,Active
C01005393,2024-07-08,B010,ZM,Retail,App,1971-09-16,F,Active
C01005394,2022-12-30,B001,ZM,Retail,App,1993-01-14,F,Active
C01005395,2025-10-30,B004,ZM,Retail,USSD,2007-05-26,M,Active
C01005396,2022-06-02,B015,ZM,Premium,Branch,1998-08-28,M,Active
C01005397,2023-01-18,B004,ZM,Retail,App,1979-03-10,F,Active
C01005398,2022-12-22,B020,ZM,SME,Branch,1969-05-03,F,Active
C01005399,2024-11-18,B015,ZM,Retail,ATM,1987-10-10,F,Active
C01005400,2022-09-02,B001,ZM,Retail,Branch,1982-08-05,F,Active
C01005401,2024-02-12,B020,ZM,Premium,Agent,1967-05-16,F,Active
C01005402,2022-03-25,B004,ZM,Retail,Branch,2001-06-11,M,Dormant
C01005403,2024-05-27,B002,ZM,Premium,Branch,1963-08-29,F,Dormant
C01005404,2023-07-26,B004,ZM,Retail,Web,1995-01-02,F,Dormant
C01005405,2025-02-13,B003,ZM,Retail,Agent,1986-02-28,M,Closed
C01005406,2023-06-26,B010,ZM,Retail,USSD,1994-12-23,F,Dormant
C01005407,2022-09-24,B005,ZM,Premium,Branch,1974-01-20,F,Active
C01005408,2022-11-26,B002,ZM,Premium,App,1991-10-27,F,Active
C01005409,2025-04-11,B003,ZM,Retail,Web,1993-07-10,M,Active
C01005410,2023-06-07,B015,ZM,Retail,Branch,1986-01-26,F,Active
C01005411,2022-01-12,B010,ZM,Retail,Web,1963-10-18,M,Closed
C01005412,2023-11-08,B001,ZM,Retail,USSD,1976-09-27,M,Active
C01005413,2024-08-13,B002,ZM,Retail,Web,1996-03-06,M,Active
C01005414,2025-12-24,B005,ZM,Retail,App,1980-07-20,F,Active
C01005415,2022-11-14,B010,ZM,Premium,Branch,1993-02-08,M,Closed
C01005416,2022-03-23,B015,ZM,Retail,App,1990-06-30,F,Active
C01005417,2022-11-11,B020,ZM,SME,ATM,2008-10-03,F,Active
C01005418,2023-10-23,B020,ZM,Retail,Web,1976-10-09,M,Active
C01005419,2025-05-07,B005,ZM,Retail,Web,1986-05-12,F,Dormant
C01005420,2022-04-15,B001,ZM,Premium,Web,1977-03-12,M,Dormant
C01005421,2025-07-04,B001,ZM,Retail,Agent,1962-02-01,M,Dormant
C01005422,2025-06-14,B015,ZM,SME,USSD,1967-08-04,F,Active
C01005423,2025-09-17,B002,ZM,Premium,Agent,2002-02-24,F,Active
C01005424,2023-09-09,B015,ZM,Retail,App,1993-11-05,F,Active
C01005425,2024-10-01,B004,ZM,Retail,ATM,1987-08-10,F,Dormant
C01005426,2025-03-18,B001,ZM,Retail,USSD,1996-11-20,F,Active
C01005427,2025-01-31,B010,ZM,Retail,USSD,1985-02-06,M,Active
C01005428,2024-01-04,B004,ZM,Retail,Branch,1986-01-26,F,Active
C01005429,2022-05-30,B020,ZM,Retail,ATM,2006-01-08,F,Active
C01005430,2025-12-20,B020,ZM,Retail,Web,2011-08-25,F,Active
C01005431,2023-10-13,B003,ZM,Retail,Agent,2007-07-31,M,Active
C01005432,2024-12-12,B005,ZM,Retail,Web,2005-04-28,M,Active
C01005433,2023-03-27,B004,ZM,Retail,Branch,1962-01-07,M,Active
C01005434,2023-01-12,B005,ZM,Retail,Agent,1980-04-06,F,Active
C01005435,2024-12-02,B015,ZM,Retail,Web,1969-10-10,M,Closed
C01005436,2022-05-20,B004,ZM,Retail,App,1993-01-17,M,Active
C01005437,2024-10-31,B015,ZM,Retail,Web,1981-08-29,F,Active
C01005438,2022-11-23,B003,ZM,Retail,Agent,2009-11-20,F,Active
C01005439,2024-05-01,B001,ZM,Retail,App,2004-12-10,F,Active
C01005440,2025-01-17,B020,ZM,SME,Branch,2006-07-16,M,Active
C01005441,2025-01-04,B003,ZM,Retail,Branch,1976-01-04,M,Active
C01005442,2024-04-06,B020,ZM,Retail,App,1984-09-16,M,Active
C01005443,2022-07-08,B001,ZM,Premium,Agent,1989-09-29,F,Active
C01005444,2023-12-17,B015,ZM,SME,Agent,1972-01-17,F,Closed
C01005445,2023-03-30,B001,ZM,Retail,Web,2001-10-11,M,Active
C01005446,2023-03-13,B020,ZM,Retail,Branch,2014-09-25,M,Active
C01005447,2025-09-20,B020,ZM,Retail,Branch,1965-07-09,M,Active
C01005448,2023-11-11,B005,ZM,Retail,App,1990-06-30,F,Active
C01005449,2023-11-10,B010,ZM,Premium,Branch,1963-05-15,F,Dormant
C01005450,2024-01-09,B003,ZM,Retail,Web,1985-12-27,M,Active
C01005451,2023-08-25,B004,ZM,SME,Branch,1965-02-27,F,Active
C01005452,2023-03-24,B020,ZM,Retail,App,1986-02-20,F,Active
C01005453,2025-06-20,B003,ZM,Premium,Web,1981-06-04,F,Active
C01005454,2024-12-22,B005,ZM,Retail,ATM,1978-05-11,M,Active
C01005455,2024-08-30,B001,ZM,Retail,App,1979-05-23,M,Active
C01005456,2025-02-23,B005,ZM,Retail,ATM,1978-09-29,F,Active
C01005457,2025-08-22,B002,ZM,Retail,Branch,1991-11-08,F,Closed
C01005458,2022-01-19,B002,ZM,Retail,Web,1977-06-07,M,Active
C01005459,2022-08-23,B004,ZM,SME,Branch,2007-03-17,M,Active
C01005460,2025-10-01,B005,ZM,Retail,Web,1983-02-13,M,Active
C01005461,2023-12-10,B015,ZM,SME,USSD,2012-09-02,M,Active
C01005462,2024-07-01,B004,ZM,Retail,Branch,1988-04-07,F,Active
C01005463,2023-05-08,B015,ZM,Retail,Branch,1970-12-17,M,Active
C01005464,2025-08-08,B004,ZM,Premium,Branch,1995-05-31,M,Active
C01005465,2025-06-10,B002,ZM,Retail,Agent,1979-11-27,M,Active
C01005466,2025-06-26,B004,ZM,Retail,App,1972-09-07,M,Active
C01005467,2023-05-15,B002,ZM,Retail,Agent,1969-03-02,M,Active
C01005468,2022-03-23,B020,ZM,Retail,Web,1968-01-30,F,Dormant
C01005469,2025-10-29,B001,ZM,SME,Web,1968-06-26,F,Dormant
C01005470,2023-10-20,B015,ZM,Retail,Web,2013-10-25,F,Closed
C01005471,2024-02-21,B005,ZM,Retail,App,2000-10-18,M,Active
C01005472,2022-08-21,B020,ZM,SME,Web,2007-03-17,M,Active
C01005473,2024-03-01,B020,ZM,Retail,Agent,2001-11-05,F,Dormant
C01005474,2023-06-10,B004,ZM,Retail,Agent,1971-02-07,M,Dormant
C01005475,2025-01-11,B002,ZM,Premium,Branch,2008-11-02,M,Active
C01005476,2026-01-22,B003,ZM,Retail,ATM,1964-05-02,M,Active
C01005477,2023-08-03,B015,ZM,SME,USSD,2014-05-29,M,Active
C01005478,2022-02-20,B020,ZM,Retail,Web,1977-10-26,M,Active
C01005479,2024-11-24,B004,ZM,SME,App,1981-08-18,M,Active
C01005480,2024-02-07,B010,ZM,Premium,App,2013-03-24,F,Active
C01005481,2024-11-19,B001,ZM,Retail,Web,1968-03-14,M,Active
C01005482,2024-11-07,B001,ZM,Retail,ATM,1977-10-05,F,Active
C01005483,2024-07-01,B003,ZM,Retail,Agent,2004-03-10,M,Active
C01005484,2024-09-23,B002,ZM,Retail,Web,1979-06-13,M,Active
C01005485,2022-03-31,B004,ZM,Retail,App,1972-02-01,M,Closed
C01005486,2023-08-31,B015,ZM,Retail,USSD,1996-05-01,M,Active
C01005487,2025-08-27,B002,ZM,Retail,ATM,1988-12-23,F,Active
C01005488,2023-01-30,B001,ZM,Premium,Web,1980-04-01,M,Active
C01005489,2023-10-19,B002,ZM,Retail,USSD,1963-07-08,F,Active
C01005490,2024-11-18,B001,ZM,Retail,Web,1996-06-25,F,Dormant
C01005491,2022-06-18,B002,ZM,Retail,ATM,1963-02-12,F,Active
C01005492,2022-07-16,B003,ZM,Retail,App,1966-11-22,F,Dormant
C01005493,2022-12-09,B005,ZM,Retail,Agent,1967-07-11,M,Active
C01005494,2025-01-06,B003,ZM,Retail,Agent,2005-04-18,F,Active
C01005495,2024-12-28,B003,ZM,SME,ATM,2004-07-22,M,Active
C01005496,2022-01-16,B005,ZM,Premium,Branch,1989-05-17,F,Active
C01005497,2025-07-07,B005,ZM,Retail,Agent,1994-12-05,F,Active
C01005498,2022-05-15,B020,ZM,Retail,Web,1968-07-20,F,Active
C01005499,2023-03-08,B020,ZM,Retail,USSD,2001-06-03,M,Dormant
C01005500,2025-10-04,B004,ZM,Retail,USSD,2004-12-01,F,Active
C01005501,2025-07-13,B015,ZM,Retail,Agent,1996-07-13,M,Active
C01005502,2023-03-13,B015,ZM,Retail,ATM,2009-07-27,F,Active
C01005503,2025-11-04,B004,ZM,Retail,ATM,2007-01-19,F,Active
C01005504,2024-05-18,B003,ZM,SME,ATM,1960-10-01,F,Dormant
C01005505,2022-08-01,B003,ZM,Retail,USSD,1960-12-15,M,Active
C01005506,2023-02-26,B001,ZM,Retail,App,1976-07-31,M,Active
C01005507,2025-01-06,B001,ZM,Retail,USSD,1978-09-21,M,Active
C01005508,2025-12-10,B015,ZM,SME,App,1962-05-20,F,Active
C01005509,2024-06-10,B004,ZM,Premium,ATM,1962-08-21,F,Active
C01005510,2025-08-17,B010,ZM,Retail,Branch,2012-07-31,F,Active
C01005511,2022-05-28,B020,ZM,Retail,USSD,1969-07-29,F,Dormant
C01005512,2025-11-06,B010,ZM,Retail,ATM,1990-01-06,M,Active
C01005513,2022-11-11,B004,ZM,Retail,USSD,1997-03-26,F,Dormant
C01005514,2022-02-18,B001,ZM,Retail,ATM,1970-01-18,M,Active
C01005515,2024-07-29,B015,ZM,Retail,USSD,2009-04-26,M,Dormant
C01005516,2026-01-08,B015,ZM,Retail,Web,1971-06-23,M,Dormant
C01005517,2023-11-11,B001,ZM,Retail,USSD,2013-07-29,F,Closed
C01005518,2022-03-19,B010,ZM,Retail,Web,2006-12-31,M,Active
C01005519,2022-06-29,B002,ZM,Premium,App,1961-03-05,M,Active
C01005520,2022-05-31,B002,ZM,Retail,USSD,1981-12-04,M,Active
C01005521,2022-04-22,B001,ZM,Retail,App,1993-11-06,F,Active
C01005522,2022-12-31,B002,ZM,Retail,Branch,1989-12-13,M,Dormant
C01005523,2023-05-31,B005,ZM,Retail,Agent,2002-05-15,M,Active
C01005524,2025-02-16,B004,ZM,Retail,Agent,2004-08-14,M,Dormant
C01005525,2022-05-25,B004,ZM,Retail,Web,1983-09-04,M,Active
C01005526,2025-03-23,B001,ZM,Retail,USSD,1985-06-12,M,Active
C01005527,2023-04-12,B003,ZM,Retail,Agent,2013-06-23,M,Active
C01005528,2023-06-14,B020,ZM,Retail,App,1970-09-27,F,Active
C01005529,2024-04-14,B010,ZM,Retail,Agent,1997-04-11,M,Active
C01005530,2024-03-05,B001,ZM,Retail,Agent,1960-04-10,F,Active
C01005531,2024-07-12,B002,ZM,Retail,ATM,1979-03-04,F,Active
C01005532,2025-07-14,B010,ZM,Retail,Agent,1995-02-23,F,Active
C01005533,2024-04-08,B003,ZM,Retail,App,1993-01-02,F,Active
C01005534,2024-06-05,B002,ZM,Retail,Agent,2014-09-14,M,Dormant
C01005535,2023-10-10,B015,ZM,Retail,USSD,1991-01-08,F,Active
C01005536,2022-02-04,B020,ZM,Premium,Agent,1972-01-06,M,Active
C01005537,2024-03-08,B005,ZM,Premium,Branch,1965-03-13,M,Dormant
C01005538,2025-10-10,B002,ZM,Retail,Agent,1966-11-03,M,Active
C01005539,2022-08-31,B005,ZM,SME,Web,1987-12-03,F,Active
C01005540,2024-12-31,B010,ZM,Retail,ATM,2014-02-27,M,Dormant
C01005541,2022-01-13,B005,ZM,Premium,App,1966-05-12,M,Active
C01005542,2025-08-06,B010,ZM,Retail,Agent,1971-01-19,F,Active
C01005543,2026-01-15,B010,ZM,Retail,Agent,2007-03-09,M,Active
C01005544,2025-06-20,B010,ZM,Retail,USSD,2011-08-03,M,Active
C01005545,2022-05-10,B010,ZM,Retail,USSD,1985-09-25,M,Active
C01005546,2025-04-14,B010,ZM,Retail,Web,1969-10-06,F,Active
C01005547,2022-04-04,B002,ZM,Premium,ATM,2008-05-17,M,Active
C01005548,2025-12-06,B010,ZM,Retail,App,1986-03-21,M,Active
C01005549,2022-05-29,B002,ZM,Retail,App,1980-04-05,M,Active
C01005550,2024-01-03,B010,ZM,SME,App,1980-10-02,M,Active
C01005551,2024-10-26,B005,ZM,Retail,Web,1995-08-13,F,Active
C01005552,2022-08-06,B015,ZM,Retail,Web,2007-07-16,F,Active
C01005553,2023-08-17,B010,ZM,Retail,Agent,2002-10-28,F,Active
C01005554,2025-11-05,B003,ZM,Retail,ATM,1990-10-07,M,Active
C01005555,2023-09-10,B010,ZM,Retail,App,1962-05-14,M,Active
C01005556,2025-05-27,B010,ZM,Retail,App,2012-08-15,M,Active
C01005557,2022-06-27,B005,ZM,Retail,Agent,1972-06-30,F,Dormant
C01005558,2023-07-31,B020,ZM,Retail,ATM,1996-07-15,F,Active
C01005559,2024-06-15,B004,ZM,SME,ATM,1977-06-20,M,Active
C01005560,2024-02-21,B005,ZM,Retail,ATM,1975-04-22,M,Active
C01005561,2024-03-20,B003,ZM,Retail,USSD,1974-02-22,M,Active
C01005562,2025-09-15,B004,ZM,Retail,ATM,1979-05-05,F,Active
C01005563,2022-03-05,B001,ZM,Retail,Branch,2014-06-02,M,Active
C01005564,2024-08-28,B001,ZM,Retail,Web,2014-01-02,F,Dormant
C01005565,2022-11-17,B020,ZM,Retail,ATM,2005-05-19,F,Active
C01005566,2024-12-28,B003,ZM,Retail,USSD,1973-04-07,M,Active
C01005567,2023-03-27,B005,ZM,Retail,Branch,1966-08-05,M,Dormant
C01005568,2022-10-07,B002,ZM,Retail,USSD,1981-07-17,M,Active
C01005569,2024-03-11,B003,ZM,Retail,USSD,2000-06-26,F,Dormant
C01005570,2025-01-22,B015,ZM,Retail,Agent,1984-09-02,M,Active
C01005571,2023-08-28,B004,ZM,Retail,USSD,1990-01-26,F,Active
C01005572,2025-07-22,B004,ZM,Retail,USSD,1990-04-18,F,Active
C01005573,2022-10-23,B010,ZM,Retail,App,1997-07-10,M,Active
C01005574,2023-09-03,B001,ZM,SME,Web,1966-11-19,M,Active
C01005575,2025-10-19,B020,ZM,Retail,Agent,1968-04-10,F,Active
C01005576,2026-02-02,B004,ZM,Retail,Agent,1982-11-21,F,Active
C01005577,2025-08-19,B003,ZM,SME,App,1963-04-10,M,Active
C01005578,2024-02-04,B004,ZM,Retail,Branch,1986-05-16,F,Active
C01005579,2022-01-23,B020,ZM,Retail,App,1971-09-01,M,Active
C01005580,2025-02-07,B020,ZM,Retail,Agent,2006-08-15,M,Active
C01005581,2025-02-10,B020,ZM,Retail,Branch,2008-02-05,M,Active
C01005582,2022-10-17,B003,ZM,Retail,Agent,1996-07-14,M,Active
C01005583,2022-09-10,B002,ZM,Retail,ATM,1963-11-05,F,Active
C01005584,2022-03-27,B010,ZM,Retail,Branch,1992-11-28,M,Active
C01005585,2022-01-11,B001,ZM,Retail,Agent,1961-11-27,M,Active
C01005586,2025-03-18,B004,ZM,SME,App,1990-04-11,F,Active
C01005587,2025-05-06,B003,ZM,Retail,Agent,1981-04-27,F,Dormant
C01005588,2024-03-18,B005,ZM,Premium,App,2004-03-04,M,Active
C01005589,2025-01-05,B001,ZM,Premium,Branch,1995-06-25,M,Dormant
C01005590,2025-01-26,B002,ZM,Premium,App,1998-06-16,F,Active
C01005591,2022-06-24,B003,ZM,SME,Branch,1999-01-22,F,Active
C01005592,2023-09-17,B015,ZM,Retail,USSD,1964-02-28,M,Active
C01005593,2023-03-07,B015,ZM,Retail,Web,2006-08-04,F,Active
C01005594,2026-01-26,B010,ZM,Retail,Branch,1968-08-11,F,Active
C01005595,2023-12-06,B010,ZM,Retail,USSD,1970-06-14,F,Closed
C01005596,2023-03-10,B002,ZM,SME,USSD,1971-07-22,F,Active
C01005597,2024-04-25,B002,ZM,Premium,USSD,1998-04-07,M,Active
C01005598,2025-08-15,B010,ZM,Retail,USSD,1961-08-11,M,Active
C01005599,2024-11-15,B004,ZM,Retail,Branch,1963-10-13,M,Active
C01005600,2022-10-19,B004,ZM,Retail,App,1977-04-23,M,Active
C01005601,2022-11-26,B003,ZM,Retail,USSD,1964-12-19,F,Active
C01005602,2023-01-12,B005,ZM,Retail,ATM,2006-09-03,F,Active
C01005603,2023-03-29,B003,ZM,Retail,USSD,1978-03-24,F,Active
C01005604,2025-06-17,B005,ZM,SME,App,1992-05-31,F,Active
C01005605,2023-06-02,B002,ZM,Retail,App,1995-01-15,M,Active
C01005606,2023-02-02,B001,ZM,SME,Web,1995-09-10,M,Active
C01005607,2022-08-23,B003,ZM,Retail,Web,2014-06-30,F,Active
C01005608,2023-01-07,B003,ZM,SME,USSD,1967-12-06,M,Active
C01005609,2025-10-06,B005,ZM,Retail,USSD,1962-06-12,M,Active
C01005610,2025-03-07,B020,ZM,SME,Agent,1994-08-27,F,Active
C01005611,2022-04-22,B002,ZM,Retail,Agent,1973-10-25,M,Active
C01005612,2025-01-29,B002,ZM,Retail,Web,2000-11-16,M,Active
C01005613,2024-08-02,B015,ZM,Retail,USSD,1966-07-09,F,Active
C01005614,2025-08-13,B020,ZM,SME,Agent,1988-09-28,F,Active
C01005615,2025-01-30,B005,ZM,Retail,ATM,1979-02-04,F,Active
C01005616,2022-05-30,B002,ZM,Retail,Branch,1968-12-19,M,Closed
C01005617,2023-08-19,B020,ZM,Retail,Web,1975-09-30,F,Closed
C01005618,2025-10-07,B010,ZM,Retail,Web,1979-08-12,F,Active
C01005619,2022-05-18,B020,ZM,SME,App,1982-10-15,M,Active
C01005620,2023-05-29,B004,ZM,Retail,USSD,1990-07-20,M,Active
C01005621,2022-07-21,B015,ZM,Retail,Web,1991-12-02,F,Active
C01005622,2023-02-09,B010,ZM,Premium,Web,1964-09-01,M,Active
C01005623,2026-01-26,B001,ZM,SME,Agent,1998-07-23,M,Active
C01005624,2025-04-04,B003,ZM,SME,ATM,2005-09-02,F,Active
C01005625,2024-09-24,B015,ZM,Retail,USSD,2009-05-14,F,Dormant
C01005626,2023-11-09,B001,ZM,Retail,Branch,1976-06-14,M,Dormant
C01005627,2024-01-02,B003,ZM,Retail,ATM,1999-02-19,F,Active
C01005628,2022-09-20,B004,ZM,Retail,Branch,2011-04-27,M,Active
C01005629,2025-10-06,B020,ZM,Retail,App,1969-10-04,M,Active
C01005630,2025-09-04,B002,ZM,Retail,Web,2003-07-19,M,Dormant
C01005631,2023-04-26,B010,ZM,Retail,Agent,2003-07-15,M,Active
C01005632,2022-07-24,B005,ZM,Retail,ATM,1998-01-30,F,Active
C01005633,2023-08-07,B010,ZM,SME,Branch,2010-05-13,M,Active
C01005634,2025-06-22,B004,ZM,Retail,USSD,1972-10-16,F,Active
C01005635,2022-05-23,B001,ZM,Retail,App,1978-12-01,M,Active
C01005636,2023-02-01,B005,ZM,Premium,App,2007-01-20,M,Closed
C01005637,2023-10-13,B002,ZM,Retail,Web,1983-08-31,F,Active
C01005638,2024-09-22,B004,ZM,Retail,Web,1986-01-19,F,Active
C01005639,2024-07-11,B005,ZM,Premium,Branch,1963-08-14,M,Active
C01005640,2023-11-04,B004,ZM,Premium,Branch,1970-05-23,M,Active
C01005641,2025-06-16,B020,ZM,Retail,App,1981-09-20,F,Dormant
C01005642,2025-09-12,B004,ZM,Retail,Branch,1987-04-10,F,Active
C01005643,2023-09-19,B002,ZM,Retail,Web,2009-09-30,F,Closed
C01005644,2025-11-21,B015,ZM,Retail,App,1960-06-11,M,Active
C01005645,2025-04-11,B003,ZM,Retail,App,2007-05-09,F,Closed
C01005646,2022-11-09,B005,ZM,Retail,USSD,2000-02-21,M,Active
C01005647,2025-03-04,B020,ZM,Retail,USSD,1977-05-30,F,Active
C01005648,2025-03-06,B002,ZM,Retail,Branch,1990-09-26,F,Active
C01005649,2024-01-17,B004,ZM,Retail,Branch,1986-10-10,F,Active
C01005650,2023-10-10,B020,ZM,Retail,Web,1981-04-19,M,Active
C01005651,2024-05-27,B002,ZM,Retail,Web,2002-10-13,F,Active
C01005652,2022-12-12,B015,ZM,Retail,USSD,2009-05-14,F,Active
C01005653,2022-01-10,B020,ZM,Retail,App,2007-06-04,M,Closed
C01005654,2023-10-04,B020,ZM,Retail,ATM,1972-03-30,F,Active
C01005655,2023-05-20,B003,ZM,Retail,Agent,1996-07-21,M,Dormant
C01005656,2023-03-30,B010,ZM,Retail,Agent,1964-02-20,M,Active
C01005657,2025-12-29,B005,ZM,Retail,ATM,1979-01-06,M,Active
C01005658,2025-08-05,B003,ZM,Retail,Branch,1980-12-20,F,Active
C01005659,2024-06-12,B001,ZM,Retail,Agent,1993-07-31,F,Active
C01005660,2023-07-21,B005,ZM,Retail,Agent,1971-02-19,M,Active
C01005661,2024-01-07,B003,ZM,Retail,ATM,1964-10-15,M,Dormant
C01005662,2022-10-03,B004,ZM,Retail,ATM,1969-03-11,M,Active
C01005663,2025-10-23,B005,ZM,Retail,USSD,1993-03-30,F,Active
C01005664,2023-11-11,B005,ZM,Retail,App,2000-07-04,M,Active
C01005665,2024-09-09,B002,ZM,Retail,Web,1961-08-14,M,Active
C01005666,2024-08-05,B004,ZM,Premium,USSD,2014-05-03,F,Active
C01005667,2024-07-01,B001,ZM,Retail,Agent,1964-04-05,F,Active
C01005668,2024-01-05,B010,ZM,Retail,Web,2005-07-09,M,Active
C01005669,2023-09-18,B020,ZM,Premium,USSD,1993-01-13,M,Active
C01005670,2024-09-24,B015,ZM,SME,USSD,2010-08-22,M,Active
C01005671,2025-02-03,B003,ZM,Retail,ATM,2012-02-10,M,Closed
C01005672,2022-08-11,B002,ZM,Retail,Web,1965-10-25,F,Dormant
C01005673,2022-12-26,B003,ZM,Retail,USSD,1985-12-16,M,Active
C01005674,2025-08-15,B001,ZM,Retail,ATM,1985-08-20,F,Active
C01005675,2025-05-27,B020,ZM,Retail,Branch,2011-07-03,F,Active
C01005676,2022-06-17,B001,ZM,Retail,Web,1976-04-22,M,Active
C01005677,2023-07-29,B005,ZM,Retail,USSD,1961-05-31,F,Active
C01005678,2022-10-14,B015,ZM,Retail,Agent,2000-08-25,M,Active
C01005679,2025-01-08,B001,ZM,Retail,Branch,1982-11-24,F,Active
C01005680,2023-02-07,B003,ZM,SME,ATM,2012-04-17,M,Closed
C01005681,2023-06-24,B004,ZM,SME,USSD,1974-11-09,F,Active
C01005682,2025-07-07,B004,ZM,Retail,Agent,1996-02-21,F,Active
C01005683,2022-06-06,B005,ZM,Retail,ATM,2013-08-20,M,Active
C01005684,2026-01-29,B010,ZM,Retail,ATM,2011-05-22,F,Active
C01005685,2022-06-04,B003,ZM,Retail,Agent,1997-09-29,F,Active
C01005686,2022-02-08,B003,ZM,Premium,ATM,2011-05-19,F,Active
C01005687,2024-11-04,B001,ZM,SME,Web,1993-09-20,F,Active
C01005688,2025-07-17,B015,ZM,Retail,Branch,1986-08-04,F,Active
C01005689,2022-03-05,B003,ZM,Retail,Branch,2009-08-01,F,Active
C01005690,2025-04-06,B002,ZM,Retail,App,2014-03-31,F,Active
C01005691,2025-03-31,B010,ZM,Retail,USSD,2013-11-08,F,Active
C01005692,2024-04-09,B001,ZM,Retail,ATM,2000-12-04,F,Active
C01005693,2025-04-23,B002,ZM,Retail,USSD,1968-01-16,M,Active
C01005694,2023-03-12,B005,ZM,Retail,Branch,2006-11-06,F,Active
C01005695,2022-03-17,B004,ZM,Retail,Branch,1986-07-07,F,Active
C01005696,2025-02-03,B005,ZM,Retail,ATM,1973-01-09,M,Active
C01005697,2023-06-18,B004,ZM,Premium,Web,2008-01-08,F,Active
C01005698,2025-01-18,B005,ZM,Retail,Agent,1992-11-07,F,Dormant
C01005699,2025-01-10,B003,ZM,Retail,ATM,2011-12-20,M,Active
C01005700,2024-08-24,B002,ZM,Retail,ATM,1994-06-17,F,Closed
C01005701,2025-09-01,B004,ZM,Retail,App,2011-01-10,M,Active
C01005702,2022-11-01,B001,ZM,Retail,Agent,1982-04-08,M,Active
C01005703,2024-01-20,B002,ZM,Retail,Web,1973-03-07,F,Active
C01005704,2024-03-14,B001,ZM,SME,USSD,1989-08-21,M,Closed
C01005705,2023-04-03,B002,ZM,Retail,Agent,2010-09-20,M,Active
C01005706,2025-04-22,B002,ZM,Retail,Web,1969-03-27,F,Active
C01005707,2023-08-19,B005,ZM,Retail,ATM,1986-05-31,F,Active
C01005708,2022-10-02,B004,ZM,SME,ATM,1961-11-28,M,Active
C01005709,2024-08-09,B004,ZM,Premium,ATM,2004-11-23,F,Closed
C01005710,2024-10-23,B015,ZM,Retail,ATM,1987-10-10,M,Active
C01005711,2024-11-11,B002,ZM,Retail,ATM,2011-02-02,M,Active
C01005712,2022-07-05,B003,ZM,Retail,Agent,1977-06-11,F,Active
C01005713,2024-03-23,B003,ZM,Retail,Agent,1975-09-17,M,Active
C01005714,2024-01-16,B001,ZM,Retail,Agent,1977-01-29,F,Active
C01005715,2024-10-25,B001,ZM,Retail,Web,1969-09-20,F,Active
C01005716,2022-01-22,B005,ZM,Retail,ATM,1976-08-04,F,Active
C01005717,2025-09-19,B002,ZM,Retail,Branch,1980-01-04,F,Closed
C01005718,2023-05-05,B001,ZM,Retail,Agent,1986-05-31,M,Active
C01005719,2025-06-11,B001,ZM,SME,Branch,1972-09-03,F,Dormant
C01005720,2025-11-02,B010,ZM,Retail,App,1998-07-26,F,Active
C01005721,2022-12-06,B002,ZM,Retail,USSD,1996-04-06,F,Dormant
C01005722,2024-11-18,B020,ZM,Retail,Agent,2010-08-04,M,Active
C01005723,2022-10-15,B005,ZM,Retail,Branch,2010-03-24,F,Closed
C01005724,2024-07-02,B001,ZM,Retail,App,1964-11-29,M,Active
C01005725,2022-11-23,B005,ZM,Retail,Web,1996-08-02,M,Active
C01005726,2023-01-02,B004,ZM,Retail,USSD,1962-01-22,M,Active
C01005727,2025-03-05,B005,ZM,Retail,ATM,2010-01-19,M,Dormant
C01005728,2025-03-04,B020,ZM,Retail,Agent,2002-06-07,F,Active
C01005729,2025-09-12,B003,ZM,Retail,Agent,1973-11-27,F,Active
C01005730,2022-10-27,B020,ZM,Premium,ATM,1995-09-15,M,Active
C01005731,2026-02-08,B003,ZM,Retail,Web,1970-07-24,M,Active
C01005732,2024-09-17,B005,ZM,Retail,USSD,2001-01-05,F,Active
C01005733,2024-01-05,B003,ZM,Retail,Agent,1997-06-22,M,Active
C01005734,2022-03-24,B004,ZM,SME,Branch,1962-09-27,M,Active
C01005735,2023-03-25,B002,ZM,Retail,USSD,1999-08-27,M,Active
C01005736,2024-09-25,B003,ZM,Retail,App,1975-08-08,F,Active
C01005737,2023-04-20,B003,ZM,SME,Agent,1979-05-15,M,Dormant
C01005738,2022-05-09,B005,ZM,Retail,Web,1987-10-07,M,Active
C01005739,2023-06-26,B004,ZM,Retail,Branch,2010-05-22,M,Active
C01005740,2024-01-27,B015,ZM,Retail,USSD,1980-06-18,F,Active
C01005741,2023-04-25,B015,ZM,SME,USSD,2006-08-26,M,Active
C01005742,2022-03-29,B015,ZM,Retail,Branch,2014-06-07,F,Dormant
C01005743,2025-10-01,B015,ZM,Retail,App,1979-10-09,F,Active
C01005744,2023-02-28,B002,ZM,Retail,App,1989-03-24,F,Active
C01005745,2024-11-26,B020,ZM,Retail,USSD,2014-01-16,F,Active
C01005746,2024-01-10,B005,ZM,Retail,ATM,1992-06-16,M,Active
C01005747,2024-03-05,B005,ZM,Retail,Branch,1981-11-20,M,Active
C01005748,2024-08-19,B010,ZM,Retail,Agent,2006-09-02,F,Active
C01005749,2024-07-20,B004,ZM,Retail,App,1972-06-05,M,Active
C01005750,2022-04-06,B015,ZM,Retail,Agent,2010-05-05,M,Active
C01005751,2022-03-23,B002,ZM,SME,App,1961-07-27,F,Active
C01005752,2025-08-21,B004,ZM,Retail,App,1985-07-17,F,Active
C01005753,2023-10-26,B015,ZM,SME,Web,1960-04-10,M,Active
C01005754,2022-07-31,B002,ZM,Retail,Agent,1990-12-03,M,Dormant
C01005755,2025-12-12,B004,ZM,Retail,ATM,1996-07-22,M,Active
C01005756,2024-12-03,B005,ZM,Retail,App,1970-07-27,M,Active
C01005757,2025-07-21,B005,ZM,Retail,ATM,1972-10-12,F,Active
C01005758,2023-07-15,B020,ZM,Premium,USSD,2010-10-20,F,Active
C01005759,2023-06-24,B001,ZM,SME,USSD,2014-09-22,F,Active
C01005760,2025-03-31,B020,ZM,Retail,Web,1998-12-13,M,Active
C01005761,2025-01-19,B003,ZM,Retail,ATM,1990-08-16,F,Active
C01005762,2025-03-13,B020,ZM,Retail,Branch,1962-09-08,M,Active
C01005763,2022-12-23,B015,ZM,Retail,Web,2009-04-10,F,Active
C01005764,2024-02-11,B010,ZM,Retail,App,1973-03-17,M,Active
C01005765,2025-08-31,B004,ZM,Retail,USSD,1996-06-11,M,Active
C01005766,2024-02-15,B010,ZM,Retail,USSD,2012-12-22,F,Active
C01005767,2024-01-19,B001,ZM,Retail,Branch,1992-03-07,F,Active
C01005768,2025-04-18,B003,ZM,SME,Web,2008-11-06,M,Active
C01005769,2025-08-31,B004,ZM,SME,ATM,1973-02-25,M,Active
C01005770,2022-06-09,B002,ZM,Retail,USSD,1998-12-13,F,Active
C01005771,2024-11-24,B015,ZM,SME,App,1983-11-13,M,Active
C01005772,2023-05-31,B003,ZM,Retail,Branch,1968-05-21,M,Active
C01005773,2024-02-10,B005,ZM,Retail,Branch,2009-05-25,M,Active
C01005774,2023-04-02,B001,ZM,Retail,Agent,1994-04-23,F,Active
C01005775,2024-11-23,B003,ZM,Retail,Branch,2011-05-26,M,Closed
C01005776,2024-04-11,B015,ZM,Retail,App,1993-12-09,M,Closed
C01005777,2023-12-24,B020,ZM,SME,Branch,1990-12-04,M,Closed
C01005778,2023-12-08,B003,ZM,Premium,ATM,1996-07-04,F,Active
C01005779,2024-09-24,B020,ZM,Retail,Agent,1966-07-13,F,Active
C01005780,2024-09-14,B015,ZM,SME,ATM,1979-06-08,F,Active
C01005781,2025-05-22,B005,ZM,Retail,Web,1961-05-04,M,Active
C01005782,2022-01-14,B004,ZM,Retail,Web,2010-05-26,M,Active
C01005783,2024-10-24,B002,ZM,Retail,ATM,2003-03-27,M,Active
C01005784,2022-10-12,B005,ZM,Retail,App,1998-03-19,M,Active
C01005785,2024-06-19,B020,ZM,Retail,Agent,1968-10-24,M,Active
C01005786,2022-12-06,B020,ZM,Retail,Web,1973-01-26,M,Active
C01005787,2023-04-17,B002,ZM,Retail,Branch,1977-01-26,F,Active
C01005788,2022-06-07,B004,ZM,Retail,ATM,2007-06-01,M,Active
C01005789,2024-11-19,B003,ZM,Retail,USSD,1988-02-22,F,Active
C01005790,2025-08-10,B002,ZM,Retail,App,2011-04-10,M,Active
C01005791,2023-07-30,B001,ZM,Retail,App,1990-03-21,M,Active
C01005792,2023-03-10,B001,ZM,Retail,ATM,1970-10-13,F,Closed
C01005793,2022-11-04,B015,ZM,Retail,USSD,1982-08-08,F,Active
C01005794,2023-01-18,B005,ZM,SME,App,1977-03-24,M,Active
C01005795,2022-11-19,B020,ZM,Retail,Agent,1983-12-16,M,Active
C01005796,2024-01-12,B004,ZM,Retail,Web,1995-10-07,M,Closed
C01005797,2025-05-17,B015,ZM,Retail,Agent,2008-07-29,F,Active
C01005798,2026-01-09,B005,ZM,Retail,USSD,1973-05-12,M,Active
C01005799,2022-08-31,B005,ZM,Retail,Agent,1981-08-02,M,Active
C01005800,2025-09-15,B015,ZM,Retail,Branch,2012-09-18,F,Active
C01005801,2023-04-17,B010,ZM,Premium,Web,1987-11-17,F,Closed
C01005802,2024-04-29,B005,ZM,Retail,USSD,2005-08-31,M,Active
C01005803,2023-11-08,B010,ZM,Retail,ATM,1984-05-23,M,Active
C01005804,2026-01-15,B001,ZM,Retail,App,1963-08-22,F,Active
C01005805,2022-08-21,B001,ZM,Retail,Web,1962-08-23,M,Dormant
C01005806,2024-09-13,B005,ZM,Retail,ATM,1974-09-25,F,Active
C01005807,2025-10-14,B001,ZM,Retail,USSD,2002-12-02,F,Dormant
C01005808,2024-09-07,B004,ZM,SME,Branch,1980-01-27,M,Active
C01005809,2024-09-08,B010,ZM,Retail,App,1960-02-02,F,Closed
C01005810,2023-03-08,B010,ZM,SME,App,1960-08-01,F,Active
C01005811,2025-04-24,B005,ZM,Retail,Web,2006-02-07,M,Active
C01005812,2022-11-27,B001,ZM,Retail,ATM,1998-12-16,F,Active
C01005813,2025-08-18,B002,ZM,Retail,USSD,2013-11-11,F,Active
C01005814,2024-04-21,B020,ZM,Retail,USSD,1995-01-18,M,Active
C01005815,2022-02-15,B015,ZM,SME,ATM,1994-12-04,M,Active
C01005816,2023-05-15,B015,ZM,Retail,App,1965-08-13,F,Active
C01005817,2022-03-30,B010,ZM,Retail,ATM,1964-12-12,M,Active
C01005818,2022-09-19,B005,ZM,Premium,Agent,1970-06-23,F,Active
C01005819,2025-03-20,B005,ZM,SME,USSD,1994-09-26,F,Active
C01005820,2025-04-28,B004,ZM,SME,ATM,2005-03-16,F,Active
C01005821,2022-11-26,B003,ZM,Premium,App,1978-02-16,M,Active
C01005822,2022-10-03,B020,ZM,Retail,Web,1966-09-25,F,Active
C01005823,2025-07-13,B003,ZM,SME,Agent,1967-04-15,F,Active
C01005824,2024-11-15,B010,ZM,Retail,App,1977-05-06,M,Active
C01005825,2022-03-22,B015,ZM,SME,Branch,1990-01-15,M,Active
C01005826,2025-03-18,B004,ZM,SME,Branch,1962-04-15,M,Active
C01005827,2022-10-28,B004,ZM,Retail,ATM,1964-04-19,M,Active
C01005828,2022-04-25,B004,ZM,SME,App,1965-12-09,F,Active
C01005829,2022-12-07,B010,ZM,Retail,App,1993-08-29,M,Active
C01005830,2023-06-13,B003,ZM,Retail,USSD,2007-05-09,M,Active
C01005831,2023-01-04,B015,ZM,Retail,Web,1965-01-08,F,Active
C01005832,2024-11-24,B004,ZM,Premium,Agent,1985-01-19,F,Active
C01005833,2024-04-10,B015,ZM,Retail,App,1967-03-09,M,Active
C01005834,2025-05-12,B001,ZM,Retail,Agent,1986-04-16,M,Active
C01005835,2025-02-28,B005,ZM,Retail,ATM,2014-05-31,M,Active
C01005836,2025-07-29,B005,ZM,Premium,USSD,1966-07-25,M,Active
C01005837,2022-02-08,B015,ZM,Retail,Agent,1988-10-31,F,Dormant
C01005838,2026-01-13,B002,ZM,SME,Agent,1964-11-15,M,Active
C01005839,2026-01-30,B002,ZM,SME,Agent,2000-08-26,F,Active
C01005840,2025-09-17,B010,ZM,Retail,Agent,1996-08-01,F,Active
C01005841,2023-08-04,B010,ZM,Retail,Agent,1975-11-24,M,Active
C01005842,2022-06-25,B005,ZM,Retail,USSD,2006-10-24,F,Active
C01005843,2023-03-20,B001,ZM,SME,ATM,1977-07-29,M,Active
C01005844,2024-07-08,B020,ZM,SME,Agent,2012-04-03,M,Active
C01005845,2025-05-27,B003,ZM,Retail,Agent,1999-10-09,M,Active
C01005846,2024-08-23,B003,ZM,SME,ATM,1996-11-19,M,Active
C01005847,2024-09-13,B010,ZM,Retail,App,1972-11-20,F,Active
C01005848,2022-12-16,B001,ZM,Retail,App,1964-07-06,M,Dormant
C01005849,2023-03-26,B010,ZM,SME,USSD,1993-01-17,F,Active
C01005850,2024-04-21,B020,ZM,Retail,USSD,1979-10-13,M,Active
C01005851,2025-05-15,B003,ZM,SME,Web,1985-02-06,F,Active
C01005852,2022-10-20,B015,ZM,Retail,USSD,1984-03-26,F,Active
C01005853,2025-04-08,B010,ZM,SME,ATM,1961-07-05,M,Active
C01005854,2023-01-08,B004,ZM,Retail,Agent,2004-06-06,M,Active
C01005855,2025-06-30,B015,ZM,Retail,ATM,1999-07-14,F,Active
C01005856,2025-09-12,B020,ZM,SME,Web,1999-09-19,F,Active
C01005857,2024-11-12,B020,ZM,Retail,Branch,2013-09-21,F,Active
C01005858,2023-06-26,B010,ZM,Retail,Branch,1985-04-03,M,Active
C01005859,2022-12-10,B005,ZM,Premium,ATM,1995-01-20,M,Active
C01005860,2026-01-23,B010,ZM,Retail,Branch,1974-07-24,M,Active
C01005861,2025-11-05,B005,ZM,Premium,Branch,1965-03-21,M,Active
C01005862,2023-12-03,B020,ZM,Retail,Web,2000-04-13,F,Active
C01005863,2024-07-17,B001,ZM,Retail,Agent,1972-07-14,F,Dormant
C01005864,2025-05-06,B020,ZM,SME,USSD,1996-03-04,F,Active
C01005865,2025-04-24,B003,ZM,Retail,USSD,1996-12-05,F,Active
C01005866,2022-05-21,B015,ZM,Retail,Branch,1971-08-31,F,Active
C01005867,2023-04-16,B015,ZM,Retail,App,2013-06-30,M,Active
C01005868,2024-02-14,B002,ZM,SME,Web,1972-04-22,M,Active
C01005869,2024-02-29,B002,ZM,Retail,Agent,1990-11-29,F,Active
C01005870,2022-09-28,B020,ZM,Retail,Agent,1961-09-29,M,Active
C01005871,2022-08-11,B003,ZM,Retail,Branch,2009-10-31,M,Active
C01005872,2022-02-03,B002,ZM,Retail,App,1968-04-04,M,Active
C01005873,2023-02-19,B015,ZM,Retail,App,2004-02-23,M,Active
C01005874,2024-12-06,B010,ZM,Retail,Agent,2002-07-15,M,Active
C01005875,2024-10-29,B001,ZM,Retail,Web,1994-06-29,F,Dormant
C01005876,2025-11-02,B001,ZM,Retail,USSD,1964-04-11,F,Dormant
C01005877,2024-05-09,B003,ZM,Retail,Agent,1974-06-10,M,Active
C01005878,2022-11-03,B020,ZM,Retail,Agent,2010-09-22,F,Active
C01005879,2025-05-25,B002,ZM,Retail,ATM,2013-12-27,F,Active
C01005880,2022-07-17,B010,ZM,SME,App,1965-12-28,M,Active
C01005881,2022-12-30,B001,ZM,Retail,ATM,1983-08-23,M,Active
C01005882,2024-09-01,B001,ZM,Retail,ATM,1962-01-14,M,Active
C01005883,2025-06-13,B004,ZM,Retail,Web,1995-08-23,M,Active
C01005884,2025-05-13,B020,ZM,Retail,Agent,2007-01-03,F,Active
C01005885,2022-03-21,B004,ZM,SME,USSD,2007-11-12,M,Active
C01005886,2024-12-24,B015,ZM,Premium,Web,1983-07-30,M,Active
C01005887,2024-10-27,B001,ZM,Retail,App,1966-01-09,F,Active
C01005888,2022-08-29,B003,ZM,Retail,USSD,1977-07-08,M,Active
C01005889,2022-07-10,B005,ZM,Retail,Agent,1977-10-20,F,Active
C01005890,2024-09-14,B005,ZM,Retail,Branch,1978-03-07,F,Dormant
C01005891,2025-09-12,B010,ZM,SME,USSD,2000-09-19,M,Active
C01005892,2022-09-24,B001,ZM,Retail,Web,1980-10-27,F,Active
C01005893,2025-05-20,B001,ZM,Retail,Web,1968-01-01,M,Active
C01005894,2025-01-09,B015,ZM,Retail,ATM,1971-11-26,F,Active
C01005895,2022-01-03,B001,ZM,Retail,Agent,1988-03-09,M,Active
C01005896,2025-10-21,B003,ZM,Retail,Branch,1992-02-08,M,Dormant
C01005897,2025-08-22,B004,ZM,SME,Agent,1975-05-13,F,Active
C01005898,2024-06-02,B001,ZM,Retail,USSD,1978-03-06,M,Active
C01005899,2024-12-05,B001,ZM,Retail,Branch,1990-12-05,F,Active
C01005900,2024-05-11,B015,ZM,Retail,Agent,1996-01-02,F,Active
C01005901,2024-01-29,B020,ZM,Retail,ATM,1969-10-02,M,Dormant
C01005902,2022-03-30,B002,ZM,Retail,Branch,2001-11-29,F,Active
C01005903,2025-11-29,B020,ZM,Retail,Branch,2008-11-12,M,Dormant
C01005904,2024-12-21,B015,ZM,Retail,USSD,1967-02-06,F,Active
C01005905,2024-05-28,B020,ZM,Retail,Branch,2001-08-25,M,Active
C01005906,2023-04-15,B015,ZM,SME,ATM,1960-12-14,F,Active
C01005907,2024-09-14,B003,ZM,Retail,App,1978-05-20,F,Active
C01005908,2024-02-20,B010,ZM,SME,App,1974-09-26,F,Active
C01005909,2023-12-19,B001,ZM,Retail,Web,1969-02-13,F,Active
C01005910,2025-04-21,B015,ZM,Retail,App,1967-01-19,F,Active
C01005911,2025-11-27,B015,ZM,Retail,USSD,2014-02-02,M,Active
C01005912,2025-03-25,B002,ZM,Premium,Web,1974-08-28,M,Active
C01005913,2022-07-20,B015,ZM,Retail,App,1960-01-16,F,Active
C01005914,2024-05-21,B005,ZM,Retail,App,1994-01-28,M,Dormant
C01005915,2022-10-02,B010,ZM,Retail,Web,1970-02-07,M,Active
C01005916,2023-06-06,B001,ZM,Retail,USSD,1979-08-20,M,Dormant
C01005917,2024-09-04,B001,ZM,Retail,Web,1997-11-06,F,Active
C01005918,2023-04-22,B002,ZM,SME,USSD,1981-05-07,M,Active
C01005919,2022-06-21,B003,ZM,Retail,USSD,2006-01-18,M,Active
C01005920,2023-08-04,B001,ZM,Retail,Agent,1988-07-04,F,Active
C01005921,2025-05-10,B005,ZM,Retail,ATM,1971-11-16,F,Active
C01005922,2025-01-18,B001,ZM,Retail,App,2001-12-17,F,Active
C01005923,2024-04-16,B005,ZM,Retail,Agent,2004-06-22,F,Active
C01005924,2023-06-12,B010,ZM,SME,App,2008-12-29,F,Active
C01005925,2023-01-23,B010,ZM,Retail,Agent,2011-06-12,M,Active
C01005926,2022-01-12,B004,ZM,SME,Branch,1990-12-12,M,Active
C01005927,2025-12-23,B004,ZM,SME,Web,1993-09-24,M,Active
C01005928,2022-01-15,B005,ZM,Retail,Agent,1970-11-17,F,Dormant
C01005929,2025-03-29,B003,ZM,Retail,ATM,1977-01-29,M,Active
C01005930,2024-12-06,B001,ZM,Retail,App,1979-07-31,F,Closed
C01005931,2022-08-30,B015,ZM,SME,Branch,2000-02-23,M,Closed
C01005932,2024-11-30,B001,ZM,Retail,ATM,1966-09-01,M,Active
C01005933,2022-01-15,B004,ZM,Retail,USSD,2008-11-28,F,Active
C01005934,2024-02-08,B020,ZM,Retail,App,1986-08-15,M,Closed
C01005935,2025-09-02,B015,ZM,Retail,Agent,1987-07-20,M,Active
C01005936,2023-02-25,B005,ZM,Retail,Web,1983-09-27,F,Active
C01005937,2025-11-09,B015,ZM,Retail,ATM,2013-02-27,M,Dormant
C01005938,2023-10-09,B020,ZM,SME,Branch,1964-05-30,M,Active
C01005939,2024-04-17,B001,ZM,SME,Web,1975-02-18,M,Active
C01005940,2024-01-12,B001,ZM,Retail,USSD,2011-12-05,F,Active
C01005941,2022-08-07,B003,ZM,Retail,Web,1988-12-23,F,Active
C01005942,2022-11-13,B002,ZM,SME,Branch,1964-04-14,M,Active
C01005943,2024-05-22,B015,ZM,Retail,USSD,1972-08-20,M,Active
C01005944,2025-08-27,B004,ZM,SME,Branch,1995-06-28,F,Active
C01005945,2025-04-13,B020,ZM,Retail,App,1986-05-18,F,Active
C01005946,2023-06-04,B020,ZM,Retail,Branch,2005-10-11,F,Dormant
C01005947,2023-06-20,B020,ZM,Retail,Web,1963-11-10,M,Active
C01005948,2025-01-02,B004,ZM,Retail,App,1968-06-24,M,Active
C01005949,2024-05-17,B002,ZM,SME,App,1998-09-06,F,Active
C01005950,2025-03-02,B001,ZM,Retail,ATM,1984-09-15,F,Closed
C01005951,2024-01-19,B003,ZM,Retail,Web,1985-07-19,M,Active
C01005952,2025-06-07,B003,ZM,Retail,Web,1964-09-29,F,Active
C01005953,2023-07-19,B004,ZM,SME,USSD,1981-03-20,M,Active
C01005954,2025-10-25,B003,ZM,Retail,Branch,2000-07-11,F,Active
C01005955,2024-03-24,B020,ZM,SME,Agent,1978-05-19,F,Active
C01005956,2023-02-22,B010,ZM,Retail,Branch,1982-06-10,M,Active
C01005957,2024-04-26,B002,ZM,Retail,Web,1969-02-11,F,Active
C01005958,2025-02-04,B001,ZM,SME,Branch,1995-09-27,F,Active
C01005959,2025-02-15,B010,ZM,Retail,Web,2002-03-15,M,Active
C01005960,2024-09-15,B002,ZM,Retail,App,2007-12-04,M,Active
C01005961,2023-01-02,B005,ZM,Retail,Branch,1969-09-18,M,Active
C01005962,2024-01-29,B015,ZM,Retail,Branch,1972-09-19,M,Active
C01005963,2025-02-19,B004,ZM,Retail,Web,2001-07-22,M,Active
C01005964,2025-02-10,B020,ZM,Retail,Web,2004-10-28,F,Active
C01005965,2024-09-17,B003,ZM,Retail,USSD,2006-01-21,F,Active
C01005966,2023-06-04,B005,ZM,Retail,Branch,1975-04-12,M,Active
C01005967,2023-09-21,B003,ZM,Retail,ATM,1976-09-29,M,Active
C01005968,2025-03-29,B010,ZM,Retail,Web,1966-09-29,F,Active
C01005969,2023-12-07,B001,ZM,Premium,ATM,1961-04-04,M,Active
C01005970,2025-12-15,B001,ZM,SME,App,1974-06-27,M,Dormant
C01005971,2024-03-26,B001,ZM,Retail,App,1968-04-11,M,Active
C01005972,2022-10-10,B020,ZM,Retail,ATM,2004-02-06,F,Active
C01005973,2025-09-12,B003,ZM,Premium,Agent,2012-11-03,M,Dormant
C01005974,2022-09-01,B005,ZM,Retail,App,2008-02-09,F,Active
C01005975,2023-04-16,B001,ZM,Retail,ATM,1976-05-12,F,Active
C01005976,2024-07-03,B005,ZM,SME,USSD,1969-03-07,M,Active
C01005977,2025-12-03,B003,ZM,Retail,USSD,1977-05-07,M,Active
C01005978,2022-11-28,B020,ZM,Retail,App,1983-06-04,M,Active
C01005979,2022-07-25,B010,ZM,Premium,ATM,2006-08-07,F,Active
C01005980,2023-03-16,B020,ZM,Retail,ATM,1997-09-01,M,Active
C01005981,2024-11-07,B005,ZM,Retail,ATM,1975-05-25,F,Active
C01005982,2024-03-31,B020,ZM,Retail,Agent,2011-05-13,F,Active
C01005983,2023-11-25,B020,ZM,Retail,App,2008-12-29,F,Active
C01005984,2025-02-01,B010,ZM,SME,Agent,1990-07-07,M,Dormant
C01005985,2025-06-11,B003,ZM,Retail,ATM,2004-01-29,F,Active
C01005986,2025-11-28,B003,ZM,Retail,Web,2014-05-30,F,Closed
C01005987,2025-11-02,B004,ZM,Premium,ATM,1999-04-16,M,Active
C01005988,2025-12-18,B020,ZM,Retail,Web,1980-12-24,M,Active
C01005989,2022-04-17,B003,ZM,Retail,USSD,1998-03-21,M,Active
C01005990,2022-11-26,B003,ZM,Retail,Web,1980-10-12,F,Dormant
C01005991,2024-03-07,B002,ZM,Retail,USSD,2008-05-21,F,Active
C01005992,2025-07-26,B001,ZM,Retail,App,1981-10-20,M,Dormant
C01005993,2022-01-11,B004,ZM,SME,Agent,1970-04-25,F,Active
C01005994,2022-07-06,B015,ZM,SME,Agent,2006-03-25,F,Active
C01005995,2022-10-25,B004,ZM,Retail,USSD,1975-11-25,M,Active
C01005996,2024-08-23,B004,ZM,Retail,USSD,2008-10-04,F,Active
C01005997,2025-05-14,B015,ZM,Retail,ATM,1988-07-26,F,Active
C01005998,2024-06-10,B002,ZM,Retail,Branch,1996-08-22,M,Active
C01005999,2022-06-30,B020,ZM,Retail,USSD,1962-08-13,M,Active
C01006000,2022-05-12,B010,ZM,Premium,Web,1990-05-14,F,Active
C01006001,2023-06-23,B003,ZM,Retail,App,1980-07-14,F,Active
C01006002,2023-03-31,B001,ZM,Retail,Agent,2011-05-10,M,Active
C01006003,2024-01-30,B005,ZM,Retail,Web,2000-05-03,M,Active
C01006004,2022-06-13,B020,ZM,Retail,Agent,1962-01-20,M,Active
C01006005,2025-06-01,B015,ZM,Retail,App,2004-03-18,M,Active
C01006006,2022-03-19,B010,ZM,Retail,Web,2012-10-21,M,Active
C01006007,2026-01-23,B020,ZM,Retail,Agent,2008-11-09,M,Active
C01006008,2024-02-27,B015,ZM,Retail,USSD,1998-06-17,M,Active
C01006009,2024-03-31,B003,ZM,Retail,Branch,1996-02-19,M,Active
C01006010,2025-06-11,B002,ZM,Retail,USSD,1970-09-04,F,Dormant
C01006011,2025-09-05,B020,ZM,Retail,Agent,2000-09-09,M,Dormant
C01006012,2024-12-03,B015,ZM,SME,ATM,2002-11-29,M,Closed
C01006013,2023-08-10,B003,ZM,Retail,Web,1965-06-24,M,Active
C01006014,2025-12-28,B003,ZM,Retail,Branch,1996-02-15,F,Active
C01006015,2025-05-08,B002,ZM,Retail,Web,2004-07-16,F,Active
C01006016,2022-04-28,B004,ZM,Retail,ATM,1981-03-02,M,Active
C01006017,2022-12-25,B020,ZM,Retail,ATM,1996-05-04,M,Active
C01006018,2025-08-04,B020,ZM,Retail,ATM,2006-06-30,F,Active
C01006019,2024-10-09,B004,ZM,Retail,Agent,1973-02-22,M,Active
C01006020,2024-06-18,B001,ZM,Retail,USSD,1961-05-21,F,Closed
C01006021,2022-01-22,B001,ZM,Retail,Agent,1992-10-02,M,Dormant
C01006022,2023-02-18,B004,ZM,Retail,USSD,1960-03-14,M,Active
C01006023,2025-09-07,B010,ZM,SME,Branch,1993-09-28,F,Active
C01006024,2024-11-27,B005,ZM,Retail,ATM,2008-07-02,F,Active
C01006025,2023-08-09,B003,ZM,Retail,USSD,1972-11-19,F,Active
C01006026,2023-02-03,B005,ZM,Retail,App,1967-07-27,F,Active
C01006027,2022-03-10,B003,ZM,Retail,App,1975-05-03,F,Dormant
C01006028,2025-05-12,B004,ZM,Retail,USSD,1976-03-09,F,Active
C01006029,2024-11-11,B001,ZM,SME,Branch,1980-02-02,F,Active
C01006030,2024-11-22,B010,ZM,Premium,Web,1991-05-03,F,Dormant
C01006031,2025-12-01,B001,ZM,Retail,Agent,1989-06-01,F,Active
C01006032,2023-04-20,B005,ZM,Retail,ATM,1974-04-14,M,Active
C01006033,2025-06-13,B001,ZM,Retail,USSD,1967-09-25,M,Active
C01006034,2022-12-14,B004,ZM,Retail,Branch,1995-04-16,M,Dormant
C01006035,2025-10-12,B010,ZM,Retail,Agent,1992-11-02,M,Active
C01006036,2022-03-15,B005,ZM,SME,Web,1961-05-01,M,Active
C01006037,2024-01-07,B010,ZM,SME,Branch,1990-01-21,F,Dormant
C01006038,2023-05-05,B020,ZM,Retail,Web,2008-05-12,M,Active
C01006039,2025-09-03,B003,ZM,Retail,App,2000-02-16,M,Active
C01006040,2022-01-01,B001,ZM,Retail,Agent,1969-05-30,M,Dormant
C01006041,2022-11-19,B010,ZM,Retail,Agent,1983-10-07,F,Active
C01006042,2022-06-27,B002,ZM,Retail,Web,1996-04-29,F,Active
C01006043,2023-07-20,B020,ZM,Retail,App,2011-02-01,F,Active
C01006044,2024-03-29,B001,ZM,Retail,ATM,1973-06-27,M,Active
C01006045,2023-12-25,B003,ZM,Retail,USSD,1966-07-15,M,Active
C01006046,2025-10-03,B010,ZM,Retail,App,2006-11-27,M,Active
C01006047,2024-03-20,B005,ZM,Retail,Branch,1975-08-18,M,Active
C01006048,2024-04-10,B003,ZM,Retail,Web,1966-07-11,M,Closed
C01006049,2025-04-15,B002,ZM,Retail,Agent,2011-03-12,M,Active
C01006050,2023-02-15,B010,ZM,Retail,Branch,1972-06-12,F,Closed
C01006051,2024-11-26,B015,ZM,Retail,Agent,1989-05-15,F,Dormant
C01006052,2022-02-01,B015,ZM,Retail,App,2010-12-11,F,Active
C01006053,2025-12-12,B004,ZM,Retail,Agent,1995-09-13,F,Active
C01006054,2022-05-21,B001,ZM,Retail,Agent,2000-12-21,M,Active
C01006055,2022-07-04,B005,ZM,Retail,Agent,2013-04-21,M,Active
C01006056,2025-01-30,B004,ZM,Premium,Agent,1963-07-16,M,Active
C01006057,2023-08-06,B010,ZM,Retail,Branch,2010-01-07,M,Active
C01006058,2026-01-27,B015,ZM,Retail,Web,2012-12-26,M,Active
C01006059,2025-02-19,B015,ZM,Retail,USSD,2007-12-06,M,Active
C01006060,2025-04-08,B015,ZM,Retail,Branch,1984-02-02,M,Active
C01006061,2023-12-14,B010,ZM,SME,ATM,1981-02-06,M,Active
C01006062,2023-12-13,B015,ZM,Retail,Web,1998-07-28,F,Active
C01006063,2023-07-21,B003,ZM,Retail,Web,2014-08-19,M,Active
C01006064,2023-04-09,B020,ZM,Retail,ATM,2008-08-11,F,Active
C01006065,2025-05-26,B010,ZM,Retail,App,1985-11-28,M,Active
C01006066,2023-02-03,B005,ZM,SME,ATM,2009-01-18,M,Active
C01006067,2024-07-20,B020,ZM,Retail,App,1961-06-13,F,Active
C01006068,2024-04-07,B004,ZM,Retail,USSD,1974-03-16,M,Active
C01006069,2025-03-23,B005,ZM,SME,App,1971-05-20,M,Active
C01006070,2022-01-10,B020,ZM,SME,USSD,1963-05-23,F,Active
C01006071,2023-06-19,B002,ZM,Retail,USSD,1989-09-07,M,Active
C01006072,2022-12-25,B015,ZM,Retail,Agent,1963-01-16,F,Active
C01006073,2024-04-13,B002,ZM,Retail,Agent,2014-04-17,M,Active
C01006074,2024-11-02,B001,ZM,Retail,ATM,1980-08-13,M,Active
C01006075,2022-08-07,B001,ZM,Premium,USSD,2008-08-25,F,Active
C01006076,2025-02-18,B020,ZM,Retail,App,1998-11-10,M,Active
C01006077,2022-05-29,B002,ZM,Retail,Branch,2013-09-01,F,Active
C01006078,2024-10-27,B010,ZM,SME,Agent,1982-07-01,M,Active
C01006079,2023-08-26,B005,ZM,Retail,Web,2005-07-08,M,Active
C01006080,2023-11-28,B002,ZM,Retail,Web,1986-03-08,F,Active
C01006081,2022-08-28,B001,ZM,Premium,App,1971-08-30,M,Active
C01006082,2024-11-17,B002,ZM,SME,Agent,1986-09-30,F,Active
C01006083,2023-06-12,B010,ZM,SME,Branch,2014-05-01,M,Active
C01006084,2025-01-06,B002,ZM,Retail,USSD,1990-04-19,F,Active
C01006085,2025-03-23,B005,ZM,SME,Agent,2014-09-13,F,Active
C01006086,2023-05-28,B004,ZM,Retail,App,2005-12-13,F,Active
C01006087,2025-11-22,B010,ZM,Retail,USSD,2009-08-29,F,Dormant
C01006088,2024-06-25,B001,ZM,Premium,Agent,1965-12-03,M,Active
C01006089,2024-02-12,B005,ZM,Retail,ATM,1967-07-15,F,Active
C01006090,2025-02-27,B002,ZM,SME,Branch,1985-06-09,M,Active
C01006091,2024-09-17,B002,ZM,Retail,Web,1991-02-10,M,Active
C01006092,2023-05-14,B004,ZM,Retail,App,2000-07-15,M,Active
C01006093,2023-11-27,B001,ZM,SME,Web,2008-12-15,F,Active
C01006094,2024-07-28,B001,ZM,Retail,USSD,2005-07-13,F,Active
C01006095,2025-10-27,B003,ZM,Retail,USSD,2001-01-28,M,Active
C01006096,2024-08-01,B001,ZM,Retail,ATM,1963-03-19,M,Active
C01006097,2025-04-16,B004,ZM,Premium,USSD,1999-08-07,M,Dormant
C01006098,2022-02-26,B015,ZM,Retail,USSD,1968-03-22,F,Active
C01006099,2024-09-14,B003,ZM,Retail,Web,1992-01-09,F,Active
C01006100,2022-08-27,B003,ZM,Retail,Web,1976-01-23,F,Active
C01006101,2023-06-13,B002,ZM,Premium,App,1981-02-08,M,Dormant
C01006102,2022-05-19,B002,ZM,Retail,App,2008-10-19,F,Active
C01006103,2024-02-23,B001,ZM,Retail,USSD,1996-01-13,F,Active
C01006104,2025-07-21,B003,ZM,Retail,Agent,2000-02-26,F,Active
C01006105,2023-03-28,B020,ZM,Retail,Branch,1995-01-12,F,Active
C01006106,2025-10-18,B002,ZM,Retail,App,2002-11-06,M,Active
C01006107,2025-12-07,B004,ZM,Retail,USSD,1977-08-01,M,Dormant
C01006108,2023-04-16,B020,ZM,Retail,Agent,2008-05-18,M,Active
C01006109,2023-10-09,B002,ZM,Premium,Agent,1976-10-02,M,Active
C01006110,2024-04-24,B010,ZM,SME,Web,1962-05-09,F,Active
C01006111,2023-12-25,B010,ZM,Retail,Agent,2000-07-20,M,Active
C01006112,2024-11-23,B002,ZM,Retail,ATM,1984-08-29,M,Active
C01006113,2025-01-02,B003,ZM,SME,Web,1994-02-17,M,Active
C01006114,2022-01-20,B015,ZM,Retail,Web,1966-12-30,M,Active
C01006115,2025-12-06,B015,ZM,Retail,ATM,1965-09-11,M,Dormant
C01006116,2023-06-24,B003,ZM,Retail,Web,2001-05-24,F,Active
C01006117,2023-05-24,B005,ZM,Retail,App,2004-05-25,M,Active
C01006118,2023-08-12,B015,ZM,SME,Web,2007-09-30,F,Active
C01006119,2022-07-10,B010,ZM,Retail,ATM,2004-03-07,F,Active
C01006120,2024-03-28,B004,ZM,Retail,USSD,1994-06-29,F,Active
C01006121,2025-10-11,B003,ZM,Retail,USSD,2008-08-15,M,Dormant
C01006122,2023-12-02,B001,ZM,Retail,USSD,1973-06-13,M,Active
C01006123,2022-06-05,B010,ZM,Retail,ATM,2011-07-20,F,Active
C01006124,2025-02-09,B004,ZM,Retail,ATM,1999-02-27,M,Active
C01006125,2023-01-01,B004,ZM,Premium,App,2005-05-18,F,Active
C01006126,2024-09-02,B003,ZM,Premium,ATM,2004-08-10,F,Active
C01006127,2023-10-05,B004,ZM,Premium,Agent,1973-10-22,M,Active
C01006128,2023-12-26,B003,ZM,SME,USSD,1971-08-14,M,Active
C01006129,2023-03-24,B015,ZM,Retail,ATM,1988-09-19,F,Active
C01006130,2025-03-20,B002,ZM,Retail,Branch,2006-04-21,M,Active
C01006131,2023-07-06,B010,ZM,Retail,Web,2011-09-30,F,Active
C01006132,2023-01-10,B005,ZM,Retail,App,1977-08-06,F,Active
C01006133,2025-10-31,B002,ZM,Premium,USSD,2004-04-23,M,Active
C01006134,2023-01-25,B010,ZM,SME,Agent,1963-06-05,F,Active
C01006135,2024-10-18,B003,ZM,Retail,Agent,2007-09-28,M,Active
C01006136,2023-02-13,B010,ZM,Retail,USSD,1988-07-20,M,Active
C01006137,2023-04-26,B015,ZM,SME,Agent,2007-01-17,F,Active
C01006138,2023-05-11,B003,ZM,SME,Branch,1960-01-22,M,Active
C01006139,2023-06-28,B002,ZM,Retail,App,1995-10-05,F,Dormant
C01006140,2023-02-28,B001,ZM,SME,Web,1976-09-15,M,Active
C01006141,2023-04-15,B001,ZM,Retail,App,1981-04-21,F,Active
C01006142,2023-02-20,B020,ZM,Retail,App,1993-01-27,F,Active
C01006143,2023-05-27,B020,ZM,Retail,USSD,1964-08-26,F,Dormant
C01006144,2025-06-20,B010,ZM,Retail,ATM,1984-02-29,M,Active
C01006145,2023-12-31,B001,ZM,Retail,Web,1962-09-06,F,Dormant
C01006146,2022-11-16,B003,ZM,Retail,App,1992-04-30,F,Active
C01006147,2022-08-07,B004,ZM,Premium,Branch,1995-01-01,F,Active
C01006148,2022-09-03,B003,ZM,Retail,USSD,1994-03-05,M,Active
C01006149,2022-06-10,B004,ZM,Retail,ATM,1989-10-09,F,Active
C01006150,2025-10-16,B002,ZM,Retail,ATM,2000-12-19,F,Dormant
C01006151,2025-09-20,B005,ZM,Retail,USSD,2011-01-24,F,Active
C01006152,2024-10-05,B004,ZM,Retail,App,1963-06-09,M,Active
C01006153,2025-06-11,B001,ZM,Retail,Agent,1962-09-30,F,Active
C01006154,2022-01-14,B003,ZM,Retail,USSD,1971-03-14,M,Closed
C01006155,2025-01-13,B002,ZM,Retail,Agent,1975-01-24,M,Active
C01006156,2022-03-28,B001,ZM,Retail,ATM,1985-01-30,M,Active
C01006157,2024-09-14,B002,ZM,Retail,ATM,2008-08-08,M,Active
C01006158,2024-01-31,B005,ZM,SME,Branch,1975-10-13,M,Dormant
C01006159,2025-06-25,B015,ZM,Retail,Branch,1990-09-27,F,Active
C01006160,2023-10-08,B003,ZM,Retail,ATM,1993-08-07,F,Active
C01006161,2024-10-05,B010,ZM,Retail,Branch,1984-01-27,M,Active
C01006162,2025-03-22,B003,ZM,Retail,Branch,1982-07-15,M,Active
C01006163,2023-07-17,B020,ZM,Retail,Branch,1976-05-17,F,Active
C01006164,2024-10-02,B005,ZM,Premium,ATM,2006-12-21,F,Dormant
C01006165,2023-01-10,B003,ZM,SME,App,1995-04-10,F,Active
C01006166,2024-11-12,B020,ZM,Retail,App,2001-04-30,M,Closed
C01006167,2023-07-28,B010,ZM,Retail,Web,2013-04-02,F,Active
C01006168,2024-03-25,B004,ZM,Retail,Branch,1995-05-09,F,Active
C01006169,2023-03-31,B002,ZM,SME,App,1977-08-05,M,Active
C01006170,2025-03-27,B010,ZM,Retail,Web,1972-08-04,M,Active
C01006171,2022-09-20,B001,ZM,Retail,USSD,1991-09-02,F,Dormant
C01006172,2022-04-21,B005,ZM,SME,Branch,1986-05-23,F,Closed
C01006173,2024-12-12,B004,ZM,SME,App,1976-08-28,M,Dormant
C01006174,2024-05-16,B001,ZM,SME,App,1982-02-15,F,Active
C01006175,2024-09-06,B001,ZM,SME,Agent,1971-12-10,F,Active
C01006176,2025-01-12,B005,ZM,Premium,App,2007-10-16,F,Active
C01006177,2022-03-08,B004,ZM,Retail,Agent,2011-09-06,F,Dormant
C01006178,2024-10-26,B015,ZM,Retail,Web,1984-02-26,F,Active
C01006179,2023-12-13,B001,ZM,SME,Agent,1995-02-10,M,Active
C01006180,2024-03-17,B001,ZM,Retail,USSD,1979-12-07,F,Active
C01006181,2025-11-06,B004,ZM,Premium,Branch,1977-06-15,F,Active
C01006182,2022-12-24,B003,ZM,Retail,App,2008-12-31,M,Active
C01006183,2024-07-25,B001,ZM,Retail,ATM,2011-05-15,F,Active
C01006184,2022-09-04,B002,ZM,Retail,Branch,1969-04-01,F,Closed
C01006185,2025-12-01,B004,ZM,Retail,ATM,1990-07-09,M,Active
C01006186,2024-11-27,B001,ZM,Retail,Web,1996-04-28,M,Active
C01006187,2024-07-31,B005,ZM,Retail,App,1974-10-01,F,Active
C01006188,2023-10-09,B010,ZM,Retail,Branch,1983-05-23,M,Active
C01006189,2025-11-12,B002,ZM,Retail,Branch,1967-02-21,F,Active
C01006190,2022-01-18,B020,ZM,Retail,App,1989-05-31,F,Active
C01006191,2022-01-25,B020,ZM,Retail,USSD,1976-09-27,M,Active
C01006192,2025-10-12,B010,ZM,Retail,Web,2007-10-27,M,Active
C01006193,2023-03-08,B020,ZM,Retail,App,1990-04-24,F,Active
C01006194,2024-02-17,B010,ZM,SME,Agent,2003-05-11,F,Active
C01006195,2025-04-04,B001,ZM,SME,Branch,1975-12-17,F,Dormant
C01006196,2022-07-26,B002,ZM,SME,USSD,1990-10-20,M,Dormant
C01006197,2023-10-29,B002,ZM,Premium,Branch,1994-11-27,M,Active
C01006198,2024-01-11,B003,ZM,Retail,ATM,1975-01-16,F,Active
C01006199,2025-06-08,B010,ZM,SME,Branch,2011-08-17,F,Active
C01006200,2023-06-16,B002,ZM,SME,Web,1975-06-02,F,Active
C01006201,2023-01-19,B003,ZM,SME,App,1996-03-18,F,Active
C01006202,2025-01-28,B004,ZM,Retail,Branch,2012-11-07,F,Active
C01006203,2023-06-23,B003,ZM,Premium,Agent,1979-11-20,F,Dormant
C01006204,2023-05-01,B005,ZM,Retail,ATM,1979-12-10,F,Active
C01006205,2023-07-06,B015,ZM,SME,ATM,1990-10-20,F,Active
C01006206,2024-08-23,B001,ZM,Retail,App,2007-07-11,F,Active
C01006207,2025-06-09,B004,ZM,Retail,ATM,2014-07-16,M,Dormant
C01006208,2023-12-04,B015,ZM,Retail,App,1993-03-13,M,Active
C01006209,2024-01-20,B015,ZM,Retail,Web,1969-03-03,F,Active
C01006210,2023-01-12,B004,ZM,Retail,App,1980-01-21,F,Active
C01006211,2024-10-18,B005,ZM,SME,USSD,2005-04-04,M,Dormant
C01006212,2024-05-18,B003,ZM,Retail,ATM,1969-07-12,M,Active
C01006213,2023-03-08,B001,ZM,Retail,ATM,2010-03-26,M,Active
C01006214,2024-05-08,B003,ZM,Retail,Agent,1995-02-05,M,Active
C01006215,2025-12-06,B002,ZM,Retail,Branch,1993-02-14,F,Active
C01006216,2024-02-02,B003,ZM,Retail,USSD,1992-10-25,F,Active
C01006217,2024-01-18,B020,ZM,Retail,Branch,1962-04-20,M,Active
C01006218,2024-03-31,B004,ZM,Retail,App,2003-12-05,F,Active
C01006219,2023-07-27,B001,ZM,Retail,Web,2006-07-22,F,Active
C01006220,2024-07-12,B003,ZM,Retail,Agent,1983-08-01,F,Active
C01006221,2023-01-04,B001,ZM,Retail,ATM,1994-08-27,M,Active
C01006222,2025-03-16,B001,ZM,Retail,Web,2010-02-13,M,Active
C01006223,2022-09-26,B002,ZM,Premium,App,1989-02-06,F,Active
C01006224,2025-03-25,B002,ZM,Retail,App,1961-05-27,M,Active
C01006225,2025-11-05,B004,ZM,Retail,USSD,2014-09-18,M,Active
C01006226,2023-04-14,B005,ZM,Retail,Branch,1988-09-30,M,Active
C01006227,2022-07-24,B020,ZM,Retail,ATM,2003-10-05,F,Closed
C01006228,2026-01-16,B015,ZM,Retail,ATM,1985-10-10,F,Active
C01006229,2023-07-07,B001,ZM,Retail,Web,1983-06-24,F,Active
C01006230,2023-04-28,B005,ZM,Retail,USSD,1980-02-11,M,Active
C01006231,2025-02-11,B015,ZM,Retail,Agent,1960-09-06,M,Active
C01006232,2024-06-04,B015,ZM,Retail,App,1977-06-02,F,Closed
C01006233,2024-02-20,B020,ZM,Retail,USSD,1987-07-05,M,Active
C01006234,2023-02-06,B004,ZM,Premium,ATM,1970-10-06,M,Active
C01006235,2022-10-26,B015,ZM,Retail,Agent,2005-12-17,M,Dormant
C01006236,2022-11-03,B020,ZM,Retail,Branch,2011-10-05,M,Active
C01006237,2024-08-26,B015,ZM,Premium,Web,1966-09-07,F,Active
C01006238,2022-01-20,B001,ZM,SME,App,1970-02-26,F,Active
C01006239,2022-12-28,B001,ZM,Retail,App,2003-03-04,M,Active
C01006240,2024-05-13,B010,ZM,Retail,App,2013-09-27,F,Active
C01006241,2024-10-20,B005,ZM,Retail,Branch,2003-06-11,F,Active
C01006242,2022-10-03,B003,ZM,Retail,ATM,1974-10-14,F,Active
C01006243,2025-07-15,B020,ZM,Retail,ATM,1964-03-16,M,Active
C01006244,2024-11-24,B002,ZM,Retail,USSD,1977-11-12,F,Active
C01006245,2024-12-29,B020,ZM,Retail,Agent,2006-10-15,M,Active
C01006246,2026-01-15,B003,ZM,Retail,USSD,1989-12-05,F,Active
C01006247,2023-10-09,B005,ZM,Retail,ATM,2012-03-18,F,Dormant
C01006248,2024-09-23,B002,ZM,Retail,App,1981-03-04,F,Active
C01006249,2023-09-07,B003,ZM,Retail,Branch,1984-02-22,F,Closed
C01006250,2023-05-29,B010,ZM,Retail,ATM,1963-05-20,M,Active
C01006251,2025-02-25,B002,ZM,Retail,Branch,1967-09-19,F,Active
C01006252,2025-03-08,B001,ZM,Retail,Web,1992-09-03,F,Active
C01006253,2022-04-08,B003,ZM,Premium,App,1978-11-09,F,Active
C01006254,2024-03-26,B020,ZM,Retail,Web,1995-05-24,F,Active
C01006255,2022-07-22,B002,ZM,Retail,ATM,1987-08-05,F,Dormant
C01006256,2025-11-15,B010,ZM,SME,USSD,1967-11-30,M,Active
C01006257,2022-12-01,B020,ZM,Retail,ATM,1989-03-06,M,Active
C01006258,2022-05-03,B015,ZM,SME,Web,1986-05-06,M,Active
C01006259,2023-03-18,B002,ZM,Retail,Branch,2000-09-13,M,Active
C01006260,2023-06-05,B002,ZM,Retail,Agent,1969-08-24,F,Active
C01006261,2024-09-02,B010,ZM,Retail,Agent,1989-04-25,M,Active
C01006262,2025-07-13,B015,ZM,Retail,ATM,1989-05-28,M,Active
C01006263,2022-07-17,B003,ZM,Retail,USSD,1978-02-23,F,Active
C01006264,2024-07-10,B004,ZM,SME,Web,1969-08-14,M,Active
C01006265,2023-11-17,B003,ZM,Retail,ATM,1979-06-07,M,Active
C01006266,2023-06-17,B015,ZM,Retail,Web,1975-07-26,F,Active
C01006267,2024-01-10,B005,ZM,SME,Web,1992-11-04,M,Active
C01006268,2024-01-08,B020,ZM,Retail,App,1979-03-29,M,Active
C01006269,2025-02-21,B010,ZM,Retail,Agent,1997-08-19,M,Active
C01006270,2025-02-15,B003,ZM,Retail,Agent,2002-09-09,M,Active
C01006271,2023-06-12,B002,ZM,SME,Branch,2007-01-21,F,Active
C01006272,2023-12-06,B010,ZM,Retail,App,1968-09-25,M,Active
C01006273,2022-02-10,B001,ZM,Retail,Agent,1981-05-13,F,Active
C01006274,2024-04-23,B015,ZM,SME,Web,1998-03-29,F,Active
C01006275,2022-09-06,B020,ZM,Retail,USSD,2000-02-18,F,Active
C01006276,2023-12-21,B003,ZM,Retail,USSD,1988-06-19,F,Active
C01006277,2025-10-23,B010,ZM,Retail,App,1964-02-09,M,Active
C01006278,2025-05-25,B020,ZM,Retail,USSD,1961-06-10,M,Closed
C01006279,2023-02-12,B003,ZM,Retail,Web,1983-11-04,M,Dormant
C01006280,2025-03-27,B010,ZM,Premium,ATM,1973-06-05,F,Active
C01006281,2025-03-25,B002,ZM,Retail,Web,1969-10-15,F,Active
C01006282,2025-08-23,B001,ZM,Retail,Agent,1985-06-07,F,Active
C01006283,2025-08-22,B001,ZM,Retail,ATM,1967-10-26,M,Active
C01006284,2025-01-07,B005,ZM,Retail,USSD,1963-02-27,M,Active
C01006285,2022-12-24,B010,ZM,Retail,Branch,1991-09-30,M,Dormant
C01006286,2023-08-06,B003,ZM,SME,Branch,1975-11-28,M,Active
C01006287,2023-12-29,B001,ZM,Retail,Web,2000-12-18,M,Active
C01006288,2023-10-28,B015,ZM,Retail,Web,1994-05-09,M,Active
C01006289,2025-10-10,B001,ZM,Retail,USSD,2007-06-24,F,Active
C01006290,2024-11-11,B004,ZM,Retail,Branch,1970-12-12,F,Active
C01006291,2024-09-25,B004,ZM,SME,Branch,2013-01-31,M,Dormant
C01006292,2024-07-04,B001,ZM,SME,Web,2006-12-26,F,Active
C01006293,2022-06-10,B010,ZM,Retail,Agent,2002-06-04,M,Active
C01006294,2024-02-20,B005,ZM,Premium,Branch,2010-05-16,F,Active
C01006295,2025-06-10,B001,ZM,Retail,Web,1965-05-24,M,Active
C01006296,2023-08-10,B002,ZM,Retail,App,2014-04-13,M,Active
C01006297,2024-08-07,B020,ZM,Retail,Branch,1971-10-23,M,Active
C01006298,2025-07-17,B003,ZM,Retail,ATM,2002-11-19,F,Active
C01006299,2022-10-24,B005,ZM,Premium,USSD,1960-08-08,M,Active
C01006300,2022-12-10,B002,ZM,Retail,Web,1984-05-16,F,Dormant
C01006301,2025-08-04,B005,ZM,Retail,Branch,1992-05-20,M,Active
C01006302,2023-11-22,B002,ZM,SME,Branch,1971-08-23,F,Dormant
C01006303,2024-05-13,B003,ZM,Retail,Agent,1981-01-30,F,Active
C01006304,2025-07-16,B003,ZM,SME,Web,2006-02-19,M,Active
C01006305,2025-06-08,B004,ZM,Retail,ATM,2007-04-05,M,Active
C01006306,2025-03-16,B010,ZM,Retail,Branch,2010-01-16,M,Dormant
C01006307,2024-04-08,B002,ZM,SME,App,1991-04-01,F,Active
C01006308,2022-05-27,B020,ZM,Retail,USSD,1996-01-31,M,Active
C01006309,2022-06-12,B004,ZM,SME,Web,1974-08-09,M,Active
C01006310,2022-11-28,B002,ZM,Retail,Branch,1972-04-11,F,Active
C01006311,2023-12-05,B004,ZM,SME,Agent,1989-09-07,F,Active
C01006312,2023-04-13,B003,ZM,Retail,Agent,2010-01-03,F,Active
C01006313,2023-10-05,B005,ZM,Retail,USSD,1998-05-30,M,Active
C01006314,2023-10-11,B015,ZM,SME,Web,1997-04-30,M,Active
C01006315,2025-08-30,B004,ZM,Retail,Web,1965-03-27,M,Active
C01006316,2023-08-20,B002,ZM,Retail,Web,1989-02-08,M,Active
C01006317,2025-12-25,B002,ZM,SME,ATM,2012-05-09,F,Closed
C01006318,2023-07-02,B015,ZM,Retail,App,2005-06-08,F,Active
C01006319,2025-05-24,B010,ZM,SME,Agent,1997-04-11,F,Active
C01006320,2025-08-13,B020,ZM,Retail,Web,2000-05-08,M,Active
C01006321,2024-03-20,B003,ZM,Retail,ATM,2008-05-07,F,Active
C01006322,2023-07-10,B002,ZM,Retail,Web,1999-09-03,M,Active
C01006323,2024-06-30,B001,ZM,Retail,Web,1985-01-28,F,Active
C01006324,2024-01-14,B005,ZM,Retail,ATM,1986-10-17,F,Closed
C01006325,2025-04-17,B004,ZM,Retail,App,1975-01-13,M,Active
C01006326,2024-12-02,B010,ZM,Retail,USSD,1972-05-26,F,Active
C01006327,2024-07-11,B020,ZM,Retail,Agent,2004-03-15,F,Active
C01006328,2024-04-27,B015,ZM,Retail,Branch,1990-04-24,M,Active
C01006329,2022-12-09,B005,ZM,SME,Web,2005-10-09,F,Closed
C01006330,2023-01-12,B003,ZM,Retail,App,1990-04-05,M,Active
C01006331,2022-02-17,B010,ZM,Retail,Agent,1985-01-31,F,Active
C01006332,2022-09-14,B020,ZM,SME,Branch,2008-07-25,F,Active
C01006333,2026-01-30,B004,ZM,Retail,Web,1990-06-17,M,Active
C01006334,2023-04-26,B004,ZM,Premium,Branch,2012-10-12,M,Active
C01006335,2025-09-17,B015,ZM,Retail,ATM,1997-11-08,M,Active
C01006336,2023-05-31,B001,ZM,Retail,Agent,1992-08-18,F,Closed
C01006337,2025-12-06,B015,ZM,Retail,App,1988-06-20,F,Active
C01006338,2022-06-13,B003,ZM,SME,App,1985-11-03,M,Active
C01006339,2023-03-08,B010,ZM,Retail,Agent,1975-12-13,M,Active
C01006340,2022-12-08,B010,ZM,SME,USSD,2005-01-14,M,Dormant
C01006341,2024-03-24,B002,ZM,Retail,USSD,1971-07-25,M,Active
C01006342,2022-07-30,B001,ZM,Retail,Branch,1987-04-28,F,Active
C01006343,2022-07-15,B001,ZM,Retail,ATM,1970-08-24,F,Active
C01006344,2022-05-11,B010,ZM,Retail,Branch,1967-06-12,M,Closed
C01006345,2024-08-27,B010,ZM,Retail,Web,1998-05-29,M,Active
C01006346,2025-01-28,B005,ZM,SME,App,1989-10-23,F,Active
C01006347,2022-04-21,B020,ZM,Retail,Branch,1962-04-12,F,Active
C01006348,2022-02-23,B005,ZM,Retail,Branch,1972-03-18,F,Closed
C01006349,2024-03-24,B005,ZM,Retail,Agent,1960-07-24,F,Closed
C01006350,2024-12-09,B001,ZM,SME,App,1963-07-15,F,Active
C01006351,2022-06-20,B002,ZM,Premium,App,1963-11-05,F,Dormant
C01006352,2022-08-01,B004,ZM,SME,USSD,1973-12-27,M,Active
C01006353,2023-06-22,B005,ZM,Premium,USSD,1987-07-12,M,Active
C01006354,2025-06-19,B002,ZM,SME,App,1993-06-02,F,Active
C01006355,2022-11-15,B015,ZM,Premium,Branch,1980-08-05,M,Dormant
C01006356,2022-06-22,B003,ZM,Retail,Web,2012-08-07,M,Active
C01006357,2025-09-03,B005,ZM,Retail,Branch,1980-10-27,F,Active
C01006358,2024-03-09,B015,ZM,Retail,Web,1966-07-11,F,Active
C01006359,2023-09-26,B004,ZM,Retail,App,1981-03-18,M,Active
C01006360,2023-04-15,B003,ZM,Retail,Agent,1971-10-06,F,Active
C01006361,2023-05-22,B003,ZM,Retail,Web,1970-05-20,F,Active
C01006362,2023-08-05,B004,ZM,Retail,USSD,1989-03-30,M,Active
C01006363,2024-06-26,B005,ZM,Premium,Agent,1988-06-21,M,Active
C01006364,2025-07-07,B001,ZM,Retail,App,1966-03-18,M,Dormant
C01006365,2022-09-16,B004,ZM,SME,ATM,1978-09-10,F,Active
C01006366,2022-09-26,B004,ZM,Retail,Web,1960-07-01,M,Active
C01006367,2024-12-14,B004,ZM,Premium,Web,1989-01-24,F,Active
C01006368,2022-12-16,B003,ZM,Premium,Agent,1990-06-30,F,Active
C01006369,2022-02-28,B020,ZM,SME,ATM,2003-02-09,M,Active
C01006370,2022-03-13,B002,ZM,Retail,ATM,1963-01-12,M,Active
C01006371,2025-09-20,B015,ZM,Retail,App,2006-10-23,F,Dormant
C01006372,2024-01-01,B001,ZM,Retail,Agent,1978-04-23,F,Active
C01006373,2023-10-29,B005,ZM,SME,Branch,1998-03-10,F,Active
C01006374,2024-09-02,B005,ZM,SME,ATM,2009-11-03,F,Closed
C01006375,2024-08-14,B015,ZM,SME,Web,1976-05-04,M,Dormant
C01006376,2025-01-12,B002,ZM,Retail,ATM,1969-01-01,M,Active
C01006377,2023-07-12,B004,ZM,Retail,App,1985-06-21,M,Active
C01006378,2025-01-28,B020,ZM,Retail,App,1987-03-17,M,Active
C01006379,2024-06-30,B001,ZM,Retail,Web,1985-07-06,F,Active
C01006380,2022-10-04,B005,ZM,Retail,Web,2006-08-20,F,Active
C01006381,2025-11-29,B015,ZM,Retail,Web,2007-01-30,M,Active
C01006382,2025-01-09,B010,ZM,SME,Branch,1994-05-14,M,Active
C01006383,2022-12-29,B020,ZM,Retail,Web,1994-08-12,F,Active
C01006384,2025-04-25,B015,ZM,Retail,Agent,2012-08-11,F,Active
C01006385,2025-05-08,B020,ZM,Premium,App,2004-01-06,F,Active
C01006386,2024-07-24,B005,ZM,Retail,App,1972-12-03,M,Active
C01006387,2025-07-16,B004,ZM,Retail,ATM,2004-10-26,M,Active
C01006388,2025-07-26,B010,ZM,Retail,Web,1979-12-04,F,Active
C01006389,2025-03-01,B002,ZM,Retail,Branch,1997-12-15,M,Active
C01006390,2024-06-09,B001,ZM,Retail,Agent,2000-04-12,F,Active
C01006391,2024-12-08,B002,ZM,Retail,USSD,1999-07-27,M,Active
C01006392,2025-08-03,B002,ZM,Retail,ATM,1986-04-04,F,Active
C01006393,2025-08-02,B015,ZM,Retail,Agent,1997-01-28,M,Active
C01006394,2024-12-29,B020,ZM,Retail,Branch,1973-06-06,F,Active
C01006395,2023-09-27,B001,ZM,SME,Web,1960-07-27,M,Active
C01006396,2023-12-13,B001,ZM,Retail,Branch,1971-08-22,F,Active
C01006397,2024-09-13,B005,ZM,SME,USSD,1992-11-10,F,Active
C01006398,2025-01-10,B005,ZM,Retail,Agent,2006-03-25,F,Active
C01006399,2023-04-11,B001,ZM,Retail,Branch,1975-01-17,F,Active
C01006400,2022-07-03,B010,ZM,SME,USSD,1993-02-01,M,Active
C01006401,2024-06-23,B003,ZM,Retail,USSD,1985-10-30,F,Active
C01006402,2023-09-23,B005,ZM,Retail,Agent,1978-10-06,F,Active
C01006403,2024-01-20,B003,ZM,Retail,USSD,1966-03-30,F,Active
C01006404,2024-04-24,B015,ZM,Retail,Agent,2007-03-05,M,Active
C01006405,2023-06-17,B010,ZM,SME,Branch,1979-08-06,F,Dormant
C01006406,2022-11-15,B001,ZM,SME,Web,1975-07-05,M,Closed
C01006407,2023-09-14,B010,ZM,Retail,App,2008-09-29,F,Active
C01006408,2022-01-22,B005,ZM,Retail,App,1969-06-30,F,Active
C01006409,2022-01-01,B002,ZM,Retail,Branch,1971-12-30,F,Active
C01006410,2024-12-07,B015,ZM,Premium,Web,1977-01-30,F,Dormant
C01006411,2022-10-07,B001,ZM,SME,App,1965-08-23,M,Active
C01006412,2023-12-06,B004,ZM,SME,USSD,1971-05-01,M,Active
C01006413,2023-08-11,B015,ZM,Retail,Branch,1977-12-16,F,Dormant
C01006414,2024-08-18,B020,ZM,SME,Branch,2014-06-02,F,Active
C01006415,2024-12-31,B003,ZM,Retail,ATM,1972-11-05,F,Active
C01006416,2022-01-18,B010,ZM,Retail,ATM,1960-08-20,M,Dormant
C01006417,2025-11-09,B001,ZM,Premium,ATM,1987-05-08,F,Active
C01006418,2024-10-04,B015,ZM,Retail,Agent,1968-04-22,M,Active
C01006419,2024-09-04,B010,ZM,Premium,Web,1965-04-16,M,Active
C01006420,2023-09-06,B001,ZM,Retail,Branch,1993-11-01,F,Active
C01006421,2022-01-19,B005,ZM,SME,ATM,1960-09-22,M,Active
C01006422,2024-05-31,B015,ZM,Retail,Branch,1968-01-23,F,Active
C01006423,2023-08-23,B005,ZM,Retail,USSD,2006-08-12,M,Active
C01006424,2025-05-07,B015,ZM,Retail,ATM,1981-12-15,F,Dormant
C01006425,2023-04-19,B005,ZM,Retail,Branch,1997-04-06,F,Dormant
C01006426,2022-01-15,B020,ZM,Retail,Web,1983-07-17,F,Active
C01006427,2025-01-27,B010,ZM,Retail,Agent,2003-12-02,F,Closed
C01006428,2024-02-05,B004,ZM,Retail,Web,1974-05-14,F,Active
C01006429,2023-01-22,B015,ZM,Retail,Web,1978-04-19,F,Active
C01006430,2024-04-23,B020,ZM,Retail,ATM,2009-08-03,M,Active
C01006431,2025-02-22,B015,ZM,Retail,Web,2001-07-21,M,Active
C01006432,2024-06-14,B005,ZM,SME,Agent,1990-12-14,M,Dormant
C01006433,2024-03-19,B001,ZM,SME,App,1962-03-04,F,Active
C01006434,2023-05-27,B015,ZM,Retail,Agent,2007-10-10,F,Active
C01006435,2022-12-01,B020,ZM,Retail,USSD,1974-10-22,F,Active
C01006436,2026-01-04,B005,ZM,SME,Agent,2002-04-25,F,Active
C01006437,2025-08-15,B002,ZM,Retail,Branch,1996-03-31,F,Active
C01006438,2024-03-09,B005,ZM,Retail,App,2006-07-14,F,Closed
C01006439,2024-02-14,B010,ZM,Retail,ATM,1967-10-24,M,Active
C01006440,2023-03-28,B004,ZM,Retail,Branch,2000-11-29,F,Active
C01006441,2023-06-23,B002,ZM,Retail,Agent,1975-11-16,F,Active
C01006442,2022-06-12,B010,ZM,Retail,Branch,1976-03-17,F,Active
C01006443,2024-05-14,B010,ZM,Retail,Web,1991-05-29,F,Closed
C01006444,2025-07-04,B010,ZM,Retail,Branch,2003-01-26,F,Dormant
C01006445,2023-05-06,B001,ZM,Retail,Branch,2001-08-25,M,Active
C01006446,2024-11-24,B010,ZM,Retail,Agent,1988-10-13,F,Active
C01006447,2025-06-09,B001,ZM,Retail,USSD,1983-05-10,F,Active
C01006448,2025-11-22,B010,ZM,Retail,Agent,1992-07-31,M,Closed
C01006449,2025-11-03,B003,ZM,SME,ATM,2010-06-03,M,Active
C01006450,2023-07-11,B020,ZM,Retail,App,1983-10-31,F,Active
C01006451,2023-08-07,B002,ZM,Retail,Web,2003-05-29,M,Active
C01006452,2025-08-21,B003,ZM,Retail,USSD,1972-03-03,M,Active
C01006453,2024-12-25,B010,ZM,Retail,App,1993-12-29,F,Active
C01006454,2023-07-05,B002,ZM,Retail,App,1973-11-19,M,Active
C01006455,2024-04-25,B002,ZM,Retail,USSD,2011-03-31,F,Dormant
C01006456,2023-01-21,B015,ZM,SME,Web,1962-12-07,M,Closed
C01006457,2022-05-21,B004,ZM,Retail,ATM,1989-03-12,F,Active
C01006458,2023-01-09,B003,ZM,SME,USSD,1972-10-11,F,Dormant
C01006459,2022-10-07,B004,ZM,Retail,USSD,1968-02-04,M,Active
C01006460,2023-08-17,B002,ZM,Premium,USSD,2005-11-02,M,Active
C01006461,2022-08-15,B001,ZM,SME,Web,2000-09-09,F,Active
C01006462,2025-07-28,B002,ZM,Premium,USSD,1994-04-22,F,Active
C01006463,2024-07-21,B004,ZM,Retail,USSD,2009-09-06,M,Dormant
C01006464,2025-06-19,B003,ZM,Retail,Branch,1981-08-18,F,Active
C01006465,2024-07-16,B010,ZM,SME,Branch,1969-03-04,M,Dormant
C01006466,2023-07-12,B015,ZM,SME,Branch,1995-03-19,M,Active
C01006467,2025-12-05,B015,ZM,Premium,Branch,1964-10-05,M,Active
C01006468,2025-06-29,B015,ZM,Retail,USSD,2009-04-14,F,Active
C01006469,2024-10-04,B010,ZM,SME,Branch,1976-04-18,F,Dormant
C01006470,2023-01-20,B015,ZM,Retail,App,1999-06-07,M,Active
C01006471,2023-10-19,B003,ZM,Retail,ATM,1970-11-06,M,Active
C01006472,2022-02-09,B010,ZM,Retail,Branch,2002-01-20,F,Dormant
C01006473,2022-11-08,B015,ZM,Retail,Web,1975-10-01,F,Active
C01006474,2022-04-12,B010,ZM,Premium,ATM,1965-09-05,F,Active
C01006475,2024-12-31,B004,ZM,Retail,Agent,2001-01-05,M,Active
C01006476,2022-02-15,B020,ZM,Retail,Agent,1979-04-18,M,Active
C01006477,2023-01-16,B020,ZM,Retail,App,1977-10-16,F,Closed
C01006478,2022-07-29,B003,ZM,Retail,ATM,1999-09-25,M,Dormant
C01006479,2023-08-01,B005,ZM,Retail,ATM,1979-06-29,M,Active
C01006480,2023-07-06,B001,ZM,Retail,App,2010-08-23,F,Active
C01006481,2022-09-14,B015,ZM,Retail,Agent,2012-04-06,M,Closed
C01006482,2026-01-04,B001,ZM,SME,Branch,1976-09-12,F,Dormant
C01006483,2024-06-16,B010,ZM,Premium,App,1962-08-17,F,Active
C01006484,2026-01-29,B001,ZM,Retail,Web,1989-03-25,F,Active
C01006485,2022-01-17,B003,ZM,Retail,App,1976-04-22,F,Dormant
C01006486,2023-04-22,B003,ZM,Retail,USSD,1975-06-24,M,Active
C01006487,2022-07-04,B002,ZM,Retail,Agent,1973-12-03,F,Closed
C01006488,2022-11-05,B020,ZM,Retail,USSD,2011-09-25,F,Active
C01006489,2022-01-31,B015,ZM,Retail,Agent,2010-11-09,F,Active
C01006490,2024-10-07,B002,ZM,Retail,Agent,1979-03-17,M,Active
C01006491,2023-03-21,B001,ZM,Premium,ATM,1996-12-15,M,Active
C01006492,2023-12-02,B005,ZM,Retail,Branch,1975-05-11,M,Active
C01006493,2024-05-10,B002,ZM,Retail,Branch,1969-01-16,M,Active
C01006494,2023-10-01,B002,ZM,Premium,Agent,1998-04-26,F,Active
C01006495,2024-10-17,B003,ZM,Retail,Agent,1989-05-01,M,Active
C01006496,2024-01-31,B005,ZM,Retail,USSD,2012-07-01,M,Active
C01006497,2024-08-07,B010,ZM,Retail,Web,1966-10-05,M,Dormant
C01006498,2025-11-28,B001,ZM,Premium,App,1987-03-15,F,Closed
C01006499,2022-03-06,B002,ZM,Retail,Agent,1981-03-13,F,Active
C01006500,2023-11-08,B005,ZM,SME,Agent,2009-08-16,F,Dormant
C01006501,2022-06-14,B020,ZM,Retail,App,2009-05-26,F,Dormant
C01006502,2022-10-27,B015,ZM,Retail,App,1972-11-27,M,Active
C01006503,2022-04-25,B005,ZM,Retail,Web,1981-03-19,M,Active
C01006504,2023-06-30,B020,ZM,Retail,Web,1974-12-10,M,Active
C01006505,2024-03-14,B001,ZM,SME,App,1989-03-01,M,Dormant
C01006506,2022-05-27,B005,ZM,Retail,Agent,1992-08-17,M,Active
C01006507,2025-01-17,B020,ZM,Retail,Agent,1981-12-08,F,Active
C01006508,2024-08-20,B005,ZM,Retail,App,2011-10-26,M,Active
C01006509,2023-01-07,B005,ZM,SME,Agent,2008-06-17,F,Active
C01006510,2023-01-29,B015,ZM,Retail,Web,1978-03-25,F,Active
C01006511,2023-05-28,B020,ZM,SME,App,1988-09-22,F,Active
C01006512,2024-02-21,B020,ZM,Retail,Web,2009-11-16,M,Active
C01006513,2022-01-26,B002,ZM,Retail,Agent,1987-08-21,M,Active
C01006514,2022-09-07,B001,ZM,Retail,Agent,1983-12-07,F,Active
C01006515,2026-01-03,B015,ZM,Retail,ATM,1997-06-27,M,Active
C01006516,2023-05-25,B005,ZM,Retail,USSD,1970-12-16,M,Active
C01006517,2024-02-28,B005,ZM,Retail,USSD,2003-11-17,M,Active
C01006518,2024-06-26,B002,ZM,Retail,Web,2001-07-16,M,Active
C01006519,2023-05-22,B001,ZM,Premium,App,2004-03-27,F,Dormant
C01006520,2022-03-10,B003,ZM,Retail,USSD,1979-08-20,M,Dormant
C01006521,2023-02-12,B015,ZM,Retail,Agent,1974-06-30,M,Active
C01006522,2024-08-01,B002,ZM,Retail,Branch,1995-04-07,M,Active
C01006523,2022-07-12,B001,ZM,Retail,App,1986-01-01,F,Active
C01006524,2024-12-03,B015,ZM,Retail,Web,1982-03-04,F,Active
C01006525,2025-09-25,B005,ZM,Retail,Agent,1961-10-02,M,Dormant
C01006526,2023-03-03,B001,ZM,Retail,Agent,2011-03-25,M,Active
C01006527,2024-08-26,B001,ZM,Retail,Branch,1989-11-03,M,Active
C01006528,2024-03-07,B010,ZM,Retail,Web,1983-06-02,M,Active
C01006529,2025-10-27,B001,ZM,Retail,App,1982-10-11,F,Dormant
C01006530,2023-10-02,B003,ZM,Retail,Agent,2011-10-27,F,Active
C01006531,2023-10-24,B001,ZM,Retail,ATM,2004-09-08,F,Active
C01006532,2022-11-21,B003,ZM,Retail,Agent,1970-06-13,F,Active
C01006533,2025-07-12,B005,ZM,Retail,ATM,1976-03-10,F,Active
C01006534,2026-01-31,B003,ZM,Retail,ATM,2000-02-01,F,Dormant
C01006535,2022-03-28,B015,ZM,Retail,App,2014-02-25,M,Active
C01006536,2025-01-30,B005,ZM,Retail,App,2012-03-27,F,Active
C01006537,2024-12-02,B005,ZM,Retail,Branch,1999-05-14,F,Dormant
C01006538,2022-09-08,B003,ZM,Retail,Agent,1960-03-29,F,Dormant
C01006539,2023-06-03,B020,ZM,Retail,App,1976-10-03,M,Active
C01006540,2024-09-12,B002,ZM,Retail,App,2011-03-25,F,Active
C01006541,2025-07-31,B004,ZM,Retail,Branch,1975-08-22,F,Dormant
C01006542,2023-09-04,B020,ZM,Retail,Branch,1999-06-27,F,Dormant
C01006543,2023-02-11,B001,ZM,Retail,Agent,1966-04-08,F,Dormant
C01006544,2024-01-09,B010,ZM,Retail,Web,1974-07-17,M,Active
C01006545,2022-04-17,B004,ZM,Retail,USSD,1964-12-21,M,Dormant
C01006546,2025-09-27,B001,ZM,Retail,Agent,1989-09-14,M,Active
C01006547,2023-03-23,B020,ZM,Retail,USSD,1982-02-10,F,Active
C01006548,2022-08-20,B020,ZM,Retail,Web,2013-06-17,M,Active
C01006549,2023-04-29,B001,ZM,Retail,ATM,2002-01-12,M,Active
C01006550,2025-07-20,B005,ZM,Retail,Agent,2007-04-12,M,Active
C01006551,2024-06-08,B001,ZM,Retail,App,2004-08-25,M,Active
C01006552,2023-10-27,B010,ZM,SME,Branch,1970-02-03,M,Active
C01006553,2022-01-31,B020,ZM,Retail,Agent,1979-03-22,F,Active
C01006554,2022-12-09,B001,ZM,Retail,Branch,2003-12-28,F,Closed
C01006555,2023-07-20,B003,ZM,SME,ATM,1989-04-29,F,Active
C01006556,2025-04-12,B004,ZM,SME,Branch,1972-05-28,F,Active
C01006557,2022-09-03,B003,ZM,SME,ATM,2011-12-30,F,Active
C01006558,2024-03-21,B010,ZM,Retail,Web,2010-02-01,F,Dormant
C01006559,2023-05-13,B001,ZM,SME,ATM,2006-07-22,M,Active
C01006560,2022-01-19,B015,ZM,Retail,USSD,1981-10-20,M,Closed
C01006561,2022-03-28,B010,ZM,Retail,Agent,1971-09-21,F,Active
C01006562,2025-04-05,B005,ZM,Retail,ATM,1973-05-22,F,Active
C01006563,2025-11-15,B003,ZM,Retail,Agent,1962-07-09,F,Dormant
C01006564,2024-08-31,B003,ZM,Retail,Web,1968-11-03,F,Active
C01006565,2025-11-10,B002,ZM,Retail,ATM,1972-02-01,M,Active
C01006566,2025-05-06,B001,ZM,Retail,Web,1992-09-06,M,Active
C01006567,2022-11-14,B005,ZM,Retail,USSD,1995-08-18,F,Closed
C01006568,2024-01-31,B015,ZM,SME,App,1964-11-13,F,Dormant
C01006569,2022-07-03,B003,ZM,Retail,Web,2009-02-28,F,Active
C01006570,2023-05-25,B003,ZM,Retail,App,1976-11-26,F,Active
C01006571,2022-11-19,B005,ZM,SME,Web,1975-07-18,F,Dormant
C01006572,2024-10-20,B010,ZM,Retail,ATM,1963-05-18,F,Active
C01006573,2022-07-07,B010,ZM,Retail,App,1963-12-28,M,Active
C01006574,2025-11-05,B001,ZM,SME,Web,1983-10-20,M,Active
C01006575,2025-06-20,B020,ZM,Premium,Agent,2009-09-20,M,Active
C01006576,2023-11-25,B002,ZM,SME,Web,2003-11-12,M,Dormant
C01006577,2025-07-04,B003,ZM,Retail,App,2014-06-02,F,Active
C01006578,2022-05-03,B020,ZM,Retail,Agent,2001-10-08,M,Active
C01006579,2022-05-03,B020,ZM,Retail,Web,2006-07-12,M,Active
C01006580,2023-12-30,B002,ZM,Retail,App,2005-03-02,F,Active
C01006581,2025-08-13,B020,ZM,Retail,USSD,2005-05-21,M,Active
C01006582,2022-11-12,B020,ZM,Retail,Branch,2011-01-15,M,Active
C01006583,2025-12-07,B010,ZM,SME,USSD,1999-04-30,M,Active
C01006584,2025-01-03,B010,ZM,Retail,App,1991-05-04,F,Active
C01006585,2022-08-08,B004,ZM,Retail,ATM,1978-11-22,F,Active
C01006586,2022-09-15,B015,ZM,Retail,ATM,1993-05-23,F,Active
C01006587,2024-09-26,B001,ZM,Retail,Branch,2006-02-21,F,Dormant
C01006588,2023-04-22,B020,ZM,Premium,App,1992-01-23,M,Active
C01006589,2023-10-11,B004,ZM,Retail,Agent,1976-07-25,F,Active
C01006590,2025-02-17,B015,ZM,Retail,Web,1981-03-30,F,Active
C01006591,2025-08-13,B004,ZM,Retail,USSD,2007-12-30,F,Active
C01006592,2023-12-13,B004,ZM,Retail,Agent,1995-05-18,M,Active
C01006593,2024-06-17,B001,ZM,Retail,USSD,1965-06-17,M,Active
C01006594,2023-01-31,B001,ZM,SME,Branch,1963-08-18,M,Active
C01006595,2022-02-13,B005,ZM,Retail,Branch,1978-02-13,M,Active
C01006596,2025-11-12,B002,ZM,Retail,Branch,1961-07-22,F,Active
C01006597,2024-02-13,B002,ZM,Retail,Agent,1984-12-13,M,Dormant
C01006598,2024-01-04,B005,ZM,SME,Agent,1987-02-07,F,Active
C01006599,2026-01-23,B005,ZM,Retail,Branch,1981-03-13,M,Active
C01006600,2022-10-03,B010,ZM,Retail,Agent,1994-10-18,F,Active
C01006601,2023-05-29,B015,ZM,Retail,Branch,1967-05-11,M,Active
C01006602,2022-03-22,B004,ZM,SME,Agent,2011-05-18,M,Dormant
C01006603,2024-09-20,B020,ZM,SME,Branch,2011-06-25,M,Dormant
C01006604,2025-12-18,B005,ZM,SME,Web,1988-10-09,M,Active
C01006605,2024-06-15,B003,ZM,SME,Web,1969-10-27,F,Active
C01006606,2025-02-18,B002,ZM,Retail,USSD,2001-04-15,M,Active
C01006607,2023-08-27,B005,ZM,Retail,USSD,1965-12-16,F,Active
C01006608,2025-01-16,B003,ZM,SME,Branch,1991-02-13,F,Active
C01006609,2025-11-28,B003,ZM,SME,USSD,1974-08-16,M,Closed
C01006610,2024-09-30,B003,ZM,Retail,Agent,1978-11-04,M,Active
C01006611,2023-01-24,B010,ZM,Retail,Branch,2011-03-08,M,Active
C01006612,2025-03-06,B010,ZM,Premium,Web,1968-05-24,M,Active
C01006613,2023-01-18,B020,ZM,Retail,ATM,1962-01-18,F,Active
C01006614,2025-01-18,B020,ZM,SME,Web,1973-05-21,F,Active
C01006615,2023-12-14,B003,ZM,Retail,App,2011-10-13,M,Active
C01006616,2023-10-25,B015,ZM,Retail,Web,1975-01-09,F,Dormant
C01006617,2026-02-08,B010,ZM,Retail,App,2012-08-25,M,Active
C01006618,2024-08-17,B004,ZM,Retail,USSD,1991-03-30,F,Active
C01006619,2023-07-18,B003,ZM,Retail,Web,1962-02-26,M,Active
C01006620,2025-05-11,B004,ZM,Retail,ATM,1968-04-18,F,Active
C01006621,2025-02-09,B004,ZM,Retail,Agent,1987-03-01,M,Active
C01006622,2022-11-25,B003,ZM,Premium,Web,1977-11-02,M,Dormant
C01006623,2022-05-22,B002,ZM,Retail,Agent,2002-11-18,M,Active
C01006624,2024-12-23,B015,ZM,Retail,Web,1984-11-12,M,Active
C01006625,2022-11-14,B003,ZM,Retail,Web,2005-11-16,F,Active
C01006626,2024-07-09,B020,ZM,Retail,Agent,1977-04-20,M,Active
C01006627,2023-08-29,B003,ZM,Retail,Agent,1965-01-31,M,Active
C01006628,2023-06-24,B010,ZM,Retail,Branch,1977-08-12,F,Active
C01006629,2025-01-14,B003,ZM,Retail,Web,1960-06-09,F,Active
C01006630,2024-01-22,B002,ZM,Retail,Web,2011-09-22,M,Active
C01006631,2024-07-18,B010,ZM,Retail,ATM,1997-04-13,F,Active
C01006632,2022-01-02,B020,ZM,Retail,Agent,2002-03-05,F,Active
C01006633,2025-07-30,B001,ZM,Retail,Agent,1967-06-01,M,Closed
C01006634,2024-11-02,B001,ZM,SME,App,1978-11-16,M,Active
C01006635,2024-02-16,B004,ZM,SME,App,2013-03-30,M,Active
C01006636,2023-01-15,B015,ZM,Premium,Agent,2004-11-04,M,Active
C01006637,2022-02-08,B004,ZM,Premium,ATM,1968-05-03,M,Closed
C01006638,2025-06-23,B002,ZM,Retail,USSD,2014-08-10,F,Dormant
C01006639,2024-01-16,B005,ZM,Retail,Web,1970-05-01,F,Active
C01006640,2025-06-24,B020,ZM,Retail,USSD,1973-01-09,M,Active
C01006641,2023-05-05,B015,ZM,SME,ATM,1995-09-09,M,Active
C01006642,2023-10-19,B020,ZM,SME,USSD,1964-05-05,M,Active
C01006643,2026-01-16,B001,ZM,SME,App,1973-07-16,M,Active
C01006644,2022-05-10,B004,ZM,Retail,Branch,1973-08-13,F,Active
C01006645,2025-09-10,B020,ZM,SME,USSD,1970-05-14,F,Active
C01006646,2025-01-08,B001,ZM,Retail,Branch,1978-08-05,M,Active
C01006647,2024-03-04,B002,ZM,Retail,USSD,1974-02-13,F,Active
C01006648,2023-01-24,B002,ZM,SME,ATM,1970-08-05,F,Active
C01006649,2024-12-09,B005,ZM,Retail,Branch,2001-04-19,M,Active
C01006650,2025-10-31,B020,ZM,Premium,USSD,1996-10-16,M,Active
C01006651,2024-10-15,B005,ZM,Retail,ATM,2001-11-09,F,Active
C01006652,2025-02-03,B010,ZM,SME,Agent,1972-07-11,F,Active
C01006653,2022-11-12,B015,ZM,Retail,App,1964-10-19,F,Active
C01006654,2025-06-09,B020,ZM,SME,Web,1970-05-01,F,Active
C01006655,2023-08-03,B002,ZM,SME,ATM,2014-05-09,M,Active
C01006656,2023-10-23,B004,ZM,SME,ATM,1968-01-03,F,Dormant
C01006657,2024-04-19,B001,ZM,Retail,App,1970-05-26,M,Active
C01006658,2025-08-05,B003,ZM,Premium,Branch,1970-02-10,F,Active
C01006659,2023-10-22,B005,ZM,Retail,USSD,1994-04-28,F,Active
C01006660,2022-08-15,B003,ZM,Retail,Branch,1996-02-16,M,Closed
C01006661,2022-07-17,B020,ZM,Retail,ATM,1969-05-17,M,Closed
C01006662,2024-12-07,B004,ZM,SME,Agent,1971-08-14,F,Dormant
C01006663,2025-09-11,B005,ZM,Retail,USSD,1976-03-18,F,Active
C01006664,2022-05-17,B003,ZM,SME,Web,1963-10-03,M,Active
C01006665,2022-03-31,B015,ZM,Retail,Web,1970-11-07,F,Active
C01006666,2022-09-23,B004,ZM,Retail,USSD,1962-11-11,M,Active
C01006667,2023-01-01,B001,ZM,Premium,ATM,2000-01-21,M,Active
C01006668,2022-03-06,B015,ZM,Retail,Agent,1972-03-14,F,Active
C01006669,2023-02-18,B004,ZM,SME,App,1990-10-07,F,Closed
C01006670,2022-08-08,B010,ZM,Retail,Agent,2007-06-22,M,Active
C01006671,2024-09-21,B005,ZM,Retail,Branch,1999-04-06,M,Active
C01006672,2023-01-28,B002,ZM,Retail,Agent,1982-04-23,M,Active
C01006673,2022-07-22,B001,ZM,Retail,Agent,1977-10-04,M,Active
C01006674,2022-03-07,B020,ZM,Retail,Branch,1979-03-17,M,Active
C01006675,2025-03-15,B015,ZM,Retail,App,1963-04-28,M,Active
C01006676,2025-08-07,B015,ZM,Retail,App,1986-05-05,F,Active
C01006677,2024-03-06,B003,ZM,Retail,Web,2011-04-22,F,Dormant
C01006678,2025-09-09,B005,ZM,Retail,App,1977-04-07,M,Active
C01006679,2024-09-30,B020,ZM,SME,USSD,1998-09-15,F,Dormant
C01006680,2024-12-12,B002,ZM,Retail,Web,1994-02-12,M,Dormant
C01006681,2025-07-01,B004,ZM,SME,ATM,1990-04-06,M,Active
C01006682,2025-12-07,B002,ZM,Retail,Web,1978-09-11,M,Active
C01006683,2025-04-23,B005,ZM,Retail,Agent,2008-02-06,F,Dormant
C01006684,2023-06-09,B005,ZM,Retail,Agent,1961-03-15,F,Active
C01006685,2022-04-11,B010,ZM,Retail,Web,1976-01-17,M,Active
C01006686,2024-01-21,B010,ZM,Retail,Branch,2000-11-06,M,Active
C01006687,2023-03-29,B002,ZM,Retail,App,1987-01-17,F,Active
C01006688,2025-05-25,B004,ZM,SME,Agent,2006-09-27,F,Active
C01006689,2026-01-10,B002,ZM,SME,Agent,1969-04-18,M,Active
C01006690,2022-05-26,B005,ZM,Retail,USSD,1973-06-04,M,Active
C01006691,2022-01-27,B005,ZM,SME,App,1985-04-21,F,Active
C01006692,2023-03-04,B003,ZM,Retail,Agent,1975-10-20,F,Active
C01006693,2025-09-04,B010,ZM,Retail,Branch,1969-01-04,M,Closed
C01006694,2024-10-03,B020,ZM,Retail,Agent,1968-01-31,M,Active
C01006695,2022-06-13,B020,ZM,SME,App,1985-07-08,M,Active
C01006696,2024-08-16,B020,ZM,SME,USSD,1962-01-14,M,Active
C01006697,2025-08-01,B003,ZM,SME,App,2010-02-04,M,Active
C01006698,2022-05-05,B001,ZM,Retail,Branch,1995-06-02,M,Active
C01006699,2024-01-10,B020,ZM,Retail,USSD,2007-01-31,F,Active
C01006700,2025-02-16,B005,ZM,Retail,App,1972-08-12,F,Active
C01006701,2024-05-01,B003,ZM,Retail,Branch,1990-03-31,F,Active
C01006702,2024-01-26,B002,ZM,Retail,Branch,1960-10-13,M,Active
C01006703,2025-12-21,B010,ZM,Retail,Web,2011-09-18,M,Active
C01006704,2022-04-30,B010,ZM,Retail,Agent,1989-04-21,F,Active
C01006705,2025-06-17,B004,ZM,Retail,USSD,1972-01-29,F,Active
C01006706,2023-06-29,B002,ZM,Retail,USSD,1973-06-20,M,Active
C01006707,2024-12-19,B004,ZM,Retail,Agent,2013-07-01,F,Active
C01006708,2022-03-25,B003,ZM,Retail,App,1985-09-21,F,Active
C01006709,2022-05-25,B015,ZM,Retail,Web,1993-09-10,M,Active
C01006710,2023-09-15,B020,ZM,Retail,USSD,1971-07-22,F,Active
C01006711,2022-06-09,B001,ZM,Retail,Branch,1961-07-14,F,Active
C01006712,2023-03-19,B002,ZM,Retail,USSD,2013-01-21,F,Active
C01006713,2024-11-29,B002,ZM,Retail,Web,1977-05-16,M,Active
C01006714,2022-07-18,B002,ZM,Retail,Agent,1992-11-24,M,Active
C01006715,2022-07-27,B004,ZM,SME,ATM,1991-05-25,F,Dormant
C01006716,2026-01-25,B003,ZM,Retail,Agent,1994-02-19,F,Active
C01006717,2023-04-19,B002,ZM,Retail,Branch,1965-12-03,M,Active
C01006718,2024-12-24,B015,ZM,Retail,USSD,1960-02-10,M,Active
C01006719,2024-02-29,B002,ZM,SME,Agent,1979-04-03,M,Active
C01006720,2023-01-24,B010,ZM,Retail,Branch,2011-01-13,M,Active
C01006721,2023-01-31,B020,ZM,Retail,App,2013-06-27,M,Active
C01006722,2024-12-13,B001,ZM,Retail,Branch,1990-12-21,F,Active
C01006723,2025-09-07,B020,ZM,Retail,USSD,1971-07-02,M,Active
C01006724,2023-05-25,B010,ZM,Retail,App,2012-05-05,F,Active
C01006725,2025-03-13,B010,ZM,Premium,App,2004-07-19,F,Active
C01006726,2025-07-04,B001,ZM,SME,App,1961-07-13,M,Active
C01006727,2023-01-02,B015,ZM,Retail,ATM,1968-09-19,M,Active
C01006728,2025-02-17,B003,ZM,Retail,ATM,1980-07-13,M,Active
C01006729,2025-02-17,B010,ZM,Retail,App,2000-09-14,F,Active
C01006730,2024-04-30,B003,ZM,Retail,Agent,1970-08-23,M,Active
C01006731,2022-08-05,B010,ZM,Retail,Agent,1972-09-23,F,Active
C01006732,2025-07-31,B005,ZM,Retail,Agent,1984-09-17,M,Active
C01006733,2025-03-26,B001,ZM,Retail,USSD,1977-02-10,F,Active
C01006734,2024-01-04,B010,ZM,Retail,App,1998-01-10,F,Active
C01006735,2025-10-13,B005,ZM,Retail,Agent,1992-03-17,M,Active
C01006736,2024-07-28,B020,ZM,Premium,App,2009-04-25,M,Dormant
C01006737,2025-12-09,B004,ZM,Retail,Branch,1989-04-21,F,Active
C01006738,2025-09-24,B005,ZM,Premium,Agent,2008-05-30,F,Active
C01006739,2024-05-24,B002,ZM,Retail,Branch,1992-11-23,M,Active
C01006740,2022-08-02,B010,ZM,Retail,Branch,1994-10-02,F,Dormant
C01006741,2022-12-08,B005,ZM,Retail,Agent,1987-07-15,F,Active
C01006742,2023-01-05,B003,ZM,Retail,Web,1971-09-10,M,Active
C01006743,2025-01-31,B004,ZM,Retail,Branch,1979-01-08,M,Active
C01006744,2024-04-02,B015,ZM,Premium,Agent,1962-06-05,F,Active
C01006745,2024-10-30,B010,ZM,Premium,Branch,1983-04-08,F,Active
C01006746,2023-11-23,B002,ZM,Retail,USSD,1966-09-21,M,Active
C01006747,2025-09-08,B015,ZM,Retail,ATM,1974-01-04,M,Active
C01006748,2022-11-20,B005,ZM,Retail,ATM,1962-04-20,M,Dormant
C01006749,2024-12-29,B015,ZM,Retail,ATM,1972-08-20,F,Active
C01006750,2025-05-13,B015,ZM,Retail,Web,2003-03-25,M,Active
C01006751,2024-06-26,B004,ZM,Retail,App,1964-10-29,F,Active
C01006752,2023-12-23,B020,ZM,Retail,Branch,1997-11-25,M,Active
C01006753,2023-10-08,B015,ZM,Retail,USSD,1971-01-17,M,Active
C01006754,2025-01-31,B015,ZM,Retail,Web,1992-06-17,F,Closed
C01006755,2023-10-27,B010,ZM,Retail,ATM,1974-07-12,M,Active
C01006756,2024-02-01,B020,ZM,Retail,Web,2003-01-01,F,Active
C01006757,2024-04-24,B004,ZM,Premium,USSD,1980-09-15,M,Active
C01006758,2025-07-20,B002,ZM,Retail,Agent,2010-01-07,M,Active
C01006759,2024-05-31,B005,ZM,SME,Web,2004-05-24,M,Active
C01006760,2026-01-26,B004,ZM,SME,ATM,1984-12-07,M,Active
C01006761,2023-10-25,B004,ZM,Premium,App,1965-05-30,M,Active
C01006762,2025-05-31,B001,ZM,SME,ATM,1974-12-04,F,Dormant
C01006763,2023-05-08,B004,ZM,Retail,ATM,2013-09-29,F,Active
C01006764,2025-02-27,B020,ZM,SME,ATM,1965-07-08,F,Dormant
C01006765,2025-01-22,B001,ZM,Retail,Web,1999-10-02,M,Active
C01006766,2023-03-15,B005,ZM,Retail,USSD,1967-08-29,M,Active
C01006767,2024-02-08,B015,ZM,Premium,ATM,1998-09-08,M,Active
C01006768,2025-01-31,B010,ZM,SME,Agent,1998-03-27,M,Active
C01006769,2023-06-05,B010,ZM,Premium,Web,2013-01-01,F,Active
C01006770,2024-01-08,B005,ZM,SME,USSD,1962-01-03,F,Active
C01006771,2024-07-15,B005,ZM,SME,App,1996-12-28,M,Active
C01006772,2024-07-05,B020,ZM,Retail,ATM,1980-06-21,F,Active
C01006773,2024-03-24,B003,ZM,SME,Branch,1971-08-30,M,Active
C01006774,2022-01-01,B015,ZM,Retail,Web,1971-05-07,M,Dormant
C01006775,2026-01-27,B005,ZM,SME,Agent,1985-03-30,M,Active
C01006776,2022-03-12,B004,ZM,SME,App,2007-08-23,F,Closed
C01006777,2023-08-06,B020,ZM,SME,App,1969-08-08,M,Dormant
C01006778,2025-05-05,B010,ZM,Retail,App,1990-09-19,F,Active
C01006779,2022-02-03,B002,ZM,Retail,Web,1988-08-28,F,Active
C01006780,2024-11-26,B020,ZM,Retail,USSD,1983-06-03,M,Active
C01006781,2022-10-04,B010,ZM,Premium,Branch,1974-03-24,F,Active
C01006782,2023-09-11,B001,ZM,Retail,Agent,1960-09-05,M,Active
C01006783,2022-01-14,B020,ZM,Retail,USSD,1979-11-26,F,Active
C01006784,2023-09-08,B010,ZM,Retail,ATM,1985-08-10,M,Dormant
C01006785,2023-03-31,B003,ZM,SME,Branch,1962-11-27,M,Closed
C01006786,2023-03-16,B020,ZM,SME,USSD,1982-05-27,M,Active
C01006787,2023-10-07,B020,ZM,SME,ATM,1965-04-05,M,Closed
C01006788,2022-02-14,B015,ZM,Retail,Branch,1971-03-09,M,Active
C01006789,2025-11-13,B005,ZM,Retail,Web,1961-07-06,F,Dormant
C01006790,2023-07-20,B015,ZM,Retail,Agent,1992-07-31,M,Active
C01006791,2025-02-07,B020,ZM,Retail,Agent,1996-05-19,M,Active
C01006792,2024-11-13,B005,ZM,SME,ATM,2004-07-13,F,Active
C01006793,2025-02-13,B010,ZM,Retail,USSD,2010-08-21,M,Active
C01006794,2025-03-14,B002,ZM,Retail,Branch,2000-07-02,M,Active
C01006795,2025-03-16,B002,ZM,Retail,ATM,1993-01-24,F,Closed
C01006796,2022-11-13,B020,ZM,Retail,ATM,1997-12-19,M,Active
C01006797,2022-07-13,B003,ZM,SME,Web,1987-08-28,F,Active
C01006798,2022-03-19,B001,ZM,Retail,ATM,1965-10-27,F,Active
C01006799,2024-07-31,B010,ZM,SME,Branch,1993-04-10,F,Active
C01006800,2023-12-30,B005,ZM,Retail,App,1999-09-23,M,Active
C01006801,2022-11-16,B020,ZM,Retail,Branch,2012-12-10,F,Closed
C01006802,2022-10-11,B010,ZM,Retail,Branch,1991-03-23,M,Active
C01006803,2023-06-27,B020,ZM,Retail,Web,1993-05-15,F,Active
C01006804,2024-01-22,B003,ZM,SME,Web,1985-07-28,F,Active
C01006805,2025-04-07,B004,ZM,Retail,Agent,1998-02-21,F,Active
C01006806,2023-05-27,B004,ZM,Retail,Agent,1975-06-22,M,Active
C01006807,2023-04-23,B003,ZM,Retail,ATM,1982-01-29,F,Active
C01006808,2023-06-09,B005,ZM,Retail,Agent,1982-07-17,M,Active
C01006809,2023-09-08,B015,ZM,SME,Web,2003-01-09,F,Active
C01006810,2022-07-08,B003,ZM,Retail,ATM,1969-07-19,F,Active
C01006811,2025-03-14,B020,ZM,Retail,App,1972-04-11,M,Active
C01006812,2024-03-29,B005,ZM,SME,USSD,1982-07-12,F,Dormant
C01006813,2025-03-11,B002,ZM,Retail,Web,2001-06-04,F,Active
C01006814,2023-03-22,B003,ZM,Retail,Web,1998-12-14,M,Active
C01006815,2022-06-08,B005,ZM,Retail,App,1960-03-30,M,Active
C01006816,2026-01-21,B003,ZM,Retail,Web,1969-12-01,F,Active
C01006817,2023-10-27,B003,ZM,Retail,Agent,1963-12-16,F,Active
C01006818,2024-09-15,B015,ZM,Retail,Agent,2009-10-14,F,Active
C01006819,2022-12-21,B015,ZM,Premium,Agent,1965-04-30,M,Active
C01006820,2024-09-26,B020,ZM,Retail,App,1970-08-19,M,Active
C01006821,2025-11-13,B005,ZM,Premium,ATM,2006-02-16,F,Active
C01006822,2025-12-10,B005,ZM,Retail,Web,1971-01-01,M,Active
C01006823,2025-03-26,B001,ZM,Retail,Web,1963-06-23,M,Dormant
C01006824,2022-07-15,B003,ZM,Retail,Agent,1978-08-04,F,Active
C01006825,2025-05-04,B004,ZM,Retail,ATM,1962-05-23,M,Active
C01006826,2025-08-08,B003,ZM,SME,Web,1997-01-05,M,Active
C01006827,2023-09-08,B003,ZM,Retail,Branch,2009-09-08,M,Active
C01006828,2022-03-18,B005,ZM,Retail,App,1980-08-14,M,Active
C01006829,2026-02-05,B003,ZM,Retail,USSD,1969-01-02,M,Active
C01006830,2025-03-26,B010,ZM,Retail,Branch,2000-04-23,F,Active
C01006831,2024-02-21,B003,ZM,Premium,USSD,1995-10-06,M,Active
C01006832,2022-06-10,B010,ZM,SME,Branch,1984-10-10,M,Active
C01006833,2022-04-25,B015,ZM,Retail,Branch,1968-01-27,M,Active
C01006834,2023-11-16,B004,ZM,SME,Branch,2003-11-14,M,Active
C01006835,2023-12-14,B020,ZM,SME,App,1974-07-10,F,Active
C01006836,2024-06-08,B005,ZM,Retail,USSD,1998-01-08,F,Active
C01006837,2024-05-03,B003,ZM,Retail,ATM,2006-04-26,M,Active
C01006838,2022-09-04,B010,ZM,Retail,ATM,1963-10-28,F,Active
C01006839,2023-04-10,B010,ZM,Retail,Agent,2008-11-02,M,Active
C01006840,2025-08-29,B015,ZM,Retail,Web,1961-03-06,F,Active
C01006841,2025-05-18,B010,ZM,Retail,App,2006-05-15,M,Active
C01006842,2022-01-24,B020,ZM,Retail,Agent,1968-09-27,M,Active
C01006843,2025-07-22,B002,ZM,Retail,Agent,1992-11-09,F,Active
C01006844,2025-07-18,B001,ZM,SME,App,2000-03-03,M,Active
C01006845,2024-02-23,B020,ZM,Retail,App,1969-08-20,F,Dormant
C01006846,2022-04-21,B004,ZM,Retail,Branch,1973-04-15,M,Active
C01006847,2023-09-17,B020,ZM,SME,App,2013-03-06,F,Active
C01006848,2024-12-09,B015,ZM,Retail,ATM,1962-09-25,F,Dormant
C01006849,2022-03-26,B015,ZM,Retail,App,1969-09-14,F,Active
C01006850,2023-10-16,B020,ZM,Premium,Branch,1990-09-30,F,Active
C01006851,2025-01-10,B003,ZM,SME,USSD,1965-06-15,M,Active
C01006852,2025-03-02,B002,ZM,Retail,Agent,2001-07-30,M,Dormant
C01006853,2022-11-03,B003,ZM,Retail,App,1967-07-29,F,Active
C01006854,2023-11-01,B003,ZM,Premium,Agent,1977-07-15,M,Active
C01006855,2024-10-25,B020,ZM,Retail,USSD,2005-08-10,M,Active
C01006856,2025-11-30,B005,ZM,Retail,Web,1963-10-23,M,Active
C01006857,2023-03-29,B005,ZM,Retail,Branch,1996-08-27,F,Active
C01006858,2022-11-10,B005,ZM,Retail,Agent,2000-08-20,F,Dormant
C01006859,2022-04-14,B002,ZM,Retail,App,1969-02-13,M,Active
C01006860,2025-10-11,B003,ZM,SME,Web,1982-02-11,M,Active
C01006861,2026-02-07,B001,ZM,Premium,Web,1964-10-31,F,Dormant
C01006862,2024-03-15,B004,ZM,SME,USSD,2001-06-11,M,Active
C01006863,2024-07-01,B005,ZM,Retail,Agent,1980-07-24,M,Active
C01006864,2025-05-03,B005,ZM,Retail,Agent,1989-10-18,M,Active
C01006865,2025-03-24,B015,ZM,Premium,ATM,1967-02-24,F,Active
C01006866,2024-10-30,B003,ZM,Retail,ATM,1964-04-15,F,Active
C01006867,2022-07-04,B003,ZM,Retail,ATM,1985-10-24,F,Active
C01006868,2023-03-31,B002,ZM,SME,Agent,1992-05-25,M,Active
C01006869,2024-06-03,B002,ZM,Retail,Agent,2007-08-11,M,Active
C01006870,2023-08-17,B005,ZM,Retail,ATM,1984-09-20,M,Active
C01006871,2024-03-18,B003,ZM,SME,Branch,2004-02-21,F,Active
C01006872,2022-10-31,B001,ZM,Premium,App,1986-12-08,F,Dormant
C01006873,2022-09-28,B004,ZM,Retail,App,1977-11-24,F,Active
C01006874,2023-11-20,B020,ZM,SME,Branch,1995-12-10,M,Active
C01006875,2022-06-19,B003,ZM,Retail,USSD,1975-09-12,F,Active
C01006876,2024-09-01,B015,ZM,Retail,App,1970-03-31,M,Active
C01006877,2025-03-16,B020,ZM,SME,Agent,1977-08-19,M,Active
C01006878,2022-04-11,B003,ZM,Premium,Web,1962-03-23,F,Active
C01006879,2025-01-27,B010,ZM,Retail,Agent,1961-07-25,M,Active
C01006880,2024-03-28,B002,ZM,Retail,App,2010-09-13,M,Active
C01006881,2023-06-22,B015,ZM,Retail,Branch,1999-01-13,F,Active
C01006882,2022-06-24,B004,ZM,Retail,USSD,1976-04-20,M,Dormant
C01006883,2024-03-27,B005,ZM,Retail,App,1991-04-21,F,Active
C01006884,2024-10-24,B015,ZM,Retail,Branch,2007-09-13,F,Active
C01006885,2024-06-08,B003,ZM,Retail,Web,2007-05-19,F,Active
C01006886,2025-11-30,B005,ZM,Retail,ATM,1991-11-17,M,Active
C01006887,2022-09-25,B003,ZM,Retail,Web,2000-02-01,F,Active
C01006888,2022-10-04,B005,ZM,SME,Web,1998-03-18,F,Active
C01006889,2024-09-11,B004,ZM,Retail,USSD,1998-07-13,F,Active
C01006890,2025-02-19,B002,ZM,Retail,App,2013-06-25,M,Active
C01006891,2023-02-10,B004,ZM,SME,ATM,1982-10-07,M,Active
C01006892,2024-09-26,B010,ZM,Retail,Branch,2004-07-06,M,Active
C01006893,2024-03-20,B001,ZM,Retail,ATM,1962-08-30,F,Active
C01006894,2025-08-28,B002,ZM,Retail,App,1978-05-09,F,Active
C01006895,2025-03-16,B004,ZM,Retail,USSD,1970-10-23,F,Active
C01006896,2023-02-06,B010,ZM,Retail,App,2010-05-09,M,Active
C01006897,2025-02-23,B001,ZM,SME,Branch,1960-06-28,F,Active
C01006898,2025-06-15,B010,ZM,Retail,ATM,1989-12-10,F,Active
C01006899,2024-12-09,B003,ZM,Retail,Web,1977-11-06,M,Active
C01006900,2023-05-20,B020,ZM,Retail,App,1977-12-22,M,Active
C01006901,2023-05-12,B003,ZM,Retail,Agent,2014-06-14,F,Closed
C01006902,2022-05-27,B005,ZM,SME,USSD,1996-02-12,F,Active
C01006903,2023-06-30,B002,ZM,Retail,USSD,1974-01-17,F,Active
C01006904,2024-05-30,B003,ZM,Retail,ATM,1999-06-05,M,Active
C01006905,2023-10-25,B015,ZM,Retail,Web,1982-10-22,M,Active
C01006906,2025-11-03,B010,ZM,Retail,Branch,1999-04-01,F,Closed
C01006907,2025-03-25,B002,ZM,SME,Web,1995-04-25,M,Active
C01006908,2022-07-03,B020,ZM,Retail,ATM,1999-03-10,M,Active
C01006909,2022-08-19,B015,ZM,Premium,Web,1973-05-11,F,Active
C01006910,2025-10-07,B003,ZM,Retail,ATM,1967-01-30,F,Active
C01006911,2024-04-27,B005,ZM,Premium,Web,1991-09-09,M,Active
C01006912,2024-05-17,B004,ZM,SME,App,2012-06-30,M,Active
C01006913,2024-01-19,B005,ZM,Retail,USSD,1965-09-30,M,Active
C01006914,2023-12-15,B015,ZM,Retail,ATM,2007-01-24,M,Active
C01006915,2023-01-26,B001,ZM,Retail,ATM,1981-07-31,F,Active
C01006916,2023-10-19,B003,ZM,Retail,USSD,1972-05-26,M,Active
C01006917,2023-12-07,B015,ZM,Retail,Agent,2002-08-12,F,Active
C01006918,2025-05-01,B001,ZM,Retail,Agent,1961-09-13,M,Active
C01006919,2025-09-04,B001,ZM,Premium,Branch,1962-11-17,F,Dormant
C01006920,2022-02-19,B010,ZM,Retail,ATM,1965-03-01,M,Dormant
C01006921,2023-09-17,B002,ZM,SME,App,1983-11-12,F,Active
C01006922,2022-12-13,B010,ZM,Premium,Web,1996-02-25,F,Active
C01006923,2023-12-18,B003,ZM,SME,App,1997-03-19,F,Active
C01006924,2025-06-16,B001,ZM,Retail,ATM,1998-03-06,M,Active
C01006925,2024-06-24,B020,ZM,Retail,Branch,1968-12-26,M,Active
C01006926,2025-06-30,B015,ZM,Retail,ATM,1987-11-12,M,Active
C01006927,2022-10-26,B004,ZM,Retail,Branch,1989-08-20,M,Active
C01006928,2024-06-21,B001,ZM,Retail,USSD,2012-11-13,F,Active
C01006929,2022-04-02,B015,ZM,SME,Web,1962-03-28,M,Active
C01006930,2023-04-24,B020,ZM,Retail,App,1966-01-31,F,Dormant
C01006931,2023-02-13,B004,ZM,Retail,Branch,1970-06-13,F,Active
C01006932,2025-11-04,B010,ZM,Premium,App,1964-07-15,M,Active
C01006933,2024-02-05,B010,ZM,Retail,USSD,2000-02-05,F,Active
C01006934,2022-11-16,B002,ZM,Retail,ATM,2012-10-18,F,Active
C01006935,2026-01-31,B015,ZM,SME,Branch,2003-07-27,M,Active
C01006936,2022-06-25,B001,ZM,Retail,Web,2001-12-05,M,Active
C01006937,2022-08-19,B005,ZM,Retail,Branch,1971-02-25,F,Active
C01006938,2022-04-22,B010,ZM,Retail,Agent,1982-08-20,M,Active
C01006939,2023-05-13,B010,ZM,SME,ATM,1963-05-08,F,Active
C01006940,2025-06-25,B002,ZM,Retail,ATM,1961-10-05,M,Active
C01006941,2022-10-30,B004,ZM,Retail,Web,1983-07-26,M,Active
C01006942,2023-08-13,B002,ZM,Retail,Web,2012-07-13,F,Active
C01006943,2022-01-29,B020,ZM,Retail,USSD,1981-03-02,M,Active
C01006944,2023-12-05,B001,ZM,Retail,App,2008-10-16,M,Active
C01006945,2025-11-21,B015,ZM,Retail,Branch,2009-07-11,M,Active
C01006946,2022-08-16,B003,ZM,Retail,USSD,1966-02-04,F,Active
C01006947,2023-09-17,B003,ZM,Retail,App,2010-07-02,F,Active
C01006948,2024-07-10,B015,ZM,Retail,USSD,1984-03-07,M,Active
C01006949,2024-08-22,B004,ZM,Retail,Agent,2011-07-06,F,Active
C01006950,2022-02-16,B020,ZM,Retail,Web,1960-04-09,F,Active
C01006951,2023-11-11,B010,ZM,Retail,Web,1988-04-06,F,Active
C01006952,2023-03-05,B004,ZM,Retail,ATM,1982-05-13,M,Active
C01006953,2025-01-06,B010,ZM,SME,Branch,1965-11-25,M,Closed
C01006954,2023-03-10,B010,ZM,SME,Branch,1988-05-29,M,Active
C01006955,2023-02-22,B003,ZM,Retail,Branch,1975-06-11,F,Active
C01006956,2025-01-24,B004,ZM,Retail,USSD,1963-10-17,F,Closed
C01006957,2024-12-07,B020,ZM,Retail,USSD,1982-12-03,M,Active
C01006958,2023-06-14,B002,ZM,Retail,Branch,2014-08-15,M,Active
C01006959,2025-01-28,B010,ZM,Retail,ATM,2005-01-08,M,Active
C01006960,2024-09-16,B005,ZM,Retail,App,1963-05-26,M,Active
C01006961,2025-06-29,B005,ZM,Retail,Agent,2012-11-24,F,Active
C01006962,2026-02-03,B002,ZM,Retail,USSD,1986-09-13,M,Dormant
C01006963,2022-10-17,B005,ZM,Retail,Branch,2013-08-23,F,Active
C01006964,2025-11-24,B001,ZM,SME,Web,2004-07-30,M,Active
C01006965,2025-12-02,B010,ZM,Retail,USSD,1995-06-09,M,Closed
C01006966,2025-09-30,B002,ZM,Retail,App,2014-05-17,F,Active
C01006967,2022-02-07,B004,ZM,Premium,USSD,2007-06-23,M,Active
C01006968,2024-02-11,B010,ZM,SME,App,2004-03-18,M,Active
C01006969,2025-04-08,B002,ZM,SME,App,1980-01-25,F,Active
C01006970,2025-09-20,B003,ZM,Retail,USSD,1965-11-03,F,Dormant
C01006971,2024-12-14,B020,ZM,Retail,App,1977-10-27,M,Active
C01006972,2022-03-31,B004,ZM,Premium,USSD,2001-07-23,F,Active
C01006973,2023-06-08,B020,ZM,Retail,USSD,2012-12-16,F,Active
C01006974,2022-12-15,B003,ZM,SME,ATM,1999-05-21,M,Dormant
C01006975,2022-05-04,B010,ZM,Retail,Web,1970-10-16,M,Active
C01006976,2023-08-05,B004,ZM,Retail,Agent,1997-03-11,M,Active
C01006977,2023-02-16,B020,ZM,Premium,App,1994-04-16,F,Active
C01006978,2025-11-27,B005,ZM,Retail,USSD,2014-02-04,F,Active
C01006979,2025-06-19,B020,ZM,Retail,App,2009-12-05,M,Active
C01006980,2023-07-10,B002,ZM,Retail,USSD,1986-04-02,M,Active
C01006981,2022-04-19,B010,ZM,Retail,Agent,1969-02-26,M,Active
C01006982,2024-08-10,B001,ZM,Retail,USSD,1996-11-10,M,Active
C01006983,2025-09-02,B020,ZM,Retail,USSD,1994-04-09,F,Active
C01006984,2022-01-18,B004,ZM,Retail,Web,1968-12-06,M,Active
C01006985,2022-05-17,B004,ZM,SME,App,1973-04-26,F,Active
C01006986,2024-03-06,B015,ZM,Retail,Web,1979-05-28,F,Active
C01006987,2025-09-14,B020,ZM,Premium,Web,2003-07-05,M,Active
C01006988,2023-07-10,B010,ZM,Retail,Web,1985-09-19,F,Active
C01006989,2025-09-19,B010,ZM,Retail,Web,1964-05-28,F,Dormant
C01006990,2025-09-13,B003,ZM,Retail,ATM,2003-07-07,F,Dormant
C01006991,2024-01-08,B015,ZM,Retail,App,2003-01-20,M,Active
C01006992,2022-08-09,B020,ZM,Premium,App,2011-03-25,M,Active
C01006993,2022-02-09,B005,ZM,SME,USSD,1983-11-17,M,Active
C01006994,2023-08-23,B003,ZM,Retail,App,1982-04-09,M,Active
C01006995,2025-08-22,B015,ZM,Retail,Agent,1980-12-05,M,Active
C01006996,2024-03-02,B020,ZM,SME,Web,1975-08-18,M,Active
C01006997,2023-04-19,B020,ZM,Premium,Branch,1988-11-30,F,Active
C01006998,2024-02-19,B003,ZM,Premium,App,1999-03-13,F,Active
C01006999,2024-11-07,B005,ZM,Retail,Branch,1976-06-02,F,Active
C01007000,2025-12-24,B015,ZM,Premium,Agent,1978-12-03,F,Active
C01007001,2022-07-23,B020,ZM,Retail,ATM,2006-03-28,F,Active
C01007002,2023-10-09,B020,ZM,Retail,USSD,2013-01-07,F,Active
C01007003,2024-09-19,B015,ZM,Retail,USSD,2013-05-22,F,Active
C01007004,2025-05-07,B001,ZM,Retail,USSD,1985-12-08,F,Active
C01007005,2024-12-24,B003,ZM,SME,ATM,2012-04-16,M,Active
C01007006,2022-06-30,B003,ZM,SME,Web,2010-12-31,M,Active
C01007007,2023-01-17,B004,ZM,SME,Branch,1970-03-22,F,Active
C01007008,2023-02-12,B005,ZM,Retail,App,2000-01-07,F,Active
C01007009,2024-10-22,B002,ZM,Retail,Web,1961-04-25,M,Active
C01007010,2024-07-26,B001,ZM,Retail,USSD,1966-01-04,M,Active
C01007011,2025-02-22,B015,ZM,Retail,USSD,1983-09-11,M,Active
C01007012,2025-12-30,B015,ZM,SME,Web,1974-10-25,F,Active
C01007013,2022-02-14,B015,ZM,Retail,Branch,1998-08-25,F,Active
C01007014,2022-03-23,B001,ZM,Retail,Web,1972-07-09,M,Active
C01007015,2023-05-22,B020,ZM,Retail,ATM,1962-05-12,F,Active
C01007016,2024-12-20,B015,ZM,SME,USSD,1979-03-25,F,Dormant
C01007017,2023-09-17,B015,ZM,Retail,Branch,2001-12-02,M,Active
C01007018,2023-11-15,B005,ZM,Retail,App,1964-07-28,M,Active
C01007019,2024-09-30,B010,ZM,SME,USSD,2006-04-03,M,Active
C01007020,2024-03-16,B010,ZM,Retail,Web,2001-05-02,F,Active
C01007021,2022-11-18,B004,ZM,SME,Branch,2008-06-29,M,Dormant
C01007022,2022-02-07,B004,ZM,Retail,USSD,1975-05-22,M,Dormant
C01007023,2023-12-12,B015,ZM,Retail,App,1969-06-25,M,Active
C01007024,2025-11-02,B005,ZM,SME,App,1967-12-27,F,Active
C01007025,2023-12-22,B015,ZM,Retail,Agent,1996-11-06,F,Active
C01007026,2023-12-29,B004,ZM,Retail,Web,1964-12-04,F,Active
C01007027,2025-07-04,B001,ZM,Retail,ATM,1974-03-17,M,Closed
C01007028,2023-09-12,B001,ZM,Retail,Web,1962-06-17,F,Active
C01007029,2023-04-29,B020,ZM,Retail,Branch,1983-04-13,F,Dormant
C01007030,2024-10-23,B002,ZM,Retail,Web,1968-07-12,M,Active
C01007031,2023-07-19,B010,ZM,SME,Branch,2008-12-17,F,Active
C01007032,2022-05-07,B005,ZM,SME,Agent,1967-07-05,F,Active
C01007033,2025-07-05,B003,ZM,Retail,Agent,1981-02-06,F,Active
C01007034,2023-06-12,B010,ZM,Retail,Agent,1993-02-19,F,Dormant
C01007035,2024-03-03,B003,ZM,Retail,ATM,2011-04-11,F,Active
C01007036,2022-03-02,B002,ZM,Retail,Agent,2006-01-07,F,Active
C01007037,2025-02-10,B002,ZM,Retail,Web,2013-06-03,F,Active
C01007038,2023-07-28,B015,ZM,Retail,App,2005-04-04,F,Active
C01007039,2023-04-07,B004,ZM,Retail,Branch,2012-06-15,M,Active
C01007040,2022-11-07,B002,ZM,Retail,Branch,2000-03-30,M,Closed
C01007041,2023-12-01,B002,ZM,Retail,App,1973-02-24,M,Active
C01007042,2024-03-15,B003,ZM,SME,Web,1970-01-16,M,Active
C01007043,2025-09-07,B004,ZM,SME,ATM,1967-06-29,M,Active
C01007044,2022-10-09,B002,ZM,Retail,USSD,1999-11-15,M,Active
C01007045,2022-06-29,B010,ZM,SME,Web,1962-01-04,M,Active
C01007046,2026-02-03,B020,ZM,Retail,Agent,2008-03-21,F,Active
C01007047,2024-02-22,B002,ZM,SME,Web,2005-03-08,F,Active
C01007048,2024-12-02,B020,ZM,Retail,Branch,2012-09-20,F,Active
C01007049,2025-10-20,B004,ZM,SME,Branch,1985-12-30,F,Closed
C01007050,2025-06-08,B015,ZM,Retail,ATM,2005-08-05,F,Dormant
C01007051,2025-07-05,B005,ZM,Retail,Agent,1962-09-27,M,Active
C01007052,2025-11-06,B004,ZM,Retail,ATM,1966-05-02,M,Active
C01007053,2023-04-11,B003,ZM,Retail,ATM,2009-01-14,F,Dormant
C01007054,2024-05-04,B005,ZM,Retail,App,1995-10-18,F,Active
C01007055,2023-05-08,B010,ZM,Retail,USSD,1983-04-30,F,Dormant
C01007056,2025-03-19,B001,ZM,SME,USSD,1987-04-14,M,Active
C01007057,2022-11-09,B020,ZM,Retail,Agent,2008-01-03,M,Active
C01007058,2024-05-23,B020,ZM,Retail,ATM,1972-05-26,F,Active
C01007059,2023-10-02,B020,ZM,Retail,Branch,1974-06-02,M,Active
C01007060,2025-05-24,B004,ZM,Premium,USSD,1970-10-15,F,Dormant
C01007061,2023-11-06,B020,ZM,SME,Web,2000-06-26,F,Active
C01007062,2024-07-08,B015,ZM,SME,App,1991-12-11,M,Active
C01007063,2025-01-15,B020,ZM,Retail,Branch,2006-10-29,F,Active
C01007064,2022-09-27,B003,ZM,Retail,App,2006-01-13,M,Active
C01007065,2023-02-28,B010,ZM,Retail,Web,1980-11-30,F,Active
C01007066,2025-08-29,B020,ZM,Retail,USSD,2011-03-27,F,Active
C01007067,2022-10-11,B020,ZM,Retail,App,1999-07-04,M,Active
C01007068,2025-04-04,B005,ZM,Retail,Agent,2005-06-21,M,Active
C01007069,2025-01-13,B010,ZM,Retail,App,1993-07-14,M,Active
C01007070,2025-11-01,B020,ZM,Retail,App,1999-04-07,F,Active
C01007071,2023-02-19,B004,ZM,Retail,Web,1961-01-12,F,Active
C01007072,2022-10-10,B002,ZM,SME,Branch,2008-05-13,F,Active
C01007073,2023-09-25,B015,ZM,Retail,Branch,1975-06-25,F,Dormant
C01007074,2025-11-11,B004,ZM,SME,Web,1965-07-15,F,Active
C01007075,2025-12-15,B001,ZM,Retail,App,1962-04-21,M,Active
C01007076,2024-12-08,B004,ZM,Retail,App,1983-04-13,M,Active
C01007077,2022-10-04,B005,ZM,Retail,ATM,2008-06-14,F,Active
C01007078,2024-05-30,B005,ZM,SME,Agent,1964-03-14,M,Active
C01007079,2022-10-25,B020,ZM,Retail,USSD,1997-07-27,M,Active
C01007080,2025-09-05,B004,ZM,SME,USSD,2002-07-21,F,Dormant
C01007081,2025-03-02,B005,ZM,Retail,Branch,1988-09-22,M,Active
C01007082,2022-11-20,B002,ZM,Retail,Web,2002-06-17,F,Active
C01007083,2023-10-13,B010,ZM,Retail,App,1968-05-28,F,Active
C01007084,2022-05-19,B004,ZM,Retail,Agent,1976-02-18,M,Active
C01007085,2025-02-15,B015,ZM,SME,USSD,1976-12-12,M,Active
C01007086,2024-12-27,B002,ZM,Retail,Web,1994-02-11,F,Active
C01007087,2026-01-13,B020,ZM,Retail,Web,2010-07-19,F,Active
C01007088,2022-08-31,B010,ZM,SME,App,1967-08-21,F,Active
C01007089,2023-01-13,B015,ZM,Premium,Agent,1986-11-15,M,Active
C01007090,2023-10-13,B020,ZM,Retail,Web,2013-06-10,F,Active
C01007091,2022-10-26,B015,ZM,SME,USSD,1996-03-05,F,Active
C01007092,2026-01-29,B020,ZM,Retail,ATM,1968-03-17,F,Active
C01007093,2022-03-02,B015,ZM,SME,USSD,1967-07-16,F,Active
C01007094,2023-10-15,B010,ZM,Retail,Agent,1974-02-27,M,Active
C01007095,2024-04-27,B002,ZM,Retail,ATM,2005-11-01,F,Active
C01007096,2024-04-22,B015,ZM,Retail,Web,2004-10-29,M,Active
C01007097,2023-09-14,B015,ZM,Retail,USSD,2012-12-20,F,Active
C01007098,2024-06-26,B003,ZM,Retail,App,1984-04-04,F,Active
C01007099,2025-07-28,B004,ZM,Retail,Agent,1974-11-01,F,Active
C01007100,2023-07-15,B010,ZM,Retail,Web,2013-10-26,F,Active
C01007101,2022-11-08,B020,ZM,Premium,App,1997-12-28,M,Active
C01007102,2023-01-20,B010,ZM,Retail,ATM,2010-03-18,M,Active
C01007103,2022-08-07,B005,ZM,Retail,Branch,2005-04-11,M,Active
C01007104,2022-09-27,B020,ZM,Retail,Branch,1973-06-30,F,Active
C01007105,2023-01-14,B010,ZM,SME,ATM,2001-07-27,F,Closed
C01007106,2022-02-23,B002,ZM,Retail,Branch,1995-03-06,M,Active
C01007107,2025-06-07,B020,ZM,Retail,Agent,2011-11-28,M,Active
C01007108,2025-06-17,B020,ZM,Retail,Web,2002-10-21,M,Active
C01007109,2023-07-01,B010,ZM,Retail,Web,1964-06-27,F,Dormant
C01007110,2025-05-25,B020,ZM,Retail,Agent,1983-12-19,F,Dormant
C01007111,2025-03-07,B003,ZM,Retail,USSD,1963-11-14,M,Active
C01007112,2025-06-08,B004,ZM,Retail,Web,2012-10-29,M,Active
C01007113,2023-04-18,B020,ZM,Retail,Branch,1991-10-25,M,Active
C01007114,2025-05-06,B004,ZM,Retail,Agent,1980-07-28,F,Active
C01007115,2023-04-21,B010,ZM,Retail,App,1970-07-30,F,Active
C01007116,2023-04-18,B015,ZM,Retail,USSD,1983-03-16,F,Active
C01007117,2025-11-08,B001,ZM,Premium,App,1967-12-07,F,Active
C01007118,2022-02-23,B001,ZM,SME,Branch,2012-02-14,F,Active
C01007119,2024-01-06,B015,ZM,Retail,App,1997-12-29,M,Active
C01007120,2022-06-12,B015,ZM,Retail,Branch,1970-02-03,M,Active
C01007121,2025-11-10,B015,ZM,Retail,Web,1991-10-24,F,Dormant
C01007122,2024-09-03,B002,ZM,Retail,USSD,1998-04-27,M,Active
C01007123,2022-10-02,B001,ZM,Retail,ATM,1963-12-13,F,Active
C01007124,2024-10-25,B015,ZM,Retail,Branch,2004-05-08,M,Active
C01007125,2025-05-23,B002,ZM,SME,Agent,2009-07-04,M,Active
C01007126,2024-08-18,B005,ZM,SME,Agent,1982-04-05,M,Active
C01007127,2025-12-29,B020,ZM,Retail,Web,1975-11-18,F,Active
C01007128,2025-08-23,B002,ZM,Retail,Agent,2003-09-26,M,Active
C01007129,2024-02-05,B001,ZM,Premium,App,1985-06-27,F,Active
C01007130,2023-01-12,B010,ZM,Premium,Web,2009-08-18,M,Active
C01007131,2024-03-04,B005,ZM,Premium,Agent,2010-01-28,M,Dormant
C01007132,2024-10-03,B001,ZM,Retail,App,1980-02-09,M,Active
C01007133,2024-08-28,B020,ZM,Retail,App,1989-11-25,M,Active
C01007134,2022-10-09,B002,ZM,Retail,App,1993-11-09,M,Active
C01007135,2022-12-02,B003,ZM,Retail,Agent,1991-10-06,M,Dormant
C01007136,2023-01-31,B004,ZM,Retail,App,1969-08-07,F,Active
C01007137,2023-04-09,B020,ZM,Retail,USSD,2001-04-16,F,Active
C01007138,2022-03-08,B001,ZM,SME,Agent,2012-02-16,F,Active
C01007139,2024-04-16,B015,ZM,SME,App,1995-09-20,F,Active
C01007140,2022-01-31,B002,ZM,Retail,USSD,1976-04-20,F,Dormant
C01007141,2023-07-07,B015,ZM,SME,ATM,1986-04-10,F,Active
C01007142,2024-04-25,B015,ZM,Retail,USSD,1964-01-20,M,Active
C01007143,2023-04-01,B015,ZM,SME,Agent,2014-04-03,M,Active
C01007144,2025-10-06,B015,ZM,Retail,Agent,1997-10-29,M,Active
C01007145,2023-02-20,B015,ZM,Retail,App,1985-05-23,F,Active
C01007146,2023-02-23,B005,ZM,Retail,Agent,2014-09-16,F,Active
C01007147,2022-05-16,B001,ZM,Retail,ATM,1993-10-05,M,Active
C01007148,2022-12-29,B020,ZM,Retail,Web,1994-06-05,M,Active
C01007149,2024-06-18,B001,ZM,Retail,USSD,2009-01-20,M,Active
C01007150,2025-06-17,B020,ZM,Premium,Web,1982-04-22,M,Active
C01007151,2024-09-30,B004,ZM,Retail,ATM,1983-10-04,F,Dormant
C01007152,2025-11-09,B002,ZM,Retail,USSD,1998-07-07,M,Active
C01007153,2023-10-28,B003,ZM,Retail,App,1962-04-19,F,Active
C01007154,2024-07-26,B005,ZM,Retail,USSD,1983-10-31,F,Active
C01007155,2023-05-21,B002,ZM,Retail,App,2000-08-23,M,Active
C01007156,2024-05-25,B005,ZM,SME,Branch,2005-11-27,F,Dormant
C01007157,2024-04-09,B020,ZM,Retail,USSD,1988-01-10,F,Dormant
C01007158,2022-03-27,B001,ZM,Retail,USSD,1973-08-10,M,Active
C01007159,2025-05-30,B015,ZM,Retail,Web,1965-10-23,F,Active
C01007160,2024-02-19,B004,ZM,Retail,Web,1999-10-30,F,Closed
C01007161,2026-01-14,B004,ZM,Retail,ATM,1961-01-15,M,Active
C01007162,2023-10-03,B010,ZM,SME,App,1973-09-20,M,Active
C01007163,2024-03-18,B003,ZM,Retail,Agent,2010-04-25,M,Dormant
C01007164,2025-06-06,B004,ZM,Retail,Web,1990-04-29,M,Active
C01007165,2025-03-17,B015,ZM,SME,ATM,1969-03-03,M,Active
C01007166,2025-05-01,B001,ZM,Retail,App,1994-08-16,F,Active
C01007167,2025-01-03,B003,ZM,Retail,App,1972-10-08,M,Active
C01007168,2024-12-11,B020,ZM,Premium,App,1974-05-03,M,Active
C01007169,2025-08-06,B002,ZM,Retail,Branch,1991-11-25,F,Dormant
C01007170,2025-12-13,B020,ZM,Retail,App,2012-01-13,F,Active
C01007171,2022-03-20,B015,ZM,SME,ATM,1981-10-24,F,Active
C01007172,2024-12-02,B015,ZM,SME,App,1996-06-24,M,Active
C01007173,2022-08-12,B004,ZM,Retail,Agent,1984-09-09,M,Dormant
C01007174,2024-07-13,B003,ZM,Retail,Agent,2008-09-05,M,Active
C01007175,2024-07-24,B001,ZM,SME,App,2009-01-17,F,Active
C01007176,2022-03-28,B020,ZM,Retail,ATM,1971-03-21,M,Active
C01007177,2023-05-19,B010,ZM,Retail,USSD,1960-01-12,F,Active
C01007178,2024-11-28,B020,ZM,Retail,App,2005-01-30,F,Dormant
C01007179,2025-01-06,B005,ZM,Retail,ATM,2011-06-26,F,Active
C01007180,2024-03-21,B005,ZM,SME,Web,1979-12-01,F,Active
C01007181,2022-03-22,B001,ZM,SME,ATM,1983-11-09,F,Active
C01007182,2025-02-16,B001,ZM,Premium,Branch,2007-12-18,F,Active
C01007183,2024-03-04,B005,ZM,SME,Web,1995-11-24,M,Active
C01007184,2024-11-23,B010,ZM,Retail,Agent,2007-10-16,F,Active
C01007185,2025-07-15,B003,ZM,Retail,Agent,2005-01-07,M,Active
C01007186,2022-04-11,B005,ZM,SME,USSD,1980-06-13,F,Active
C01007187,2023-01-24,B001,ZM,Retail,USSD,1963-09-08,F,Active
C01007188,2023-08-20,B004,ZM,Retail,ATM,1999-02-08,F,Active
C01007189,2024-06-19,B002,ZM,Retail,ATM,1972-05-01,F,Active
C01007190,2024-03-26,B010,ZM,SME,App,1983-03-12,F,Active
C01007191,2023-09-16,B015,ZM,Retail,App,1995-06-15,F,Active
C01007192,2023-08-09,B010,ZM,Retail,Agent,2003-01-08,F,Dormant
C01007193,2024-08-02,B004,ZM,Retail,Branch,1973-07-30,M,Active
C01007194,2022-12-07,B004,ZM,Retail,App,2007-04-19,F,Active
C01007195,2024-05-15,B015,ZM,Retail,Agent,1999-12-09,M,Active
C01007196,2023-08-26,B020,ZM,SME,ATM,2014-01-01,F,Active
C01007197,2025-06-09,B001,ZM,Retail,ATM,2011-08-27,F,Active
C01007198,2022-04-22,B005,ZM,Retail,App,1966-02-11,M,Dormant
C01007199,2025-11-14,B020,ZM,Retail,Branch,1998-02-13,M,Closed
C01007200,2024-11-24,B003,ZM,Retail,Agent,1961-12-23,F,Active
C01007201,2022-10-19,B010,ZM,Premium,ATM,1965-09-08,M,Active
C01007202,2024-08-07,B015,ZM,SME,Agent,1968-01-01,F,Active
C01007203,2025-08-16,B010,ZM,Premium,Branch,1986-11-27,M,Active
C01007204,2024-07-14,B020,ZM,Retail,ATM,1966-08-17,M,Active
C01007205,2022-07-05,B004,ZM,Retail,Agent,1979-03-29,M,Active
C01007206,2026-01-19,B005,ZM,Retail,Branch,1970-02-18,M,Active
C01007207,2024-10-22,B010,ZM,Retail,Branch,2012-08-13,M,Closed
C01007208,2022-08-20,B003,ZM,SME,Branch,1982-04-10,F,Active
C01007209,2023-01-04,B004,ZM,Retail,App,1992-02-04,M,Active
C01007210,2025-04-13,B003,ZM,Premium,USSD,2013-10-19,M,Active
C01007211,2025-11-26,B005,ZM,Retail,Agent,1974-08-24,M,Active
C01007212,2025-01-24,B010,ZM,Retail,Branch,1978-05-09,F,Active
C01007213,2022-10-05,B002,ZM,Retail,Agent,1996-07-19,F,Active
C01007214,2024-03-16,B020,ZM,Retail,Branch,1969-09-07,M,Active
C01007215,2024-04-26,B010,ZM,Retail,Agent,1980-11-14,F,Active
C01007216,2023-10-25,B020,ZM,Retail,ATM,1979-02-20,F,Active
C01007217,2024-07-12,B005,ZM,Retail,Agent,2002-08-16,F,Active
C01007218,2022-02-21,B010,ZM,Retail,USSD,1996-07-27,M,Active
C01007219,2023-01-02,B020,ZM,Retail,ATM,1960-01-14,M,Active
C01007220,2024-07-18,B015,ZM,Retail,ATM,1990-08-28,F,Active
C01007221,2025-04-23,B020,ZM,Retail,Branch,1976-09-26,F,Active
C01007222,2025-12-30,B010,ZM,Retail,Web,1982-04-21,M,Active
C01007223,2023-02-18,B001,ZM,Retail,USSD,1963-12-05,M,Active
C01007224,2024-07-20,B010,ZM,Retail,ATM,1982-10-31,F,Active
C01007225,2022-07-04,B010,ZM,Retail,Web,1988-10-25,M,Active
C01007226,2023-05-28,B020,ZM,Retail,Web,2009-11-27,F,Active
C01007227,2023-10-26,B003,ZM,Retail,ATM,2005-11-05,M,Active
C01007228,2025-11-17,B002,ZM,Retail,Branch,1968-06-20,M,Dormant
C01007229,2025-08-21,B003,ZM,Retail,App,1995-12-10,M,Active
C01007230,2025-12-28,B020,ZM,SME,ATM,1989-10-28,M,Closed
C01007231,2022-12-02,B003,ZM,Retail,Branch,1961-12-19,F,Dormant
C01007232,2026-01-11,B004,ZM,Retail,USSD,1974-11-08,M,Dormant
C01007233,2022-09-11,B001,ZM,SME,Branch,1992-04-28,M,Active
C01007234,2022-07-06,B003,ZM,Retail,Web,1984-12-23,M,Dormant
C01007235,2022-08-22,B015,ZM,Retail,USSD,1987-02-06,M,Active
C01007236,2025-12-17,B005,ZM,Retail,USSD,2004-06-17,M,Active
C01007237,2024-07-09,B015,ZM,Retail,App,1972-12-22,F,Active
C01007238,2025-07-22,B005,ZM,SME,App,1983-07-10,F,Active
C01007239,2024-01-14,B010,ZM,Retail,ATM,1971-03-05,M,Active
C01007240,2022-06-24,B004,ZM,Retail,Branch,1968-09-25,F,Dormant
C01007241,2024-12-08,B001,ZM,Retail,ATM,1998-06-24,M,Dormant
C01007242,2025-12-19,B015,ZM,Retail,App,1988-07-08,F,Dormant
C01007243,2024-02-26,B001,ZM,Retail,Web,1962-10-31,M,Dormant
C01007244,2026-01-28,B015,ZM,Retail,App,1977-05-03,M,Active
C01007245,2024-11-13,B010,ZM,SME,Branch,1985-12-09,F,Active
C01007246,2025-06-07,B005,ZM,SME,Web,1984-07-18,M,Dormant
C01007247,2022-11-24,B002,ZM,Retail,ATM,1962-07-14,M,Active
C01007248,2024-02-15,B004,ZM,Premium,ATM,2010-11-20,M,Active
C01007249,2025-02-01,B015,ZM,Retail,App,1997-05-10,M,Active
C01007250,2024-02-19,B015,ZM,Retail,App,1996-01-26,M,Closed
C01007251,2022-03-31,B010,ZM,SME,Agent,1965-09-01,F,Active
C01007252,2022-12-16,B004,ZM,Retail,ATM,2002-03-03,F,Active
C01007253,2023-11-18,B005,ZM,Retail,ATM,2003-06-11,F,Active
C01007254,2025-03-04,B005,ZM,Retail,USSD,1965-11-10,F,Active
C01007255,2025-09-12,B015,ZM,Retail,Branch,2006-04-10,M,Active
C01007256,2022-11-04,B002,ZM,SME,USSD,1971-05-17,M,Active
C01007257,2022-11-29,B002,ZM,Retail,USSD,1983-03-17,F,Active
C01007258,2022-10-24,B001,ZM,Retail,ATM,2013-05-04,M,Active
C01007259,2023-01-02,B004,ZM,Retail,Agent,2008-04-15,F,Dormant
C01007260,2025-12-29,B004,ZM,SME,Branch,2011-06-05,M,Active
C01007261,2022-04-16,B005,ZM,Retail,ATM,2009-01-14,M,Active
C01007262,2024-05-09,B001,ZM,Retail,USSD,1963-10-02,F,Active
C01007263,2023-09-23,B010,ZM,Retail,USSD,2009-01-17,F,Active
C01007264,2023-09-26,B004,ZM,Retail,ATM,2008-07-15,F,Active
C01007265,2026-02-04,B001,ZM,Retail,App,1960-04-03,F,Active
C01007266,2024-07-02,B001,ZM,Retail,App,1995-12-13,F,Active
C01007267,2023-08-15,B015,ZM,Retail,ATM,2001-06-03,F,Active
C01007268,2025-07-06,B005,ZM,Retail,Web,2009-06-12,F,Dormant
C01007269,2023-01-06,B001,ZM,Retail,Web,1973-01-18,M,Active
C01007270,2022-08-29,B020,ZM,Retail,App,1968-09-10,F,Active
C01007271,2022-09-27,B002,ZM,Retail,Branch,1984-05-10,F,Active
C01007272,2023-02-20,B020,ZM,Retail,Agent,1967-02-21,F,Active
C01007273,2022-01-08,B002,ZM,Retail,USSD,1999-09-24,M,Active
C01007274,2025-06-29,B003,ZM,Retail,Branch,1984-04-19,M,Active
C01007275,2023-06-03,B005,ZM,SME,App,1997-02-11,M,Active
C01007276,2022-01-26,B015,ZM,Retail,ATM,2006-05-19,F,Active
C01007277,2024-07-28,B010,ZM,Retail,Web,1969-05-20,M,Active
C01007278,2024-10-16,B020,ZM,Premium,App,1980-04-26,F,Active
C01007279,2024-10-18,B020,ZM,Retail,Branch,1989-04-15,F,Closed
C01007280,2025-01-18,B003,ZM,Retail,Branch,1976-07-27,M,Dormant
C01007281,2022-01-12,B002,ZM,SME,Agent,1995-05-24,F,Closed
C01007282,2025-05-30,B015,ZM,Retail,App,1993-10-12,M,Active
C01007283,2024-10-07,B003,ZM,Retail,USSD,1983-10-11,M,Active
C01007284,2023-05-03,B005,ZM,Retail,Branch,2008-12-22,M,Active
C01007285,2023-03-21,B015,ZM,Retail,USSD,1997-11-16,M,Closed
C01007286,2025-04-20,B005,ZM,SME,USSD,2008-04-20,F,Active
C01007287,2025-09-12,B001,ZM,Retail,ATM,1982-05-03,M,Active
C01007288,2024-09-01,B004,ZM,Retail,App,2012-03-11,M,Active
C01007289,2024-07-18,B001,ZM,Premium,App,1995-07-06,F,Active
C01007290,2024-04-19,B005,ZM,SME,USSD,2009-04-20,F,Active
C01007291,2024-06-23,B020,ZM,Retail,ATM,1999-07-04,M,Active
C01007292,2022-06-12,B015,ZM,Retail,Branch,1987-12-16,M,Active
C01007293,2025-05-16,B002,ZM,Retail,Branch,2005-06-17,M,Active
C01007294,2025-05-14,B010,ZM,SME,App,1994-03-12,M,Active
C01007295,2022-01-14,B002,ZM,Retail,USSD,2010-11-20,F,Active
C01007296,2023-05-17,B015,ZM,Retail,ATM,1988-01-09,M,Active
C01007297,2025-01-25,B001,ZM,Retail,ATM,1968-02-06,F,Active
C01007298,2023-07-24,B010,ZM,Retail,Branch,1989-05-13,F,Active
C01007299,2025-06-23,B015,ZM,Retail,Branch,1990-07-12,F,Dormant
C01007300,2025-07-11,B005,ZM,Retail,Web,2012-10-13,M,Active
C01007301,2025-02-15,B020,ZM,Retail,Web,1983-06-08,M,Active
C01007302,2023-03-02,B002,ZM,Retail,USSD,1988-02-17,F,Active
C01007303,2022-04-11,B005,ZM,Retail,Web,1964-06-03,M,Active
C01007304,2023-01-14,B010,ZM,Retail,ATM,1969-12-04,F,Active
C01007305,2022-10-31,B010,ZM,Retail,Web,1971-02-19,F,Active
C01007306,2022-04-23,B002,ZM,SME,App,1972-02-03,M,Active
C01007307,2025-08-30,B005,ZM,Retail,App,2013-09-30,M,Active
C01007308,2023-12-16,B003,ZM,Retail,Agent,1976-03-14,F,Dormant
C01007309,2022-03-17,B005,ZM,Retail,Branch,1965-04-03,F,Active
C01007310,2022-10-25,B010,ZM,Retail,Branch,2002-11-11,F,Active
C01007311,2022-03-08,B005,ZM,Retail,USSD,1992-05-31,M,Active
C01007312,2025-09-28,B020,ZM,Retail,App,1982-02-07,M,Active
C01007313,2025-03-29,B015,ZM,Retail,Agent,1994-03-23,M,Active
C01007314,2025-05-20,B001,ZM,Retail,USSD,1963-12-28,F,Active
C01007315,2023-09-04,B020,ZM,Retail,USSD,1991-07-07,M,Active
C01007316,2023-11-10,B003,ZM,Retail,Web,1970-03-04,F,Dormant
C01007317,2022-06-29,B004,ZM,SME,Branch,1966-04-25,F,Active
C01007318,2022-04-11,B015,ZM,Retail,USSD,2002-07-26,M,Active
C01007319,2022-08-12,B001,ZM,Retail,USSD,1967-01-19,F,Active
C01007320,2024-05-03,B004,ZM,Retail,Branch,1997-11-25,F,Active
C01007321,2023-01-01,B002,ZM,Retail,Branch,1965-07-20,F,Active
C01007322,2022-11-27,B004,ZM,SME,App,1980-05-15,M,Active
C01007323,2025-10-08,B015,ZM,SME,Branch,2013-06-20,F,Active
C01007324,2023-08-06,B005,ZM,Retail,Web,2008-04-01,F,Active
C01007325,2025-06-05,B015,ZM,Retail,App,2009-10-24,M,Active
C01007326,2025-09-15,B020,ZM,Retail,Agent,1995-06-05,F,Active
C01007327,2025-11-17,B004,ZM,Premium,USSD,1978-08-01,M,Active
C01007328,2025-12-04,B010,ZM,Retail,Web,1997-10-16,M,Active
C01007329,2025-05-03,B001,ZM,Retail,Web,1988-03-15,F,Active
C01007330,2025-03-18,B001,ZM,Retail,App,1982-04-19,F,Active
C01007331,2025-02-25,B004,ZM,Retail,USSD,1996-11-07,M,Active
C01007332,2022-12-30,B001,ZM,Retail,App,1971-04-14,F,Active
C01007333,2024-07-21,B010,ZM,Retail,ATM,1968-12-21,F,Active
C01007334,2025-03-31,B015,ZM,Retail,ATM,2006-03-04,F,Active
C01007335,2024-01-08,B001,ZM,Retail,App,2011-12-20,F,Active
C01007336,2022-03-15,B004,ZM,Premium,USSD,1983-04-26,M,Active
C01007337,2022-07-10,B003,ZM,SME,USSD,1989-05-24,M,Active
C01007338,2023-09-05,B003,ZM,SME,Branch,1993-05-29,F,Active
C01007339,2023-10-24,B002,ZM,Retail,Web,2013-10-13,M,Active
C01007340,2024-01-25,B020,ZM,SME,App,1965-01-02,M,Closed
C01007341,2024-02-16,B001,ZM,Retail,Web,1993-12-31,M,Active
C01007342,2022-05-19,B020,ZM,Retail,Web,2003-07-23,F,Active
C01007343,2024-05-25,B015,ZM,Retail,ATM,1960-09-08,M,Active
C01007344,2025-02-01,B004,ZM,Retail,ATM,1964-05-29,M,Active
C01007345,2022-05-13,B001,ZM,Retail,Agent,1962-03-22,M,Active
C01007346,2023-08-23,B005,ZM,Premium,App,2013-04-20,M,Active
C01007347,2024-08-22,B010,ZM,Retail,Agent,2011-05-09,M,Active
C01007348,2022-10-03,B001,ZM,Retail,App,1987-01-06,F,Active
C01007349,2022-09-07,B001,ZM,Retail,USSD,1972-03-10,F,Dormant
C01007350,2025-11-23,B020,ZM,Retail,App,1986-10-19,M,Active
C01007351,2023-07-17,B020,ZM,Retail,USSD,2007-07-31,F,Active
C01007352,2023-11-06,B003,ZM,Retail,USSD,2012-01-25,M,Active
C01007353,2024-12-15,B010,ZM,SME,App,1982-06-13,F,Active
C01007354,2024-04-27,B004,ZM,Retail,USSD,1976-01-20,F,Active
C01007355,2024-12-10,B001,ZM,Retail,Web,1964-03-18,F,Active
C01007356,2023-03-06,B003,ZM,Retail,USSD,1986-04-25,F,Active
C01007357,2025-11-26,B020,ZM,SME,Web,1993-10-05,F,Active
C01007358,2023-03-05,B002,ZM,SME,Web,1993-08-24,F,Active
C01007359,2025-06-07,B010,ZM,Retail,Web,1984-07-30,F,Closed
C01007360,2022-04-30,B003,ZM,Retail,Branch,2009-12-12,M,Active
C01007361,2022-08-12,B003,ZM,Retail,Agent,1999-01-07,M,Active
C01007362,2025-03-16,B015,ZM,SME,Branch,1998-09-12,M,Active
C01007363,2026-02-03,B003,ZM,SME,USSD,2004-08-19,M,Active
C01007364,2025-07-12,B015,ZM,Retail,Agent,1996-10-27,M,Active
C01007365,2024-12-19,B001,ZM,Retail,Agent,1964-06-26,F,Active
C01007366,2022-06-29,B001,ZM,SME,Agent,1989-04-29,F,Active
C01007367,2024-09-17,B020,ZM,Retail,App,1999-02-05,F,Active
C01007368,2026-01-22,B002,ZM,Retail,USSD,1983-07-08,M,Dormant
C01007369,2025-11-11,B005,ZM,Retail,Branch,1974-07-08,F,Active
C01007370,2025-05-23,B005,ZM,Retail,Agent,1961-04-15,F,Dormant
C01007371,2025-12-18,B005,ZM,Premium,Agent,1987-11-17,M,Active
C01007372,2023-08-12,B020,ZM,Retail,ATM,1988-03-27,M,Active
C01007373,2024-05-24,B015,ZM,Retail,Agent,1998-01-01,F,Active
C01007374,2025-05-31,B020,ZM,Retail,Agent,1992-09-02,F,Active
C01007375,2023-10-11,B010,ZM,Retail,ATM,2003-12-18,F,Active
C01007376,2023-06-16,B010,ZM,Retail,USSD,1999-10-02,F,Active
C01007377,2024-12-12,B002,ZM,Retail,Branch,1990-06-30,M,Active
C01007378,2025-03-23,B010,ZM,Retail,Web,2008-03-22,M,Dormant
C01007379,2025-06-30,B005,ZM,Retail,Branch,1962-08-14,M,Dormant
C01007380,2023-12-26,B005,ZM,Retail,USSD,2011-03-31,F,Active
C01007381,2022-09-23,B020,ZM,Retail,Branch,2000-06-04,F,Active
C01007382,2025-06-12,B003,ZM,Retail,ATM,1987-09-05,M,Active
C01007383,2025-02-26,B010,ZM,Premium,Agent,1988-08-11,F,Dormant
C01007384,2024-10-13,B020,ZM,Retail,Agent,1979-10-20,F,Active
C01007385,2024-11-30,B001,ZM,SME,Web,1977-04-01,M,Active
C01007386,2026-02-02,B001,ZM,Retail,USSD,2005-06-07,M,Active
C01007387,2025-07-18,B003,ZM,SME,Agent,2014-08-07,F,Active
C01007388,2024-10-16,B003,ZM,SME,USSD,1962-08-04,M,Active
C01007389,2024-10-05,B003,ZM,Retail,App,1998-02-21,F,Active
C01007390,2023-01-04,B020,ZM,SME,Web,1971-09-27,F,Closed
C01007391,2025-06-02,B001,ZM,Premium,USSD,1981-10-03,F,Dormant
C01007392,2023-04-22,B005,ZM,Retail,Branch,1993-02-24,F,Dormant
C01007393,2025-12-22,B003,ZM,Retail,Branch,1983-02-26,F,Active
C01007394,2023-08-18,B002,ZM,Retail,Branch,1996-04-13,F,Closed
C01007395,2023-02-01,B015,ZM,SME,Branch,1994-03-16,M,Active
C01007396,2022-01-04,B020,ZM,Retail,USSD,1971-09-26,M,Active
C01007397,2022-08-31,B003,ZM,Retail,ATM,1976-07-14,F,Dormant
C01007398,2022-02-19,B015,ZM,Retail,Web,1997-07-26,F,Active
C01007399,2024-08-10,B004,ZM,Retail,Branch,1990-03-10,F,Active
C01007400,2025-07-04,B003,ZM,Retail,USSD,1985-12-11,M,Active
C01007401,2022-08-30,B001,ZM,Retail,Agent,1964-11-10,F,Active
C01007402,2023-03-01,B010,ZM,Retail,Agent,1969-09-22,M,Dormant
C01007403,2025-06-14,B003,ZM,Retail,USSD,1995-07-28,M,Active
C01007404,2024-04-29,B020,ZM,Retail,Branch,1989-12-18,F,Closed
C01007405,2024-04-27,B010,ZM,Retail,App,2014-02-26,M,Dormant
C01007406,2022-04-04,B004,ZM,Retail,USSD,2014-07-26,M,Active
C01007407,2023-11-15,B002,ZM,Retail,Web,1991-02-18,M,Active
C01007408,2023-12-18,B010,ZM,Retail,Web,1980-07-14,F,Active
C01007409,2025-02-21,B015,ZM,Retail,App,1964-10-25,M,Active
C01007410,2025-07-29,B005,ZM,Retail,Agent,1960-10-27,F,Active
C01007411,2023-03-11,B003,ZM,Retail,Agent,1998-03-04,M,Active
C01007412,2022-01-24,B004,ZM,Retail,USSD,1974-05-18,M,Active
C01007413,2025-08-04,B004,ZM,Premium,App,1976-10-02,M,Closed
C01007414,2023-02-17,B010,ZM,Retail,USSD,1970-08-16,M,Active
C01007415,2025-11-14,B002,ZM,SME,USSD,1975-09-10,M,Active
C01007416,2023-07-31,B001,ZM,SME,App,1973-08-25,F,Active
C01007417,2023-06-06,B003,ZM,Retail,Agent,1986-05-21,F,Dormant
C01007418,2022-05-19,B004,ZM,Retail,ATM,1976-03-29,M,Active
C01007419,2023-09-23,B002,ZM,Retail,Branch,2000-07-17,M,Active
C01007420,2023-09-07,B005,ZM,Retail,Branch,1998-05-31,M,Active
C01007421,2024-11-03,B004,ZM,Retail,Branch,2002-12-01,M,Active
C01007422,2025-01-31,B002,ZM,SME,App,2002-07-09,F,Active
C01007423,2023-10-26,B020,ZM,Retail,USSD,1987-11-13,F,Closed
C01007424,2022-01-13,B001,ZM,SME,USSD,1995-12-30,M,Active
C01007425,2022-08-22,B001,ZM,Retail,Web,1972-01-19,F,Active
C01007426,2025-11-05,B004,ZM,SME,USSD,1988-05-07,M,Active
C01007427,2023-11-14,B015,ZM,Retail,Agent,1966-01-15,M,Active
C01007428,2023-12-01,B004,ZM,Retail,ATM,1995-01-01,F,Active
C01007429,2024-03-22,B010,ZM,Retail,Branch,1962-06-28,F,Active
C01007430,2026-01-23,B003,ZM,Retail,Agent,1969-04-19,M,Active
C01007431,2025-03-11,B002,ZM,Retail,Agent,1967-02-03,M,Active
C01007432,2025-06-15,B004,ZM,Premium,ATM,1975-11-13,M,Active
C01007433,2022-03-01,B003,ZM,Retail,Branch,1985-03-15,F,Active
C01007434,2022-12-26,B010,ZM,SME,App,1968-12-18,M,Dormant
C01007435,2023-02-02,B020,ZM,Retail,ATM,1968-04-12,F,Active
C01007436,2023-11-08,B020,ZM,SME,Agent,1993-06-02,M,Active
C01007437,2023-11-24,B003,ZM,Retail,USSD,2005-02-27,F,Dormant
C01007438,2025-10-09,B004,ZM,Retail,Branch,1982-07-15,F,Active
C01007439,2024-09-08,B001,ZM,SME,Web,2007-11-08,F,Active
C01007440,2024-08-29,B002,ZM,Retail,ATM,2006-05-22,M,Active
C01007441,2022-03-14,B002,ZM,Retail,Agent,1994-10-31,M,Dormant
C01007442,2025-08-15,B020,ZM,Retail,App,1965-05-19,M,Dormant
C01007443,2022-10-06,B020,ZM,Retail,Agent,1960-07-19,F,Active
C01007444,2024-09-13,B001,ZM,Retail,Web,2008-02-29,F,Closed
C01007445,2022-11-15,B015,ZM,Retail,App,1961-05-06,F,Active
C01007446,2025-07-08,B004,ZM,Retail,Branch,1969-09-20,F,Active
C01007447,2024-08-01,B020,ZM,Retail,ATM,2002-07-30,F,Active
C01007448,2025-01-04,B020,ZM,Retail,App,2012-10-28,F,Active
C01007449,2023-11-18,B020,ZM,Retail,Web,2006-04-26,F,Dormant
C01007450,2024-08-05,B002,ZM,Retail,Agent,1995-07-14,M,Active
C01007451,2024-04-27,B004,ZM,SME,Web,2003-03-03,F,Active
C01007452,2022-04-25,B010,ZM,SME,USSD,2004-05-13,F,Closed
C01007453,2024-12-03,B004,ZM,Retail,App,2010-02-18,F,Active
C01007454,2023-09-06,B003,ZM,SME,ATM,1971-06-21,F,Active
C01007455,2025-03-03,B001,ZM,Retail,ATM,1977-07-28,F,Active
C01007456,2026-01-24,B015,ZM,Retail,Agent,1967-02-06,M,Active
C01007457,2025-10-20,B020,ZM,Retail,Agent,1975-07-06,F,Active
C01007458,2023-10-09,B020,ZM,Retail,Agent,2011-11-03,F,Active
C01007459,2025-02-11,B004,ZM,Retail,USSD,2013-06-05,F,Active
C01007460,2025-01-02,B015,ZM,Retail,Web,1992-02-24,M,Active
C01007461,2022-02-08,B020,ZM,Retail,Agent,1999-11-03,F,Active
C01007462,2023-03-03,B015,ZM,Retail,App,1961-03-22,F,Active
C01007463,2025-03-28,B010,ZM,Retail,Agent,1984-07-05,M,Active
C01007464,2025-11-04,B005,ZM,Retail,Web,2000-01-09,F,Active
C01007465,2023-11-11,B001,ZM,Retail,App,1972-02-07,F,Active
C01007466,2023-12-26,B015,ZM,Retail,App,1996-08-26,M,Active
C01007467,2022-05-16,B002,ZM,Retail,App,1983-08-09,M,Active
C01007468,2022-11-02,B003,ZM,Retail,Web,1974-09-21,M,Active
C01007469,2023-07-29,B002,ZM,Retail,Agent,1998-02-16,F,Dormant
C01007470,2022-03-05,B020,ZM,Premium,Web,1966-10-30,F,Active
C01007471,2023-11-26,B010,ZM,Premium,Web,1973-03-18,F,Active
C01007472,2024-02-08,B010,ZM,Retail,Branch,1969-12-13,F,Active
C01007473,2025-07-07,B002,ZM,Retail,Web,1974-10-08,F,Active
C01007474,2024-12-30,B001,ZM,Retail,USSD,1964-10-18,M,Closed
C01007475,2022-12-06,B002,ZM,Premium,Branch,1978-04-17,F,Active
C01007476,2025-03-15,B004,ZM,Retail,App,2007-06-09,M,Active
C01007477,2025-05-25,B020,ZM,Retail,Agent,1982-07-16,F,Active
C01007478,2024-03-08,B020,ZM,Retail,ATM,1980-07-11,M,Active
C01007479,2023-01-19,B002,ZM,Retail,Agent,2002-12-12,M,Active
C01007480,2025-05-03,B003,ZM,Retail,Branch,1990-09-11,F,Active
C01007481,2022-08-28,B003,ZM,Retail,Branch,1980-06-14,M,Active
C01007482,2023-09-24,B020,ZM,Retail,App,1998-08-01,F,Active
C01007483,2025-12-15,B005,ZM,Retail,Web,1991-01-06,F,Active
C01007484,2023-10-07,B003,ZM,Retail,Web,2012-10-25,M,Active
C01007485,2025-12-24,B002,ZM,Retail,Branch,1994-08-14,M,Dormant
C01007486,2022-03-06,B003,ZM,Retail,Web,2007-10-03,F,Active
C01007487,2023-07-11,B020,ZM,SME,Branch,1964-04-24,F,Active
C01007488,2024-04-27,B001,ZM,Retail,Agent,2001-05-17,F,Active
C01007489,2022-06-27,B015,ZM,Retail,ATM,2009-09-16,F,Active
C01007490,2024-10-14,B003,ZM,Retail,Agent,1991-06-07,M,Active
C01007491,2023-05-02,B004,ZM,Retail,ATM,1975-02-22,F,Closed
C01007492,2024-02-01,B001,ZM,Retail,App,1993-01-21,M,Dormant
C01007493,2024-07-14,B005,ZM,Retail,USSD,1983-10-01,F,Dormant
C01007494,2023-09-12,B004,ZM,Retail,USSD,2006-02-12,F,Active
C01007495,2023-03-19,B002,ZM,Retail,Agent,1975-09-07,F,Active
C01007496,2024-12-11,B015,ZM,Retail,Web,1987-10-16,M,Active
C01007497,2023-09-12,B002,ZM,Retail,USSD,1971-06-23,M,Active
C01007498,2022-12-25,B015,ZM,Retail,ATM,1971-01-26,M,Active
C01007499,2022-08-18,B015,ZM,Retail,App,2010-01-05,F,Active
C01007500,2024-02-06,B002,ZM,Retail,ATM,1980-11-11,F,Active
C01007501,2022-03-18,B004,ZM,Retail,Branch,2005-03-02,M,Closed
C01007502,2023-02-18,B004,ZM,Retail,Web,1989-02-03,F,Active
C01007503,2022-07-09,B015,ZM,Retail,Web,1982-09-19,M,Active
C01007504,2024-06-27,B004,ZM,Retail,USSD,1992-06-23,M,Active
C01007505,2024-11-02,B015,ZM,SME,Branch,1984-01-28,F,Dormant
C01007506,2022-02-21,B020,ZM,SME,USSD,1964-03-24,M,Active
C01007507,2024-09-15,B015,ZM,Retail,USSD,1962-10-27,F,Active
C01007508,2024-10-21,B020,ZM,Retail,USSD,1998-07-05,F,Active
C01007509,2022-11-12,B001,ZM,Retail,Branch,1982-10-30,M,Active
C01007510,2023-01-25,B010,ZM,Retail,USSD,1987-05-29,F,Active
C01007511,2023-11-28,B001,ZM,SME,Web,1992-12-17,M,Active
C01007512,2024-09-17,B002,ZM,Retail,USSD,1985-08-02,M,Active
C01007513,2026-02-09,B010,ZM,SME,Branch,2001-11-30,M,Active
C01007514,2024-12-08,B003,ZM,Retail,Branch,1990-05-16,F,Active
C01007515,2023-09-28,B002,ZM,Retail,ATM,1973-01-24,M,Active
C01007516,2023-11-02,B005,ZM,SME,USSD,1977-08-28,F,Active
C01007517,2022-10-21,B001,ZM,Retail,Branch,1966-11-18,M,Active
C01007518,2022-07-21,B004,ZM,SME,Agent,1969-12-29,F,Dormant
C01007519,2024-11-23,B001,ZM,Retail,USSD,1972-07-21,M,Active
C01007520,2025-10-17,B004,ZM,Retail,App,1977-05-13,M,Active
C01007521,2022-09-29,B010,ZM,Retail,Web,1973-10-30,F,Active
C01007522,2023-02-25,B005,ZM,Retail,Web,2000-02-22,M,Active
C01007523,2026-01-23,B010,ZM,Retail,Agent,1985-08-11,M,Dormant
C01007524,2022-03-16,B005,ZM,Retail,USSD,2008-03-14,F,Active
C01007525,2024-07-29,B001,ZM,Retail,Web,2004-01-27,F,Active
C01007526,2024-03-04,B004,ZM,Retail,Web,1967-08-12,M,Dormant
C01007527,2026-01-01,B010,ZM,Retail,App,2000-06-09,M,Active
C01007528,2024-12-05,B005,ZM,Retail,Web,1999-05-01,F,Active
C01007529,2022-08-26,B015,ZM,SME,Web,1995-09-20,M,Active
C01007530,2022-01-09,B002,ZM,Retail,Branch,1978-07-04,F,Active
C01007531,2023-09-29,B002,ZM,Retail,Web,1981-10-16,F,Active
C01007532,2022-04-01,B010,ZM,Premium,USSD,1986-04-30,M,Active
C01007533,2025-11-08,B004,ZM,SME,Web,1974-12-04,F,Active
C01007534,2025-05-02,B015,ZM,Retail,USSD,2003-11-23,F,Active
C01007535,2022-06-28,B010,ZM,SME,Web,1975-03-24,M,Active
C01007536,2023-11-14,B001,ZM,Retail,USSD,1962-10-03,M,Active
C01007537,2024-08-14,B005,ZM,Retail,Web,1977-03-11,M,Active
C01007538,2022-04-05,B020,ZM,Retail,Agent,2009-10-19,M,Active
C01007539,2022-07-31,B001,ZM,Retail,USSD,2008-05-06,F,Active
C01007540,2024-12-02,B002,ZM,SME,Web,1994-01-17,F,Active
C01007541,2025-09-11,B005,ZM,Retail,App,1975-03-24,F,Active
C01007542,2023-10-02,B010,ZM,Premium,Branch,1966-07-12,M,Active
C01007543,2022-02-16,B001,ZM,Retail,Branch,2002-08-04,F,Active
C01007544,2025-03-28,B003,ZM,Retail,Branch,1991-09-22,M,Active
C01007545,2023-10-02,B020,ZM,Retail,Branch,1961-02-17,F,Active
C01007546,2025-08-01,B004,ZM,Premium,App,2008-09-14,M,Active
C01007547,2023-03-06,B015,ZM,Retail,Agent,1965-06-14,M,Active
C01007548,2023-10-20,B015,ZM,SME,Agent,1966-01-13,F,Active
C01007549,2023-02-15,B004,ZM,Premium,App,2014-06-07,M,Active
C01007550,2023-01-30,B003,ZM,Retail,Web,1994-09-21,F,Active
C01007551,2023-08-10,B002,ZM,Retail,App,1982-02-25,F,Active
C01007552,2023-07-21,B005,ZM,SME,Branch,1963-09-28,F,Active
C01007553,2024-12-26,B004,ZM,Premium,Agent,1982-11-14,F,Closed
C01007554,2023-10-16,B003,ZM,Retail,ATM,1989-07-06,M,Dormant
C01007555,2024-06-22,B010,ZM,Retail,Web,1977-06-08,F,Active
C01007556,2025-10-06,B020,ZM,Retail,USSD,1962-12-23,F,Active
C01007557,2022-08-29,B015,ZM,Retail,Agent,1994-09-07,F,Active
C01007558,2023-07-13,B020,ZM,Retail,Branch,2014-08-16,M,Active
C01007559,2022-11-02,B003,ZM,Retail,Agent,1980-08-04,F,Active
C01007560,2022-11-19,B020,ZM,Retail,Branch,1989-02-26,M,Active
C01007561,2023-07-15,B002,ZM,Retail,Branch,2008-12-03,F,Active
C01007562,2022-08-23,B002,ZM,Retail,Agent,2005-02-16,F,Dormant
C01007563,2022-02-01,B001,ZM,Retail,Agent,1972-12-28,F,Active
C01007564,2025-06-29,B004,ZM,Retail,Agent,1983-12-07,F,Dormant
C01007565,2025-02-20,B001,ZM,Retail,App,1980-08-01,F,Active
C01007566,2024-11-18,B020,ZM,Retail,Agent,1989-09-11,M,Active
C01007567,2022-07-29,B015,ZM,Retail,USSD,1980-08-03,M,Closed
C01007568,2023-02-28,B003,ZM,Retail,Web,1987-06-01,F,Active
C01007569,2025-01-16,B005,ZM,Retail,Branch,1961-01-22,F,Active
C01007570,2023-12-19,B020,ZM,SME,Agent,1963-03-17,F,Dormant
C01007571,2025-01-30,B005,ZM,Retail,USSD,1969-04-25,M,Active
C01007572,2023-10-15,B002,ZM,Retail,ATM,2006-03-05,F,Active
C01007573,2023-07-10,B005,ZM,Retail,Agent,1966-03-15,M,Active
C01007574,2022-10-17,B005,ZM,Retail,App,1995-07-23,F,Active
C01007575,2025-12-13,B015,ZM,Premium,Branch,1999-07-10,F,Active
C01007576,2023-08-04,B005,ZM,Retail,USSD,2002-07-16,F,Active
C01007577,2025-03-21,B020,ZM,Retail,Agent,2005-04-26,M,Active
C01007578,2023-05-17,B003,ZM,Retail,USSD,1985-09-17,F,Closed
C01007579,2022-12-17,B005,ZM,Retail,Branch,2006-02-16,M,Dormant
C01007580,2022-05-26,B010,ZM,Retail,USSD,1966-01-03,F,Active
C01007581,2023-09-30,B005,ZM,Retail,USSD,1998-02-15,M,Active
C01007582,2025-06-09,B005,ZM,Retail,Agent,1990-12-25,M,Active
C01007583,2023-11-25,B001,ZM,SME,Agent,1975-06-15,F,Active
C01007584,2025-01-12,B003,ZM,Retail,Web,1985-01-06,M,Dormant
C01007585,2024-06-27,B020,ZM,Retail,App,1982-10-18,F,Active
C01007586,2022-04-14,B002,ZM,Retail,Web,1982-10-27,F,Active
C01007587,2022-09-24,B001,ZM,Retail,App,1992-03-31,F,Active
C01007588,2022-03-01,B020,ZM,Retail,App,1983-06-22,F,Active
C01007589,2024-08-22,B004,ZM,Retail,Web,1983-06-30,M,Dormant
C01007590,2025-10-15,B003,ZM,Retail,Branch,1998-05-09,F,Active
C01007591,2022-04-14,B010,ZM,Premium,USSD,1964-10-18,M,Active
C01007592,2022-08-05,B003,ZM,Retail,ATM,2007-09-14,F,Active
C01007593,2024-02-25,B004,ZM,Retail,Web,1978-11-11,M,Active
C01007594,2022-04-21,B004,ZM,Retail,Web,2008-01-02,F,Active
C01007595,2022-06-26,B004,ZM,Retail,Branch,1992-06-10,M,Closed
C01007596,2024-05-23,B015,ZM,Retail,USSD,1965-12-01,F,Active
C01007597,2024-03-13,B002,ZM,SME,Agent,2002-08-16,F,Active
C01007598,2023-01-02,B005,ZM,SME,Web,2014-01-28,F,Active
C01007599,2025-12-14,B003,ZM,Retail,ATM,1979-07-05,M,Active
C01007600,2025-05-05,B020,ZM,Retail,USSD,2000-05-26,F,Active
C01007601,2025-04-28,B015,ZM,Retail,Web,2009-07-25,F,Active
C01007602,2025-07-13,B020,ZM,Retail,Agent,1969-08-12,M,Closed
C01007603,2025-11-14,B005,ZM,Retail,Web,1961-05-25,M,Dormant
C01007604,2025-12-03,B005,ZM,Retail,Agent,1988-10-02,F,Active
C01007605,2024-07-02,B010,ZM,Retail,App,1981-08-12,M,Active
C01007606,2025-06-16,B004,ZM,Retail,App,2013-06-12,M,Dormant
C01007607,2023-12-30,B002,ZM,SME,Web,1971-01-24,F,Active
C01007608,2023-10-02,B010,ZM,SME,Branch,1973-03-12,M,Active
C01007609,2023-11-12,B001,ZM,Retail,App,2008-02-22,M,Active
C01007610,2023-02-10,B015,ZM,Retail,Web,2000-12-14,M,Active
C01007611,2025-12-31,B015,ZM,SME,Agent,2005-01-24,F,Closed
C01007612,2025-10-05,B002,ZM,Retail,USSD,2005-12-23,M,Active
C01007613,2024-12-28,B005,ZM,SME,Agent,1982-12-01,F,Active
C01007614,2022-06-10,B020,ZM,Retail,ATM,2008-05-05,F,Active
C01007615,2024-08-11,B015,ZM,Retail,App,1994-08-18,M,Closed
C01007616,2025-03-08,B002,ZM,Retail,Web,2010-12-12,F,Active
C01007617,2022-09-27,B015,ZM,SME,App,2011-12-20,F,Closed
C01007618,2022-07-10,B015,ZM,Retail,Agent,1998-03-07,F,Dormant
C01007619,2025-12-01,B004,ZM,Retail,Agent,2012-08-07,F,Dormant
C01007620,2024-08-17,B001,ZM,Retail,USSD,2007-05-05,M,Active
C01007621,2022-07-19,B004,ZM,SME,Branch,2006-02-26,F,Active
C01007622,2024-07-22,B001,ZM,Premium,Web,1973-11-27,F,Closed
C01007623,2023-09-28,B015,ZM,Premium,USSD,2013-09-22,F,Closed
C01007624,2025-11-02,B010,ZM,Premium,ATM,1965-06-19,M,Active
C01007625,2025-08-12,B020,ZM,Retail,Web,1987-06-17,M,Active
C01007626,2025-12-25,B005,ZM,Retail,ATM,1988-03-19,F,Active
C01007627,2024-08-11,B015,ZM,Retail,Branch,2003-03-05,F,Dormant
C01007628,2024-08-21,B001,ZM,Retail,Web,2011-12-04,M,Active
C01007629,2023-04-20,B001,ZM,SME,Web,1971-12-02,M,Active
C01007630,2023-04-04,B001,ZM,SME,USSD,2003-01-02,M,Active
C01007631,2022-10-22,B015,ZM,Retail,App,1969-05-22,F,Active
C01007632,2025-06-17,B002,ZM,Retail,Web,1984-08-08,M,Dormant
C01007633,2023-06-13,B010,ZM,SME,Branch,2000-04-26,M,Active
C01007634,2024-01-15,B002,ZM,Retail,Web,1972-05-03,F,Active
C01007635,2024-03-13,B005,ZM,Retail,Web,1982-10-08,F,Active
C01007636,2023-01-11,B015,ZM,Retail,Web,1993-10-22,M,Dormant
C01007637,2025-12-03,B001,ZM,Retail,Web,1980-11-11,F,Active
C01007638,2025-09-24,B010,ZM,Retail,Branch,1963-04-08,F,Active
C01007639,2023-11-08,B010,ZM,Retail,USSD,1968-01-13,F,Active
C01007640,2023-10-28,B003,ZM,Retail,App,2013-09-01,M,Active
C01007641,2024-07-17,B005,ZM,Premium,Branch,2008-06-26,F,Closed
C01007642,2024-09-25,B020,ZM,Retail,Branch,1994-03-18,F,Active
C01007643,2022-03-03,B020,ZM,Retail,ATM,1982-08-31,F,Active
C01007644,2022-05-14,B010,ZM,Premium,App,1975-09-14,F,Active
C01007645,2024-08-31,B015,ZM,Retail,USSD,1984-01-10,F,Active
C01007646,2022-08-20,B001,ZM,Retail,Agent,1971-11-10,F,Dormant
C01007647,2023-12-21,B001,ZM,SME,USSD,1978-04-11,F,Active
C01007648,2024-09-07,B010,ZM,Retail,Agent,2009-12-12,F,Active
C01007649,2024-08-02,B002,ZM,SME,ATM,1980-04-23,F,Dormant
C01007650,2022-12-16,B005,ZM,Retail,ATM,2013-02-22,M,Active
C01007651,2023-08-02,B001,ZM,Retail,Branch,2000-04-30,F,Active
C01007652,2023-12-15,B010,ZM,Retail,USSD,1974-08-07,F,Active
C01007653,2025-05-22,B001,ZM,Retail,Agent,2006-10-13,F,Active
C01007654,2025-03-22,B020,ZM,SME,USSD,1981-02-14,F,Active
C01007655,2022-09-18,B010,ZM,Retail,Agent,1981-05-17,F,Active
C01007656,2024-11-06,B005,ZM,SME,USSD,2010-12-16,F,Active
C01007657,2022-07-30,B010,ZM,SME,Branch,1969-04-04,M,Active
C01007658,2024-04-10,B003,ZM,Retail,Agent,1973-07-17,F,Active
C01007659,2026-01-02,B010,ZM,SME,USSD,1970-02-10,F,Active
C01007660,2022-08-08,B010,ZM,Retail,Web,2009-04-25,M,Dormant
C01007661,2023-10-30,B015,ZM,Retail,ATM,2004-11-07,M,Active
C01007662,2025-02-12,B020,ZM,SME,ATM,1962-09-12,M,Active
C01007663,2025-08-23,B005,ZM,Retail,Agent,1995-02-27,F,Active
C01007664,2022-05-26,B015,ZM,Retail,ATM,1974-02-04,F,Active
C01007665,2023-09-11,B010,ZM,Retail,ATM,2010-10-30,F,Active
C01007666,2024-12-27,B005,ZM,Retail,Web,1978-11-06,F,Active
C01007667,2024-08-02,B003,ZM,Retail,App,1975-06-20,F,Active
C01007668,2024-03-31,B005,ZM,Retail,USSD,2006-05-22,F,Active
C01007669,2025-04-24,B001,ZM,Retail,Agent,2006-03-05,M,Dormant
C01007670,2024-04-26,B015,ZM,Retail,ATM,1964-06-05,F,Active
C01007671,2023-05-04,B005,ZM,Retail,USSD,2011-11-11,F,Active
C01007672,2025-06-25,B020,ZM,Retail,USSD,2009-12-22,M,Active
C01007673,2023-05-15,B003,ZM,Retail,Web,1979-01-10,F,Active
C01007674,2025-01-27,B004,ZM,SME,USSD,1975-01-19,M,Active
C01007675,2022-11-22,B010,ZM,Retail,ATM,1973-01-26,M,Dormant
C01007676,2024-09-14,B005,ZM,Retail,Agent,1970-11-13,M,Active
C01007677,2024-02-26,B010,ZM,Retail,USSD,1964-01-07,M,Active
C01007678,2022-05-16,B002,ZM,Retail,Web,1970-06-29,F,Active
C01007679,2023-11-29,B001,ZM,Retail,Agent,1961-05-03,F,Active
C01007680,2023-03-03,B015,ZM,Premium,Agent,1976-08-09,F,Active
C01007681,2025-11-22,B001,ZM,Premium,Agent,1980-08-20,F,Active
C01007682,2025-04-25,B002,ZM,SME,ATM,1975-10-07,F,Active
C01007683,2024-06-01,B002,ZM,SME,Web,1960-03-10,F,Active
C01007684,2024-06-10,B015,ZM,Retail,Branch,1961-06-17,M,Closed
C01007685,2025-03-07,B005,ZM,Retail,App,1965-08-27,M,Active
C01007686,2023-12-02,B002,ZM,Retail,USSD,2006-10-31,M,Active
C01007687,2025-01-20,B004,ZM,Retail,USSD,1994-08-16,M,Active
C01007688,2025-11-22,B010,ZM,SME,USSD,2001-05-21,M,Active
C01007689,2023-04-29,B010,ZM,Retail,Branch,1998-12-07,F,Active
C01007690,2022-12-21,B003,ZM,Premium,Agent,1994-01-14,F,Active
C01007691,2025-09-19,B020,ZM,Retail,Agent,1970-04-13,M,Active
C01007692,2025-10-03,B002,ZM,SME,App,1964-01-24,M,Active
C01007693,2022-06-09,B002,ZM,Retail,Web,1962-09-03,F,Dormant
C01007694,2025-12-28,B004,ZM,Retail,Branch,2005-07-26,F,Active
C01007695,2025-03-21,B001,ZM,Retail,Branch,2013-07-19,F,Active
C01007696,2024-09-23,B001,ZM,SME,ATM,2010-01-26,F,Active
C01007697,2022-08-23,B010,ZM,SME,Agent,2003-02-20,F,Active
C01007698,2025-04-27,B010,ZM,Retail,Branch,1994-08-26,M,Active
C01007699,2025-05-05,B005,ZM,Retail,Branch,1970-12-01,M,Active
C01007700,2024-08-06,B015,ZM,Retail,USSD,1961-01-02,M,Active
C01007701,2023-10-29,B020,ZM,Premium,Agent,2009-02-20,F,Dormant
C01007702,2025-02-10,B004,ZM,Retail,ATM,1967-07-02,M,Active
C01007703,2022-07-19,B015,ZM,Retail,Web,1986-07-05,M,Active
C01007704,2024-06-30,B015,ZM,Retail,App,1976-12-26,M,Active
C01007705,2022-12-27,B003,ZM,Retail,Web,1993-06-07,F,Active
C01007706,2023-09-23,B015,ZM,Retail,ATM,1994-06-04,F,Active
C01007707,2024-04-11,B003,ZM,Retail,USSD,1968-05-03,F,Closed
C01007708,2022-05-23,B015,ZM,Premium,App,1985-11-27,F,Active
C01007709,2025-05-10,B004,ZM,SME,Web,1965-07-15,M,Active
C01007710,2022-08-11,B003,ZM,Retail,Agent,1981-02-07,M,Dormant
C01007711,2025-11-04,B001,ZM,Premium,Agent,2009-08-12,F,Active
C01007712,2025-05-06,B003,ZM,Retail,App,1985-12-16,F,Active
C01007713,2024-02-16,B003,ZM,Retail,App,1988-08-24,F,Active
C01007714,2023-11-02,B004,ZM,Retail,App,1981-11-20,M,Dormant
C01007715,2024-10-09,B004,ZM,Retail,Branch,1967-08-18,F,Active
C01007716,2025-08-13,B003,ZM,SME,ATM,2012-11-24,M,Closed
C01007717,2025-09-14,B020,ZM,Retail,Agent,2005-10-13,F,Active
C01007718,2022-05-06,B002,ZM,Retail,Agent,1964-04-01,F,Active
C01007719,2022-07-05,B020,ZM,SME,ATM,2003-04-18,F,Active
C01007720,2023-03-22,B004,ZM,Retail,USSD,1984-10-16,M,Dormant
C01007721,2022-10-12,B020,ZM,SME,Agent,1997-10-12,F,Active
C01007722,2025-04-04,B020,ZM,Retail,Web,2009-05-16,M,Active
C01007723,2025-07-26,B005,ZM,Retail,USSD,1972-05-27,M,Dormant
C01007724,2022-01-01,B005,ZM,SME,Web,1977-06-29,F,Active
C01007725,2022-10-28,B001,ZM,Retail,App,1988-03-31,M,Active
C01007726,2025-09-15,B015,ZM,Retail,Agent,1987-10-02,F,Active
C01007727,2022-11-02,B003,ZM,Retail,Web,1996-08-30,F,Active
C01007728,2024-07-16,B002,ZM,Retail,Web,2012-10-24,F,Active
C01007729,2024-12-24,B001,ZM,Premium,App,1988-05-20,F,Active
C01007730,2023-08-20,B003,ZM,Retail,USSD,1968-10-05,M,Active
C01007731,2024-03-09,B020,ZM,Retail,Web,1963-02-16,M,Active
C01007732,2025-06-14,B004,ZM,Premium,Agent,1960-04-29,F,Active
C01007733,2025-03-29,B005,ZM,Retail,USSD,1977-10-24,F,Dormant
C01007734,2024-07-04,B010,ZM,Retail,USSD,1961-07-07,M,Dormant
C01007735,2023-02-05,B002,ZM,Retail,ATM,2001-01-01,M,Active
C01007736,2023-02-26,B020,ZM,SME,Agent,1996-04-08,M,Dormant
C01007737,2025-10-27,B010,ZM,Retail,Agent,1976-05-12,M,Dormant
C01007738,2023-10-11,B005,ZM,Retail,App,1960-04-24,F,Active
C01007739,2023-09-06,B020,ZM,Retail,App,1993-03-14,M,Closed
C01007740,2025-03-13,B015,ZM,Retail,Branch,1985-01-09,M,Closed
C01007741,2025-10-23,B015,ZM,Retail,Agent,1989-07-21,F,Active
C01007742,2023-09-16,B010,ZM,Retail,USSD,2012-10-12,F,Active
C01007743,2024-06-09,B004,ZM,Retail,Branch,1994-01-07,M,Active
C01007744,2026-01-10,B020,ZM,Retail,Agent,1999-04-03,F,Active
C01007745,2023-12-07,B003,ZM,Retail,App,1966-09-08,M,Active
C01007746,2022-07-02,B020,ZM,SME,App,1989-09-24,F,Dormant
C01007747,2025-04-08,B004,ZM,Retail,Agent,1961-10-02,M,Active
C01007748,2022-01-17,B020,ZM,Retail,Branch,1964-02-18,F,Active
C01007749,2025-06-06,B010,ZM,Retail,App,1999-02-08,M,Active
C01007750,2024-11-11,B004,ZM,Retail,App,1998-10-31,F,Active
C01007751,2024-04-07,B005,ZM,Retail,ATM,1994-12-25,M,Active
C01007752,2022-09-19,B002,ZM,Retail,Web,1997-11-12,F,Dormant
C01007753,2023-08-26,B004,ZM,Retail,Agent,1984-02-07,F,Active
C01007754,2022-05-08,B020,ZM,SME,ATM,1968-04-03,F,Dormant
C01007755,2024-01-27,B005,ZM,Retail,Web,1966-08-16,F,Active
C01007756,2025-01-29,B002,ZM,SME,Agent,1961-03-03,F,Active
C01007757,2022-04-19,B015,ZM,Retail,ATM,1995-04-04,M,Active
C01007758,2022-01-02,B003,ZM,SME,ATM,1993-04-12,F,Active
C01007759,2025-12-11,B010,ZM,Retail,Agent,1986-10-31,F,Active
C01007760,2025-02-20,B020,ZM,Retail,USSD,1967-10-06,M,Active
C01007761,2024-01-06,B020,ZM,SME,Branch,1968-02-06,M,Active
C01007762,2022-08-13,B015,ZM,Retail,Agent,1980-03-02,F,Active
C01007763,2023-08-01,B003,ZM,Retail,ATM,1985-04-25,F,Active
C01007764,2022-03-05,B015,ZM,Retail,USSD,1960-02-21,F,Active
C01007765,2023-04-27,B001,ZM,SME,ATM,2000-02-07,M,Active
C01007766,2024-06-03,B015,ZM,Retail,Branch,2008-08-04,F,Active
C01007767,2025-12-09,B005,ZM,SME,USSD,1989-01-22,M,Active
C01007768,2025-04-23,B002,ZM,Retail,Agent,1969-01-08,M,Active
C01007769,2024-03-18,B020,ZM,Retail,Web,1995-10-12,M,Closed
C01007770,2025-07-04,B015,ZM,Retail,Branch,2013-01-23,F,Active
C01007771,2023-10-14,B020,ZM,Retail,App,1984-02-14,F,Active
C01007772,2025-12-28,B004,ZM,Retail,Agent,2002-02-11,F,Active
C01007773,2024-02-23,B003,ZM,Retail,Agent,1963-10-06,F,Active
C01007774,2024-04-11,B015,ZM,Retail,Agent,2006-11-25,M,Active
C01007775,2024-02-21,B002,ZM,Retail,USSD,1961-05-07,F,Active
C01007776,2024-06-10,B005,ZM,Retail,App,1992-12-13,M,Active
C01007777,2025-01-21,B001,ZM,SME,USSD,2010-05-23,F,Active
C01007778,2023-03-09,B020,ZM,Retail,Web,1977-06-18,M,Active
C01007779,2025-09-18,B003,ZM,SME,USSD,1998-07-26,F,Active
C01007780,2022-12-22,B010,ZM,Retail,Agent,1997-08-26,F,Active
C01007781,2024-08-30,B002,ZM,SME,ATM,2009-03-08,M,Active
C01007782,2022-10-12,B010,ZM,Retail,App,1978-02-24,F,Active
C01007783,2023-01-21,B002,ZM,Retail,App,1986-05-24,F,Active
C01007784,2025-02-11,B002,ZM,SME,USSD,2009-09-12,M,Active
C01007785,2024-02-27,B005,ZM,Premium,ATM,1972-08-19,M,Active
C01007786,2024-01-08,B005,ZM,Retail,ATM,1993-11-26,M,Active
C01007787,2024-05-04,B005,ZM,Retail,USSD,2007-12-07,M,Active
C01007788,2022-11-12,B015,ZM,Retail,Branch,2010-11-28,F,Active
C01007789,2023-08-14,B004,ZM,Retail,Web,2010-08-26,F,Active
C01007790,2025-10-04,B002,ZM,SME,USSD,1996-05-10,M,Active
C01007791,2022-09-15,B003,ZM,Retail,Agent,1974-04-17,F,Active
C01007792,2022-10-03,B010,ZM,SME,ATM,1994-11-05,F,Active
C01007793,2022-01-24,B005,ZM,Retail,Web,2014-06-13,M,Closed
C01007794,2022-05-27,B015,ZM,SME,USSD,2001-03-10,M,Active
C01007795,2025-08-20,B005,ZM,SME,Web,1961-05-20,F,Dormant
C01007796,2022-02-02,B010,ZM,Retail,Branch,2007-05-14,F,Active
C01007797,2022-10-22,B010,ZM,Retail,ATM,1980-12-31,M,Active
C01007798,2026-01-17,B020,ZM,SME,Branch,2008-06-09,M,Active
C01007799,2024-09-23,B002,ZM,Retail,Branch,1998-11-20,M,Active
C01007800,2025-09-09,B005,ZM,Retail,ATM,2010-01-23,F,Active
C01007801,2024-06-13,B010,ZM,Retail,Agent,2009-10-30,M,Active
C01007802,2022-10-06,B004,ZM,Retail,Branch,2006-08-27,M,Active
C01007803,2022-06-23,B004,ZM,SME,USSD,2010-10-03,F,Active
C01007804,2022-10-09,B005,ZM,Retail,USSD,1970-08-12,M,Active
C01007805,2025-08-08,B015,ZM,Premium,Web,2002-05-22,M,Active
C01007806,2024-05-01,B010,ZM,Retail,USSD,2007-06-21,M,Active
C01007807,2024-07-22,B020,ZM,Retail,USSD,2003-07-16,F,Closed
C01007808,2025-11-25,B002,ZM,Retail,Web,1966-07-08,F,Active
C01007809,2025-05-22,B002,ZM,Retail,App,1992-08-30,M,Active
C01007810,2024-05-21,B015,ZM,Retail,ATM,1962-09-30,F,Active
C01007811,2025-06-30,B020,ZM,Retail,USSD,1993-04-13,M,Closed
C01007812,2023-01-04,B002,ZM,Retail,Web,2013-01-19,F,Active
C01007813,2024-07-19,B020,ZM,SME,Branch,1998-06-19,F,Active
C01007814,2024-11-09,B001,ZM,Retail,Branch,1976-03-15,M,Active
C01007815,2024-05-18,B005,ZM,Retail,Agent,1992-07-26,M,Active
C01007816,2025-02-04,B002,ZM,SME,USSD,2000-09-08,F,Active
C01007817,2024-07-10,B004,ZM,Retail,ATM,1966-12-15,F,Active
C01007818,2024-02-27,B010,ZM,Retail,Web,2011-01-29,F,Active
C01007819,2023-12-29,B020,ZM,Retail,Agent,2000-10-09,F,Active
C01007820,2023-04-08,B020,ZM,Retail,Agent,1993-10-29,M,Active
C01007821,2023-01-16,B003,ZM,Retail,Web,1962-02-04,F,Active
C01007822,2024-05-19,B015,ZM,Retail,Web,2013-05-09,M,Active
C01007823,2025-05-23,B003,ZM,Retail,Web,1981-03-28,M,Active
C01007824,2022-01-16,B002,ZM,Retail,Web,1971-05-08,F,Active
C01007825,2025-03-29,B003,ZM,Premium,ATM,1961-12-30,F,Active
C01007826,2024-10-17,B003,ZM,Retail,Web,1967-10-21,F,Active
C01007827,2026-02-05,B001,ZM,Retail,ATM,1971-11-27,M,Active
C01007828,2023-04-30,B020,ZM,Retail,ATM,1998-09-21,M,Dormant
C01007829,2025-12-29,B004,ZM,SME,ATM,1992-02-29,F,Active
C01007830,2024-10-24,B015,ZM,Retail,Branch,2000-10-11,F,Active
C01007831,2023-07-06,B004,ZM,Retail,App,2006-10-30,F,Active
C01007832,2024-04-21,B001,ZM,Premium,Agent,2011-10-17,M,Active
C01007833,2025-01-23,B001,ZM,Retail,USSD,2010-02-26,M,Active
C01007834,2025-03-26,B003,ZM,Retail,Branch,1976-10-03,F,Active
C01007835,2024-01-22,B005,ZM,Retail,App,1994-02-07,M,Dormant
C01007836,2022-03-10,B020,ZM,Retail,Agent,1961-04-26,M,Active
C01007837,2022-03-19,B010,ZM,SME,Branch,1987-02-27,M,Dormant
C01007838,2025-03-09,B020,ZM,Retail,Agent,1967-01-21,M,Active
C01007839,2024-09-16,B010,ZM,Retail,ATM,2009-08-21,F,Active
C01007840,2025-12-14,B003,ZM,Retail,ATM,1960-07-10,F,Active
C01007841,2024-01-25,B010,ZM,SME,Web,2011-04-14,F,Active
C01007842,2022-08-20,B001,ZM,Retail,ATM,1993-01-23,M,Active
C01007843,2025-04-03,B004,ZM,Retail,Branch,1972-06-27,F,Dormant
C01007844,2024-09-13,B010,ZM,Retail,Agent,1966-07-14,F,Closed
C01007845,2025-11-15,B020,ZM,Retail,USSD,2001-05-10,M,Active
C01007846,2022-06-13,B015,ZM,Retail,Agent,1992-05-28,M,Active
C01007847,2022-10-18,B003,ZM,Retail,ATM,1990-02-09,M,Dormant
C01007848,2026-02-04,B005,ZM,Retail,Agent,2005-10-18,F,Active
C01007849,2026-02-06,B003,ZM,Retail,App,1988-03-14,F,Active
C01007850,2024-12-14,B002,ZM,Retail,Agent,1970-07-26,M,Active
C01007851,2023-07-27,B003,ZM,Retail,Branch,2001-04-26,F,Active
C01007852,2024-08-10,B001,ZM,Retail,App,2003-08-29,F,Active
C01007853,2024-11-24,B004,ZM,Premium,Web,2000-12-28,M,Active
C01007854,2022-06-10,B004,ZM,Retail,Web,1986-02-01,M,Active
C01007855,2024-12-07,B015,ZM,Retail,Agent,1968-02-04,F,Active
C01007856,2025-06-03,B010,ZM,Retail,USSD,1972-05-17,F,Active
C01007857,2022-07-01,B001,ZM,SME,Branch,2003-10-21,M,Dormant
C01007858,2023-05-18,B002,ZM,Retail,USSD,1986-08-17,M,Dormant
C01007859,2024-08-25,B001,ZM,Retail,App,1994-07-19,M,Active
C01007860,2025-07-15,B003,ZM,Retail,USSD,2014-01-07,M,Active
C01007861,2025-09-21,B001,ZM,Retail,App,1976-08-02,F,Closed
C01007862,2025-10-01,B001,ZM,SME,USSD,1966-09-11,F,Active
C01007863,2022-06-09,B015,ZM,Retail,Web,1968-08-30,F,Dormant
C01007864,2025-11-01,B002,ZM,Retail,Branch,2008-08-10,F,Active
C01007865,2025-07-21,B003,ZM,SME,USSD,2009-06-21,F,Active
C01007866,2025-01-09,B005,ZM,Retail,Agent,1972-12-23,M,Dormant
C01007867,2025-04-02,B015,ZM,SME,App,1985-02-23,M,Dormant
C01007868,2023-10-02,B005,ZM,Retail,Agent,1968-03-30,M,Active
C01007869,2025-06-09,B015,ZM,Retail,Branch,2014-08-06,M,Active
C01007870,2022-04-19,B004,ZM,SME,Agent,2013-02-16,F,Active
C01007871,2023-12-05,B020,ZM,Retail,Web,1996-02-20,F,Active
C01007872,2024-12-31,B015,ZM,SME,Web,1972-05-11,M,Active
C01007873,2022-01-23,B010,ZM,Retail,ATM,1999-02-03,F,Active
C01007874,2024-08-18,B001,ZM,Retail,Branch,1983-11-21,M,Closed
C01007875,2024-07-18,B004,ZM,Retail,USSD,1975-11-18,F,Active
C01007876,2024-11-15,B002,ZM,Retail,Web,1974-08-06,F,Active
C01007877,2024-08-18,B005,ZM,Retail,USSD,1972-08-22,F,Active
C01007878,2025-03-21,B020,ZM,Retail,USSD,2014-02-10,F,Active
C01007879,2023-11-10,B020,ZM,Premium,App,2002-11-03,F,Active
C01007880,2024-05-12,B015,ZM,Retail,Agent,1989-12-27,F,Active
C01007881,2023-12-24,B001,ZM,Retail,USSD,2005-12-14,F,Active
C01007882,2023-08-27,B002,ZM,Retail,ATM,2012-09-19,M,Active
C01007883,2023-08-16,B010,ZM,Retail,Branch,1966-09-05,M,Dormant
C01007884,2022-12-10,B002,ZM,Retail,Branch,2000-04-21,F,Active
C01007885,2022-03-14,B001,ZM,Retail,App,1964-10-15,M,Active
C01007886,2025-11-24,B010,ZM,SME,ATM,1983-09-18,M,Active
C01007887,2025-05-08,B002,ZM,SME,Agent,1992-11-15,M,Active
C01007888,2023-09-15,B010,ZM,Retail,ATM,1983-11-25,M,Active
C01007889,2026-01-28,B015,ZM,Retail,Branch,1971-10-31,M,Dormant
C01007890,2025-02-28,B015,ZM,Retail,ATM,1969-06-10,F,Dormant
C01007891,2023-06-18,B001,ZM,Retail,Agent,2009-08-29,F,Active
C01007892,2022-05-06,B001,ZM,Retail,Web,1991-02-04,F,Active
C01007893,2025-07-12,B010,ZM,Retail,USSD,1986-05-06,M,Active
C01007894,2024-08-27,B003,ZM,Retail,USSD,1993-06-13,M,Active
C01007895,2025-03-30,B004,ZM,Retail,Branch,2003-08-11,F,Active
C01007896,2022-12-13,B020,ZM,SME,Branch,1964-01-26,M,Active
C01007897,2025-03-19,B002,ZM,Retail,Agent,1988-08-12,F,Active
C01007898,2022-04-16,B002,ZM,Retail,ATM,1999-01-13,F,Active
C01007899,2025-09-06,B003,ZM,Retail,Agent,2005-05-17,M,Active
C01007900,2023-08-21,B003,ZM,SME,App,1971-05-05,M,Closed
C01007901,2025-07-02,B003,ZM,Premium,Branch,1960-04-04,M,Active
C01007902,2022-02-25,B005,ZM,Retail,Branch,2011-11-08,F,Active
C01007903,2023-08-11,B005,ZM,Retail,Branch,1972-09-11,F,Dormant
C01007904,2024-09-19,B010,ZM,Premium,Agent,1971-05-02,F,Active
C01007905,2022-06-18,B005,ZM,Retail,Agent,1992-12-09,F,Active
C01007906,2022-09-17,B015,ZM,SME,ATM,2004-07-31,M,Active
C01007907,2024-11-01,B015,ZM,SME,Web,1960-01-02,F,Active
C01007908,2022-06-07,B001,ZM,Retail,Branch,2011-07-17,M,Active
C01007909,2023-07-24,B020,ZM,Retail,Web,1961-08-14,F,Active
C01007910,2023-06-01,B010,ZM,Retail,Agent,1964-06-19,F,Active
C01007911,2022-09-29,B020,ZM,Retail,ATM,1965-09-07,F,Dormant
C01007912,2025-06-15,B002,ZM,SME,Agent,1995-10-28,F,Active
C01007913,2023-07-30,B004,ZM,SME,App,1979-09-12,F,Active
C01007914,2023-07-18,B001,ZM,Retail,USSD,1990-09-12,F,Active
C01007915,2023-06-11,B002,ZM,Retail,USSD,1996-10-13,M,Dormant
C01007916,2022-01-30,B002,ZM,Retail,Agent,1984-09-05,F,Active
C01007917,2022-08-17,B010,ZM,Retail,USSD,1964-09-27,M,Active
C01007918,2025-05-21,B003,ZM,Retail,USSD,2001-03-18,M,Active
C01007919,2022-12-24,B003,ZM,Retail,ATM,1975-05-27,F,Active
C01007920,2025-04-26,B020,ZM,Retail,USSD,1978-12-14,F,Dormant
C01007921,2022-11-06,B001,ZM,Retail,ATM,1972-03-14,F,Active
C01007922,2025-09-11,B003,ZM,Premium,App,1984-12-24,M,Active
C01007923,2024-07-03,B002,ZM,Retail,Branch,2002-03-02,M,Dormant
C01007924,2024-01-28,B003,ZM,SME,Branch,1975-12-08,M,Active
C01007925,2022-12-26,B005,ZM,Retail,Branch,2005-02-18,M,Active
C01007926,2023-06-20,B003,ZM,Retail,ATM,1974-08-14,F,Dormant
C01007927,2025-12-06,B002,ZM,SME,ATM,2010-03-28,M,Dormant
C01007928,2023-04-29,B020,ZM,Retail,ATM,1989-06-08,M,Active
C01007929,2024-09-20,B010,ZM,Retail,App,1985-02-12,M,Dormant
C01007930,2023-01-06,B001,ZM,Retail,Web,1960-06-14,M,Active
C01007931,2024-12-16,B004,ZM,Retail,ATM,1965-03-29,F,Active
C01007932,2022-03-09,B003,ZM,Retail,ATM,1967-12-25,F,Active
C01007933,2023-12-04,B015,ZM,SME,Branch,2003-07-22,F,Active
C01007934,2022-06-22,B015,ZM,Retail,Agent,2006-08-31,F,Active
C01007935,2022-10-25,B020,ZM,Retail,USSD,2006-05-10,F,Active
C01007936,2025-05-04,B002,ZM,SME,USSD,1976-05-24,M,Dormant
C01007937,2022-11-12,B004,ZM,Retail,App,1974-06-08,M,Active
C01007938,2024-10-12,B004,ZM,Retail,USSD,1983-06-28,M,Active
C01007939,2024-04-25,B005,ZM,Retail,Web,2000-08-09,M,Dormant
C01007940,2024-02-24,B004,ZM,Retail,Branch,1981-07-25,M,Active
C01007941,2023-05-03,B015,ZM,Retail,App,1968-01-31,F,Active
C01007942,2025-09-15,B010,ZM,Retail,USSD,1972-03-22,M,Closed
C01007943,2024-06-20,B002,ZM,Retail,USSD,1997-08-26,F,Active
C01007944,2026-01-26,B002,ZM,Retail,Agent,1966-07-03,F,Active
C01007945,2025-07-29,B003,ZM,Retail,Branch,1994-12-10,F,Active
C01007946,2022-12-09,B003,ZM,Retail,App,2008-08-24,M,Active
C01007947,2023-03-08,B003,ZM,Retail,Branch,1993-06-23,M,Active
C01007948,2025-03-29,B015,ZM,Retail,App,1960-07-23,M,Active
C01007949,2023-12-08,B015,ZM,Retail,USSD,2003-03-12,F,Closed
C01007950,2022-04-22,B020,ZM,SME,Branch,1965-11-29,F,Active
C01007951,2025-08-08,B015,ZM,Retail,Branch,1965-04-14,M,Active
C01007952,2023-06-26,B015,ZM,Retail,Web,1991-07-12,F,Active
C01007953,2022-08-26,B015,ZM,Retail,Agent,2010-06-17,F,Active
C01007954,2022-04-18,B015,ZM,Retail,Branch,1965-04-17,F,Active
C01007955,2022-12-10,B010,ZM,Retail,App,1968-03-16,M,Active
C01007956,2024-08-08,B015,ZM,SME,Web,1970-06-03,F,Active
C01007957,2024-03-27,B020,ZM,SME,Branch,2011-07-12,M,Active
C01007958,2024-09-02,B004,ZM,SME,Branch,1993-05-10,M,Active
C01007959,2023-09-10,B004,ZM,SME,Web,1960-02-03,F,Active
C01007960,2024-09-02,B005,ZM,SME,USSD,1975-12-20,F,Active
C01007961,2024-12-26,B010,ZM,Retail,Branch,2001-08-11,F,Active
C01007962,2023-04-24,B003,ZM,Retail,ATM,1969-10-18,M,Active
C01007963,2024-02-17,B001,ZM,SME,Agent,1967-09-24,M,Active
C01007964,2025-10-31,B015,ZM,Retail,USSD,1988-04-04,F,Active
C01007965,2025-12-16,B005,ZM,Retail,Branch,1976-09-05,F,Active
C01007966,2024-03-09,B001,ZM,Retail,USSD,1998-05-06,M,Active
C01007967,2024-08-29,B020,ZM,Retail,App,1967-04-03,F,Active
C01007968,2023-06-22,B004,ZM,Retail,USSD,1963-11-30,M,Active
C01007969,2022-10-25,B005,ZM,Retail,Web,1992-07-16,F,Active
C01007970,2024-12-22,B020,ZM,Retail,Branch,1980-05-26,F,Active
C01007971,2024-06-09,B005,ZM,SME,USSD,1999-07-12,F,Active
C01007972,2022-01-25,B002,ZM,Retail,ATM,1964-10-10,M,Active
C01007973,2023-08-15,B020,ZM,SME,App,2011-02-03,F,Active
C01007974,2024-07-08,B004,ZM,Retail,App,1972-03-19,F,Active
C01007975,2024-02-22,B004,ZM,Retail,USSD,1977-11-27,M,Active
C01007976,2025-10-21,B010,ZM,Retail,Web,1963-12-07,M,Active
C01007977,2023-10-09,B005,ZM,Retail,App,1962-12-11,M,Dormant
C01007978,2024-12-21,B015,ZM,Retail,USSD,2001-06-25,M,Active
C01007979,2025-10-30,B004,ZM,SME,USSD,1966-05-11,M,Active
C01007980,2022-03-26,B005,ZM,SME,App,1998-08-05,M,Dormant
C01007981,2022-07-19,B010,ZM,Premium,USSD,2013-04-04,M,Closed
C01007982,2024-12-24,B015,ZM,Retail,USSD,1988-02-29,M,Active
C01007983,2025-07-29,B020,ZM,Retail,Agent,1961-04-26,F,Active
C01007984,2023-12-26,B010,ZM,Retail,ATM,1960-05-30,F,Active
C01007985,2024-06-03,B002,ZM,Retail,USSD,2003-05-30,F,Active
C01007986,2025-06-04,B015,ZM,Retail,Agent,1983-01-02,F,Active
C01007987,2025-08-28,B005,ZM,Retail,Agent,1967-10-09,M,Active
C01007988,2023-07-13,B004,ZM,Retail,USSD,2005-03-25,M,Active
C01007989,2023-11-18,B004,ZM,Retail,Web,2011-06-30,M,Active
C01007990,2023-07-08,B005,ZM,Retail,App,1988-01-06,M,Active
C01007991,2023-07-01,B005,ZM,Retail,Agent,2010-05-26,M,Active
C01007992,2022-07-21,B005,ZM,Retail,Agent,1989-05-10,F,Dormant
C01007993,2023-06-07,B003,ZM,Retail,Web,1986-04-16,F,Active
C01007994,2025-09-02,B015,ZM,Retail,Branch,1980-05-13,M,Active
C01007995,2025-04-11,B004,ZM,Retail,Web,1972-08-20,F,Dormant
C01007996,2024-03-12,B015,ZM,Retail,Branch,2010-11-29,M,Active
C01007997,2024-08-02,B010,ZM,Retail,Branch,2006-10-27,M,Active
C01007998,2025-10-14,B004,ZM,SME,Web,2002-01-06,F,Active
C01007999,2023-05-11,B003,ZM,Retail,ATM,1997-01-25,F,Active
C01008000,2025-10-08,B005,ZM,Retail,Web,2013-03-17,M,Active
C01008001,2025-04-20,B002,ZM,Retail,Agent,2009-10-27,F,Dormant
C01008002,2023-02-04,B005,ZM,Premium,App,2011-05-31,M,Active
C01008003,2024-11-30,B020,ZM,Retail,Web,1979-02-20,M,Closed
C01008004,2023-11-23,B005,ZM,SME,ATM,1996-12-21,F,Active
C01008005,2025-10-19,B003,ZM,Retail,Web,1990-12-01,M,Dormant
C01008006,2025-11-14,B015,ZM,Retail,ATM,1971-10-19,M,Active
C01008007,2023-01-04,B004,ZM,SME,App,2013-05-24,F,Active
C01008008,2023-10-04,B005,ZM,Retail,USSD,1983-01-24,M,Active
C01008009,2025-01-26,B004,ZM,Retail,ATM,1985-01-12,M,Dormant
C01008010,2022-01-22,B001,ZM,Retail,ATM,2002-05-13,F,Active
C01008011,2025-10-09,B010,ZM,Retail,Agent,1970-05-14,F,Active
C01008012,2022-01-18,B015,ZM,Retail,ATM,1997-02-01,F,Active
C01008013,2022-05-20,B004,ZM,Retail,App,1967-11-26,M,Dormant
C01008014,2022-01-25,B002,ZM,Retail,Branch,2006-03-04,M,Dormant
C01008015,2024-04-22,B010,ZM,SME,ATM,1972-09-02,F,Active
C01008016,2022-07-20,B020,ZM,Retail,App,2002-07-15,F,Active
C01008017,2024-12-11,B020,ZM,Retail,Agent,1978-02-20,M,Active
C01008018,2022-08-01,B002,ZM,Retail,Agent,1987-11-21,F,Active
C01008019,2025-11-04,B005,ZM,Premium,USSD,2008-04-20,M,Active
C01008020,2024-07-02,B010,ZM,Retail,ATM,1967-06-01,M,Active
C01008021,2023-12-21,B004,ZM,Retail,Branch,1979-02-16,F,Active
C01008022,2023-03-26,B010,ZM,SME,App,1966-05-06,M,Active
C01008023,2026-01-25,B005,ZM,SME,USSD,1963-03-09,F,Dormant
C01008024,2023-08-04,B003,ZM,Retail,Branch,1983-02-17,M,Dormant
C01008025,2023-05-31,B015,ZM,Retail,USSD,1989-10-23,M,Active
C01008026,2023-01-31,B002,ZM,Retail,Branch,1964-01-27,M,Active
C01008027,2022-03-11,B005,ZM,Retail,Web,1973-10-16,F,Active
C01008028,2022-02-18,B003,ZM,SME,Web,1991-07-24,M,Dormant
C01008029,2025-06-22,B010,ZM,SME,Web,2010-05-16,M,Active
C01008030,2022-07-08,B010,ZM,Retail,USSD,1996-03-06,F,Active
C01008031,2022-04-27,B005,ZM,Retail,Web,1979-11-24,F,Active
C01008032,2025-05-01,B004,ZM,Retail,App,1976-06-07,M,Active
C01008033,2025-09-06,B010,ZM,Premium,App,1966-03-01,F,Active
C01008034,2023-03-21,B004,ZM,Retail,Web,2002-01-04,M,Active
C01008035,2025-05-12,B004,ZM,Retail,Branch,1986-08-16,M,Active
C01008036,2025-07-30,B015,ZM,Retail,Branch,1979-02-20,M,Active
C01008037,2022-09-07,B004,ZM,Retail,USSD,1992-04-16,M,Active
C01008038,2025-12-21,B001,ZM,Retail,Branch,1999-04-13,M,Active
C01008039,2022-09-03,B015,ZM,SME,ATM,1982-12-20,M,Active
C01008040,2022-06-26,B003,ZM,SME,Branch,2007-01-05,F,Active
C01008041,2025-05-23,B003,ZM,Retail,App,1981-09-15,M,Active
C01008042,2022-09-24,B010,ZM,Retail,Agent,1990-04-08,M,Active
C01008043,2024-02-09,B010,ZM,SME,Branch,1973-07-31,F,Dormant
C01008044,2025-09-06,B004,ZM,Retail,USSD,1997-09-27,M,Active
C01008045,2025-08-19,B015,ZM,Retail,Branch,2007-07-18,M,Active
C01008046,2025-03-05,B015,ZM,Premium,USSD,1965-06-04,M,Dormant
C01008047,2023-01-14,B001,ZM,SME,ATM,1996-05-22,M,Active
C01008048,2022-08-16,B004,ZM,SME,Web,1984-06-28,F,Closed
C01008049,2025-11-25,B001,ZM,Retail,ATM,2008-12-14,M,Active
C01008050,2023-01-13,B020,ZM,Retail,App,1999-01-23,F,Active
C01008051,2023-06-03,B004,ZM,Retail,Agent,1963-06-29,F,Active
C01008052,2023-08-27,B002,ZM,Retail,ATM,1998-07-06,F,Active
C01008053,2024-08-14,B002,ZM,SME,ATM,2000-03-04,M,Active
C01008054,2025-09-14,B005,ZM,Retail,App,1977-05-20,M,Active
C01008055,2022-06-05,B004,ZM,Retail,App,2012-10-10,F,Active
C01008056,2025-08-01,B015,ZM,Retail,Web,2009-02-27,F,Active
C01008057,2024-07-17,B010,ZM,Retail,Web,1979-08-26,M,Closed
C01008058,2023-07-21,B003,ZM,Premium,Branch,1982-07-20,M,Closed
C01008059,2024-05-24,B005,ZM,Retail,USSD,1986-11-16,M,Active
C01008060,2025-11-18,B010,ZM,Retail,App,2008-08-14,M,Active
C01008061,2025-09-29,B002,ZM,Retail,ATM,2005-02-27,M,Active
C01008062,2023-10-25,B004,ZM,Retail,ATM,1977-07-07,F,Active
C01008063,2023-06-12,B005,ZM,Retail,Web,2009-02-01,F,Active
C01008064,2022-11-28,B004,ZM,Retail,USSD,1987-03-29,F,Active
C01008065,2022-06-01,B002,ZM,Retail,App,1975-11-13,M,Active
C01008066,2023-07-22,B005,ZM,SME,Web,1988-07-09,F,Active
C01008067,2022-05-08,B002,ZM,Retail,USSD,1980-06-10,M,Closed
C01008068,2024-02-23,B001,ZM,Retail,App,1994-04-29,F,Dormant
C01008069,2024-03-06,B002,ZM,Retail,ATM,1986-09-23,M,Active
C01008070,2023-11-13,B015,ZM,Retail,ATM,1996-05-31,F,Active
C01008071,2022-05-04,B015,ZM,Retail,Web,1972-05-15,F,Dormant
C01008072,2023-06-13,B004,ZM,Retail,USSD,2008-06-18,M,Active
C01008073,2023-06-27,B003,ZM,Retail,ATM,1964-04-03,M,Active
C01008074,2022-12-31,B002,ZM,SME,USSD,1989-09-06,F,Dormant
C01008075,2024-06-21,B010,ZM,SME,Web,1989-12-18,F,Active
C01008076,2022-05-23,B015,ZM,SME,Branch,1964-10-05,M,Dormant
C01008077,2024-10-04,B020,ZM,Retail,USSD,1999-12-20,M,Active
C01008078,2023-02-15,B003,ZM,Retail,Agent,1999-11-11,M,Dormant
C01008079,2025-06-03,B001,ZM,SME,USSD,1984-10-27,F,Active
C01008080,2024-03-15,B005,ZM,Retail,Web,1964-06-30,F,Active
C01008081,2023-01-01,B005,ZM,SME,Agent,1995-04-20,M,Active
C01008082,2025-08-14,B015,ZM,Retail,Branch,1992-04-21,F,Active
C01008083,2024-10-04,B003,ZM,Retail,ATM,2000-04-12,M,Active
C01008084,2022-08-11,B015,ZM,SME,App,1990-02-07,F,Active
C01008085,2022-10-22,B005,ZM,SME,Web,1991-08-14,M,Active
C01008086,2025-01-12,B020,ZM,SME,App,1967-03-08,M,Closed
C01008087,2024-06-02,B002,ZM,Premium,Branch,1992-09-03,F,Active
C01008088,2023-03-24,B003,ZM,Retail,Agent,1995-08-16,M,Active
C01008089,2025-06-11,B004,ZM,Retail,Branch,1974-04-22,M,Dormant
C01008090,2025-08-10,B002,ZM,SME,USSD,1978-06-24,F,Active
C01008091,2022-08-06,B002,ZM,Retail,App,2010-08-25,F,Active
C01008092,2024-06-23,B002,ZM,Retail,App,1976-05-25,F,Active
C01008093,2026-01-05,B004,ZM,Retail,Branch,1960-11-14,F,Active
C01008094,2023-06-15,B020,ZM,Retail,Agent,2013-04-18,M,Active
C01008095,2022-07-31,B001,ZM,Retail,App,1963-01-19,M,Active
C01008096,2022-03-13,B020,ZM,Retail,ATM,2008-07-09,M,Closed
C01008097,2022-05-30,B020,ZM,SME,Branch,1989-11-25,M,Active
C01008098,2022-05-25,B020,ZM,Retail,USSD,1989-02-11,M,Active
C01008099,2025-03-16,B010,ZM,Retail,USSD,1969-08-11,F,Dormant
C01008100,2026-01-30,B015,ZM,Retail,USSD,1963-10-24,F,Active
C01008101,2023-05-29,B005,ZM,Retail,App,2004-04-06,M,Active
C01008102,2024-07-02,B015,ZM,Retail,Branch,1987-10-06,F,Active
C01008103,2022-02-08,B003,ZM,Retail,USSD,1962-06-21,F,Active
C01008104,2024-10-16,B020,ZM,Retail,Branch,2013-11-01,F,Active
C01008105,2022-11-01,B001,ZM,Retail,App,1969-02-15,F,Closed
C01008106,2025-08-30,B003,ZM,Retail,ATM,1980-12-14,F,Active
C01008107,2025-08-04,B015,ZM,Retail,ATM,1968-12-11,M,Active
C01008108,2022-01-02,B005,ZM,Retail,ATM,1967-06-23,F,Active
C01008109,2022-03-19,B004,ZM,Retail,App,1968-12-24,M,Active
C01008110,2025-09-23,B015,ZM,Retail,USSD,2001-07-05,M,Active
C01008111,2024-03-10,B002,ZM,Retail,App,2005-07-13,M,Active
C01008112,2023-06-30,B015,ZM,Premium,Branch,1994-10-19,M,Active
C01008113,2022-11-07,B002,ZM,Retail,ATM,1968-07-01,M,Active
C01008114,2025-12-04,B004,ZM,SME,Branch,2013-12-02,F,Active
C01008115,2023-11-07,B015,ZM,Retail,App,1961-09-17,M,Active
C01008116,2024-03-12,B001,ZM,SME,Web,1972-10-07,M,Active
C01008117,2025-03-22,B001,ZM,Retail,Web,1989-06-22,M,Dormant
C01008118,2022-01-08,B003,ZM,SME,App,1986-06-17,F,Active
C01008119,2024-11-21,B004,ZM,Retail,USSD,1999-12-09,F,Active
C01008120,2025-12-20,B020,ZM,Retail,Agent,1994-11-26,F,Active
C01008121,2024-10-01,B001,ZM,Retail,Branch,1964-11-03,F,Dormant
C01008122,2024-09-06,B015,ZM,Retail,App,1975-11-22,M,Dormant
C01008123,2024-06-12,B004,ZM,SME,App,1975-02-02,M,Active
C01008124,2024-04-07,B005,ZM,Retail,Web,1962-02-18,M,Active
C01008125,2026-01-30,B002,ZM,SME,ATM,1996-06-07,M,Active
C01008126,2022-05-24,B015,ZM,Retail,ATM,1993-04-12,M,Active
C01008127,2025-01-11,B002,ZM,Retail,Agent,1980-12-22,F,Active
C01008128,2023-04-08,B002,ZM,Retail,USSD,1988-04-09,M,Active
C01008129,2022-01-07,B020,ZM,Retail,USSD,1984-01-18,F,Active
C01008130,2024-02-27,B004,ZM,Retail,Agent,1967-06-17,M,Active
C01008131,2025-11-12,B004,ZM,SME,USSD,1975-11-22,F,Active
C01008132,2024-09-14,B003,ZM,SME,Web,1960-01-22,F,Active
C01008133,2022-09-06,B002,ZM,SME,App,1967-06-02,F,Active
C01008134,2025-03-07,B003,ZM,Retail,USSD,1972-02-18,M,Active
C01008135,2025-01-01,B020,ZM,Retail,Web,1976-05-07,F,Active
C01008136,2024-01-06,B002,ZM,Retail,Branch,1999-04-09,M,Active
C01008137,2023-11-14,B003,ZM,Retail,App,1988-02-23,M,Active
C01008138,2025-10-28,B003,ZM,SME,Agent,2010-10-08,F,Active
C01008139,2023-09-13,B005,ZM,Retail,Branch,1992-01-22,F,Closed
C01008140,2024-03-31,B003,ZM,Retail,ATM,1965-05-04,F,Closed
C01008141,2022-04-24,B004,ZM,Retail,ATM,1960-12-12,F,Active
C01008142,2025-07-18,B003,ZM,Retail,App,1974-03-02,M,Active
C01008143,2025-08-18,B002,ZM,SME,USSD,1997-06-21,M,Active
C01008144,2022-07-05,B003,ZM,Retail,App,1964-07-21,M,Active
C01008145,2024-01-19,B001,ZM,Retail,USSD,1967-01-30,F,Active
C01008146,2024-12-30,B010,ZM,SME,Agent,1988-08-30,F,Dormant
C01008147,2023-11-28,B002,ZM,Retail,ATM,1969-12-16,F,Active
C01008148,2022-06-14,B001,ZM,Retail,App,1990-04-04,F,Active
C01008149,2024-07-30,B020,ZM,Retail,App,1979-04-02,M,Active
C01008150,2023-08-17,B002,ZM,Retail,Agent,1976-06-04,M,Active
C01008151,2025-08-19,B004,ZM,Retail,USSD,1991-02-18,M,Active
C01008152,2023-02-20,B010,ZM,SME,ATM,2012-10-08,F,Active
C01008153,2022-12-28,B010,ZM,Retail,ATM,1983-04-17,F,Active
C01008154,2025-02-09,B004,ZM,Retail,USSD,1999-06-27,F,Active
C01008155,2022-03-22,B010,ZM,SME,Agent,1990-06-26,F,Active
C01008156,2024-02-26,B004,ZM,SME,USSD,1962-11-14,F,Active
C01008157,2025-09-15,B001,ZM,Retail,Agent,1999-04-20,M,Dormant
C01008158,2023-01-27,B020,ZM,Retail,USSD,1985-05-06,F,Active
C01008159,2023-09-05,B005,ZM,Retail,ATM,1963-12-07,M,Active
C01008160,2025-11-26,B002,ZM,Retail,ATM,2004-03-02,F,Active
C01008161,2024-03-09,B004,ZM,Retail,App,1968-12-17,M,Active
C01008162,2022-08-07,B002,ZM,Retail,Agent,1999-09-27,F,Active
C01008163,2025-07-15,B020,ZM,Retail,ATM,1977-02-27,F,Active
C01008164,2025-11-11,B001,ZM,Retail,Agent,1971-08-02,M,Active
C01008165,2024-01-06,B005,ZM,Retail,Agent,2001-08-07,F,Active
C01008166,2024-09-23,B020,ZM,Retail,Branch,2013-05-17,F,Dormant
C01008167,2022-06-23,B001,ZM,Retail,Branch,2009-05-29,F,Active
C01008168,2025-07-19,B010,ZM,Retail,USSD,1964-06-10,M,Active
C01008169,2024-06-15,B002,ZM,Retail,Agent,1991-09-30,F,Active
C01008170,2023-01-24,B015,ZM,Retail,USSD,2012-12-02,F,Closed
C01008171,2022-10-14,B005,ZM,Retail,USSD,1992-11-06,F,Active
C01008172,2022-03-15,B010,ZM,Retail,App,1962-07-08,F,Active
C01008173,2023-01-31,B020,ZM,Retail,Branch,1980-09-08,F,Active
C01008174,2022-02-21,B005,ZM,SME,Branch,1965-11-24,M,Closed
C01008175,2026-01-14,B010,ZM,Premium,ATM,1964-04-26,M,Active
C01008176,2025-04-29,B001,ZM,Retail,Branch,1960-11-14,M,Active
C01008177,2023-05-04,B004,ZM,SME,ATM,1995-03-25,M,Active
C01008178,2024-09-28,B002,ZM,Retail,Agent,1985-10-28,F,Dormant
C01008179,2024-03-07,B003,ZM,Retail,App,1979-05-26,F,Active
C01008180,2022-05-10,B003,ZM,Premium,USSD,1987-04-12,M,Active
C01008181,2025-01-12,B001,ZM,Retail,USSD,1961-02-03,M,Closed
C01008182,2025-08-10,B020,ZM,Retail,Agent,1978-03-27,M,Active
C01008183,2023-09-23,B002,ZM,Retail,ATM,2011-12-10,M,Dormant
C01008184,2024-10-20,B020,ZM,Retail,Web,1970-08-19,M,Active
C01008185,2024-12-29,B002,ZM,Retail,Agent,1960-04-08,F,Active
C01008186,2024-07-09,B001,ZM,Retail,ATM,1984-11-20,M,Active
C01008187,2022-02-03,B002,ZM,Retail,Agent,1991-03-29,F,Active
C01008188,2022-03-17,B004,ZM,Retail,App,1971-04-23,F,Active
C01008189,2023-11-26,B020,ZM,Retail,Agent,1962-10-26,M,Active
C01008190,2022-04-25,B001,ZM,Premium,Agent,1979-03-31,F,Active
C01008191,2023-11-23,B004,ZM,SME,Branch,1998-06-08,F,Active
C01008192,2026-01-16,B002,ZM,Retail,ATM,1964-02-03,F,Dormant
C01008193,2022-03-29,B001,ZM,Retail,App,2005-06-09,F,Active
C01008194,2024-04-10,B002,ZM,SME,USSD,1985-07-01,M,Active
C01008195,2022-08-31,B020,ZM,Retail,Web,1965-10-11,F,Dormant
C01008196,2023-03-10,B001,ZM,Retail,Web,1966-06-17,F,Active
C01008197,2025-09-01,B002,ZM,Retail,ATM,2008-09-10,M,Active
C01008198,2025-09-28,B020,ZM,SME,Agent,1986-11-26,M,Active
C01008199,2024-12-07,B004,ZM,Retail,Branch,1968-05-31,M,Active
C01008200,2024-07-27,B015,ZM,Retail,Agent,1979-11-11,F,Active
C01008201,2025-10-20,B004,ZM,Retail,ATM,1990-03-20,M,Active
C01008202,2025-01-03,B002,ZM,Retail,Web,1975-08-20,F,Active
C01008203,2022-11-02,B001,ZM,Retail,Web,2008-12-07,M,Active
C01008204,2025-04-01,B003,ZM,Retail,Agent,1992-03-22,F,Active
C01008205,2023-04-23,B004,ZM,Retail,Agent,1991-01-19,M,Dormant
C01008206,2022-05-28,B004,ZM,Retail,Agent,1981-11-09,M,Dormant
C01008207,2022-03-17,B020,ZM,Retail,USSD,1993-07-14,F,Active
C01008208,2022-10-17,B010,ZM,SME,Branch,2010-11-16,M,Active
C01008209,2024-09-28,B003,ZM,SME,Branch,1990-07-18,M,Active
C01008210,2025-09-01,B002,ZM,Retail,Web,1973-02-21,F,Active
C01008211,2022-02-09,B015,ZM,Retail,Web,1964-02-06,M,Active
C01008212,2024-08-23,B001,ZM,Retail,ATM,1992-06-01,M,Active
C01008213,2025-06-20,B010,ZM,Retail,ATM,1994-10-20,F,Active
C01008214,2022-04-04,B002,ZM,Retail,USSD,1966-05-04,F,Active
C01008215,2023-05-13,B005,ZM,Retail,Web,1962-12-25,M,Active
C01008216,2025-12-07,B015,ZM,Retail,ATM,1965-04-27,M,Active
C01008217,2025-08-21,B004,ZM,Retail,USSD,1996-07-24,F,Active
C01008218,2022-09-25,B005,ZM,Premium,Branch,2003-09-06,F,Active
C01008219,2022-01-30,B004,ZM,Retail,Web,2011-01-30,M,Active
C01008220,2022-12-19,B004,ZM,Retail,App,2011-10-27,F,Active
C01008221,2025-07-19,B005,ZM,Retail,Web,1961-03-03,M,Active
C01008222,2022-04-13,B015,ZM,SME,ATM,1961-09-21,M,Active
C01008223,2023-09-22,B020,ZM,SME,Web,1995-09-08,F,Dormant
C01008224,2022-07-19,B005,ZM,Retail,App,2011-03-30,F,Dormant
C01008225,2024-07-23,B002,ZM,Retail,Web,1998-06-10,F,Active
C01008226,2025-06-05,B010,ZM,Retail,ATM,2009-02-12,F,Active
C01008227,2022-12-16,B010,ZM,Retail,Branch,1965-04-10,M,Active
C01008228,2025-04-25,B005,ZM,Retail,ATM,1966-08-11,F,Active
C01008229,2022-05-11,B002,ZM,Retail,USSD,2009-01-18,M,Dormant
C01008230,2022-08-06,B020,ZM,Retail,ATM,1994-09-15,M,Active
C01008231,2022-08-22,B010,ZM,Retail,USSD,1999-05-28,M,Active
C01008232,2024-10-15,B002,ZM,Retail,Web,2002-11-02,M,Active
C01008233,2025-05-03,B020,ZM,Retail,USSD,1983-07-29,M,Active
C01008234,2025-06-14,B002,ZM,Retail,Agent,1963-12-15,F,Active
C01008235,2023-03-28,B004,ZM,SME,Web,1981-09-04,F,Closed
C01008236,2022-05-10,B010,ZM,Retail,USSD,2002-12-21,M,Active
C01008237,2023-02-20,B020,ZM,SME,ATM,2004-12-10,F,Active
C01008238,2024-05-22,B010,ZM,Retail,App,1983-12-16,F,Active
C01008239,2023-11-22,B004,ZM,Premium,Web,1971-03-30,M,Active
C01008240,2025-10-21,B005,ZM,SME,USSD,1979-07-17,M,Active
C01008241,2024-04-03,B004,ZM,Retail,App,1977-05-22,F,Dormant
C01008242,2023-10-27,B010,ZM,Premium,USSD,2011-02-28,M,Active
C01008243,2022-09-05,B010,ZM,Retail,USSD,1985-12-04,F,Active
C01008244,2025-11-02,B015,ZM,Retail,USSD,1987-07-09,F,Active
C01008245,2025-03-25,B020,ZM,Retail,ATM,2012-02-16,M,Active
C01008246,2025-01-22,B005,ZM,Retail,USSD,1993-08-21,F,Active
C01008247,2022-10-09,B004,ZM,Retail,App,1980-03-09,F,Active
C01008248,2023-10-21,B020,ZM,SME,Agent,1961-11-03,M,Active
C01008249,2023-03-13,B001,ZM,Retail,USSD,1960-04-01,M,Dormant
C01008250,2022-04-04,B020,ZM,Retail,Agent,1995-03-23,F,Active
C01008251,2025-04-29,B001,ZM,Retail,Branch,2004-01-11,M,Active
C01008252,2022-12-22,B005,ZM,Retail,Web,2001-02-17,F,Active
C01008253,2023-11-19,B004,ZM,Retail,ATM,1993-10-26,M,Active
C01008254,2022-05-10,B004,ZM,SME,Branch,1974-02-06,M,Closed
C01008255,2022-09-05,B002,ZM,Retail,Branch,1989-12-24,F,Active
C01008256,2023-07-15,B010,ZM,Retail,App,1989-06-07,F,Active
C01008257,2022-10-17,B003,ZM,SME,App,1960-09-20,F,Dormant
C01008258,2024-04-30,B015,ZM,Retail,Agent,1979-07-22,M,Active
C01008259,2022-12-11,B020,ZM,Retail,Agent,1974-06-01,F,Active
C01008260,2025-11-27,B005,ZM,Retail,ATM,1991-03-20,M,Active
C01008261,2024-01-28,B003,ZM,Retail,ATM,1960-12-28,M,Active
C01008262,2025-02-07,B020,ZM,Premium,Web,1966-07-16,F,Dormant
C01008263,2022-12-04,B003,ZM,Retail,USSD,2004-04-01,F,Active
C01008264,2024-06-17,B005,ZM,Retail,ATM,1979-01-24,M,Active
C01008265,2023-05-14,B004,ZM,Retail,ATM,1994-01-16,F,Active
C01008266,2025-04-06,B005,ZM,Retail,Agent,1988-02-02,M,Active
C01008267,2022-03-25,B020,ZM,SME,USSD,1982-11-20,M,Active
C01008268,2022-10-01,B003,ZM,SME,Web,1971-08-31,M,Active
C01008269,2022-07-24,B010,ZM,SME,App,1995-02-03,F,Active
C01008270,2025-07-18,B015,ZM,Retail,Web,1976-06-22,M,Active
C01008271,2025-06-08,B015,ZM,Retail,USSD,1985-08-24,M,Active
C01008272,2024-02-10,B010,ZM,Retail,App,1969-06-27,F,Active
C01008273,2022-11-20,B010,ZM,Retail,App,2001-03-18,F,Active
C01008274,2022-02-02,B004,ZM,Retail,App,2008-03-13,F,Active
C01008275,2024-09-24,B020,ZM,Retail,Web,1982-11-09,M,Active
C01008276,2022-06-15,B001,ZM,SME,Agent,1976-06-26,F,Dormant
C01008277,2022-01-14,B005,ZM,Retail,USSD,2012-03-22,M,Active
C01008278,2022-01-15,B015,ZM,Retail,Web,1965-06-26,M,Active
C01008279,2023-01-03,B010,ZM,Retail,Web,1976-10-03,M,Active
C01008280,2022-07-02,B005,ZM,Retail,Branch,2011-05-18,F,Active
C01008281,2025-12-18,B015,ZM,Retail,ATM,1973-05-29,M,Active
C01008282,2025-08-27,B010,ZM,Retail,Web,1979-08-19,M,Dormant
C01008283,2025-04-30,B020,ZM,Retail,Branch,1979-11-09,F,Active
C01008284,2023-08-05,B015,ZM,Retail,Agent,1987-08-10,M,Active
C01008285,2024-05-02,B004,ZM,SME,Agent,1989-09-12,F,Active
C01008286,2025-11-21,B001,ZM,Retail,USSD,1968-07-18,F,Active
C01008287,2024-09-01,B001,ZM,Retail,Branch,1966-04-04,F,Active
C01008288,2025-11-18,B010,ZM,Retail,Web,1961-05-14,F,Active
C01008289,2022-09-17,B015,ZM,Retail,USSD,1962-11-12,M,Active
C01008290,2023-02-27,B004,ZM,Premium,Branch,2011-04-03,M,Active
C01008291,2022-10-21,B002,ZM,Retail,Web,1963-07-29,M,Active
C01008292,2025-08-03,B005,ZM,Retail,USSD,1997-11-02,M,Active
C01008293,2023-07-09,B005,ZM,SME,USSD,1964-02-29,F,Active
C01008294,2024-12-07,B003,ZM,Retail,ATM,1991-12-14,M,Active
C01008295,2024-07-11,B004,ZM,Retail,Agent,1981-11-30,F,Active
C01008296,2024-04-23,B015,ZM,Retail,Web,1960-07-03,M,Active
C01008297,2023-05-05,B020,ZM,Retail,ATM,2008-07-14,M,Dormant
C01008298,2022-12-24,B020,ZM,SME,USSD,2009-11-10,F,Dormant
C01008299,2025-06-04,B003,ZM,Retail,USSD,1997-02-21,M,Active
C01008300,2025-11-17,B010,ZM,Retail,Branch,2005-10-16,M,Active
C01008301,2022-03-19,B015,ZM,Retail,ATM,1982-09-21,F,Active
C01008302,2025-05-06,B003,ZM,Retail,App,1981-10-18,M,Active
C01008303,2023-01-04,B001,ZM,Retail,Web,1961-04-01,M,Active
C01008304,2026-01-08,B005,ZM,Retail,Agent,1973-08-03,M,Active
C01008305,2024-10-20,B015,ZM,Retail,ATM,1970-06-19,F,Closed
C01008306,2025-06-07,B003,ZM,Retail,USSD,1967-12-06,F,Active
C01008307,2022-06-30,B001,ZM,Premium,Branch,1994-06-14,M,Active
C01008308,2025-07-08,B004,ZM,Retail,Web,1995-03-22,M,Active
C01008309,2023-09-09,B003,ZM,Retail,Agent,1999-11-03,M,Active
C01008310,2023-12-14,B010,ZM,Retail,Web,1979-09-25,F,Active
C01008311,2024-05-07,B010,ZM,Premium,Branch,1972-03-17,M,Active
C01008312,2022-01-10,B010,ZM,SME,USSD,1960-07-31,F,Active
C01008313,2025-02-16,B015,ZM,SME,Agent,1985-04-06,F,Closed
C01008314,2023-04-28,B020,ZM,Retail,App,1990-01-04,M,Active
C01008315,2023-01-29,B020,ZM,SME,Branch,2000-12-15,F,Active
C01008316,2022-08-29,B005,ZM,Retail,App,1989-12-21,F,Active
C01008317,2024-12-21,B003,ZM,Retail,ATM,2010-06-21,F,Active
C01008318,2022-07-15,B004,ZM,Retail,Web,2009-12-03,F,Dormant
C01008319,2025-06-21,B003,ZM,SME,Agent,2008-09-19,F,Active
C01008320,2024-01-12,B005,ZM,SME,USSD,2000-06-22,M,Active
C01008321,2025-01-10,B001,ZM,SME,App,1989-01-01,F,Active
C01008322,2024-11-05,B005,ZM,SME,USSD,2010-09-28,F,Active
C01008323,2023-03-26,B010,ZM,Retail,ATM,1976-09-10,F,Dormant
C01008324,2024-08-08,B015,ZM,Retail,App,1967-11-14,F,Active
C01008325,2025-07-06,B001,ZM,Retail,USSD,1975-05-05,F,Active
C01008326,2025-09-12,B015,ZM,SME,USSD,2013-03-28,M,Dormant
C01008327,2023-03-03,B010,ZM,Retail,ATM,2013-04-02,M,Active
C01008328,2023-07-21,B002,ZM,SME,Branch,1997-12-29,F,Active
C01008329,2022-04-19,B005,ZM,Retail,Agent,1987-12-18,M,Active
C01008330,2023-02-01,B005,ZM,Retail,ATM,1975-01-10,F,Dormant
C01008331,2022-08-19,B004,ZM,Retail,App,1995-06-17,M,Active
C01008332,2022-11-02,B003,ZM,Retail,App,1964-03-01,M,Active
C01008333,2025-11-04,B001,ZM,SME,Web,1980-09-19,F,Active
C01008334,2024-08-29,B020,ZM,Retail,USSD,1981-07-22,F,Active
C01008335,2024-10-15,B015,ZM,Retail,Agent,1997-08-06,F,Active
C01008336,2022-12-28,B001,ZM,Retail,App,1976-01-28,F,Active
C01008337,2022-11-24,B004,ZM,Retail,Branch,1960-10-04,M,Dormant
C01008338,2025-10-04,B004,ZM,Retail,Branch,1972-09-09,F,Active
C01008339,2022-03-30,B015,ZM,Retail,ATM,2001-01-18,M,Active
C01008340,2022-04-21,B020,ZM,SME,App,1993-03-13,F,Active
C01008341,2025-08-13,B003,ZM,Retail,Agent,1991-09-25,F,Active
C01008342,2024-01-16,B015,ZM,Retail,Agent,2006-09-17,M,Active
C01008343,2023-08-07,B015,ZM,Retail,App,1976-09-25,F,Dormant
C01008344,2023-03-06,B010,ZM,Retail,Web,1966-12-22,F,Active
C01008345,2024-06-09,B020,ZM,Retail,Web,1982-12-14,M,Dormant
C01008346,2023-05-30,B003,ZM,Retail,Web,2001-06-10,M,Active
C01008347,2023-11-16,B005,ZM,Retail,App,2001-07-27,F,Dormant
C01008348,2025-06-17,B010,ZM,Retail,ATM,1962-03-19,M,Active
C01008349,2024-07-17,B002,ZM,Retail,Agent,2013-06-15,F,Active
C01008350,2022-03-30,B020,ZM,SME,ATM,1971-04-24,M,Active
C01008351,2022-08-02,B003,ZM,Premium,ATM,1960-02-05,F,Active
C01008352,2022-04-18,B004,ZM,Retail,ATM,1999-12-01,M,Dormant
C01008353,2025-01-05,B010,ZM,Retail,Branch,1970-04-11,M,Active
C01008354,2022-12-27,B003,ZM,Retail,App,1968-02-24,M,Active
C01008355,2022-11-20,B001,ZM,Retail,USSD,1990-11-19,F,Active
C01008356,2022-03-01,B015,ZM,SME,App,1974-07-17,F,Active
C01008357,2024-09-20,B002,ZM,SME,ATM,1980-03-30,F,Active
C01008358,2024-11-20,B005,ZM,Retail,Branch,2009-05-29,M,Active
C01008359,2022-08-26,B015,ZM,Retail,Branch,1960-07-19,M,Dormant
C01008360,2022-05-26,B001,ZM,Retail,App,1976-03-25,M,Dormant
C01008361,2023-04-27,B001,ZM,Retail,USSD,1976-12-16,M,Active
C01008362,2026-01-17,B002,ZM,SME,ATM,1998-09-15,F,Active
C01008363,2024-06-29,B005,ZM,Retail,Branch,1975-02-04,M,Active
C01008364,2025-04-28,B004,ZM,Retail,ATM,1968-11-17,M,Active
C01008365,2025-04-02,B010,ZM,Retail,ATM,2014-07-18,F,Active
C01008366,2023-10-30,B020,ZM,Retail,Agent,1975-05-02,F,Dormant
C01008367,2024-05-08,B005,ZM,Retail,ATM,1966-01-21,M,Active
C01008368,2023-02-12,B020,ZM,Retail,Web,1991-08-19,M,Active
C01008369,2025-10-18,B003,ZM,Retail,Agent,2007-01-18,M,Active
C01008370,2023-10-30,B001,ZM,Retail,ATM,1971-03-03,F,Dormant
C01008371,2023-04-17,B003,ZM,SME,ATM,2006-11-08,M,Active
C01008372,2022-08-14,B004,ZM,Retail,USSD,2011-05-24,M,Active
C01008373,2023-10-30,B003,ZM,Premium,Agent,2003-11-09,M,Active
C01008374,2023-04-12,B005,ZM,Retail,Agent,1960-05-20,F,Dormant
C01008375,2022-07-20,B003,ZM,Retail,USSD,1992-11-02,M,Active
C01008376,2023-05-01,B004,ZM,SME,Web,2010-09-26,F,Dormant
C01008377,2024-04-24,B004,ZM,Retail,Agent,1968-06-22,F,Active
C01008378,2023-02-14,B004,ZM,SME,Web,1998-11-29,F,Active
C01008379,2024-02-09,B005,ZM,Retail,ATM,1969-07-19,F,Active
C01008380,2023-03-28,B004,ZM,Retail,Branch,1970-01-20,F,Closed
C01008381,2022-05-31,B001,ZM,Retail,Branch,2005-02-19,M,Active
C01008382,2024-08-22,B015,ZM,SME,App,1999-03-01,M,Active
C01008383,2025-04-13,B004,ZM,SME,Branch,1978-12-20,F,Active
C01008384,2024-09-19,B003,ZM,Retail,Branch,2008-01-17,F,Active
C01008385,2022-04-22,B010,ZM,Retail,USSD,1993-04-27,M,Active
C01008386,2024-06-11,B003,ZM,Retail,App,1989-10-24,F,Active
C01008387,2022-10-24,B010,ZM,Premium,App,2009-05-13,M,Active
C01008388,2023-03-19,B003,ZM,Retail,USSD,2009-05-25,M,Active
C01008389,2025-06-02,B005,ZM,Retail,Branch,1967-04-26,F,Active
C01008390,2024-07-20,B003,ZM,Retail,Branch,2012-10-19,M,Dormant
C01008391,2022-12-31,B005,ZM,Retail,App,1988-01-28,M,Active
C01008392,2024-03-04,B005,ZM,Retail,Branch,2011-01-17,M,Active
C01008393,2024-02-04,B004,ZM,Premium,App,2001-08-09,F,Active
C01008394,2022-10-07,B001,ZM,Retail,Branch,2002-03-16,M,Active
C01008395,2024-07-26,B010,ZM,Premium,ATM,1975-01-09,M,Active
C01008396,2026-01-14,B004,ZM,Retail,USSD,1968-06-13,M,Active
C01008397,2023-02-02,B004,ZM,Retail,Agent,1994-03-31,F,Active
C01008398,2025-07-18,B015,ZM,Retail,Web,2009-11-18,F,Active
C01008399,2024-01-05,B005,ZM,Retail,ATM,2006-05-12,F,Active
C01008400,2023-07-07,B005,ZM,SME,Branch,1963-12-27,F,Active
C01008401,2023-02-19,B010,ZM,Retail,Web,1964-07-07,M,Active
C01008402,2023-11-19,B003,ZM,Retail,Agent,1990-06-22,M,Active
C01008403,2022-09-18,B003,ZM,Retail,ATM,1981-03-15,M,Active
C01008404,2022-03-07,B020,ZM,Retail,Agent,2002-12-13,M,Active
C01008405,2025-11-18,B004,ZM,Premium,USSD,2007-12-30,F,Active
C01008406,2025-03-10,B020,ZM,Retail,Web,2014-03-05,F,Active
C01008407,2022-05-03,B002,ZM,Retail,Agent,1979-05-17,F,Active
C01008408,2023-07-29,B002,ZM,Retail,Web,1966-01-09,M,Active
C01008409,2022-10-07,B020,ZM,Retail,USSD,2009-02-12,F,Active
C01008410,2022-08-16,B003,ZM,Retail,Agent,1993-09-06,F,Active
C01008411,2024-08-11,B002,ZM,Retail,ATM,2014-08-09,M,Dormant
C01008412,2024-07-28,B015,ZM,Retail,Web,1973-11-13,M,Active
C01008413,2024-05-06,B003,ZM,Retail,Agent,2005-08-15,M,Active
C01008414,2022-12-17,B005,ZM,Premium,USSD,2012-03-15,F,Active
C01008415,2023-12-05,B004,ZM,Retail,Agent,2003-01-10,M,Active
C01008416,2023-03-27,B001,ZM,Retail,Agent,1975-06-19,F,Active
C01008417,2023-08-28,B004,ZM,Premium,ATM,2005-09-02,F,Active
C01008418,2025-05-21,B020,ZM,SME,Branch,1984-10-08,M,Active
C01008419,2022-11-18,B003,ZM,Premium,App,1989-10-04,F,Active
C01008420,2025-07-30,B020,ZM,Premium,Branch,1987-11-25,F,Active
C01008421,2025-06-06,B015,ZM,Retail,Branch,1964-10-16,M,Active
C01008422,2022-12-15,B003,ZM,Retail,App,1968-08-10,F,Active
C01008423,2025-03-29,B004,ZM,Retail,Agent,2006-02-07,F,Dormant
C01008424,2025-02-06,B015,ZM,Retail,Branch,1972-05-22,F,Active
C01008425,2023-04-16,B015,ZM,SME,Branch,1975-01-31,M,Dormant
C01008426,2022-06-27,B015,ZM,Retail,USSD,2002-10-09,F,Active
C01008427,2024-04-23,B010,ZM,Retail,USSD,1974-07-31,M,Dormant
C01008428,2024-12-04,B003,ZM,Retail,ATM,1960-02-09,M,Active
C01008429,2024-09-28,B002,ZM,Retail,Web,1964-11-03,F,Active
C01008430,2023-03-20,B002,ZM,SME,Agent,1975-12-08,M,Active
C01008431,2025-04-26,B003,ZM,Retail,ATM,2009-06-13,F,Active
C01008432,2024-08-27,B003,ZM,Retail,USSD,1979-03-06,M,Active
C01008433,2024-08-05,B010,ZM,SME,USSD,1986-06-04,M,Active
C01008434,2023-07-26,B002,ZM,Retail,App,2008-02-23,F,Active
C01008435,2022-01-30,B003,ZM,SME,App,1971-06-08,M,Active
C01008436,2026-02-04,B003,ZM,Retail,USSD,1980-07-06,F,Active
C01008437,2024-05-26,B020,ZM,Retail,Branch,1972-02-19,F,Active
C01008438,2023-05-21,B010,ZM,SME,ATM,1973-12-13,F,Active
C01008439,2023-05-23,B010,ZM,Retail,USSD,1965-04-22,F,Active
C01008440,2023-11-02,B004,ZM,Retail,Agent,1982-08-09,F,Dormant
C01008441,2024-06-08,B010,ZM,Retail,USSD,1967-12-15,M,Dormant
C01008442,2025-04-01,B001,ZM,SME,App,1984-11-20,F,Active
C01008443,2023-04-01,B002,ZM,Retail,ATM,1985-01-02,F,Active
C01008444,2025-04-26,B004,ZM,SME,ATM,2003-09-19,F,Dormant
C01008445,2022-11-02,B001,ZM,Retail,Web,1985-01-03,F,Active
C01008446,2025-03-20,B003,ZM,Retail,USSD,1978-12-19,M,Dormant
C01008447,2022-01-11,B020,ZM,SME,Web,1971-10-24,M,Active
C01008448,2024-05-05,B020,ZM,Retail,App,2007-02-02,M,Active
C01008449,2022-04-01,B003,ZM,Retail,Web,1969-11-03,M,Active
C01008450,2022-03-24,B004,ZM,SME,Branch,1965-12-03,F,Active
C01008451,2024-08-21,B010,ZM,SME,USSD,1997-10-23,F,Active
C01008452,2024-10-29,B015,ZM,Retail,USSD,1992-04-15,F,Active
C01008453,2022-03-10,B020,ZM,Retail,ATM,2011-10-16,F,Active
C01008454,2024-05-21,B015,ZM,SME,Web,2014-01-17,F,Active
C01008455,2024-12-23,B003,ZM,SME,ATM,1977-08-10,F,Active
C01008456,2024-03-18,B015,ZM,SME,Agent,1960-11-30,F,Active
C01008457,2024-09-08,B005,ZM,Retail,Web,1971-05-09,F,Dormant
C01008458,2025-11-27,B004,ZM,Premium,Web,1961-03-03,F,Dormant
C01008459,2022-07-20,B001,ZM,Retail,App,1971-06-12,F,Dormant
C01008460,2024-07-15,B004,ZM,Retail,Web,1963-03-29,M,Active
C01008461,2024-10-11,B002,ZM,Retail,ATM,1978-08-25,M,Active
C01008462,2023-05-08,B010,ZM,Retail,Agent,1964-07-19,F,Dormant
C01008463,2022-06-20,B010,ZM,Retail,Web,1984-11-06,F,Active
C01008464,2025-02-17,B004,ZM,Retail,Web,1973-05-23,M,Active
C01008465,2022-01-26,B003,ZM,Retail,USSD,1979-08-25,F,Active
C01008466,2025-11-20,B003,ZM,Retail,USSD,1971-10-09,F,Dormant
C01008467,2026-02-07,B005,ZM,Retail,Agent,1971-09-18,F,Active
C01008468,2024-04-12,B005,ZM,Retail,USSD,1999-05-18,F,Active
C01008469,2023-03-23,B010,ZM,Retail,Branch,2004-09-05,F,Active
C01008470,2022-09-29,B005,ZM,Retail,USSD,1992-03-22,M,Active
C01008471,2024-01-05,B020,ZM,Retail,Branch,1971-05-30,F,Dormant
C01008472,2023-08-29,B020,ZM,Retail,Agent,1969-04-05,M,Active
C01008473,2023-05-05,B001,ZM,Premium,Branch,1981-11-11,F,Active
C01008474,2025-08-19,B005,ZM,SME,Agent,1993-06-16,F,Active
C01008475,2022-07-05,B001,ZM,SME,ATM,1977-05-26,F,Active
C01008476,2022-02-02,B005,ZM,Retail,USSD,1963-09-19,M,Active
C01008477,2024-09-09,B010,ZM,Retail,Web,1971-09-20,M,Active
C01008478,2025-10-02,B010,ZM,Retail,App,2005-02-26,F,Active
C01008479,2023-09-17,B001,ZM,SME,Web,1968-05-23,M,Active
C01008480,2022-11-28,B004,ZM,Retail,USSD,1997-06-29,M,Active
C01008481,2025-12-11,B010,ZM,Retail,Web,1990-02-04,M,Active
C01008482,2024-07-29,B004,ZM,Retail,USSD,1964-03-21,F,Active
C01008483,2025-03-14,B003,ZM,Retail,USSD,1996-07-11,M,Active
C01008484,2025-04-10,B020,ZM,Premium,Web,1982-09-27,M,Active
C01008485,2022-02-19,B001,ZM,SME,Branch,1995-07-07,M,Closed
C01008486,2024-07-20,B015,ZM,SME,ATM,1977-09-04,F,Active
C01008487,2024-08-07,B010,ZM,Retail,ATM,1960-04-04,M,Active
C01008488,2022-10-11,B002,ZM,SME,ATM,1965-02-25,M,Closed
C01008489,2025-12-11,B003,ZM,Retail,ATM,1990-11-25,F,Dormant
C01008490,2024-04-10,B004,ZM,Premium,App,2013-05-14,F,Active
C01008491,2023-01-14,B010,ZM,Retail,Agent,1980-09-15,F,Active
C01008492,2024-01-29,B001,ZM,Retail,USSD,1999-06-21,M,Active
C01008493,2025-07-07,B015,ZM,Retail,App,2000-12-28,F,Active
C01008494,2024-08-08,B005,ZM,Retail,ATM,2001-03-26,F,Active
C01008495,2025-12-12,B015,ZM,SME,ATM,1991-12-04,M,Active
C01008496,2025-07-21,B002,ZM,Premium,Web,1995-09-11,F,Dormant
C01008497,2022-01-03,B004,ZM,Retail,ATM,2012-06-10,M,Active
C01008498,2025-07-08,B003,ZM,Retail,USSD,1968-08-10,F,Active
C01008499,2022-05-25,B015,ZM,Retail,ATM,2008-03-14,F,Active
C01008500,2024-02-28,B001,ZM,SME,ATM,1980-02-13,M,Active
C01008501,2025-11-15,B002,ZM,Retail,App,1971-11-05,M,Active
C01008502,2023-11-13,B001,ZM,Retail,USSD,1966-05-16,M,Active
C01008503,2024-12-23,B010,ZM,Retail,Branch,1962-01-20,M,Dormant
C01008504,2022-03-08,B005,ZM,Retail,Web,1974-07-11,F,Dormant
C01008505,2023-08-31,B003,ZM,SME,Branch,2013-09-01,F,Active
C01008506,2024-05-22,B001,ZM,Retail,Agent,1968-01-16,M,Closed
C01008507,2023-07-07,B004,ZM,Retail,App,1997-04-18,F,Active
C01008508,2025-11-30,B010,ZM,SME,ATM,1966-08-22,M,Dormant
C01008509,2025-06-08,B010,ZM,Retail,Web,2002-02-19,F,Active
C01008510,2025-01-15,B003,ZM,Retail,Agent,1986-10-13,M,Active
C01008511,2025-03-24,B010,ZM,Retail,Agent,1993-12-03,M,Active
C01008512,2023-03-01,B004,ZM,Retail,USSD,2014-07-22,M,Active
C01008513,2025-11-03,B001,ZM,Retail,Web,1963-09-01,M,Active
C01008514,2022-06-15,B003,ZM,Premium,Agent,1974-04-11,F,Active
C01008515,2025-06-24,B020,ZM,SME,App,2012-03-20,M,Active
C01008516,2023-11-19,B010,ZM,SME,ATM,2007-08-18,M,Active
C01008517,2022-04-23,B010,ZM,Premium,App,1979-07-28,F,Active
C01008518,2024-11-20,B004,ZM,Retail,Agent,1970-09-15,F,Active
C01008519,2025-10-13,B005,ZM,Retail,USSD,1962-08-13,M,Active
C01008520,2024-01-16,B005,ZM,Retail,Branch,1983-08-27,F,Active
C01008521,2022-04-16,B015,ZM,SME,ATM,1982-03-30,F,Active
C01008522,2022-08-16,B010,ZM,Retail,ATM,2008-07-21,M,Active
C01008523,2024-02-24,B020,ZM,Retail,App,1984-10-01,M,Active
C01008524,2024-01-19,B001,ZM,Retail,App,1965-12-31,M,Dormant
C01008525,2024-08-11,B003,ZM,Retail,App,1994-09-23,F,Active
C01008526,2025-06-21,B010,ZM,Retail,Agent,1995-02-27,F,Active
C01008527,2022-03-25,B002,ZM,SME,ATM,1974-07-21,F,Closed
C01008528,2024-01-19,B003,ZM,Retail,App,1973-07-13,M,Dormant
C01008529,2024-01-21,B015,ZM,SME,Web,2010-11-29,M,Active
C01008530,2022-12-25,B005,ZM,Retail,Agent,1967-04-13,F,Dormant
C01008531,2025-08-20,B020,ZM,Retail,Agent,1978-03-19,M,Active
C01008532,2025-02-18,B010,ZM,Premium,Web,1970-08-19,F,Active
C01008533,2025-12-14,B004,ZM,SME,Web,1997-08-29,F,Active
C01008534,2022-05-18,B002,ZM,Retail,Agent,2003-09-05,M,Active
C01008535,2025-02-22,B010,ZM,Retail,ATM,1961-04-03,M,Active
C01008536,2025-12-23,B020,ZM,Retail,App,2004-12-14,F,Active
C01008537,2023-02-24,B015,ZM,Retail,USSD,1965-01-04,M,Active
C01008538,2022-10-11,B001,ZM,Retail,App,1992-11-30,M,Active
C01008539,2023-11-17,B002,ZM,Premium,ATM,1996-05-30,M,Active
C01008540,2023-05-04,B015,ZM,Retail,Web,2009-12-26,M,Active
C01008541,2025-01-10,B010,ZM,Retail,ATM,1993-01-24,M,Closed
C01008542,2022-08-21,B001,ZM,Retail,App,1997-06-21,M,Active
C01008543,2025-08-22,B002,ZM,SME,ATM,1995-04-13,F,Closed
C01008544,2024-09-06,B001,ZM,Premium,USSD,2001-04-24,M,Active
C01008545,2025-04-03,B001,ZM,Retail,ATM,1963-08-22,F,Active
C01008546,2025-12-10,B002,ZM,Retail,Branch,1994-05-17,F,Dormant
C01008547,2023-03-06,B002,ZM,SME,ATM,1980-12-24,F,Active
C01008548,2023-04-07,B001,ZM,Retail,App,1995-05-07,M,Dormant
C01008549,2023-10-19,B015,ZM,Retail,Branch,1973-09-21,F,Active
C01008550,2023-12-24,B020,ZM,SME,Web,1967-07-19,M,Dormant
C01008551,2023-07-02,B005,ZM,Premium,App,2011-03-02,F,Active
C01008552,2024-10-28,B002,ZM,Retail,Agent,2005-12-11,F,Active
C01008553,2025-10-25,B010,ZM,Retail,USSD,1995-04-28,F,Active
C01008554,2024-05-16,B003,ZM,Retail,ATM,1992-06-24,M,Active
C01008555,2023-07-22,B004,ZM,Retail,ATM,1992-06-12,F,Dormant
C01008556,2022-04-22,B001,ZM,Retail,App,1965-06-03,F,Dormant
C01008557,2022-05-10,B001,ZM,Retail,ATM,1987-03-15,M,Active
C01008558,2024-02-03,B004,ZM,Retail,ATM,2012-02-22,F,Active
C01008559,2023-12-09,B005,ZM,Retail,Web,1985-09-28,F,Active
C01008560,2024-07-15,B004,ZM,Retail,ATM,1982-11-08,F,Active
C01008561,2024-09-22,B002,ZM,Retail,ATM,1986-12-16,F,Dormant
C01008562,2024-10-23,B004,ZM,Retail,Web,1963-03-31,F,Active
C01008563,2024-12-14,B001,ZM,Retail,Agent,1999-07-24,F,Active
C01008564,2022-09-09,B004,ZM,Retail,ATM,1998-09-16,M,Active
C01008565,2024-08-20,B003,ZM,Retail,Agent,1995-02-15,F,Active
C01008566,2025-12-24,B010,ZM,SME,Web,1977-08-12,M,Active
C01008567,2024-12-25,B002,ZM,Retail,USSD,1987-06-20,M,Active
C01008568,2025-10-21,B004,ZM,Premium,ATM,2014-03-31,M,Active
C01008569,2024-12-27,B001,ZM,Retail,App,1976-11-30,M,Active
C01008570,2023-08-22,B015,ZM,Retail,Branch,1980-02-28,F,Active
C01008571,2024-07-14,B010,ZM,Retail,USSD,2010-12-01,F,Active
C01008572,2025-06-25,B002,ZM,Retail,ATM,1997-05-24,M,Active
C01008573,2024-01-24,B001,ZM,SME,App,1990-11-04,M,Dormant
C01008574,2025-10-10,B005,ZM,Premium,Branch,1960-10-06,F,Active
C01008575,2025-11-20,B003,ZM,Premium,Web,1987-02-13,F,Active
C01008576,2022-05-15,B020,ZM,Retail,ATM,2014-03-26,F,Active
C01008577,2023-01-21,B005,ZM,Retail,Agent,1993-10-25,M,Active
C01008578,2024-07-26,B020,ZM,Retail,Agent,1975-01-03,M,Active
C01008579,2022-06-28,B003,ZM,Retail,Web,2000-09-11,M,Dormant
C01008580,2022-06-14,B004,ZM,Retail,USSD,1977-01-09,F,Active
C01008581,2024-03-11,B002,ZM,SME,Agent,1971-08-13,M,Active
C01008582,2023-01-02,B004,ZM,SME,Branch,1975-02-26,M,Active
C01008583,2023-08-14,B003,ZM,Retail,Agent,1994-07-27,F,Active
C01008584,2022-06-07,B003,ZM,Retail,Branch,1972-01-31,F,Closed
C01008585,2022-08-12,B003,ZM,Retail,Agent,1998-12-03,F,Active
C01008586,2022-12-04,B020,ZM,Retail,Web,1970-07-16,F,Active
C01008587,2023-07-20,B010,ZM,Retail,Web,1967-12-08,F,Active
C01008588,2022-08-18,B001,ZM,SME,Agent,1986-07-06,M,Active
C01008589,2025-11-28,B002,ZM,Retail,USSD,1973-03-05,M,Active
C01008590,2022-10-31,B004,ZM,Retail,App,1982-12-10,F,Active
C01008591,2024-10-13,B004,ZM,Retail,Agent,1979-06-02,M,Active
C01008592,2022-11-05,B005,ZM,Retail,ATM,1996-11-12,F,Active
C01008593,2023-02-23,B020,ZM,Premium,App,1972-04-30,M,Active
C01008594,2024-12-02,B003,ZM,Retail,Agent,1990-10-26,F,Active
C01008595,2025-07-08,B015,ZM,Premium,Branch,2009-10-09,F,Active
C01008596,2022-02-16,B003,ZM,Retail,ATM,1988-10-04,M,Active
C01008597,2023-08-24,B003,ZM,Retail,USSD,1983-11-30,F,Dormant
C01008598,2024-05-03,B015,ZM,Retail,App,1973-07-28,F,Dormant
C01008599,2025-10-29,B004,ZM,Retail,App,1969-02-05,F,Active
C01008600,2025-01-13,B005,ZM,SME,ATM,2006-03-05,M,Dormant
C01008601,2022-09-28,B001,ZM,SME,USSD,2006-01-16,M,Active
C01008602,2024-08-28,B015,ZM,SME,Agent,1963-07-11,F,Active
C01008603,2023-12-12,B020,ZM,Retail,USSD,2007-11-21,M,Active
C01008604,2024-05-10,B010,ZM,Premium,Agent,2004-03-24,M,Active
C01008605,2024-06-28,B002,ZM,Premium,App,2013-04-20,F,Active
C01008606,2025-08-13,B020,ZM,Retail,Agent,1968-10-19,M,Active
C01008607,2022-02-13,B015,ZM,Premium,App,1996-07-25,F,Dormant
C01008608,2023-08-21,B001,ZM,Retail,Web,1973-03-26,F,Dormant
C01008609,2023-01-23,B004,ZM,Retail,ATM,1981-07-16,F,Active
C01008610,2022-05-09,B010,ZM,Retail,USSD,1987-11-30,F,Active
C01008611,2022-02-15,B010,ZM,Premium,Branch,1967-08-05,M,Active
C01008612,2023-04-21,B010,ZM,Retail,ATM,2013-11-24,F,Active
C01008613,2024-11-30,B003,ZM,Retail,Agent,2011-03-21,M,Active
C01008614,2025-08-13,B002,ZM,Retail,Web,1994-02-11,M,Active
C01008615,2023-11-19,B004,ZM,Retail,ATM,1983-08-27,M,Active
C01008616,2024-04-23,B004,ZM,Retail,App,1979-10-16,F,Active
C01008617,2025-03-31,B010,ZM,Retail,ATM,1978-01-12,F,Active
C01008618,2023-12-04,B004,ZM,Retail,Agent,2010-03-19,F,Active
C01008619,2025-09-04,B002,ZM,Premium,ATM,1990-05-25,F,Active
C01008620,2025-08-16,B002,ZM,SME,ATM,1981-06-24,F,Active
C01008621,2023-10-31,B005,ZM,SME,Agent,1972-01-08,F,Dormant
C01008622,2024-09-22,B015,ZM,Retail,Branch,1985-04-10,F,Active
C01008623,2025-04-30,B015,ZM,Retail,Web,2001-05-08,M,Active
C01008624,2025-09-25,B005,ZM,Retail,ATM,1976-09-29,M,Active
C01008625,2025-11-28,B001,ZM,Retail,ATM,1992-10-20,F,Active
C01008626,2024-12-21,B015,ZM,Premium,Branch,1965-03-02,F,Active
C01008627,2025-01-28,B002,ZM,Retail,USSD,1992-09-18,M,Dormant
C01008628,2024-06-30,B002,ZM,SME,ATM,2007-09-11,F,Active
C01008629,2024-07-26,B015,ZM,Retail,Agent,1981-02-27,M,Dormant
C01008630,2023-09-15,B002,ZM,SME,Agent,1980-03-05,M,Active
C01008631,2025-03-07,B005,ZM,Retail,ATM,1982-01-10,F,Closed
C01008632,2022-09-28,B010,ZM,Retail,USSD,1983-05-23,F,Dormant
C01008633,2023-09-20,B010,ZM,Retail,Agent,1978-02-24,M,Dormant
C01008634,2022-12-18,B004,ZM,Retail,ATM,1963-02-12,M,Active
C01008635,2023-06-17,B020,ZM,Retail,ATM,1981-08-11,F,Active
C01008636,2023-04-10,B020,ZM,Retail,ATM,1966-12-16,M,Active
C01008637,2024-09-18,B010,ZM,Retail,Web,1967-01-22,F,Active
C01008638,2024-02-01,B003,ZM,Premium,Agent,1992-10-26,F,Active
C01008639,2023-08-14,B005,ZM,Retail,App,2007-06-17,F,Active
C01008640,2022-04-07,B002,ZM,Retail,Web,2004-10-23,F,Active
C01008641,2022-10-31,B015,ZM,Retail,USSD,1996-05-23,M,Active
C01008642,2023-12-25,B010,ZM,Retail,Web,1962-07-06,F,Active
C01008643,2023-08-06,B005,ZM,Retail,Web,1993-07-16,F,Active
C01008644,2024-07-22,B010,ZM,Retail,Branch,1983-12-17,M,Dormant
C01008645,2022-12-07,B001,ZM,Retail,USSD,1993-03-05,M,Active
C01008646,2025-06-20,B002,ZM,Retail,USSD,2001-11-20,M,Closed
C01008647,2022-11-26,B001,ZM,Retail,USSD,1995-01-09,F,Closed
C01008648,2025-12-28,B002,ZM,Retail,Web,2010-07-28,M,Active
C01008649,2025-01-01,B005,ZM,Retail,USSD,1984-02-04,M,Active
C01008650,2023-08-08,B004,ZM,Retail,Agent,2004-10-19,F,Active
C01008651,2023-01-09,B010,ZM,Retail,Branch,1989-09-05,M,Dormant
C01008652,2022-12-26,B010,ZM,Retail,ATM,2000-09-08,M,Active
C01008653,2025-12-21,B003,ZM,Retail,Web,1996-01-04,M,Active
C01008654,2025-11-19,B015,ZM,Retail,ATM,2012-08-24,M,Active
C01008655,2025-09-26,B001,ZM,Retail,ATM,1984-01-25,F,Active
C01008656,2022-11-11,B010,ZM,Premium,Web,1990-02-05,F,Active
C01008657,2022-11-27,B005,ZM,Retail,Agent,1977-11-19,F,Active
C01008658,2023-05-03,B004,ZM,Retail,Web,1992-05-04,M,Active
C01008659,2022-08-28,B015,ZM,Retail,USSD,1981-07-10,M,Active
C01008660,2022-03-26,B005,ZM,Retail,Branch,1999-03-03,M,Dormant
C01008661,2023-10-11,B001,ZM,Retail,Web,1993-04-04,F,Active
C01008662,2025-03-22,B003,ZM,SME,ATM,2010-08-17,M,Dormant
C01008663,2022-09-17,B010,ZM,SME,Web,2002-05-12,F,Active
C01008664,2024-06-21,B005,ZM,Retail,Branch,1984-04-19,F,Active
C01008665,2023-06-18,B015,ZM,Retail,App,1995-04-05,M,Active
C01008666,2024-01-28,B002,ZM,SME,Agent,1994-09-09,M,Dormant
C01008667,2023-01-13,B004,ZM,Premium,ATM,2013-05-07,M,Active
C01008668,2023-02-25,B015,ZM,Retail,App,2005-02-08,F,Active
C01008669,2025-02-25,B005,ZM,Retail,App,1994-04-19,M,Dormant
C01008670,2025-12-19,B004,ZM,Retail,Branch,1965-09-14,M,Active
C01008671,2022-03-13,B010,ZM,Retail,Agent,1998-08-28,M,Active
C01008672,2025-09-25,B002,ZM,Retail,Web,1978-09-19,M,Active
C01008673,2023-10-12,B003,ZM,SME,App,1985-02-24,M,Active
C01008674,2023-12-06,B015,ZM,Retail,USSD,1971-05-07,F,Active
C01008675,2022-10-30,B003,ZM,SME,Web,1967-02-04,M,Active
C01008676,2024-02-03,B002,ZM,Retail,Agent,1975-11-20,F,Active
C01008677,2024-07-07,B004,ZM,Retail,ATM,1990-10-17,F,Active
C01008678,2025-01-10,B010,ZM,Retail,Web,1985-08-13,M,Active
C01008679,2022-11-29,B005,ZM,Retail,Branch,1993-03-10,F,Active
C01008680,2024-12-28,B002,ZM,Retail,Branch,1961-12-26,F,Dormant
C01008681,2023-09-10,B001,ZM,Retail,ATM,2008-01-15,M,Active
C01008682,2022-09-06,B004,ZM,SME,ATM,1960-09-16,F,Active
C01008683,2022-02-21,B003,ZM,SME,ATM,2011-05-18,F,Active
C01008684,2024-04-08,B015,ZM,Retail,Branch,1989-10-15,F,Dormant
C01008685,2024-10-19,B002,ZM,Retail,Agent,1987-06-26,F,Active
C01008686,2022-10-25,B003,ZM,Retail,Agent,2005-07-30,M,Active
C01008687,2024-07-27,B004,ZM,Premium,Web,1967-11-08,F,Closed
C01008688,2023-10-18,B003,ZM,Retail,App,1990-08-27,M,Active
C01008689,2022-11-16,B002,ZM,Retail,App,1976-08-18,F,Active
C01008690,2022-01-09,B004,ZM,Retail,USSD,1995-10-21,F,Active
C01008691,2025-01-23,B001,ZM,Retail,Branch,2013-06-18,M,Active
C01008692,2024-11-05,B002,ZM,Retail,ATM,1972-10-16,F,Active
C01008693,2023-11-10,B005,ZM,SME,Agent,1988-12-26,F,Dormant
C01008694,2025-08-18,B020,ZM,SME,Web,1993-04-20,M,Active
C01008695,2025-12-15,B010,ZM,Retail,Agent,2011-08-26,M,Active
C01008696,2023-08-29,B002,ZM,Retail,Branch,1994-03-17,M,Dormant
C01008697,2024-08-28,B004,ZM,Retail,USSD,1995-08-16,M,Dormant
C01008698,2023-08-17,B015,ZM,SME,Agent,1987-02-06,M,Active
C01008699,2025-03-20,B010,ZM,Retail,App,2000-01-27,M,Active
C01008700,2025-09-27,B002,ZM,Retail,Web,1976-04-20,M,Active
C01008701,2022-10-29,B001,ZM,Retail,App,1970-02-14,M,Active
C01008702,2025-03-03,B015,ZM,Retail,Web,1981-06-27,F,Active
C01008703,2026-02-01,B001,ZM,Retail,ATM,1961-03-19,M,Active
C01008704,2024-06-24,B005,ZM,Retail,Web,2000-08-28,F,Active
C01008705,2023-11-25,B015,ZM,Retail,ATM,1984-10-10,F,Active
C01008706,2025-11-12,B003,ZM,Retail,Branch,1972-04-06,F,Active
C01008707,2022-08-19,B020,ZM,Retail,App,1981-06-30,M,Active
C01008708,2026-02-07,B015,ZM,Retail,Web,1993-01-03,M,Active
C01008709,2024-09-07,B010,ZM,Retail,Web,2012-10-18,F,Active
C01008710,2022-03-24,B015,ZM,Retail,USSD,1970-08-24,M,Active
C01008711,2022-10-13,B004,ZM,Retail,App,1983-11-02,M,Active
C01008712,2025-10-20,B020,ZM,SME,Branch,1976-04-16,M,Dormant
C01008713,2025-02-02,B004,ZM,Retail,ATM,1994-07-10,M,Active
C01008714,2022-08-28,B003,ZM,Retail,Branch,1970-12-29,F,Active
C01008715,2023-09-23,B015,ZM,Retail,USSD,1985-08-25,M,Active
C01008716,2022-02-20,B001,ZM,Retail,Branch,1964-09-20,F,Active
C01008717,2024-04-02,B001,ZM,Retail,ATM,1983-10-03,M,Active
C01008718,2025-06-18,B002,ZM,Retail,App,2008-11-04,F,Dormant
C01008719,2023-03-28,B005,ZM,Retail,Agent,2012-05-07,F,Active
C01008720,2024-07-02,B010,ZM,Retail,USSD,1977-07-13,M,Dormant
C01008721,2024-01-02,B020,ZM,SME,Web,1982-03-26,M,Active
C01008722,2022-07-09,B005,ZM,SME,Web,1974-02-14,F,Active
C01008723,2023-10-31,B015,ZM,Premium,App,1997-04-09,F,Dormant
C01008724,2022-04-23,B005,ZM,SME,Agent,1970-06-09,M,Active
C01008725,2025-05-30,B002,ZM,SME,Branch,1987-01-02,M,Dormant
C01008726,2025-08-06,B005,ZM,Retail,Web,1988-05-31,M,Active
C01008727,2023-02-04,B020,ZM,Retail,USSD,1987-09-19,M,Closed
C01008728,2025-04-09,B003,ZM,Retail,Agent,1979-02-25,F,Dormant
C01008729,2024-12-14,B002,ZM,Retail,ATM,1965-01-03,M,Active
C01008730,2023-03-31,B003,ZM,Premium,Branch,2000-08-15,M,Active
C01008731,2023-07-24,B015,ZM,Retail,Agent,2010-10-30,M,Active
C01008732,2023-02-05,B002,ZM,Retail,ATM,1997-01-07,F,Dormant
C01008733,2022-02-16,B015,ZM,Retail,Agent,1979-09-27,M,Active
C01008734,2022-06-21,B015,ZM,SME,Agent,2001-01-29,F,Closed
C01008735,2025-01-07,B005,ZM,Retail,Branch,1980-04-10,M,Active
C01008736,2024-07-01,B003,ZM,Premium,USSD,1969-05-09,F,Active
C01008737,2025-10-18,B015,ZM,Retail,ATM,1961-08-15,F,Active
C01008738,2025-10-07,B003,ZM,Retail,USSD,1962-09-09,M,Active
C01008739,2022-06-28,B003,ZM,Retail,ATM,2007-12-03,F,Active
C01008740,2024-11-14,B002,ZM,Retail,Branch,1970-12-11,F,Active
C01008741,2024-03-18,B004,ZM,Retail,USSD,2004-06-20,M,Active
C01008742,2023-02-03,B005,ZM,Retail,Branch,2007-08-16,F,Active
C01008743,2024-10-01,B015,ZM,SME,Agent,1991-12-18,M,Closed
C01008744,2023-10-13,B003,ZM,Retail,Agent,1974-12-25,M,Active
C01008745,2025-05-20,B010,ZM,Retail,Branch,1972-09-29,M,Active
C01008746,2025-05-24,B004,ZM,Retail,ATM,1970-10-15,F,Dormant
C01008747,2024-11-13,B015,ZM,Retail,Agent,1967-02-14,F,Active
C01008748,2022-04-25,B010,ZM,Retail,ATM,1993-01-17,F,Active
C01008749,2025-09-27,B005,ZM,Retail,USSD,2009-04-02,F,Active
C01008750,2024-01-10,B005,ZM,Retail,Web,2000-01-26,M,Active
C01008751,2024-03-25,B003,ZM,Retail,Agent,1968-04-15,F,Active
C01008752,2022-10-30,B003,ZM,SME,Agent,2009-12-20,M,Active
C01008753,2026-01-06,B020,ZM,Retail,App,1985-03-12,F,Active
C01008754,2024-05-25,B020,ZM,Premium,ATM,1988-07-23,F,Active
C01008755,2024-01-28,B015,ZM,Retail,Branch,1974-01-12,F,Active
C01008756,2024-03-01,B002,ZM,Premium,App,1978-10-05,M,Active
C01008757,2024-02-03,B004,ZM,Retail,USSD,1992-07-17,M,Active
C01008758,2022-01-25,B015,ZM,Retail,App,1985-01-23,M,Active
C01008759,2023-08-06,B004,ZM,Retail,App,1975-10-23,M,Active
C01008760,2023-12-08,B003,ZM,SME,Web,1998-11-03,F,Active
C01008761,2023-12-21,B005,ZM,Retail,Web,2005-05-07,F,Active
C01008762,2023-09-23,B003,ZM,Retail,App,2001-04-29,F,Dormant
C01008763,2024-07-01,B005,ZM,SME,Web,1983-04-21,F,Active
C01008764,2025-02-22,B020,ZM,Retail,Web,1983-12-16,M,Closed
C01008765,2022-06-29,B015,ZM,Retail,App,2004-09-06,M,Active
C01008766,2023-03-18,B020,ZM,Retail,ATM,1964-05-11,M,Dormant
C01008767,2026-01-30,B005,ZM,Retail,Web,1970-02-01,F,Active
C01008768,2024-06-28,B003,ZM,Retail,App,2004-08-09,F,Active
C01008769,2024-05-01,B020,ZM,Retail,ATM,1977-05-27,F,Active
C01008770,2024-06-25,B001,ZM,Retail,Agent,1974-09-04,F,Active
C01008771,2023-08-15,B004,ZM,Retail,Web,1962-04-09,F,Active
C01008772,2022-12-02,B010,ZM,SME,App,2007-06-18,F,Active
C01008773,2026-01-30,B005,ZM,Retail,Web,1996-11-12,F,Active
C01008774,2024-05-18,B005,ZM,Retail,ATM,1990-08-19,M,Active
C01008775,2026-02-01,B001,ZM,Retail,App,1973-03-29,M,Active
C01008776,2024-04-28,B015,ZM,Retail,ATM,1979-12-19,F,Active
C01008777,2022-10-13,B015,ZM,Retail,Agent,1999-11-24,F,Dormant
C01008778,2025-04-17,B015,ZM,Retail,Branch,2001-07-09,F,Active
C01008779,2025-05-09,B010,ZM,Retail,USSD,2000-08-20,F,Active
C01008780,2022-06-26,B002,ZM,Premium,Branch,1971-11-06,M,Active
C01008781,2022-10-22,B001,ZM,Retail,Web,2011-10-17,M,Active
C01008782,2023-03-02,B010,ZM,Retail,ATM,1998-07-29,F,Active
C01008783,2023-09-14,B020,ZM,Retail,App,1995-11-30,M,Active
C01008784,2024-08-30,B001,ZM,Retail,ATM,1989-01-22,M,Active
C01008785,2024-12-11,B005,ZM,SME,Web,1996-06-27,F,Active
C01008786,2023-11-18,B004,ZM,Retail,App,1976-11-22,M,Active
C01008787,2022-05-16,B001,ZM,Retail,Branch,1977-06-29,F,Active
C01008788,2025-04-24,B002,ZM,Retail,ATM,2001-12-27,F,Active
C01008789,2024-02-09,B003,ZM,Retail,USSD,1960-04-21,F,Active
C01008790,2022-07-01,B020,ZM,Retail,Agent,1969-12-31,F,Active
C01008791,2022-01-14,B010,ZM,Retail,Agent,1984-12-31,M,Closed
C01008792,2024-04-18,B020,ZM,Retail,Web,1965-07-22,F,Active
C01008793,2025-08-01,B020,ZM,Retail,Web,1964-03-08,F,Dormant
C01008794,2023-07-14,B001,ZM,Retail,ATM,1992-01-14,M,Active
C01008795,2024-04-28,B001,ZM,Retail,Branch,1973-09-06,F,Active
C01008796,2022-12-25,B002,ZM,Retail,Branch,1999-05-31,M,Active
C01008797,2025-02-12,B004,ZM,Retail,USSD,2008-03-05,M,Active
C01008798,2024-08-04,B001,ZM,Premium,USSD,1965-08-22,F,Active
C01008799,2025-12-25,B001,ZM,Retail,ATM,1962-03-16,F,Active
C01008800,2025-03-09,B004,ZM,Premium,App,1992-12-19,M,Active
C01008801,2022-10-08,B002,ZM,Retail,Branch,1989-03-14,M,Active
C01008802,2023-02-13,B010,ZM,SME,App,2006-07-29,F,Active
C01008803,2023-01-16,B020,ZM,Retail,App,1964-02-04,F,Closed
C01008804,2024-02-21,B010,ZM,Retail,ATM,1963-04-06,F,Active
C01008805,2023-08-16,B001,ZM,SME,USSD,1962-04-09,F,Active
C01008806,2025-02-08,B004,ZM,SME,App,1973-08-20,F,Active
C01008807,2024-10-01,B001,ZM,Retail,ATM,2003-05-29,F,Active
C01008808,2022-03-28,B015,ZM,Retail,USSD,1975-12-26,F,Active
C01008809,2023-09-11,B003,ZM,Retail,App,1971-06-27,F,Closed
C01008810,2025-04-13,B010,ZM,SME,App,1965-11-23,M,Active
C01008811,2023-09-15,B015,ZM,Retail,USSD,1987-09-27,M,Active
C01008812,2024-10-08,B005,ZM,Retail,Agent,1976-09-17,M,Active
C01008813,2025-02-19,B003,ZM,Retail,USSD,1988-09-08,M,Active
C01008814,2024-08-07,B001,ZM,SME,Web,2001-07-19,F,Active
C01008815,2023-04-05,B002,ZM,Retail,Web,1977-06-25,F,Active
C01008816,2022-02-24,B010,ZM,Retail,ATM,1970-10-04,F,Active
C01008817,2022-01-06,B005,ZM,Premium,ATM,1998-03-02,M,Active
C01008818,2022-11-12,B003,ZM,Retail,Branch,1962-05-17,M,Active
C01008819,2023-06-22,B010,ZM,Retail,Web,2014-03-16,F,Active
C01008820,2023-09-07,B004,ZM,Retail,USSD,1987-01-06,M,Active
C01008821,2025-08-04,B002,ZM,Retail,Web,1980-05-03,F,Active
C01008822,2025-07-27,B003,ZM,Retail,Agent,2011-06-19,F,Active
C01008823,2024-08-25,B004,ZM,Retail,ATM,1971-01-27,M,Dormant
C01008824,2022-09-12,B015,ZM,Retail,Agent,1979-07-10,M,Active
C01008825,2025-09-01,B001,ZM,Retail,ATM,1995-09-15,F,Active
C01008826,2025-09-25,B004,ZM,Retail,Agent,2007-06-20,M,Active
C01008827,2023-08-13,B003,ZM,Retail,ATM,1967-10-16,F,Active
C01008828,2024-05-04,B020,ZM,Retail,USSD,2004-05-08,F,Active
C01008829,2023-01-03,B003,ZM,Retail,Agent,1974-10-03,F,Active
C01008830,2024-10-04,B020,ZM,Retail,App,1963-02-23,F,Active
C01008831,2025-11-09,B015,ZM,Retail,ATM,1977-10-21,M,Active
C01008832,2025-08-13,B001,ZM,Retail,Web,1970-11-29,F,Active
C01008833,2023-05-17,B020,ZM,SME,App,1977-10-09,M,Dormant
C01008834,2022-02-28,B020,ZM,Retail,Web,1993-12-02,F,Active
C01008835,2022-09-02,B004,ZM,Retail,ATM,1991-01-11,M,Active
C01008836,2023-07-22,B004,ZM,Retail,USSD,1991-06-30,F,Active
C01008837,2024-10-06,B001,ZM,Retail,App,1973-10-30,F,Closed
C01008838,2022-05-17,B004,ZM,Retail,App,2006-06-25,M,Active
C01008839,2025-05-11,B010,ZM,Retail,ATM,1995-01-21,F,Active
C01008840,2024-01-11,B001,ZM,Retail,Agent,1975-10-16,F,Dormant
C01008841,2025-04-05,B002,ZM,Retail,ATM,1962-05-27,F,Active
C01008842,2024-09-11,B020,ZM,Retail,ATM,2013-11-29,F,Active
C01008843,2025-03-04,B003,ZM,Retail,Branch,1976-09-23,M,Closed
C01008844,2024-06-12,B002,ZM,Retail,USSD,2011-08-22,M,Active
C01008845,2023-06-13,B020,ZM,Retail,Agent,2003-06-24,F,Active
C01008846,2025-07-10,B010,ZM,Premium,USSD,1982-01-30,F,Dormant
C01008847,2025-11-05,B020,ZM,SME,ATM,1990-11-10,F,Active
C01008848,2024-09-01,B020,ZM,SME,Branch,1971-06-20,M,Active
C01008849,2025-11-22,B020,ZM,SME,ATM,1993-07-05,F,Active
C01008850,2022-09-02,B015,ZM,Retail,ATM,1991-08-08,M,Active
C01008851,2024-02-04,B010,ZM,SME,USSD,1979-02-16,M,Active
C01008852,2024-11-15,B005,ZM,Retail,Branch,1981-01-18,M,Active
C01008853,2025-03-24,B005,ZM,Retail,USSD,1973-04-23,M,Active
C01008854,2022-02-05,B005,ZM,SME,ATM,1975-02-28,F,Active
C01008855,2023-06-16,B001,ZM,Retail,Web,1973-07-11,F,Active
C01008856,2022-11-30,B004,ZM,Premium,App,1999-09-19,M,Active
C01008857,2025-04-06,B010,ZM,Retail,Agent,1980-05-08,M,Active
C01008858,2022-04-30,B002,ZM,SME,ATM,1977-01-20,F,Closed
C01008859,2022-10-27,B015,ZM,Retail,Agent,2006-11-06,F,Active
C01008860,2023-10-17,B002,ZM,Retail,Branch,2014-02-17,F,Active
C01008861,2024-08-02,B002,ZM,Retail,Web,2014-07-16,F,Active
C01008862,2025-11-20,B002,ZM,SME,Agent,1975-08-21,M,Active
C01008863,2022-10-05,B015,ZM,Retail,Agent,1960-02-16,F,Active
C01008864,2024-01-02,B005,ZM,Retail,Branch,1985-10-11,M,Dormant
C01008865,2022-12-01,B002,ZM,Retail,ATM,1992-08-14,F,Active
C01008866,2022-04-19,B015,ZM,Retail,ATM,2002-06-30,M,Active
C01008867,2023-07-13,B015,ZM,Retail,App,1979-12-03,F,Active
C01008868,2024-01-10,B004,ZM,Retail,Branch,1991-10-06,F,Active
C01008869,2024-05-09,B015,ZM,Retail,Web,1980-03-25,F,Active
C01008870,2025-07-27,B005,ZM,Retail,App,1971-08-04,F,Active
C01008871,2023-12-31,B002,ZM,Retail,Branch,1980-05-01,M,Dormant
C01008872,2022-04-10,B015,ZM,Retail,ATM,1997-12-20,F,Active
C01008873,2023-08-17,B001,ZM,Retail,App,1998-04-17,F,Active
C01008874,2023-08-21,B015,ZM,Retail,ATM,1967-10-25,M,Dormant
C01008875,2024-12-20,B003,ZM,SME,USSD,2005-07-05,M,Active
C01008876,2025-08-01,B003,ZM,Retail,USSD,1991-05-27,M,Active
C01008877,2022-06-07,B003,ZM,Retail,App,1963-02-12,M,Active
C01008878,2024-11-18,B015,ZM,Retail,App,2002-02-14,F,Active
C01008879,2023-02-01,B005,ZM,Retail,Branch,1995-08-17,F,Active
C01008880,2025-07-10,B002,ZM,Retail,Web,1968-03-21,F,Active
C01008881,2023-01-11,B010,ZM,Retail,Web,1964-05-23,F,Active
C01008882,2022-07-13,B010,ZM,SME,USSD,2009-06-14,M,Active
C01008883,2025-05-11,B010,ZM,Retail,USSD,2001-03-10,F,Active
C01008884,2022-12-09,B005,ZM,Retail,USSD,1964-02-01,M,Active
C01008885,2025-01-18,B004,ZM,Retail,ATM,2005-11-19,F,Dormant
C01008886,2023-10-23,B020,ZM,Retail,Web,1976-10-24,M,Dormant
C01008887,2023-10-10,B001,ZM,Premium,App,1994-11-27,M,Active
C01008888,2025-11-03,B001,ZM,Retail,USSD,2014-06-20,M,Closed
C01008889,2023-09-09,B003,ZM,Premium,Agent,2004-08-30,M,Dormant
C01008890,2023-07-10,B003,ZM,Retail,Branch,1970-11-02,M,Dormant
C01008891,2025-11-04,B015,ZM,Retail,App,2005-05-13,M,Active
C01008892,2025-11-30,B010,ZM,Retail,App,1974-03-18,M,Active
C01008893,2025-11-10,B015,ZM,Retail,App,1977-12-07,M,Active
C01008894,2024-01-13,B020,ZM,Retail,Web,1994-03-11,F,Dormant
C01008895,2022-07-16,B010,ZM,Retail,USSD,1963-06-18,M,Dormant
C01008896,2024-12-30,B003,ZM,Retail,Branch,1968-11-07,F,Active
C01008897,2025-04-02,B002,ZM,Retail,ATM,1961-04-08,M,Active
C01008898,2023-12-22,B004,ZM,Retail,Branch,2004-01-31,F,Active
C01008899,2022-10-22,B015,ZM,Retail,Branch,1971-03-09,F,Active
C01008900,2022-01-27,B004,ZM,SME,Agent,1973-12-28,M,Active
C01008901,2022-10-08,B004,ZM,Retail,Branch,1995-07-26,F,Closed
C01008902,2024-11-27,B004,ZM,Retail,ATM,1968-12-13,F,Active
C01008903,2023-07-31,B003,ZM,Retail,Branch,1991-10-12,F,Active
C01008904,2024-02-03,B001,ZM,Retail,Agent,2009-09-01,M,Active
C01008905,2024-09-20,B003,ZM,Retail,Branch,1979-12-10,M,Active
C01008906,2024-04-23,B004,ZM,Retail,USSD,2010-01-31,M,Dormant
C01008907,2023-11-28,B003,ZM,Retail,Agent,2010-04-05,M,Active
C01008908,2022-11-30,B004,ZM,Retail,USSD,1976-05-28,F,Active
C01008909,2022-07-29,B005,ZM,Retail,USSD,1968-01-16,F,Active
C01008910,2023-03-23,B010,ZM,Retail,App,2004-03-24,F,Active
C01008911,2022-11-13,B001,ZM,SME,Agent,1999-01-01,F,Active
C01008912,2024-10-27,B005,ZM,Retail,Branch,1983-07-08,M,Active
C01008913,2023-03-29,B002,ZM,Retail,Web,2007-12-02,M,Active
C01008914,2023-01-21,B003,ZM,Retail,Web,1983-03-04,M,Active
C01008915,2025-02-18,B002,ZM,SME,Web,1996-02-11,M,Active
C01008916,2025-06-10,B015,ZM,Retail,ATM,2002-12-04,F,Active
C01008917,2025-11-13,B003,ZM,Retail,USSD,1977-12-20,F,Active
C01008918,2024-12-12,B020,ZM,SME,USSD,1989-02-04,F,Active
C01008919,2024-12-25,B020,ZM,Retail,USSD,1999-09-16,M,Dormant
C01008920,2025-12-30,B010,ZM,Retail,Agent,1983-07-25,F,Active
C01008921,2025-02-02,B005,ZM,Retail,ATM,1971-10-03,F,Active
C01008922,2025-12-09,B010,ZM,SME,Branch,1973-01-08,F,Active
C01008923,2022-08-22,B015,ZM,SME,App,1978-10-28,F,Active
C01008924,2024-05-04,B004,ZM,Retail,Agent,1979-06-10,F,Dormant
C01008925,2024-08-01,B010,ZM,Retail,USSD,1973-09-14,F,Active
C01008926,2022-06-06,B010,ZM,Retail,Branch,1972-09-15,M,Active
C01008927,2022-08-27,B020,ZM,Retail,Web,1974-06-24,F,Active
C01008928,2022-09-26,B004,ZM,Retail,App,2005-08-09,M,Active
C01008929,2022-02-05,B020,ZM,Retail,Web,1961-07-07,M,Active
C01008930,2024-09-09,B003,ZM,Premium,Branch,1969-07-09,M,Active
C01008931,2023-12-15,B004,ZM,SME,Branch,2014-06-30,F,Active
C01008932,2023-10-01,B005,ZM,Retail,Web,1986-03-14,F,Active
C01008933,2025-11-16,B010,ZM,Retail,Agent,1982-10-07,M,Closed
C01008934,2024-01-13,B020,ZM,Retail,App,1973-10-24,F,Active
C01008935,2022-10-12,B004,ZM,Retail,Web,1991-01-19,F,Active
C01008936,2024-06-24,B015,ZM,Retail,Web,2010-04-05,F,Closed
C01008937,2025-05-08,B015,ZM,Retail,Agent,2010-10-14,M,Active
C01008938,2024-12-07,B010,ZM,Retail,Web,1973-11-03,F,Active
C01008939,2023-12-02,B005,ZM,Retail,App,1976-07-08,F,Active
C01008940,2022-12-19,B002,ZM,SME,ATM,1976-01-10,M,Active
C01008941,2025-12-24,B020,ZM,Retail,App,1991-09-26,M,Dormant
C01008942,2023-09-16,B005,ZM,Retail,Agent,1996-05-02,F,Active
C01008943,2022-02-28,B001,ZM,SME,Web,1965-02-16,F,Closed
C01008944,2022-08-31,B001,ZM,Retail,USSD,1993-10-28,M,Active
C01008945,2023-04-01,B001,ZM,Retail,USSD,1976-06-02,M,Active
C01008946,2022-09-21,B010,ZM,Retail,Branch,1990-04-13,M,Active
C01008947,2025-11-22,B015,ZM,Premium,ATM,1978-12-08,F,Active
C01008948,2022-10-19,B003,ZM,Retail,Agent,1993-05-03,F,Active
C01008949,2025-11-10,B020,ZM,Retail,Branch,1964-06-03,F,Dormant
C01008950,2023-04-10,B015,ZM,Retail,Branch,1994-12-14,F,Active
C01008951,2023-09-22,B003,ZM,Retail,USSD,1981-09-24,F,Active
C01008952,2022-09-14,B003,ZM,Retail,App,2002-12-14,F,Active
C01008953,2023-03-06,B015,ZM,Retail,Branch,1981-12-12,M,Active
C01008954,2022-09-24,B020,ZM,Premium,Branch,1965-12-24,F,Active
C01008955,2022-06-10,B010,ZM,Premium,ATM,1970-04-17,F,Active
C01008956,2024-05-20,B005,ZM,Retail,USSD,2007-09-09,M,Active
C01008957,2025-11-15,B003,ZM,Retail,App,1964-12-21,M,Active
C01008958,2022-08-17,B002,ZM,Retail,ATM,1984-05-12,M,Closed
C01008959,2022-06-09,B015,ZM,SME,App,1995-08-07,M,Active
C01008960,2022-02-08,B015,ZM,Retail,App,2004-02-13,M,Closed
C01008961,2024-09-18,B001,ZM,Retail,Branch,1984-09-27,M,Active
C01008962,2024-06-02,B005,ZM,SME,ATM,1969-05-18,M,Active
C01008963,2022-03-29,B001,ZM,Retail,Branch,1981-03-14,M,Active
C01008964,2023-02-07,B015,ZM,Retail,Web,1960-07-25,M,Active
C01008965,2022-08-09,B015,ZM,SME,App,2003-07-25,F,Dormant
C01008966,2022-03-09,B003,ZM,SME,ATM,1988-04-13,F,Active
C01008967,2025-09-13,B005,ZM,Retail,USSD,1980-07-21,F,Active
C01008968,2024-11-17,B004,ZM,Retail,Branch,2010-02-20,M,Closed
C01008969,2025-04-29,B002,ZM,Premium,Web,1987-05-09,F,Active
C01008970,2022-05-02,B020,ZM,Retail,Agent,1970-12-12,M,Active
C01008971,2024-08-18,B003,ZM,Retail,Web,2010-05-23,M,Active
C01008972,2022-09-01,B015,ZM,Retail,Web,1989-01-23,M,Active
C01008973,2023-06-03,B020,ZM,SME,Branch,1973-04-27,M,Active
C01008974,2022-03-30,B003,ZM,Retail,USSD,1961-03-20,F,Active
C01008975,2022-05-16,B002,ZM,Retail,ATM,1966-06-08,F,Active
C01008976,2023-09-10,B015,ZM,Premium,App,1979-09-18,M,Dormant
C01008977,2025-09-29,B002,ZM,Retail,USSD,1994-07-28,F,Active
C01008978,2022-01-22,B020,ZM,SME,Branch,1975-08-28,F,Active
C01008979,2022-07-17,B004,ZM,Retail,Agent,1996-01-01,M,Active
C01008980,2022-09-11,B003,ZM,Retail,ATM,1965-02-21,F,Active
C01008981,2025-05-17,B010,ZM,Retail,App,2005-08-21,F,Active
C01008982,2023-02-25,B003,ZM,Retail,Agent,1985-09-24,F,Dormant
C01008983,2025-04-18,B001,ZM,Retail,ATM,1995-10-28,M,Active
C01008984,2023-02-14,B005,ZM,SME,App,1980-07-25,F,Active
C01008985,2023-01-14,B005,ZM,Retail,App,2011-03-21,F,Active
C01008986,2025-10-05,B001,ZM,SME,Web,2002-06-25,M,Active
C01008987,2023-12-21,B015,ZM,Retail,Agent,1992-10-11,F,Closed
C01008988,2022-03-01,B005,ZM,Retail,Agent,1994-08-22,F,Active
C01008989,2022-07-05,B002,ZM,Retail,Branch,1965-09-03,M,Dormant
C01008990,2022-10-26,B020,ZM,Retail,USSD,1988-02-26,M,Active
C01008991,2023-07-23,B020,ZM,Retail,Web,1984-11-01,F,Active
C01008992,2025-04-02,B005,ZM,SME,Web,2002-09-19,M,Active
C01008993,2023-12-14,B005,ZM,Retail,ATM,1964-01-15,F,Active
C01008994,2023-12-23,B001,ZM,Retail,Agent,1992-06-07,M,Active
C01008995,2022-11-25,B015,ZM,Retail,App,1988-07-26,M,Active
C01008996,2024-10-22,B004,ZM,Retail,App,1982-07-22,M,Active
C01008997,2026-02-01,B005,ZM,Retail,ATM,2011-01-07,F,Active
C01008998,2025-06-09,B010,ZM,Retail,Agent,1966-07-10,F,Active
C01008999,2023-05-11,B005,ZM,Retail,Branch,1975-08-20,M,Dormant
C01009000,2024-10-31,B004,ZM,SME,App,1966-01-14,M,Active
C01009001,2025-03-13,B001,ZM,Retail,Web,1993-01-15,F,Active
C01009002,2022-05-20,B004,ZM,Retail,Web,1967-10-04,M,Active
C01009003,2022-07-22,B001,ZM,Retail,Agent,1998-05-29,M,Active
C01009004,2025-03-30,B002,ZM,Premium,App,1984-01-05,M,Active
C01009005,2022-01-29,B001,ZM,Retail,App,1966-06-17,F,Active
C01009006,2024-12-19,B002,ZM,Retail,Branch,1966-12-14,F,Dormant
C01009007,2023-03-21,B002,ZM,Retail,Agent,2010-10-19,M,Dormant
C01009008,2026-01-05,B001,ZM,Premium,App,1990-09-13,M,Active
C01009009,2023-01-28,B010,ZM,Retail,Branch,1989-08-07,F,Active
C01009010,2023-08-01,B003,ZM,Retail,Web,1998-06-03,F,Active
C01009011,2022-12-18,B001,ZM,Retail,Branch,1984-05-14,M,Active
C01009012,2025-01-05,B005,ZM,Retail,App,1961-07-08,M,Active
C01009013,2022-01-09,B010,ZM,Retail,USSD,2011-02-05,M,Active
C01009014,2026-01-25,B010,ZM,Retail,Agent,1968-03-11,F,Dormant
C01009015,2022-07-22,B005,ZM,Retail,App,2011-09-11,M,Dormant
C01009016,2023-03-15,B003,ZM,Retail,USSD,1993-09-23,F,Dormant
C01009017,2024-10-29,B010,ZM,Retail,Web,2013-02-23,M,Active
C01009018,2025-12-20,B002,ZM,Retail,Agent,1978-12-23,M,Active
C01009019,2024-08-30,B020,ZM,Retail,ATM,2013-01-05,M,Active
C01009020,2024-01-21,B003,ZM,Premium,Agent,1988-10-19,F,Dormant
C01009021,2025-11-30,B015,ZM,Retail,Web,2000-06-12,F,Active
C01009022,2025-04-22,B005,ZM,SME,Web,2009-01-31,M,Active
C01009023,2023-01-15,B003,ZM,Retail,Web,2004-07-22,M,Active
C01009024,2024-06-19,B001,ZM,SME,Branch,1992-02-04,M,Active
C01009025,2025-10-11,B020,ZM,Retail,Web,1976-08-01,F,Active
C01009026,2022-08-08,B003,ZM,Retail,ATM,1965-05-26,M,Active
C01009027,2023-01-06,B002,ZM,Retail,App,2002-10-22,M,Active
C01009028,2023-12-28,B020,ZM,Retail,USSD,1960-01-18,F,Active
C01009029,2024-02-17,B001,ZM,Retail,Agent,1972-04-19,F,Active
C01009030,2024-05-18,B004,ZM,Retail,Agent,1961-08-18,M,Active
C01009031,2023-03-15,B005,ZM,Retail,Web,1982-10-02,F,Active
C01009032,2024-11-19,B020,ZM,Retail,USSD,1975-02-19,F,Active
C01009033,2023-04-12,B005,ZM,Retail,Web,1998-12-27,F,Dormant
C01009034,2024-04-14,B003,ZM,Retail,Branch,1974-03-15,F,Active
C01009035,2022-08-20,B010,ZM,Retail,USSD,1961-05-03,F,Active
C01009036,2023-10-06,B001,ZM,Retail,Web,1966-05-19,F,Active
C01009037,2022-09-11,B004,ZM,SME,Web,2004-07-05,F,Active
C01009038,2024-08-12,B001,ZM,Retail,ATM,1968-08-14,F,Closed
C01009039,2022-08-14,B005,ZM,Retail,ATM,1972-03-12,M,Active
C01009040,2024-11-30,B001,ZM,SME,ATM,1968-01-21,M,Active
C01009041,2022-10-06,B004,ZM,Retail,Branch,1973-06-05,F,Active
C01009042,2024-10-12,B010,ZM,Retail,USSD,1987-08-02,F,Active
C01009043,2024-01-10,B003,ZM,SME,Branch,1966-07-29,M,Active
C01009044,2025-12-14,B002,ZM,Retail,App,1978-02-07,M,Active
C01009045,2023-08-14,B001,ZM,Retail,Web,2011-04-12,M,Active
C01009046,2025-02-15,B020,ZM,Premium,Web,1981-11-09,M,Active
C01009047,2026-01-18,B002,ZM,Premium,Web,1998-07-30,M,Dormant
C01009048,2022-03-25,B005,ZM,Retail,ATM,1996-03-14,F,Active
C01009049,2022-06-18,B003,ZM,Retail,Web,2001-07-07,F,Active
C01009050,2023-11-03,B015,ZM,Retail,ATM,2007-09-22,M,Active
C01009051,2024-10-08,B003,ZM,Retail,App,2010-10-29,F,Active
C01009052,2022-08-25,B001,ZM,Retail,Branch,2000-09-20,M,Dormant
C01009053,2024-02-28,B020,ZM,Retail,Branch,1996-06-03,M,Active
C01009054,2023-08-04,B010,ZM,Premium,Branch,1963-04-05,F,Active
C01009055,2024-07-24,B003,ZM,SME,ATM,2010-10-24,F,Active
C01009056,2025-05-14,B001,ZM,Retail,Agent,2006-12-09,F,Dormant
C01009057,2023-10-01,B001,ZM,Retail,Agent,2002-07-29,F,Active
C01009058,2025-11-08,B002,ZM,Retail,USSD,1979-05-06,M,Active
C01009059,2024-06-28,B003,ZM,Retail,Agent,1966-08-28,F,Active
C01009060,2023-04-08,B001,ZM,Retail,USSD,1974-10-19,M,Active
C01009061,2025-02-08,B002,ZM,SME,App,1998-04-02,F,Dormant
C01009062,2024-04-14,B020,ZM,Retail,USSD,2004-01-04,F,Dormant
C01009063,2023-08-19,B004,ZM,SME,App,2003-05-30,M,Active
C01009064,2024-05-26,B020,ZM,Retail,Web,1980-10-02,M,Active
C01009065,2023-01-22,B015,ZM,Retail,Branch,1967-03-03,M,Active
C01009066,2022-05-23,B002,ZM,Retail,Agent,2014-01-01,F,Active
C01009067,2024-09-01,B002,ZM,Retail,ATM,1976-08-18,M,Active
C01009068,2025-10-22,B001,ZM,SME,App,1971-10-30,F,Active
C01009069,2024-01-23,B005,ZM,Retail,Agent,1999-04-13,M,Active
C01009070,2023-01-03,B005,ZM,Retail,ATM,1994-12-07,M,Active
C01009071,2022-01-27,B010,ZM,Retail,ATM,1962-07-16,F,Active
C01009072,2025-10-12,B005,ZM,Retail,Branch,2001-04-20,F,Active
C01009073,2024-10-03,B002,ZM,Premium,Web,1990-06-04,M,Active
C01009074,2025-10-08,B010,ZM,Retail,Web,2011-09-29,M,Active
C01009075,2022-08-04,B020,ZM,Retail,USSD,2007-08-02,F,Dormant
C01009076,2024-03-22,B001,ZM,Retail,Agent,2007-12-23,F,Active
C01009077,2024-06-16,B020,ZM,Retail,Web,2002-08-17,M,Active
C01009078,2024-12-06,B003,ZM,Retail,Branch,2008-11-12,M,Active
C01009079,2025-09-10,B015,ZM,Retail,Agent,1997-09-17,F,Active
C01009080,2025-10-17,B015,ZM,Retail,ATM,1991-08-13,M,Active
C01009081,2022-06-24,B002,ZM,Premium,App,1981-04-13,M,Active
C01009082,2022-09-02,B002,ZM,Retail,App,1978-08-29,F,Active
C01009083,2022-10-21,B010,ZM,Retail,Web,2011-04-15,M,Dormant
C01009084,2024-03-19,B001,ZM,SME,USSD,1987-09-13,F,Dormant
C01009085,2024-03-31,B004,ZM,Retail,App,1978-03-19,F,Active
C01009086,2025-11-24,B002,ZM,Retail,USSD,1970-05-05,M,Active
C01009087,2025-04-24,B004,ZM,Retail,App,2014-01-23,F,Active
C01009088,2022-07-28,B020,ZM,Retail,USSD,1968-03-23,F,Active
C01009089,2022-12-12,B004,ZM,Retail,USSD,1994-04-16,F,Active
C01009090,2022-05-13,B005,ZM,Retail,ATM,1989-07-01,M,Closed
C01009091,2024-01-15,B001,ZM,Retail,Branch,1987-09-13,M,Active
C01009092,2023-02-12,B015,ZM,Retail,App,1976-11-24,M,Active
C01009093,2023-11-25,B015,ZM,SME,Agent,1962-10-08,F,Active
C01009094,2023-02-15,B004,ZM,Retail,Web,2005-12-23,F,Active
C01009095,2025-05-03,B015,ZM,SME,Branch,2011-11-16,M,Active
C01009096,2024-04-07,B020,ZM,Retail,ATM,1990-01-16,M,Active
C01009097,2022-09-09,B001,ZM,Retail,ATM,1976-04-19,F,Active
C01009098,2023-04-22,B005,ZM,Retail,ATM,1980-12-01,M,Active
C01009099,2024-05-19,B001,ZM,Retail,Web,1971-03-09,F,Dormant
C01009100,2026-01-25,B002,ZM,Retail,App,1972-12-25,M,Closed
C01009101,2024-10-19,B004,ZM,SME,App,1964-02-05,M,Active
C01009102,2023-07-25,B001,ZM,Retail,USSD,1974-03-23,M,Active
C01009103,2026-01-01,B020,ZM,Retail,USSD,1970-11-10,M,Active
C01009104,2025-04-06,B015,ZM,Retail,Agent,2012-07-31,F,Active
C01009105,2025-04-30,B003,ZM,Retail,USSD,1966-03-19,M,Dormant
C01009106,2023-07-14,B001,ZM,Retail,Web,1991-07-30,F,Active
C01009107,2025-08-11,B004,ZM,SME,Branch,1962-02-09,F,Active
C01009108,2024-03-30,B005,ZM,Premium,App,1991-04-27,M,Active
C01009109,2023-12-31,B015,ZM,Retail,USSD,2003-08-17,F,Active
C01009110,2024-09-01,B005,ZM,Retail,Web,1993-12-03,F,Active
C01009111,2025-09-27,B004,ZM,Retail,Web,1984-06-05,M,Active
C01009112,2025-05-20,B015,ZM,Retail,Agent,1985-05-15,M,Active
C01009113,2024-04-08,B002,ZM,Retail,USSD,2010-07-06,M,Active
C01009114,2024-09-19,B015,ZM,SME,Agent,2000-12-01,M,Active
C01009115,2024-11-13,B002,ZM,Premium,ATM,1985-06-27,M,Dormant
C01009116,2023-07-26,B005,ZM,SME,ATM,2003-01-21,M,Active
C01009117,2022-10-29,B005,ZM,Retail,ATM,1960-08-13,F,Active
C01009118,2024-07-20,B004,ZM,Retail,USSD,1964-06-24,F,Active
C01009119,2022-08-10,B002,ZM,Retail,Web,1960-02-09,M,Active
C01009120,2022-09-08,B005,ZM,Retail,Web,1972-08-01,F,Active
C01009121,2023-05-29,B002,ZM,Retail,App,1997-10-03,F,Active
C01009122,2024-09-29,B005,ZM,Retail,ATM,2010-05-09,F,Active
C01009123,2024-10-15,B015,ZM,Retail,USSD,2001-08-26,M,Active
C01009124,2023-04-18,B001,ZM,SME,App,1995-06-30,M,Active
C01009125,2025-07-10,B020,ZM,Retail,Web,1987-06-20,M,Active
C01009126,2022-10-03,B003,ZM,SME,App,1987-09-27,M,Active
C01009127,2022-03-02,B020,ZM,Retail,ATM,2008-11-14,F,Active
C01009128,2022-07-23,B015,ZM,Retail,Branch,1999-01-18,M,Closed
C01009129,2022-04-19,B010,ZM,SME,ATM,2004-07-14,M,Dormant
C01009130,2022-05-20,B020,ZM,Retail,ATM,1995-12-20,M,Active
C01009131,2024-10-17,B001,ZM,Retail,USSD,1986-09-17,F,Active
C01009132,2025-10-20,B010,ZM,Retail,Branch,2011-05-09,F,Active
C01009133,2022-02-24,B005,ZM,Retail,Agent,2000-03-05,F,Active
C01009134,2023-01-02,B003,ZM,Retail,Branch,2013-03-17,M,Active
C01009135,2024-02-23,B003,ZM,SME,Branch,2000-05-20,M,Dormant
C01009136,2025-05-23,B005,ZM,SME,Web,1987-10-08,F,Active
C01009137,2025-10-23,B005,ZM,Retail,App,1967-12-27,F,Active
C01009138,2023-11-01,B002,ZM,Retail,Web,1997-08-29,F,Active
C01009139,2022-11-09,B005,ZM,SME,Agent,1978-01-22,M,Active
C01009140,2023-09-13,B004,ZM,Retail,Branch,1994-08-07,M,Closed
C01009141,2025-06-27,B020,ZM,Retail,USSD,1991-03-07,F,Active
C01009142,2025-06-30,B005,ZM,SME,Agent,1998-04-10,F,Active
C01009143,2022-07-17,B004,ZM,SME,ATM,1963-01-11,F,Active
C01009144,2022-06-06,B005,ZM,SME,ATM,1983-01-19,M,Active
C01009145,2025-09-15,B002,ZM,Retail,Web,1989-08-29,M,Active
C01009146,2024-11-30,B004,ZM,Retail,Agent,1962-12-18,F,Active
C01009147,2024-10-05,B020,ZM,SME,Web,1962-01-25,F,Active
C01009148,2024-08-12,B001,ZM,Retail,USSD,1996-06-26,M,Active
C01009149,2023-02-18,B004,ZM,SME,ATM,1981-11-30,F,Dormant
C01009150,2023-08-25,B015,ZM,Retail,Web,1991-09-02,M,Active
C01009151,2025-09-17,B002,ZM,SME,App,1988-03-27,M,Dormant
C01009152,2024-10-16,B010,ZM,Retail,Web,1979-10-16,F,Active
C01009153,2024-10-01,B020,ZM,Retail,Web,2002-03-10,M,Dormant
C01009154,2024-10-30,B004,ZM,Retail,Branch,1977-11-13,M,Active
C01009155,2023-06-20,B015,ZM,Retail,App,1963-05-18,M,Active
C01009156,2025-01-15,B015,ZM,Retail,App,2012-10-29,M,Active
C01009157,2023-12-05,B020,ZM,Retail,USSD,1994-08-22,M,Active
C01009158,2025-01-12,B020,ZM,SME,Branch,1984-06-08,M,Active
C01009159,2025-01-24,B015,ZM,Retail,App,2010-09-10,F,Active
C01009160,2022-02-06,B005,ZM,Retail,Branch,1998-04-10,M,Active
C01009161,2022-03-06,B015,ZM,Retail,Branch,1976-09-23,M,Dormant
C01009162,2024-05-31,B005,ZM,SME,ATM,2001-08-30,M,Dormant
C01009163,2022-09-01,B010,ZM,Retail,App,1999-08-07,M,Active
C01009164,2024-02-25,B002,ZM,Retail,ATM,1967-02-04,M,Dormant
C01009165,2024-07-10,B003,ZM,SME,Web,1969-11-10,F,Active
C01009166,2023-10-07,B005,ZM,Retail,Web,2010-09-23,M,Active
C01009167,2024-02-10,B015,ZM,Retail,ATM,1992-02-16,M,Active
C01009168,2024-06-25,B015,ZM,Retail,Web,1972-04-27,F,Active
C01009169,2024-07-30,B001,ZM,SME,ATM,2011-01-28,M,Active
C01009170,2022-03-15,B015,ZM,Retail,USSD,1994-02-07,F,Dormant
C01009171,2022-03-09,B002,ZM,SME,Branch,1979-12-25,F,Active
C01009172,2022-12-29,B004,ZM,SME,USSD,1988-10-21,M,Active
C01009173,2025-02-14,B004,ZM,Retail,App,1978-06-21,F,Active
C01009174,2025-09-12,B015,ZM,Retail,USSD,1964-06-11,F,Active
C01009175,2023-09-13,B001,ZM,Retail,USSD,1993-04-12,M,Active
C01009176,2025-12-17,B005,ZM,Retail,Web,2013-04-01,M,Active
C01009177,2022-12-03,B002,ZM,Retail,Agent,2001-10-20,F,Active
C01009178,2024-10-03,B001,ZM,SME,Agent,1960-09-17,F,Active
C01009179,2024-06-01,B005,ZM,Retail,ATM,1976-01-30,M,Active
C01009180,2022-10-03,B002,ZM,Retail,App,1993-01-05,M,Active
C01009181,2023-10-02,B015,ZM,Retail,Agent,1991-05-19,M,Closed
C01009182,2026-01-05,B004,ZM,Retail,Web,1969-11-17,M,Active
C01009183,2024-03-07,B002,ZM,Retail,App,1974-06-28,M,Active
C01009184,2024-09-25,B015,ZM,Retail,Branch,2007-06-17,F,Dormant
C01009185,2022-08-13,B010,ZM,Retail,ATM,1974-06-14,F,Active
C01009186,2025-03-11,B003,ZM,Retail,Web,2001-07-04,F,Active
C01009187,2025-10-14,B002,ZM,Retail,USSD,1997-02-05,F,Active
C01009188,2024-10-01,B003,ZM,Retail,Branch,1978-07-07,M,Active
C01009189,2025-09-13,B002,ZM,SME,USSD,1998-04-08,F,Active
C01009190,2025-02-08,B003,ZM,Premium,Agent,1986-11-20,F,Active
C01009191,2025-11-04,B010,ZM,Retail,App,1981-01-22,F,Dormant
C01009192,2025-01-09,B004,ZM,Retail,Branch,1967-01-11,M,Active
C01009193,2025-03-17,B020,ZM,Premium,Web,1988-03-03,M,Active
C01009194,2024-08-20,B005,ZM,Retail,USSD,1986-01-06,M,Active
C01009195,2024-09-01,B003,ZM,Retail,Agent,2007-01-21,M,Active
C01009196,2025-02-25,B010,ZM,Retail,USSD,2010-03-15,F,Active
C01009197,2022-11-17,B003,ZM,Retail,App,2011-02-17,F,Active
C01009198,2024-11-03,B004,ZM,Retail,App,1990-02-02,F,Dormant
C01009199,2022-04-25,B003,ZM,Retail,Agent,1995-04-20,F,Active
C01009200,2024-03-12,B010,ZM,SME,ATM,1991-04-13,F,Active
C01009201,2023-06-24,B015,ZM,Retail,Agent,1985-04-09,F,Active
C01009202,2024-10-10,B010,ZM,Retail,ATM,1997-02-19,F,Active
C01009203,2025-04-25,B020,ZM,SME,Agent,1998-12-28,F,Active
C01009204,2024-02-13,B020,ZM,SME,Agent,1982-04-01,M,Active
C01009205,2025-06-17,B020,ZM,SME,App,1986-10-13,F,Dormant
C01009206,2025-10-17,B001,ZM,Premium,ATM,1989-08-22,F,Active
C01009207,2023-12-24,B004,ZM,Retail,Agent,1983-06-25,M,Dormant
C01009208,2023-08-06,B015,ZM,Premium,USSD,1986-03-18,F,Dormant
C01009209,2023-10-19,B001,ZM,Retail,App,1979-11-12,F,Active
C01009210,2022-05-06,B004,ZM,Retail,Branch,1987-07-30,M,Dormant
C01009211,2022-02-27,B015,ZM,Retail,App,1983-02-03,M,Dormant
C01009212,2025-04-24,B003,ZM,Retail,Agent,1966-07-19,F,Active
C01009213,2022-04-03,B015,ZM,SME,Web,1987-05-24,M,Active
C01009214,2022-09-20,B010,ZM,Retail,Web,1970-11-19,M,Closed
C01009215,2024-01-21,B001,ZM,Retail,App,1995-06-26,M,Active
C01009216,2023-12-16,B003,ZM,Retail,Branch,2011-01-30,M,Active
C01009217,2025-04-10,B010,ZM,Retail,App,2014-02-20,F,Active
C01009218,2022-02-25,B004,ZM,Retail,Branch,2012-11-06,M,Active
C01009219,2025-07-04,B015,ZM,Retail,Agent,1981-12-10,M,Active
C01009220,2023-11-30,B010,ZM,SME,USSD,2014-07-01,F,Active
C01009221,2024-02-19,B003,ZM,Retail,USSD,1981-10-01,M,Active
C01009222,2022-07-19,B001,ZM,Retail,Branch,1983-03-10,M,Active
C01009223,2024-05-26,B001,ZM,Retail,ATM,1984-09-28,M,Active
C01009224,2023-12-08,B020,ZM,Retail,USSD,2011-11-19,F,Active
C01009225,2024-01-02,B015,ZM,Retail,Web,2000-06-13,M,Active
C01009226,2024-04-23,B010,ZM,Retail,App,1985-07-29,M,Active
C01009227,2023-12-21,B020,ZM,Retail,Agent,1980-04-24,M,Active
C01009228,2022-04-26,B003,ZM,Retail,ATM,2011-07-30,M,Active
C01009229,2025-09-16,B020,ZM,Retail,Web,1984-03-10,M,Active
C01009230,2023-05-16,B002,ZM,Retail,App,1996-10-10,M,Active
C01009231,2023-05-23,B004,ZM,Retail,Web,1983-09-01,F,Active
C01009232,2023-04-26,B020,ZM,Retail,ATM,1961-07-16,M,Closed
C01009233,2025-08-20,B004,ZM,Retail,Branch,2007-03-05,F,Active
C01009234,2023-10-02,B003,ZM,SME,App,2010-05-12,F,Active
C01009235,2025-04-28,B002,ZM,Retail,Web,1975-05-16,F,Active
C01009236,2022-06-23,B001,ZM,Retail,Agent,1973-02-08,F,Active
C01009237,2025-11-10,B015,ZM,Retail,Agent,1980-02-22,M,Active
C01009238,2022-05-15,B005,ZM,Retail,Web,1964-04-13,M,Active
C01009239,2023-09-17,B005,ZM,Retail,ATM,2013-03-24,M,Active
C01009240,2022-08-23,B015,ZM,SME,ATM,1989-06-11,M,Active
C01009241,2023-11-23,B003,ZM,SME,Agent,2004-11-25,M,Active
C01009242,2022-12-14,B002,ZM,SME,Agent,1997-09-09,M,Closed
C01009243,2022-02-10,B002,ZM,SME,ATM,1971-07-06,F,Active
C01009244,2025-01-07,B004,ZM,Retail,Branch,2014-04-26,M,Active
C01009245,2023-10-30,B001,ZM,Retail,USSD,2002-10-18,M,Active
C01009246,2022-03-18,B010,ZM,Retail,Web,1979-08-09,F,Dormant
C01009247,2024-08-01,B020,ZM,SME,Branch,2011-08-22,M,Active
C01009248,2025-09-09,B002,ZM,Retail,Web,2007-11-01,F,Active
C01009249,2024-05-15,B015,ZM,Retail,Agent,2006-11-12,M,Active
C01009250,2025-03-09,B010,ZM,Retail,Branch,2012-04-08,M,Active
C01009251,2024-11-20,B005,ZM,SME,Agent,1984-03-09,F,Active
C01009252,2024-05-12,B010,ZM,Retail,Agent,1968-12-12,M,Dormant
C01009253,2023-07-01,B001,ZM,Retail,Agent,1982-05-10,M,Active
C01009254,2022-02-11,B015,ZM,Premium,App,1974-02-23,F,Active
C01009255,2025-11-26,B001,ZM,Retail,USSD,1969-04-18,M,Active
C01009256,2024-08-19,B010,ZM,Premium,Agent,1960-09-18,M,Dormant
C01009257,2025-04-19,B020,ZM,Retail,Web,2011-03-24,M,Closed
C01009258,2022-02-15,B003,ZM,Retail,ATM,1999-12-21,M,Active
C01009259,2023-10-11,B002,ZM,SME,USSD,1971-07-31,F,Active
C01009260,2024-02-13,B015,ZM,Retail,Web,1965-06-28,F,Active
C01009261,2025-03-14,B003,ZM,Retail,App,1975-07-20,F,Active
C01009262,2024-03-10,B010,ZM,Retail,Agent,1970-05-01,F,Active
C01009263,2023-10-23,B002,ZM,Retail,Web,2002-12-13,F,Active
C01009264,2025-03-18,B004,ZM,Retail,Web,1963-11-21,M,Active
C01009265,2022-07-20,B003,ZM,Retail,Web,2002-12-19,M,Active
C01009266,2024-09-27,B003,ZM,Retail,USSD,1989-04-27,F,Active
C01009267,2022-07-24,B010,ZM,SME,Agent,1987-01-13,F,Dormant
C01009268,2025-11-15,B005,ZM,Retail,Web,2006-07-10,M,Active
C01009269,2025-10-14,B010,ZM,Retail,ATM,1991-03-13,F,Active
C01009270,2023-02-26,B003,ZM,Retail,Agent,1977-04-15,F,Active
C01009271,2023-11-20,B002,ZM,Retail,Branch,1985-10-02,M,Active
C01009272,2024-10-14,B020,ZM,SME,ATM,1997-01-12,M,Active
C01009273,2024-10-26,B005,ZM,Retail,App,1993-03-29,F,Active
C01009274,2025-09-28,B010,ZM,SME,USSD,1990-03-16,F,Active
C01009275,2023-11-27,B020,ZM,Retail,Branch,2002-05-26,M,Active
C01009276,2022-12-08,B015,ZM,Retail,USSD,2012-07-15,F,Active
C01009277,2025-06-13,B010,ZM,Retail,USSD,1971-11-01,F,Active
C01009278,2023-09-06,B003,ZM,Retail,Web,1971-04-10,M,Active
C01009279,2024-01-15,B020,ZM,Retail,ATM,1963-05-06,F,Active
C01009280,2024-06-11,B003,ZM,Retail,Branch,1981-12-05,F,Active
C01009281,2023-02-18,B004,ZM,Retail,Web,1960-11-28,F,Active
C01009282,2024-10-14,B020,ZM,SME,Branch,1963-11-07,M,Dormant
C01009283,2025-07-25,B020,ZM,Retail,Agent,1987-01-27,M,Active
C01009284,2022-06-04,B010,ZM,Retail,Agent,1984-12-14,M,Dormant
C01009285,2025-01-02,B003,ZM,Retail,ATM,2010-11-03,F,Active
C01009286,2023-03-15,B015,ZM,Retail,Web,1998-10-31,F,Active
C01009287,2023-08-12,B001,ZM,Premium,Branch,1987-04-23,F,Dormant
C01009288,2023-06-28,B005,ZM,Retail,Agent,1994-03-24,M,Active
C01009289,2022-04-08,B001,ZM,Retail,Web,1965-10-01,F,Active
C01009290,2023-09-01,B005,ZM,Retail,USSD,1973-04-24,M,Dormant
C01009291,2025-03-20,B015,ZM,Retail,Agent,1980-01-17,F,Active
C01009292,2024-04-03,B020,ZM,Retail,App,2010-10-30,F,Dormant
C01009293,2023-04-08,B020,ZM,Retail,Branch,1964-11-24,M,Active
C01009294,2025-07-03,B010,ZM,SME,Agent,1962-06-16,F,Dormant
C01009295,2022-07-08,B004,ZM,Retail,ATM,1972-09-08,F,Active
C01009296,2026-01-09,B003,ZM,Retail,Branch,1991-12-01,M,Active
C01009297,2025-03-30,B003,ZM,Retail,App,1969-07-26,F,Active
C01009298,2022-07-14,B003,ZM,Retail,Branch,1972-03-26,F,Active
C01009299,2025-04-27,B010,ZM,Premium,Branch,1970-04-19,F,Active
C01009300,2023-11-21,B005,ZM,SME,Agent,1978-04-21,F,Active
C01009301,2023-07-14,B020,ZM,Retail,Branch,2001-05-26,M,Active
C01009302,2022-05-18,B015,ZM,Retail,ATM,1989-11-26,F,Active
C01009303,2025-03-06,B003,ZM,Retail,App,1995-04-20,M,Active
C01009304,2024-12-23,B001,ZM,Retail,Agent,1991-12-17,F,Active
C01009305,2024-08-31,B003,ZM,Retail,App,2007-06-09,F,Active
C01009306,2024-05-24,B020,ZM,Premium,ATM,2013-05-15,F,Active
C01009307,2023-03-06,B010,ZM,Retail,Branch,1995-02-18,M,Active
C01009308,2023-12-13,B015,ZM,Retail,Branch,1977-01-27,F,Active
C01009309,2022-06-07,B004,ZM,SME,Agent,1989-09-03,F,Dormant
C01009310,2025-08-27,B015,ZM,Retail,App,2012-03-30,M,Active
C01009311,2023-09-11,B001,ZM,Premium,Branch,1990-04-08,M,Closed
C01009312,2024-10-30,B003,ZM,Retail,USSD,2002-04-15,F,Active
C01009313,2023-09-07,B003,ZM,Premium,Branch,1960-03-16,M,Active
C01009314,2024-06-05,B002,ZM,Retail,Branch,2009-10-28,M,Active
C01009315,2025-09-20,B005,ZM,Retail,Web,1998-08-07,F,Active
C01009316,2025-01-10,B001,ZM,Retail,App,1967-01-28,M,Active
C01009317,2023-10-04,B002,ZM,Retail,App,2011-06-19,F,Active
C01009318,2023-02-14,B015,ZM,Retail,USSD,2014-09-05,M,Active
C01009319,2024-04-28,B004,ZM,Premium,USSD,1979-08-05,M,Active
C01009320,2024-04-03,B005,ZM,SME,USSD,1966-03-03,F,Active
C01009321,2023-05-30,B001,ZM,Retail,App,1983-06-04,F,Closed
C01009322,2025-07-03,B003,ZM,Retail,Web,1992-05-04,F,Active
C01009323,2024-11-21,B015,ZM,Retail,Web,2009-07-27,M,Active
C01009324,2024-07-17,B001,ZM,Retail,ATM,1986-10-07,F,Active
C01009325,2025-10-07,B003,ZM,Retail,App,1976-12-20,F,Active
C01009326,2025-01-26,B020,ZM,SME,ATM,1983-04-09,F,Dormant
C01009327,2023-01-05,B005,ZM,Retail,Branch,1989-05-11,M,Closed
C01009328,2022-02-08,B020,ZM,Retail,USSD,1995-07-30,F,Dormant
C01009329,2025-07-09,B020,ZM,Retail,ATM,1994-10-19,F,Active
C01009330,2025-12-11,B003,ZM,SME,Agent,1979-11-08,M,Active
C01009331,2024-11-23,B004,ZM,Retail,ATM,1967-08-05,F,Active
C01009332,2023-01-18,B015,ZM,Retail,App,1966-07-02,F,Active
C01009333,2025-03-27,B010,ZM,Retail,USSD,1979-12-28,F,Dormant
C01009334,2024-10-19,B003,ZM,Retail,USSD,2008-08-17,F,Active
C01009335,2023-03-13,B004,ZM,Retail,Web,2009-05-29,M,Active
C01009336,2025-09-15,B010,ZM,Retail,ATM,1993-04-13,F,Active
C01009337,2024-08-15,B015,ZM,Retail,Web,1964-04-23,F,Active
C01009338,2023-07-03,B020,ZM,Retail,ATM,1978-05-13,F,Active
C01009339,2025-07-30,B005,ZM,SME,App,1986-08-11,F,Active
C01009340,2024-12-27,B005,ZM,Retail,App,1976-06-20,F,Active
C01009341,2025-06-12,B015,ZM,Retail,Branch,1977-02-02,M,Active
C01009342,2024-06-07,B015,ZM,Retail,ATM,1996-07-19,F,Active
C01009343,2025-03-05,B001,ZM,Retail,ATM,1974-02-19,F,Active
C01009344,2026-01-28,B004,ZM,Retail,USSD,1972-03-05,F,Active
C01009345,2025-07-07,B020,ZM,Retail,USSD,1963-01-02,M,Active
C01009346,2022-05-03,B004,ZM,Retail,Web,1982-04-23,F,Active
C01009347,2024-12-05,B015,ZM,SME,Branch,1977-06-26,M,Dormant
C01009348,2023-02-15,B002,ZM,Premium,App,1987-10-24,F,Active
C01009349,2024-01-17,B002,ZM,Retail,ATM,2001-01-16,F,Active
C01009350,2024-08-05,B010,ZM,Retail,Web,1986-04-06,M,Closed
C01009351,2022-10-30,B010,ZM,Premium,Branch,1976-06-05,F,Dormant
C01009352,2023-05-08,B002,ZM,Retail,USSD,1983-10-14,F,Active
C01009353,2022-11-05,B015,ZM,Retail,Branch,1996-06-22,M,Active
C01009354,2025-11-04,B015,ZM,Premium,Web,1978-08-26,F,Dormant
C01009355,2023-09-07,B010,ZM,Premium,App,1969-09-01,F,Active
C01009356,2024-06-10,B003,ZM,Retail,USSD,1961-09-05,F,Active
C01009357,2024-04-20,B015,ZM,Retail,Agent,1987-01-10,M,Closed
C01009358,2023-10-15,B002,ZM,Retail,USSD,1980-10-23,M,Active
C01009359,2022-05-12,B004,ZM,SME,App,2000-06-09,F,Dormant
C01009360,2025-07-22,B015,ZM,SME,USSD,2011-12-26,F,Active
C01009361,2023-02-21,B020,ZM,Retail,Web,1997-04-17,M,Active
C01009362,2024-04-24,B015,ZM,SME,USSD,2005-04-03,F,Active
C01009363,2023-07-01,B003,ZM,Retail,ATM,1995-07-20,F,Dormant
C01009364,2023-08-11,B010,ZM,Retail,Branch,2008-06-20,M,Active
C01009365,2025-08-16,B015,ZM,SME,Web,1962-07-07,M,Active
C01009366,2022-11-25,B005,ZM,Retail,App,1962-12-06,M,Active
C01009367,2023-06-10,B001,ZM,Retail,Web,2009-07-15,F,Active
C01009368,2025-11-07,B002,ZM,Retail,ATM,1988-02-25,F,Active
C01009369,2025-05-16,B020,ZM,Retail,USSD,1972-08-20,M,Active
C01009370,2023-04-29,B020,ZM,Retail,USSD,2011-01-20,F,Active
C01009371,2024-04-11,B020,ZM,Retail,Agent,1985-03-04,F,Active
C01009372,2023-05-04,B005,ZM,SME,Web,1994-03-21,F,Closed
C01009373,2022-08-21,B020,ZM,Retail,USSD,2012-04-06,F,Active
C01009374,2022-11-04,B020,ZM,Premium,USSD,1964-06-30,M,Active
C01009375,2023-01-29,B010,ZM,Retail,ATM,1973-09-22,F,Active
C01009376,2022-02-26,B004,ZM,Retail,App,1968-01-17,M,Dormant
C01009377,2023-05-18,B001,ZM,Retail,Agent,2003-09-19,F,Active
C01009378,2023-09-28,B005,ZM,SME,Agent,1999-04-23,M,Active
C01009379,2024-08-08,B001,ZM,Retail,Agent,1985-08-30,M,Active
C01009380,2024-09-21,B002,ZM,Retail,Branch,1965-10-11,F,Active
C01009381,2025-02-20,B010,ZM,SME,Web,2001-10-15,M,Active
C01009382,2024-06-12,B015,ZM,Retail,App,1983-08-22,F,Active
C01009383,2024-05-14,B004,ZM,Premium,Branch,1976-11-22,F,Active
C01009384,2025-08-17,B010,ZM,SME,App,1963-05-15,M,Active
C01009385,2022-03-17,B001,ZM,Retail,Web,1987-02-07,M,Active
C01009386,2023-02-18,B005,ZM,Retail,Agent,1978-08-24,M,Active
C01009387,2022-11-23,B002,ZM,Retail,ATM,1988-07-29,M,Dormant
C01009388,2023-07-13,B002,ZM,Retail,ATM,1965-03-30,F,Active
C01009389,2022-10-07,B010,ZM,SME,ATM,1973-12-02,F,Dormant
C01009390,2022-03-01,B015,ZM,Premium,App,1980-06-27,M,Active
C01009391,2023-06-14,B005,ZM,Retail,Web,2008-02-20,M,Active
C01009392,2023-07-23,B015,ZM,Retail,USSD,1992-11-21,M,Active
C01009393,2025-09-10,B015,ZM,Retail,USSD,1964-03-17,F,Active
C01009394,2025-02-01,B020,ZM,Retail,ATM,1974-08-28,M,Active
C01009395,2022-12-27,B005,ZM,Retail,App,1974-07-13,F,Active
C01009396,2025-08-12,B001,ZM,Retail,USSD,2010-02-27,F,Active
C01009397,2022-03-28,B010,ZM,Retail,App,2014-09-06,M,Active
C01009398,2026-01-19,B010,ZM,Retail,Web,1985-02-23,F,Active
C01009399,2024-09-22,B020,ZM,Retail,ATM,1997-11-14,F,Active
C01009400,2022-02-10,B003,ZM,Retail,Branch,1995-01-24,F,Active
C01009401,2022-04-24,B010,ZM,SME,ATM,1990-05-09,M,Active
C01009402,2022-06-21,B002,ZM,Retail,Branch,1976-04-02,M,Active
C01009403,2023-10-05,B001,ZM,SME,USSD,2000-03-25,F,Dormant
C01009404,2025-05-17,B005,ZM,Retail,Agent,1990-03-19,M,Active
C01009405,2023-09-03,B010,ZM,SME,Branch,1974-04-22,F,Active
C01009406,2022-05-11,B001,ZM,SME,Agent,1977-11-06,M,Active
C01009407,2024-04-13,B020,ZM,Retail,App,1978-01-13,F,Active
C01009408,2024-01-15,B010,ZM,Retail,Agent,1971-12-22,M,Dormant
C01009409,2025-10-07,B005,ZM,Premium,Branch,2006-09-05,M,Active
C01009410,2025-09-08,B004,ZM,Retail,USSD,1973-10-02,F,Active
C01009411,2022-07-04,B005,ZM,SME,USSD,1980-12-21,M,Active
C01009412,2024-03-23,B005,ZM,SME,ATM,1960-11-01,F,Dormant
C01009413,2026-01-23,B005,ZM,Retail,USSD,1972-03-24,M,Active
C01009414,2022-10-15,B010,ZM,Retail,App,1961-06-16,M,Active
C01009415,2023-04-29,B003,ZM,Retail,Branch,1972-01-23,M,Active
C01009416,2022-08-18,B005,ZM,Premium,Web,1989-08-15,M,Active
C01009417,2025-03-15,B020,ZM,Retail,USSD,1995-12-31,F,Dormant
C01009418,2024-10-21,B002,ZM,Retail,Agent,2011-06-18,F,Dormant
C01009419,2022-09-05,B002,ZM,Retail,Branch,1969-09-02,F,Active
C01009420,2024-12-04,B020,ZM,Retail,ATM,1979-05-03,F,Active
C01009421,2025-09-22,B001,ZM,Retail,Web,1978-05-04,M,Active
C01009422,2025-04-03,B003,ZM,Retail,ATM,1960-11-22,M,Active
C01009423,2024-12-11,B001,ZM,Retail,App,1980-08-10,F,Active
C01009424,2023-05-31,B020,ZM,Retail,ATM,1961-12-20,F,Active
C01009425,2024-10-13,B002,ZM,SME,Branch,1979-09-09,F,Active
C01009426,2022-07-04,B015,ZM,Retail,Web,1977-09-12,F,Active
C01009427,2023-05-03,B002,ZM,SME,ATM,1982-10-03,M,Active
C01009428,2025-05-13,B004,ZM,SME,ATM,1996-08-17,F,Active
C01009429,2022-09-08,B005,ZM,Retail,Agent,2002-01-10,M,Active
C01009430,2023-10-04,B015,ZM,Retail,Agent,1999-07-24,M,Active
C01009431,2023-11-06,B002,ZM,Retail,App,1966-01-28,M,Active
C01009432,2025-04-11,B010,ZM,Retail,Branch,1971-01-08,M,Active
C01009433,2024-03-09,B010,ZM,Retail,ATM,1998-05-18,M,Active
C01009434,2023-04-29,B001,ZM,SME,Branch,2000-12-07,M,Active
C01009435,2024-05-16,B015,ZM,Retail,USSD,1992-10-05,M,Active
C01009436,2023-03-23,B001,ZM,SME,App,1960-12-16,F,Active
C01009437,2022-10-23,B005,ZM,Retail,Agent,1999-04-03,F,Active
C01009438,2022-08-07,B005,ZM,Retail,App,1998-04-18,M,Active
C01009439,2022-12-25,B004,ZM,Premium,App,1972-09-26,F,Active
C01009440,2023-03-15,B020,ZM,Retail,Branch,2002-12-01,M,Active
C01009441,2023-07-17,B020,ZM,Retail,Agent,2014-09-11,F,Active
C01009442,2024-06-19,B003,ZM,Retail,Agent,2014-09-21,F,Active
C01009443,2024-04-16,B001,ZM,Retail,ATM,1991-03-01,F,Active
C01009444,2023-06-05,B005,ZM,Retail,ATM,1988-04-11,F,Active
C01009445,2025-04-22,B020,ZM,Retail,Branch,1982-05-08,F,Active
C01009446,2022-04-25,B001,ZM,Retail,Branch,1965-01-30,F,Active
C01009447,2024-10-01,B005,ZM,Retail,USSD,1975-07-28,F,Active
C01009448,2024-12-28,B002,ZM,SME,Web,1984-12-09,F,Active
C01009449,2024-02-07,B001,ZM,Retail,Web,1993-03-18,M,Active
C01009450,2025-12-03,B002,ZM,Retail,App,1978-11-23,M,Active
C01009451,2022-08-20,B001,ZM,Retail,ATM,1965-01-10,M,Active
C01009452,2023-10-11,B003,ZM,Retail,Agent,1967-01-07,F,Active
C01009453,2025-01-22,B004,ZM,Retail,App,1975-07-11,M,Active
C01009454,2024-05-17,B010,ZM,Retail,Agent,1980-09-15,M,Active
C01009455,2024-08-30,B020,ZM,Retail,ATM,2012-03-09,F,Active
C01009456,2025-10-30,B010,ZM,Retail,ATM,2009-11-22,M,Active
C01009457,2023-05-20,B010,ZM,Retail,USSD,1983-03-05,M,Active
C01009458,2023-07-23,B002,ZM,Premium,Branch,2003-09-30,F,Active
C01009459,2022-10-24,B015,ZM,Retail,Branch,1975-04-23,F,Active
C01009460,2024-01-14,B005,ZM,Retail,Branch,1981-01-30,M,Active
C01009461,2024-08-31,B010,ZM,Retail,Web,1962-08-09,F,Active
C01009462,2026-01-05,B003,ZM,Retail,Branch,1979-06-13,F,Active
C01009463,2024-01-24,B010,ZM,SME,Web,1984-04-19,M,Active
C01009464,2023-09-24,B001,ZM,Retail,Agent,1971-10-29,F,Dormant
C01009465,2022-02-13,B002,ZM,SME,App,1964-03-09,M,Dormant
C01009466,2025-08-14,B015,ZM,Retail,Web,1971-05-26,F,Active
C01009467,2025-05-25,B001,ZM,Retail,ATM,2008-06-17,F,Active
C01009468,2022-03-13,B015,ZM,Premium,USSD,1986-07-22,M,Active
C01009469,2025-09-18,B001,ZM,Retail,USSD,2001-02-16,F,Dormant
C01009470,2022-04-22,B001,ZM,SME,ATM,1966-02-09,F,Active
C01009471,2025-11-15,B020,ZM,Retail,Agent,2012-03-03,M,Dormant
C01009472,2025-10-07,B004,ZM,Retail,App,1961-06-20,F,Active
C01009473,2023-05-06,B004,ZM,Retail,USSD,1968-02-25,F,Active
C01009474,2023-06-03,B005,ZM,Retail,ATM,2000-09-30,F,Dormant
C01009475,2025-02-05,B002,ZM,Retail,USSD,1974-08-17,F,Dormant
C01009476,2024-02-27,B003,ZM,Retail,Web,1974-08-29,M,Active
C01009477,2023-09-26,B003,ZM,Retail,Agent,1971-11-17,F,Active
C01009478,2025-08-01,B003,ZM,Retail,USSD,1986-04-04,F,Active
C01009479,2025-12-05,B020,ZM,Retail,Agent,1964-09-03,F,Active
C01009480,2024-01-14,B001,ZM,SME,Agent,1993-06-28,F,Active
C01009481,2025-11-04,B004,ZM,Retail,Web,1965-03-31,F,Active
C01009482,2022-09-07,B002,ZM,Retail,Agent,1999-06-01,M,Active
C01009483,2024-12-31,B001,ZM,Retail,Web,1997-02-07,F,Active
C01009484,2023-04-30,B015,ZM,SME,USSD,1983-03-26,M,Active
C01009485,2024-06-25,B004,ZM,Retail,USSD,2009-01-09,M,Active
C01009486,2024-03-06,B004,ZM,SME,Agent,2001-07-01,M,Active
C01009487,2022-01-17,B010,ZM,SME,Web,1969-02-10,M,Active
C01009488,2024-03-15,B010,ZM,Retail,USSD,2002-09-23,F,Active
C01009489,2023-06-08,B020,ZM,Retail,Agent,2004-06-04,M,Active
C01009490,2023-09-09,B002,ZM,Premium,App,1988-10-22,F,Active
C01009491,2022-07-04,B015,ZM,Retail,Branch,1983-05-14,F,Dormant
C01009492,2023-04-28,B002,ZM,Retail,Branch,1997-02-18,M,Dormant
C01009493,2023-09-02,B002,ZM,Premium,ATM,1969-07-01,M,Closed
C01009494,2023-03-07,B020,ZM,Retail,Agent,2013-11-22,F,Active
C01009495,2022-11-25,B020,ZM,SME,Branch,1976-05-28,M,Active
C01009496,2024-06-17,B001,ZM,Premium,App,1983-08-29,F,Dormant
C01009497,2025-07-17,B005,ZM,Retail,Agent,1964-06-27,M,Active
C01009498,2023-10-12,B020,ZM,Retail,Branch,1994-08-28,F,Closed
C01009499,2025-08-12,B002,ZM,Retail,Branch,1992-04-10,F,Active
C01009500,2024-04-12,B010,ZM,Retail,App,2008-08-03,M,Active
C01009501,2022-03-11,B005,ZM,SME,Web,1980-05-26,M,Active
C01009502,2023-07-16,B001,ZM,SME,Branch,2008-02-28,M,Active
C01009503,2022-06-14,B005,ZM,Retail,ATM,1999-07-16,M,Dormant
C01009504,2024-10-03,B003,ZM,Retail,Branch,1973-10-28,F,Active
C01009505,2024-08-22,B015,ZM,Retail,Branch,2002-02-02,M,Active
C01009506,2024-04-25,B005,ZM,SME,App,1973-04-22,F,Active
C01009507,2023-11-13,B002,ZM,Retail,App,1990-06-16,F,Active
C01009508,2026-01-09,B001,ZM,SME,Agent,2005-05-17,F,Active
C01009509,2024-05-15,B015,ZM,Retail,ATM,1965-10-01,F,Dormant
C01009510,2022-07-25,B002,ZM,SME,USSD,1976-02-20,M,Active
C01009511,2022-11-25,B015,ZM,Retail,App,1973-12-15,M,Active
C01009512,2025-12-01,B010,ZM,Retail,USSD,1988-05-29,F,Active
C01009513,2023-06-19,B003,ZM,Retail,ATM,2013-09-20,F,Active
C01009514,2024-11-02,B010,ZM,SME,Branch,1963-08-07,M,Active
C01009515,2022-05-16,B002,ZM,Retail,Agent,2012-06-23,M,Dormant
C01009516,2023-12-22,B002,ZM,Retail,Branch,1990-10-17,F,Active
C01009517,2024-05-11,B002,ZM,Retail,Agent,1994-07-25,F,Active
C01009518,2025-05-18,B004,ZM,Retail,USSD,1995-05-14,F,Active
C01009519,2026-02-02,B003,ZM,Retail,ATM,2007-11-20,M,Active
C01009520,2025-01-26,B015,ZM,Retail,ATM,1985-04-11,M,Active
C01009521,2023-11-01,B020,ZM,Retail,App,1982-11-07,M,Closed
C01009522,2024-07-17,B002,ZM,Retail,USSD,2005-06-30,F,Active
C01009523,2025-11-24,B002,ZM,Retail,Agent,1973-03-24,M,Active
C01009524,2022-02-26,B015,ZM,SME,App,1982-03-12,F,Active
C01009525,2022-04-17,B020,ZM,Retail,USSD,2003-07-21,M,Dormant
C01009526,2025-08-06,B010,ZM,Retail,App,1982-05-07,F,Active
C01009527,2025-08-06,B010,ZM,Retail,App,1976-10-31,M,Active
C01009528,2023-01-12,B002,ZM,Retail,ATM,2000-06-29,F,Closed
C01009529,2025-07-14,B001,ZM,Retail,ATM,2011-06-11,F,Active
C01009530,2024-06-27,B004,ZM,SME,Branch,1966-11-05,F,Active
C01009531,2025-08-05,B010,ZM,SME,Branch,1976-09-17,M,Active
C01009532,2022-10-06,B001,ZM,Retail,ATM,1968-12-11,M,Active
C01009533,2022-01-07,B004,ZM,Retail,ATM,1971-08-30,F,Active
C01009534,2024-03-31,B002,ZM,Retail,App,1967-08-02,F,Active
C01009535,2023-02-14,B003,ZM,Premium,Branch,1967-09-17,F,Active
C01009536,2025-07-10,B005,ZM,Premium,ATM,1964-03-24,F,Dormant
C01009537,2023-09-18,B005,ZM,Retail,USSD,1970-09-11,F,Active
C01009538,2023-10-05,B002,ZM,Retail,USSD,2007-08-19,F,Active
C01009539,2025-03-25,B010,ZM,SME,Branch,2001-01-29,F,Active
C01009540,2022-06-18,B001,ZM,Retail,USSD,2006-01-25,F,Active
C01009541,2022-08-15,B003,ZM,Retail,Agent,1963-10-07,F,Active
C01009542,2022-11-20,B015,ZM,Premium,App,1981-02-22,M,Active
C01009543,2023-05-27,B004,ZM,Retail,Branch,1991-02-06,F,Active
C01009544,2024-11-23,B002,ZM,Retail,Agent,2009-08-05,F,Active
C01009545,2026-01-01,B003,ZM,SME,ATM,1997-04-25,F,Closed
C01009546,2025-08-22,B020,ZM,Retail,Agent,1964-06-26,F,Active
C01009547,2022-09-24,B003,ZM,Retail,USSD,1966-08-19,M,Closed
C01009548,2025-05-01,B010,ZM,Retail,App,2000-10-07,F,Active
C01009549,2025-11-05,B020,ZM,Retail,ATM,1964-06-09,F,Active
C01009550,2024-04-20,B004,ZM,Retail,Web,2003-06-27,F,Active
C01009551,2023-10-17,B020,ZM,Retail,App,1986-02-19,F,Active
C01009552,2024-07-13,B003,ZM,Retail,USSD,1963-03-27,F,Active
C01009553,2024-09-06,B010,ZM,Premium,App,1980-03-26,M,Active
C01009554,2022-10-01,B020,ZM,Retail,Web,2013-09-02,F,Active
C01009555,2023-06-18,B001,ZM,SME,Web,1973-07-20,F,Active
C01009556,2022-12-22,B010,ZM,Retail,App,1991-08-17,F,Active
C01009557,2025-11-08,B001,ZM,SME,ATM,1969-04-16,M,Active
C01009558,2025-04-29,B001,ZM,Retail,Agent,2012-09-23,M,Active
C01009559,2023-11-02,B020,ZM,Retail,ATM,1982-08-04,M,Dormant
C01009560,2023-08-01,B020,ZM,Retail,Web,1991-11-05,M,Active
C01009561,2023-02-11,B015,ZM,Retail,Branch,1975-12-27,F,Active
C01009562,2022-06-22,B015,ZM,Retail,Branch,2013-08-31,F,Active
C01009563,2024-04-28,B003,ZM,Retail,ATM,1988-07-23,M,Active
C01009564,2024-01-23,B010,ZM,SME,Branch,1969-10-24,M,Active
C01009565,2023-01-08,B015,ZM,SME,ATM,2004-04-26,F,Active
C01009566,2024-03-16,B001,ZM,Premium,USSD,1969-02-25,M,Dormant
C01009567,2024-02-12,B015,ZM,Retail,ATM,1975-06-28,F,Active
C01009568,2025-03-14,B004,ZM,Premium,USSD,1975-09-29,M,Active
C01009569,2023-04-05,B003,ZM,SME,Agent,1972-09-30,M,Active
C01009570,2022-02-12,B010,ZM,Retail,Web,2004-02-28,M,Active
C01009571,2022-02-17,B010,ZM,Retail,Branch,1994-10-16,M,Active
C01009572,2025-02-17,B005,ZM,Retail,Agent,1982-11-01,M,Active
C01009573,2025-08-18,B010,ZM,Retail,Agent,1982-05-29,M,Dormant
C01009574,2025-06-07,B003,ZM,Retail,Web,1979-10-07,F,Active
C01009575,2025-07-07,B004,ZM,Retail,App,2010-01-08,F,Active
C01009576,2023-04-14,B010,ZM,Retail,App,2000-10-06,F,Dormant
C01009577,2022-07-02,B005,ZM,Retail,Agent,1976-04-22,F,Closed
C01009578,2024-08-05,B003,ZM,Retail,Agent,1974-09-03,M,Active
C01009579,2023-02-11,B001,ZM,SME,Web,1961-12-04,F,Active
C01009580,2023-06-21,B002,ZM,SME,ATM,1992-05-11,M,Active
C01009581,2025-12-07,B002,ZM,Premium,ATM,1985-12-13,M,Active
C01009582,2022-12-12,B001,ZM,Retail,Branch,1973-06-04,M,Active
C01009583,2022-04-12,B015,ZM,Retail,Web,1972-12-12,F,Active
C01009584,2024-04-01,B010,ZM,Retail,App,1970-02-19,M,Active
C01009585,2025-06-19,B020,ZM,Retail,Web,1993-09-14,M,Active
C01009586,2024-05-28,B002,ZM,Retail,Web,1975-10-21,M,Active
C01009587,2025-05-14,B015,ZM,Retail,Branch,1993-10-23,M,Active
C01009588,2023-06-17,B002,ZM,Premium,ATM,1988-10-02,F,Active
C01009589,2022-11-02,B001,ZM,Retail,Agent,1983-05-21,M,Active
C01009590,2022-07-02,B010,ZM,Retail,App,2013-01-11,F,Active
C01009591,2024-01-24,B010,ZM,Retail,Branch,1994-04-25,M,Active
C01009592,2022-12-15,B015,ZM,Retail,App,1977-04-04,F,Active
C01009593,2025-03-07,B001,ZM,Retail,App,1977-07-09,F,Active
C01009594,2022-08-29,B015,ZM,Retail,ATM,1960-02-19,F,Dormant
C01009595,2022-01-29,B010,ZM,Retail,Agent,2008-05-28,F,Active
C01009596,2026-01-11,B020,ZM,Retail,Agent,1977-07-16,F,Active
C01009597,2024-12-12,B010,ZM,Retail,ATM,1978-02-25,F,Active
C01009598,2024-06-10,B003,ZM,Retail,Branch,1986-01-03,F,Active
C01009599,2024-07-18,B020,ZM,Retail,USSD,1986-05-31,M,Active
C01009600,2025-10-11,B015,ZM,SME,Branch,1987-02-05,M,Active
C01009601,2024-10-09,B003,ZM,Retail,Branch,1999-09-23,F,Active
C01009602,2022-08-31,B001,ZM,Retail,USSD,1961-08-29,F,Active
C01009603,2023-04-05,B004,ZM,Retail,App,1987-05-04,F,Active
C01009604,2026-01-01,B002,ZM,Retail,Web,2005-01-20,M,Active
C01009605,2023-02-21,B003,ZM,Retail,USSD,2006-07-10,M,Active
C01009606,2023-01-26,B002,ZM,Retail,Web,2004-10-10,M,Active
C01009607,2023-06-30,B005,ZM,Retail,App,2005-08-16,F,Active
C01009608,2023-08-13,B001,ZM,Retail,USSD,2013-10-04,F,Active
C01009609,2024-10-09,B004,ZM,Retail,ATM,2012-01-17,F,Dormant
C01009610,2024-02-22,B005,ZM,SME,Branch,1989-08-28,M,Active
C01009611,2022-09-24,B005,ZM,SME,USSD,1961-01-19,F,Active
C01009612,2024-06-02,B010,ZM,Retail,USSD,1984-04-22,F,Active
C01009613,2023-02-28,B005,ZM,Retail,App,2001-09-06,F,Active
C01009614,2025-05-13,B001,ZM,Retail,ATM,1961-11-12,M,Dormant
C01009615,2023-03-18,B003,ZM,Retail,USSD,1974-11-29,F,Active
C01009616,2023-08-03,B001,ZM,Retail,ATM,1960-12-04,F,Active
C01009617,2026-01-28,B003,ZM,Retail,Web,1993-07-27,M,Active
C01009618,2025-10-18,B005,ZM,SME,USSD,1993-11-13,M,Active
C01009619,2023-01-23,B005,ZM,Retail,ATM,2005-07-12,M,Dormant
C01009620,2024-05-06,B020,ZM,Retail,Branch,1991-05-05,M,Dormant
C01009621,2023-01-05,B004,ZM,Retail,App,1966-05-27,F,Active
C01009622,2024-04-16,B003,ZM,Retail,Agent,1988-02-06,F,Active
C01009623,2022-10-26,B005,ZM,SME,ATM,1976-12-30,F,Dormant
C01009624,2022-02-28,B010,ZM,Retail,App,2000-03-17,M,Dormant
C01009625,2023-08-18,B020,ZM,Premium,Agent,2004-07-28,M,Dormant
C01009626,2023-06-21,B002,ZM,Retail,USSD,1983-02-02,M,Dormant
C01009627,2023-04-28,B020,ZM,Retail,USSD,1976-04-18,M,Active
C01009628,2025-06-19,B004,ZM,SME,Web,1995-08-22,F,Active
C01009629,2024-07-12,B001,ZM,Retail,App,1998-04-27,F,Active
C01009630,2023-05-24,B004,ZM,Retail,Branch,1978-10-08,M,Active
C01009631,2024-01-28,B002,ZM,Retail,Branch,1974-05-08,F,Active
C01009632,2025-04-08,B020,ZM,Retail,ATM,2013-08-16,F,Active
C01009633,2025-11-02,B003,ZM,Retail,Branch,1988-05-25,M,Active
C01009634,2025-08-18,B001,ZM,SME,Agent,1997-02-24,F,Active
C01009635,2024-07-27,B001,ZM,SME,App,1980-12-01,F,Active
C01009636,2022-06-25,B003,ZM,Retail,USSD,1984-01-17,F,Active
C01009637,2022-01-22,B015,ZM,Retail,App,1976-08-05,M,Active
C01009638,2024-08-18,B015,ZM,Retail,App,2000-07-31,M,Dormant
C01009639,2022-09-30,B004,ZM,SME,USSD,2004-09-04,M,Dormant
C01009640,2023-10-25,B005,ZM,Premium,Agent,2002-07-16,M,Active
C01009641,2025-11-20,B015,ZM,Retail,App,1988-08-10,F,Active
C01009642,2024-03-25,B004,ZM,Retail,Branch,1975-04-18,M,Dormant
C01009643,2025-11-07,B015,ZM,Retail,ATM,1974-05-10,F,Dormant
C01009644,2023-03-11,B002,ZM,Retail,ATM,1992-03-06,F,Active
C01009645,2025-12-31,B010,ZM,Retail,App,2010-11-21,M,Active
C01009646,2024-02-25,B005,ZM,Retail,Agent,1973-10-12,M,Active
C01009647,2025-12-21,B004,ZM,Retail,USSD,1961-07-28,M,Active
C01009648,2024-05-16,B010,ZM,SME,Web,1997-07-13,M,Dormant
C01009649,2025-05-08,B010,ZM,SME,Agent,1967-03-24,F,Active
C01009650,2023-06-09,B020,ZM,Premium,App,1995-10-30,F,Active
C01009651,2022-05-30,B015,ZM,Retail,App,1991-05-03,F,Active
C01009652,2022-07-15,B020,ZM,Retail,Web,2008-09-09,M,Active
C01009653,2025-02-14,B003,ZM,Retail,ATM,1967-07-06,M,Active
C01009654,2022-05-01,B002,ZM,Retail,Agent,1972-09-19,M,Active
C01009655,2022-04-17,B002,ZM,Retail,ATM,2014-03-29,M,Active
C01009656,2023-11-13,B002,ZM,SME,Web,1972-01-03,F,Active
C01009657,2023-04-26,B005,ZM,Retail,USSD,1962-06-29,M,Dormant
C01009658,2024-08-22,B001,ZM,Premium,App,1993-02-03,F,Active
C01009659,2023-12-27,B005,ZM,SME,Branch,2011-05-19,F,Active
C01009660,2025-05-26,B004,ZM,SME,ATM,1974-02-22,F,Active
C01009661,2025-10-05,B010,ZM,SME,ATM,1973-07-15,M,Active
C01009662,2025-05-10,B010,ZM,Retail,Agent,2013-02-26,M,Active
C01009663,2025-12-24,B020,ZM,SME,ATM,1985-08-23,F,Active
C01009664,2022-04-04,B001,ZM,Retail,USSD,1970-07-01,M,Dormant
C01009665,2022-01-11,B004,ZM,SME,Web,1966-05-26,M,Active
C01009666,2023-06-04,B001,ZM,Retail,USSD,1988-12-09,M,Dormant
C01009667,2024-10-30,B010,ZM,Retail,ATM,1996-10-29,F,Active
C01009668,2025-06-23,B015,ZM,Retail,Agent,1979-08-04,F,Active
C01009669,2024-02-20,B005,ZM,Retail,App,1963-10-09,F,Active
C01009670,2023-09-12,B002,ZM,Retail,ATM,1973-08-08,F,Dormant
C01009671,2024-03-19,B010,ZM,Retail,App,2013-01-21,F,Active
C01009672,2025-10-06,B003,ZM,SME,Agent,1988-07-03,M,Dormant
C01009673,2024-01-30,B002,ZM,Retail,App,1988-05-01,M,Active
C01009674,2022-09-28,B010,ZM,Retail,ATM,2012-03-04,F,Closed
C01009675,2025-02-19,B005,ZM,Retail,ATM,1996-02-01,F,Active
C01009676,2022-03-26,B001,ZM,Retail,App,1980-11-12,F,Closed
C01009677,2025-04-03,B015,ZM,Retail,USSD,1999-02-08,F,Active
C01009678,2023-01-03,B015,ZM,Retail,USSD,1981-12-03,M,Active
C01009679,2023-06-18,B002,ZM,Retail,Agent,2001-07-24,F,Active
C01009680,2022-12-14,B005,ZM,Retail,USSD,1973-10-30,M,Active
C01009681,2024-10-28,B015,ZM,Retail,Branch,1996-08-28,F,Active
C01009682,2024-10-06,B015,ZM,Retail,App,1975-06-18,M,Active
C01009683,2023-11-26,B004,ZM,Retail,Branch,1986-08-12,M,Active
C01009684,2024-08-16,B003,ZM,SME,Branch,1976-02-20,M,Active
C01009685,2022-09-28,B002,ZM,Retail,App,1963-11-01,F,Active
C01009686,2022-07-03,B001,ZM,Retail,Branch,1998-09-16,F,Active
C01009687,2023-10-12,B015,ZM,Retail,Agent,1993-10-26,F,Active
C01009688,2025-12-25,B004,ZM,Retail,Agent,1966-10-26,F,Active
C01009689,2024-12-22,B005,ZM,Retail,App,1990-01-27,M,Closed
C01009690,2024-06-05,B015,ZM,Retail,Web,1983-04-03,F,Active
C01009691,2022-10-18,B020,ZM,Retail,Web,2006-02-22,F,Dormant
C01009692,2023-06-18,B003,ZM,SME,App,1962-06-05,F,Active
C01009693,2022-08-28,B001,ZM,Retail,App,2009-06-14,F,Active
C01009694,2023-10-04,B005,ZM,SME,App,1990-06-21,F,Dormant
C01009695,2022-04-01,B005,ZM,Retail,USSD,1968-09-16,M,Active
C01009696,2022-09-19,B002,ZM,Retail,App,1977-06-14,M,Closed
C01009697,2024-10-19,B015,ZM,SME,Agent,1978-05-15,M,Active
C01009698,2023-07-30,B002,ZM,SME,Agent,1969-08-06,F,Active
C01009699,2024-01-09,B001,ZM,Retail,ATM,1980-01-04,F,Closed
C01009700,2024-05-30,B020,ZM,SME,Web,2008-04-17,M,Active
C01009701,2023-08-03,B015,ZM,Retail,Web,1963-08-18,F,Dormant
C01009702,2023-06-24,B010,ZM,Retail,App,1963-11-29,M,Active
C01009703,2025-06-09,B015,ZM,Retail,Web,1984-06-15,M,Active
C01009704,2023-06-25,B020,ZM,Retail,App,2011-06-27,M,Active
C01009705,2024-11-24,B010,ZM,SME,App,2007-12-12,M,Active
C01009706,2023-10-04,B005,ZM,Retail,Web,1980-02-19,M,Active
C01009707,2024-06-11,B002,ZM,Retail,Web,1974-02-01,F,Active
C01009708,2022-12-04,B003,ZM,SME,ATM,1965-10-05,F,Active
C01009709,2023-10-09,B015,ZM,Retail,Branch,1967-07-05,F,Active
C01009710,2024-10-03,B003,ZM,Retail,ATM,1975-11-10,F,Active
C01009711,2022-11-06,B015,ZM,Retail,ATM,1973-08-15,M,Active
C01009712,2025-02-12,B005,ZM,Retail,Web,1968-06-19,M,Active
C01009713,2025-09-08,B002,ZM,SME,Agent,1975-07-06,M,Active
C01009714,2025-07-27,B001,ZM,Retail,ATM,1966-11-04,M,Active
C01009715,2024-06-20,B001,ZM,Retail,Agent,1993-05-20,F,Active
C01009716,2022-04-19,B001,ZM,Retail,Web,1986-07-24,M,Active
C01009717,2023-01-22,B015,ZM,Retail,USSD,2005-11-16,M,Active
C01009718,2022-11-01,B015,ZM,Retail,App,1970-02-08,M,Active
C01009719,2022-04-22,B003,ZM,SME,Branch,1993-06-01,F,Active
C01009720,2023-04-16,B002,ZM,Retail,Agent,2008-04-17,M,Active
C01009721,2023-01-11,B020,ZM,Retail,USSD,1973-10-13,M,Dormant
C01009722,2022-03-15,B015,ZM,Retail,Agent,1999-01-24,M,Active
C01009723,2024-08-21,B002,ZM,Retail,App,2008-10-02,F,Active
C01009724,2023-06-17,B003,ZM,Retail,App,1997-06-04,F,Active
C01009725,2022-12-01,B015,ZM,Retail,Branch,2008-01-25,M,Active
C01009726,2025-12-16,B001,ZM,SME,ATM,2004-10-23,F,Active
C01009727,2024-08-14,B001,ZM,Retail,App,1996-01-07,F,Active
C01009728,2024-06-12,B005,ZM,Retail,Branch,1986-09-24,M,Active
C01009729,2022-08-26,B010,ZM,SME,Agent,1960-10-03,F,Active
C01009730,2024-10-10,B004,ZM,Retail,Agent,1969-04-30,F,Closed
C01009731,2022-03-25,B020,ZM,Retail,Agent,2012-04-15,M,Active
C01009732,2024-06-23,B010,ZM,Retail,Agent,1969-11-04,M,Active
C01009733,2024-01-01,B015,ZM,Retail,Agent,2007-08-16,F,Active
C01009734,2025-12-23,B002,ZM,SME,Web,1989-04-23,M,Active
C01009735,2025-02-22,B015,ZM,Retail,App,1983-07-08,F,Active
C01009736,2024-09-20,B002,ZM,Premium,App,2009-11-26,M,Active
C01009737,2024-07-26,B002,ZM,Retail,ATM,2008-03-13,F,Active
C01009738,2024-10-06,B010,ZM,Retail,ATM,1965-03-31,M,Active
C01009739,2022-08-19,B004,ZM,Retail,Web,1994-12-09,F,Dormant
C01009740,2026-01-14,B005,ZM,Retail,App,1987-10-01,F,Active
C01009741,2022-10-31,B010,ZM,Retail,ATM,1987-06-01,F,Closed
C01009742,2022-09-11,B004,ZM,Retail,Branch,1971-12-25,F,Active
C01009743,2023-12-17,B001,ZM,SME,Agent,1960-02-01,F,Active
C01009744,2022-07-11,B001,ZM,Retail,Agent,1963-10-27,F,Active
C01009745,2023-02-22,B002,ZM,Retail,App,1994-10-31,F,Active
C01009746,2023-08-05,B003,ZM,Retail,Agent,1975-12-09,F,Active
C01009747,2023-01-05,B015,ZM,Retail,Agent,2011-02-20,M,Active
C01009748,2022-12-11,B015,ZM,Retail,Branch,2005-01-29,F,Active
C01009749,2024-11-07,B002,ZM,Retail,USSD,2004-08-29,M,Active
C01009750,2023-07-13,B003,ZM,Retail,Web,1999-09-04,M,Active
C01009751,2025-02-27,B020,ZM,SME,ATM,2007-01-18,F,Active
C01009752,2025-09-20,B004,ZM,Retail,USSD,2003-02-07,M,Active
C01009753,2025-04-14,B020,ZM,Retail,ATM,1981-12-09,M,Active
C01009754,2023-03-11,B020,ZM,Retail,USSD,1988-02-21,M,Active
C01009755,2025-04-10,B001,ZM,Retail,Agent,2006-09-20,M,Active
C01009756,2022-01-09,B020,ZM,Retail,ATM,1989-05-12,M,Active
C01009757,2024-12-13,B015,ZM,Retail,Web,1994-10-13,M,Active
C01009758,2025-03-14,B010,ZM,Retail,App,1996-01-15,F,Active
C01009759,2023-01-05,B003,ZM,SME,Branch,1985-04-12,F,Active
C01009760,2024-05-02,B004,ZM,Retail,USSD,1995-10-28,M,Active
C01009761,2022-06-07,B001,ZM,Retail,Branch,1987-11-19,F,Active
C01009762,2023-05-20,B020,ZM,Retail,Branch,1970-08-27,M,Active
C01009763,2024-10-17,B010,ZM,SME,ATM,2013-06-13,M,Active
C01009764,2025-10-18,B003,ZM,Retail,App,1999-01-21,M,Active
C01009765,2022-07-13,B002,ZM,SME,ATM,1971-08-07,F,Active
C01009766,2023-11-05,B002,ZM,Premium,Branch,1979-07-13,F,Active
C01009767,2022-02-23,B002,ZM,Retail,Agent,1986-07-28,F,Active
C01009768,2023-08-06,B015,ZM,Premium,Web,1976-03-04,M,Active
C01009769,2025-10-27,B004,ZM,Retail,App,1970-01-11,F,Active
C01009770,2025-10-25,B002,ZM,Retail,App,1972-08-22,F,Dormant
C01009771,2022-09-07,B015,ZM,Retail,Agent,1999-02-15,M,Active
C01009772,2024-03-18,B005,ZM,Retail,Branch,1972-12-28,F,Active
C01009773,2024-02-05,B015,ZM,Retail,ATM,1976-01-23,F,Dormant
C01009774,2025-04-24,B001,ZM,Retail,Agent,1966-09-26,F,Active
C01009775,2022-08-06,B015,ZM,Retail,Web,1977-05-05,F,Dormant
C01009776,2023-10-25,B004,ZM,SME,USSD,1976-06-02,M,Active
C01009777,2022-11-11,B010,ZM,Retail,ATM,1961-07-14,M,Active
C01009778,2022-03-01,B020,ZM,Retail,App,1987-06-03,M,Active
C01009779,2022-06-16,B015,ZM,Premium,Agent,1965-09-26,M,Active
C01009780,2024-07-31,B002,ZM,Retail,ATM,1964-01-30,M,Active
C01009781,2025-12-20,B001,ZM,Retail,USSD,1985-07-04,M,Active
C01009782,2025-09-12,B003,ZM,SME,Web,1974-08-19,F,Active
C01009783,2024-09-09,B002,ZM,Retail,Agent,1982-09-10,M,Active
C01009784,2024-07-18,B001,ZM,Retail,Web,2007-09-20,M,Active
C01009785,2025-07-10,B005,ZM,Retail,USSD,1979-06-19,F,Active
C01009786,2023-07-06,B020,ZM,SME,USSD,1970-02-12,F,Active
C01009787,2025-05-01,B003,ZM,Retail,Branch,1985-03-31,M,Active
C01009788,2025-09-09,B005,ZM,Retail,App,2003-07-26,F,Active
C01009789,2022-01-12,B010,ZM,SME,Branch,2005-11-07,F,Active
C01009790,2023-11-06,B001,ZM,Retail,ATM,2010-12-27,M,Active
C01009791,2022-03-31,B005,ZM,SME,USSD,1970-01-15,F,Active
C01009792,2025-09-05,B020,ZM,SME,Branch,1968-01-29,F,Dormant
C01009793,2025-06-28,B020,ZM,SME,App,2002-04-05,M,Active
C01009794,2024-07-16,B010,ZM,SME,App,2000-01-22,M,Active
C01009795,2023-10-28,B020,ZM,Retail,USSD,1973-10-06,F,Active
C01009796,2026-02-07,B001,ZM,Premium,Agent,1996-06-12,F,Active
C01009797,2025-03-11,B001,ZM,Retail,Branch,2012-10-05,M,Dormant
C01009798,2022-09-22,B020,ZM,Retail,Web,2014-09-03,M,Dormant
C01009799,2023-03-09,B005,ZM,Retail,USSD,2013-04-18,F,Closed
C01009800,2022-04-10,B001,ZM,Premium,ATM,1984-11-29,F,Active
C01009801,2025-08-11,B002,ZM,Retail,Branch,2011-08-14,M,Dormant
C01009802,2023-08-03,B020,ZM,SME,Branch,2007-04-07,M,Active
C01009803,2023-10-24,B001,ZM,Retail,USSD,1968-08-29,M,Active
C01009804,2022-04-24,B004,ZM,SME,Agent,1974-06-07,F,Active
C01009805,2022-05-25,B010,ZM,SME,Branch,2006-01-31,M,Active
C01009806,2025-01-25,B020,ZM,Retail,Branch,1977-11-13,M,Active
C01009807,2025-05-18,B001,ZM,Retail,ATM,1969-12-12,M,Active
C01009808,2024-02-21,B004,ZM,Retail,Agent,2009-04-20,F,Active
C01009809,2022-07-09,B001,ZM,Retail,ATM,1961-10-14,F,Closed
C01009810,2024-03-27,B001,ZM,Retail,Web,1965-02-11,F,Active
C01009811,2023-06-07,B005,ZM,Retail,ATM,1979-09-05,M,Active
C01009812,2022-12-31,B002,ZM,Retail,Web,1998-10-03,M,Active
C01009813,2023-05-07,B020,ZM,Retail,ATM,1997-11-18,M,Active
C01009814,2024-03-27,B010,ZM,Retail,Web,1996-10-07,M,Active
C01009815,2022-07-02,B020,ZM,Retail,Agent,1961-11-17,F,Active
C01009816,2022-02-12,B002,ZM,SME,ATM,1975-01-30,F,Active
C01009817,2023-03-03,B003,ZM,Retail,ATM,1960-03-10,M,Active
C01009818,2022-11-30,B005,ZM,Retail,USSD,1965-08-06,M,Active
C01009819,2024-03-06,B005,ZM,Retail,ATM,1960-06-25,M,Active
C01009820,2024-04-04,B002,ZM,Retail,Web,1991-03-16,M,Active
C01009821,2023-08-07,B015,ZM,SME,USSD,1977-08-24,M,Active
C01009822,2025-08-18,B005,ZM,Retail,Web,1974-06-21,F,Dormant
C01009823,2025-09-01,B020,ZM,Retail,ATM,2008-05-17,M,Active
C01009824,2022-11-12,B002,ZM,Premium,ATM,1990-03-15,F,Active
C01009825,2022-09-04,B005,ZM,Retail,Web,1977-05-08,F,Active
C01009826,2023-09-04,B001,ZM,Retail,Agent,2008-10-19,M,Closed
C01009827,2024-10-02,B002,ZM,Retail,Agent,1995-07-13,F,Active
C01009828,2024-06-04,B002,ZM,Retail,Agent,1976-11-30,F,Active
C01009829,2023-09-28,B020,ZM,Premium,Branch,1968-08-23,M,Active
C01009830,2025-11-03,B004,ZM,Retail,USSD,1960-05-06,M,Active
C01009831,2025-05-20,B005,ZM,SME,USSD,1988-11-12,M,Active
C01009832,2022-09-26,B005,ZM,Premium,Agent,1964-02-29,M,Dormant
C01009833,2024-01-06,B002,ZM,Retail,ATM,1989-04-21,F,Active
C01009834,2025-09-24,B001,ZM,Retail,USSD,1976-02-06,M,Closed
C01009835,2022-07-16,B001,ZM,Retail,Web,1984-03-27,F,Active
C01009836,2024-01-23,B010,ZM,Retail,ATM,1981-11-30,F,Active
C01009837,2024-11-15,B001,ZM,Retail,USSD,2007-07-02,F,Active
C01009838,2023-02-14,B005,ZM,Retail,App,1981-01-28,M,Active
C01009839,2024-09-29,B015,ZM,Retail,USSD,2009-04-29,F,Active
C01009840,2024-07-01,B004,ZM,Premium,Agent,1960-03-03,F,Active
C01009841,2024-03-05,B002,ZM,Retail,Web,1991-11-15,M,Active
C01009842,2024-09-02,B003,ZM,Retail,USSD,2009-08-16,F,Active
C01009843,2023-07-04,B004,ZM,SME,Branch,1974-07-09,F,Closed
C01009844,2025-02-27,B020,ZM,Retail,Agent,1997-06-29,M,Active
C01009845,2025-05-14,B020,ZM,Retail,Branch,1975-05-02,F,Active
C01009846,2024-05-16,B015,ZM,Retail,ATM,2010-08-25,F,Closed
C01009847,2022-07-04,B003,ZM,Retail,Branch,1965-08-08,F,Active
C01009848,2024-05-15,B004,ZM,Retail,Web,1965-05-08,M,Active
C01009849,2024-01-25,B001,ZM,Retail,App,2000-06-20,F,Active
C01009850,2025-06-11,B005,ZM,Retail,App,1995-09-19,M,Active
C01009851,2023-01-17,B015,ZM,Premium,ATM,2007-11-27,M,Dormant
C01009852,2024-06-08,B003,ZM,Retail,ATM,1998-10-10,M,Dormant
C01009853,2025-07-15,B015,ZM,Retail,Branch,1974-09-18,F,Active
C01009854,2024-05-22,B004,ZM,Retail,Web,2001-01-12,F,Active
C01009855,2022-07-10,B005,ZM,Retail,Branch,1999-02-16,F,Dormant
C01009856,2022-03-24,B015,ZM,Retail,Web,1981-11-23,F,Active
C01009857,2024-11-17,B003,ZM,Premium,Web,1980-05-17,M,Dormant
C01009858,2023-12-01,B002,ZM,Retail,App,1975-11-28,F,Active
C01009859,2024-08-07,B004,ZM,Retail,Web,2009-11-11,F,Active
C01009860,2025-10-17,B002,ZM,Retail,USSD,1978-07-21,M,Active
C01009861,2023-04-05,B001,ZM,Retail,Web,2004-12-31,F,Dormant
C01009862,2025-08-19,B002,ZM,Retail,App,2014-09-03,M,Active
C01009863,2025-11-06,B002,ZM,Retail,Agent,1994-07-28,M,Active
C01009864,2026-01-01,B010,ZM,Retail,Branch,1978-04-15,M,Dormant
C01009865,2022-11-14,B004,ZM,Retail,Web,1979-03-30,M,Active
C01009866,2024-10-11,B001,ZM,Retail,USSD,2003-05-23,F,Active
C01009867,2024-12-15,B002,ZM,Retail,ATM,1996-07-23,M,Active
C01009868,2025-07-13,B020,ZM,Retail,Branch,1967-06-22,M,Active
C01009869,2025-08-18,B005,ZM,Premium,ATM,2005-05-13,F,Active
C01009870,2024-12-10,B003,ZM,Retail,USSD,1990-03-01,M,Active
C01009871,2022-06-21,B002,ZM,SME,App,1970-03-26,M,Active
C01009872,2023-08-19,B001,ZM,Retail,Agent,2008-08-27,F,Active
C01009873,2024-08-16,B002,ZM,Retail,App,1996-02-09,M,Active
C01009874,2024-06-14,B003,ZM,Retail,Agent,1975-11-19,F,Dormant
C01009875,2022-06-12,B001,ZM,Retail,Branch,1995-09-04,F,Dormant
C01009876,2024-09-05,B004,ZM,Retail,Web,2000-10-22,M,Active
C01009877,2023-09-08,B001,ZM,Retail,Web,1969-05-25,F,Active
C01009878,2022-11-01,B004,ZM,SME,ATM,1982-03-26,M,Active
C01009879,2022-09-19,B001,ZM,Retail,App,1998-12-10,F,Active
C01009880,2025-11-02,B020,ZM,Retail,Web,2009-07-14,F,Active
C01009881,2023-09-08,B015,ZM,Retail,Agent,1987-05-03,M,Active
C01009882,2023-05-25,B003,ZM,SME,Web,1969-09-30,M,Active
C01009883,2024-12-07,B003,ZM,Retail,App,1960-01-27,F,Active
C01009884,2024-05-25,B001,ZM,Retail,App,1966-09-03,M,Active
C01009885,2023-08-29,B015,ZM,SME,USSD,1977-01-12,M,Active
C01009886,2025-03-10,B002,ZM,Retail,ATM,1973-11-28,M,Active
C01009887,2022-04-08,B003,ZM,Retail,App,2005-05-19,F,Active
C01009888,2025-02-02,B020,ZM,Retail,USSD,1974-01-26,M,Active
C01009889,2022-06-06,B004,ZM,SME,App,1978-01-16,F,Active
C01009890,2022-04-03,B004,ZM,Premium,Branch,1980-03-28,F,Active
C01009891,2024-11-17,B005,ZM,SME,Agent,2014-08-13,F,Active
C01009892,2022-08-09,B010,ZM,Retail,Agent,1973-09-01,M,Active
C01009893,2024-11-11,B015,ZM,SME,Branch,1968-11-22,M,Dormant
C01009894,2024-05-20,B010,ZM,Retail,Branch,2008-06-30,M,Active
C01009895,2024-04-25,B010,ZM,Retail,App,2005-08-01,M,Active
C01009896,2022-07-13,B004,ZM,Retail,Web,1980-01-29,M,Active
C01009897,2024-08-09,B020,ZM,Retail,Web,1991-05-04,M,Active
C01009898,2025-09-15,B020,ZM,Retail,Branch,1976-10-05,F,Dormant
C01009899,2026-01-15,B005,ZM,Retail,ATM,2001-05-13,F,Active
C01009900,2025-03-10,B010,ZM,Premium,Agent,2013-11-01,M,Active
C01009901,2023-06-03,B010,ZM,Retail,USSD,1965-09-05,F,Active
C01009902,2023-12-29,B001,ZM,Retail,Branch,2007-05-27,F,Active
C01009903,2023-06-06,B001,ZM,SME,Agent,2002-10-13,F,Dormant
C01009904,2025-04-14,B001,ZM,Retail,USSD,1989-03-10,M,Active
C01009905,2022-06-17,B002,ZM,Retail,USSD,1961-10-10,F,Active
C01009906,2024-10-28,B010,ZM,Retail,Branch,1996-06-05,F,Active
C01009907,2022-02-03,B020,ZM,Retail,Web,2003-04-08,F,Active
C01009908,2022-08-22,B020,ZM,Retail,ATM,2004-03-24,M,Active
C01009909,2025-09-16,B002,ZM,Retail,Agent,1994-08-06,F,Active
C01009910,2024-08-05,B020,ZM,SME,Branch,1968-07-09,M,Active
C01009911,2023-01-03,B005,ZM,Retail,USSD,1963-11-24,M,Active
C01009912,2023-01-09,B015,ZM,Retail,Agent,1997-11-26,M,Active
C01009913,2024-03-15,B004,ZM,Retail,App,1993-03-19,M,Active
C01009914,2022-04-03,B010,ZM,Retail,App,2012-03-19,F,Closed
C01009915,2022-06-20,B020,ZM,Retail,Agent,1974-12-26,F,Closed
C01009916,2024-05-02,B004,ZM,Premium,Agent,1960-07-24,F,Active
C01009917,2025-12-13,B020,ZM,Retail,USSD,2008-04-14,F,Active
C01009918,2023-09-02,B015,ZM,Retail,Branch,2006-11-21,F,Dormant
C01009919,2023-10-05,B001,ZM,Premium,Web,1969-01-04,F,Active
C01009920,2025-04-17,B010,ZM,Retail,Branch,1983-11-25,F,Active
C01009921,2026-01-22,B003,ZM,Retail,ATM,1982-03-11,F,Active
C01009922,2024-07-20,B002,ZM,Retail,Agent,1966-09-25,M,Active
C01009923,2025-10-04,B002,ZM,Retail,App,1971-06-07,M,Dormant
C01009924,2024-07-10,B010,ZM,SME,USSD,2001-11-26,F,Dormant
C01009925,2025-07-01,B015,ZM,Retail,Web,2014-06-06,M,Dormant
C01009926,2023-06-27,B001,ZM,Retail,Branch,1999-11-20,M,Active
C01009927,2023-12-01,B002,ZM,Retail,ATM,1996-10-04,M,Active
C01009928,2023-01-19,B001,ZM,SME,Branch,1970-06-23,F,Active
C01009929,2023-03-09,B005,ZM,SME,ATM,2001-04-29,M,Dormant
C01009930,2023-01-15,B004,ZM,Retail,Branch,2005-02-20,M,Active
C01009931,2022-06-10,B015,ZM,Retail,Web,1969-12-05,F,Closed
C01009932,2025-05-22,B003,ZM,Retail,Web,1991-08-11,F,Dormant
C01009933,2023-06-16,B004,ZM,Retail,USSD,2013-03-28,F,Active
C01009934,2025-10-11,B004,ZM,SME,Web,1997-08-03,M,Active
C01009935,2022-08-06,B005,ZM,Premium,ATM,2011-12-29,M,Active
C01009936,2024-06-07,B002,ZM,SME,USSD,2007-11-03,F,Active
C01009937,2024-12-30,B003,ZM,Retail,Web,1982-02-26,F,Dormant
C01009938,2022-02-06,B002,ZM,SME,App,2008-07-15,F,Active
C01009939,2022-01-12,B010,ZM,Premium,ATM,1986-10-25,F,Dormant
C01009940,2024-03-19,B004,ZM,Retail,USSD,1991-05-24,F,Active
C01009941,2022-08-27,B010,ZM,Retail,ATM,2004-08-18,M,Active
C01009942,2022-01-28,B001,ZM,SME,USSD,1975-12-27,F,Active
C01009943,2022-12-18,B004,ZM,Retail,ATM,1961-06-29,M,Active
C01009944,2025-09-05,B002,ZM,Premium,App,1973-07-08,F,Active
C01009945,2024-09-04,B004,ZM,Retail,Web,1995-01-22,M,Active
C01009946,2024-07-31,B001,ZM,Retail,Branch,1993-10-23,M,Active
C01009947,2025-11-17,B005,ZM,SME,Branch,1993-01-26,F,Active
C01009948,2024-04-09,B010,ZM,Retail,Branch,1995-10-26,M,Active
C01009949,2025-09-09,B020,ZM,SME,USSD,2007-11-23,M,Active
C01009950,2025-05-17,B010,ZM,Retail,Web,1994-06-29,F,Active
C01009951,2026-01-26,B002,ZM,Retail,Agent,1975-04-29,M,Active
C01009952,2024-09-23,B004,ZM,Retail,USSD,1991-10-01,M,Active
C01009953,2023-09-13,B002,ZM,Retail,USSD,2011-07-25,M,Active
C01009954,2025-06-20,B005,ZM,Retail,USSD,1968-06-13,F,Active
C01009955,2025-06-17,B004,ZM,SME,Agent,1972-05-30,F,Active
C01009956,2024-01-09,B020,ZM,Retail,USSD,1989-01-14,M,Active
C01009957,2025-11-15,B004,ZM,Retail,Web,2000-03-18,M,Active
C01009958,2025-10-11,B020,ZM,Retail,Branch,1978-04-25,F,Active
C01009959,2025-11-14,B002,ZM,Retail,ATM,1987-08-21,F,Active
C01009960,2025-10-14,B002,ZM,Premium,USSD,2005-07-03,M,Active
C01009961,2024-03-19,B001,ZM,Retail,Web,2013-03-20,M,Dormant
C01009962,2023-09-12,B015,ZM,Retail,App,2010-09-25,M,Active
C01009963,2022-06-29,B015,ZM,Retail,ATM,1974-07-31,F,Active
C01009964,2022-09-14,B005,ZM,Retail,USSD,1990-10-23,M,Active
C01009965,2022-10-04,B015,ZM,Retail,USSD,1989-04-05,M,Active
C01009966,2022-01-29,B001,ZM,Retail,ATM,1980-01-20,M,Active
C01009967,2023-01-26,B010,ZM,Retail,ATM,2014-01-14,F,Active
C01009968,2022-08-18,B020,ZM,SME,USSD,1984-06-23,M,Active
C01009969,2022-02-02,B004,ZM,SME,Web,1999-01-15,M,Active
C01009970,2025-11-26,B002,ZM,SME,App,1960-10-22,M,Active
C01009971,2023-01-21,B004,ZM,SME,Web,1999-11-12,F,Active
C01009972,2022-02-24,B004,ZM,Premium,Agent,1986-09-21,M,Active
C01009973,2023-03-05,B003,ZM,Retail,Branch,1972-03-30,M,Active
C01009974,2024-09-12,B010,ZM,Retail,Branch,2011-12-22,F,Active
C01009975,2025-08-21,B003,ZM,Retail,Branch,2014-07-13,M,Active
C01009976,2022-10-25,B015,ZM,SME,USSD,1962-01-06,F,Active
C01009977,2025-08-23,B004,ZM,Retail,App,1999-12-05,F,Active
C01009978,2023-05-11,B020,ZM,Retail,App,1984-01-20,F,Active
C01009979,2024-06-11,B002,ZM,Retail,Agent,2002-08-18,F,Active
C01009980,2025-07-06,B020,ZM,Retail,USSD,1972-10-20,F,Active
C01009981,2025-01-08,B004,ZM,Retail,USSD,1996-12-17,F,Active
C01009982,2023-01-26,B010,ZM,Retail,USSD,1997-12-14,M,Active
C01009983,2022-06-26,B020,ZM,Retail,App,2012-12-14,F,Active
C01009984,2023-09-09,B003,ZM,Retail,USSD,1987-04-27,M,Active
C01009985,2024-08-07,B002,ZM,Retail,ATM,1965-08-24,F,Active
C01009986,2022-10-31,B004,ZM,Retail,ATM,1999-04-14,M,Active
C01009987,2024-08-28,B005,ZM,Retail,ATM,2011-07-03,M,Active
C01009988,2024-05-14,B010,ZM,Retail,USSD,1995-07-23,F,Active
C01009989,2022-02-14,B010,ZM,Retail,ATM,2003-06-17,M,Active
C01009990,2022-08-27,B005,ZM,Retail,Agent,1961-12-08,M,Dormant
C01009991,2022-12-07,B020,ZM,Retail,USSD,2010-06-16,F,Active
C01009992,2022-11-09,B004,ZM,SME,Agent,1960-05-06,M,Active
C01009993,2025-12-09,B010,ZM,Retail,ATM,2009-08-19,M,Active
C01009994,2024-06-30,B002,ZM,Retail,USSD,2013-05-28,F,Active
C01009995,2024-09-20,B004,ZM,SME,Web,2001-01-09,M,Dormant
C01009996,2024-08-23,B004,ZM,Retail,Branch,1987-07-17,M,Active
C01009997,2022-02-10,B003,ZM,Retail,Web,2004-09-05,F,Active
C01009998,2024-07-09,B010,ZM,Retail,Branch,1982-11-13,M,Active
C01009999,2025-04-13,B010,ZM,SME,Branch,2010-03-01,M,Active
C01010000,2023-05-12,B005,ZM,SME,ATM,1991-07-29,F,Active
C01010001,2023-02-17,B003,ZM,Retail,Branch,2011-03-23,M,Closed
C01010002,2023-08-27,B020,ZM,Retail,Branch,1985-07-01,F,Active
C01010003,2025-03-12,B015,ZM,Retail,Web,1996-05-22,F,Active
C01010004,2024-03-13,B020,ZM,Retail,Branch,1984-09-28,M,Active
C01010005,2022-04-15,B020,ZM,Retail,USSD,1966-10-02,M,Closed
C01010006,2023-11-15,B003,ZM,Retail,Agent,2005-09-01,F,Active
C01010007,2022-01-17,B010,ZM,Retail,Agent,1977-05-12,F,Closed
C01010008,2022-07-30,B004,ZM,Retail,USSD,2014-07-27,F,Active
C01010009,2025-07-15,B003,ZM,Retail,ATM,2005-03-22,F,Active
C01010010,2025-12-31,B005,ZM,Retail,Web,1987-02-12,M,Active
C01010011,2024-06-03,B003,ZM,Retail,App,1970-02-04,F,Active
C01010012,2024-05-01,B005,ZM,Retail,Agent,1996-11-13,M,Active
C01010013,2024-10-12,B020,ZM,SME,Web,2001-06-14,M,Active
C01010014,2025-03-31,B015,ZM,Retail,Agent,1981-10-04,M,Dormant
C01010015,2025-05-05,B003,ZM,Retail,App,1985-12-04,M,Active
C01010016,2026-02-06,B005,ZM,Retail,Branch,2001-02-12,M,Dormant
C01010017,2025-02-09,B003,ZM,Retail,App,2006-07-24,M,Active
C01010018,2023-08-19,B015,ZM,Retail,Branch,1990-10-21,M,Active
C01010019,2022-03-17,B020,ZM,Premium,Agent,1978-07-03,M,Active
C01010020,2024-09-25,B003,ZM,Retail,Web,1995-10-07,F,Active
C01010021,2024-03-29,B002,ZM,Retail,Web,2012-03-03,M,Dormant
C01010022,2024-09-22,B005,ZM,Retail,ATM,2008-02-15,M,Active
C01010023,2024-11-17,B015,ZM,Premium,Agent,2007-11-02,M,Active
C01010024,2025-04-25,B005,ZM,Premium,ATM,1969-08-01,F,Closed
C01010025,2026-01-24,B005,ZM,Retail,Agent,1994-03-01,M,Dormant
C01010026,2025-06-06,B001,ZM,Retail,Branch,1986-04-13,M,Dormant
C01010027,2025-10-21,B015,ZM,Retail,Agent,2012-06-01,M,Active
C01010028,2024-09-26,B003,ZM,Retail,Agent,2007-11-18,M,Dormant
C01010029,2023-04-20,B005,ZM,Retail,Branch,1962-07-05,F,Active
C01010030,2026-01-02,B010,ZM,SME,USSD,1983-10-17,F,Active
C01010031,2022-05-05,B001,ZM,Retail,USSD,1986-01-07,M,Active
C01010032,2024-12-17,B002,ZM,Retail,Agent,1988-05-08,M,Active
C01010033,2022-02-08,B005,ZM,Retail,USSD,1960-11-19,F,Active
C01010034,2024-05-14,B020,ZM,Retail,Web,2014-04-09,F,Active
C01010035,2025-03-26,B005,ZM,Retail,Agent,1974-12-14,F,Active
C01010036,2023-10-09,B001,ZM,Retail,App,2006-03-07,F,Active
C01010037,2025-02-07,B003,ZM,Retail,Branch,1995-05-23,F,Active
C01010038,2022-05-11,B010,ZM,Retail,ATM,1960-11-20,F,Active
C01010039,2023-07-03,B020,ZM,Retail,Branch,1989-04-22,M,Active
C01010040,2025-08-20,B002,ZM,SME,Agent,1975-05-02,M,Active
C01010041,2024-05-04,B020,ZM,Retail,App,1970-08-11,F,Active
C01010042,2024-08-27,B005,ZM,Retail,Branch,1962-10-25,F,Active
C01010043,2022-08-28,B003,ZM,Retail,ATM,1974-09-18,F,Active
C01010044,2024-10-10,B015,ZM,Retail,ATM,1995-10-01,M,Active
C01010045,2025-06-29,B010,ZM,Premium,App,1972-07-08,F,Active
C01010046,2025-08-16,B015,ZM,SME,ATM,2001-02-24,M,Active
C01010047,2023-12-12,B010,ZM,Retail,Web,1963-07-04,M,Active
C01010048,2024-07-07,B002,ZM,Retail,ATM,1995-08-04,F,Active
C01010049,2025-11-29,B004,ZM,Retail,App,1995-11-27,F,Active
C01010050,2024-06-12,B010,ZM,Premium,App,1986-01-02,M,Dormant
C01010051,2022-02-12,B004,ZM,Retail,Branch,2009-08-07,M,Closed
C01010052,2022-11-27,B015,ZM,Retail,ATM,2013-12-28,M,Active
C01010053,2023-08-13,B010,ZM,Retail,ATM,1965-06-28,F,Active
C01010054,2026-01-27,B002,ZM,SME,Agent,1961-08-15,F,Active
C01010055,2023-01-29,B001,ZM,Retail,Agent,2008-11-01,F,Active
C01010056,2024-08-19,B002,ZM,Retail,App,1976-01-27,M,Active
C01010057,2023-12-06,B002,ZM,Retail,Agent,1984-04-09,F,Active
C01010058,2024-06-16,B001,ZM,SME,Branch,2007-12-19,F,Active
C01010059,2023-04-21,B001,ZM,Retail,Branch,1982-09-01,F,Active
C01010060,2024-11-05,B003,ZM,SME,Web,1992-03-02,M,Active
C01010061,2023-03-26,B010,ZM,Retail,Web,2006-08-29,F,Active
C01010062,2025-04-18,B015,ZM,Retail,App,1969-05-13,F,Active
C01010063,2025-11-03,B003,ZM,Premium,Branch,1979-11-13,F,Active
C01010064,2023-11-26,B001,ZM,Premium,Branch,1960-01-18,F,Active
C01010065,2025-05-18,B004,ZM,Retail,Web,2009-11-27,F,Active
C01010066,2026-01-04,B015,ZM,Retail,Agent,2008-05-30,M,Active
C01010067,2025-09-07,B004,ZM,Retail,Web,2011-06-02,M,Active
C01010068,2024-08-17,B002,ZM,Retail,App,2009-11-03,M,Active
C01010069,2022-09-26,B005,ZM,Retail,Branch,1977-01-15,M,Active
C01010070,2023-08-24,B002,ZM,Retail,App,1963-09-10,M,Active
C01010071,2026-01-20,B002,ZM,Retail,Web,1989-08-05,F,Active
C01010072,2025-12-27,B005,ZM,Retail,ATM,2003-04-14,M,Active
C01010073,2024-03-10,B010,ZM,Retail,Web,1987-05-17,M,Active
C01010074,2024-05-03,B001,ZM,Retail,Branch,2008-07-09,F,Dormant
C01010075,2025-10-10,B004,ZM,Retail,App,2009-06-09,M,Active
C01010076,2025-08-29,B002,ZM,Retail,Agent,1981-04-04,M,Active
C01010077,2024-01-08,B005,ZM,Retail,Agent,2013-05-19,M,Active
C01010078,2024-08-25,B003,ZM,Retail,Branch,2002-07-02,M,Active
C01010079,2022-11-28,B002,ZM,Retail,Web,1983-07-01,F,Closed
C01010080,2025-06-27,B004,ZM,Retail,Web,1969-07-04,F,Dormant
C01010081,2023-03-01,B001,ZM,Retail,USSD,2009-08-22,M,Dormant
C01010082,2023-08-02,B002,ZM,SME,Web,1991-03-10,M,Active
C01010083,2025-11-15,B002,ZM,Retail,Branch,1997-04-27,F,Active
C01010084,2022-06-26,B010,ZM,Retail,App,1981-03-22,M,Active
C01010085,2025-09-28,B020,ZM,Retail,App,1961-04-22,F,Active
C01010086,2024-09-15,B005,ZM,Premium,USSD,1973-05-26,F,Active
C01010087,2022-09-22,B003,ZM,Retail,Agent,2000-02-09,M,Active
C01010088,2022-12-21,B003,ZM,SME,Branch,1993-03-30,M,Active
C01010089,2023-02-13,B015,ZM,Retail,Web,1961-02-20,M,Dormant
C01010090,2022-11-17,B001,ZM,SME,ATM,1964-03-28,M,Active
C01010091,2025-05-25,B015,ZM,Retail,App,1960-01-21,M,Active
C01010092,2024-10-04,B004,ZM,Retail,Branch,1979-02-04,M,Active
C01010093,2022-07-26,B001,ZM,SME,USSD,1964-02-13,M,Active
C01010094,2024-05-01,B002,ZM,Retail,ATM,1990-12-11,M,Active
C01010095,2024-10-08,B020,ZM,Retail,Agent,1995-01-08,M,Active
C01010096,2023-09-14,B002,ZM,Retail,Branch,1996-03-07,M,Active
C01010097,2023-04-26,B003,ZM,Retail,Web,1969-02-18,F,Active
C01010098,2023-03-05,B004,ZM,SME,Agent,2013-02-15,M,Active
C01010099,2025-02-14,B005,ZM,Retail,App,2013-07-05,M,Closed
C01010100,2022-04-07,B004,ZM,SME,Web,1991-12-05,F,Active
C01010101,2022-02-07,B002,ZM,SME,USSD,1978-03-28,F,Active
C01010102,2024-01-05,B005,ZM,Retail,App,1961-07-20,M,Dormant
C01010103,2023-06-19,B004,ZM,Retail,ATM,1992-01-25,F,Active
C01010104,2024-01-02,B020,ZM,SME,App,1994-10-03,M,Dormant
C01010105,2025-10-18,B020,ZM,Retail,Web,1986-04-07,F,Closed
C01010106,2022-11-21,B004,ZM,Premium,Agent,1968-09-16,F,Dormant
C01010107,2022-12-24,B005,ZM,Retail,Branch,2010-01-21,F,Closed
C01010108,2024-10-28,B002,ZM,Retail,Branch,1983-06-03,M,Active
C01010109,2022-03-07,B004,ZM,SME,Branch,2010-09-19,F,Active
C01010110,2022-05-11,B005,ZM,Retail,USSD,1977-03-09,F,Active
C01010111,2023-11-23,B010,ZM,Retail,USSD,1999-04-27,F,Active
C01010112,2024-05-31,B020,ZM,Retail,Branch,2008-07-26,F,Active
C01010113,2022-08-22,B010,ZM,SME,ATM,1986-05-24,F,Active
C01010114,2025-06-18,B002,ZM,Retail,Web,1998-10-03,F,Active
C01010115,2023-04-10,B005,ZM,Retail,ATM,2000-04-07,M,Active
C01010116,2022-09-05,B010,ZM,Retail,Branch,2011-02-02,M,Active
C01010117,2025-02-24,B005,ZM,Retail,Web,1964-08-23,M,Active
C01010118,2023-04-04,B004,ZM,Retail,USSD,2005-02-03,F,Closed
C01010119,2024-09-23,B002,ZM,Retail,App,2003-01-18,F,Active
C01010120,2023-06-13,B010,ZM,Retail,App,1961-10-01,F,Active
C01010121,2023-11-28,B015,ZM,SME,Web,1970-08-12,M,Dormant
C01010122,2023-12-29,B004,ZM,Retail,ATM,2007-08-15,F,Active
C01010123,2022-04-06,B020,ZM,Retail,Web,2002-05-09,F,Active
C01010124,2025-02-14,B015,ZM,SME,ATM,1974-07-14,F,Active
C01010125,2023-07-02,B015,ZM,Retail,Agent,1997-03-07,F,Active
C01010126,2022-11-06,B001,ZM,Premium,ATM,1963-02-18,F,Active
C01010127,2025-11-14,B001,ZM,Retail,App,1962-10-20,F,Active
C01010128,2024-11-21,B002,ZM,Retail,USSD,1970-02-19,M,Active
C01010129,2025-05-22,B010,ZM,Retail,Branch,1978-04-22,M,Active
C01010130,2025-10-03,B010,ZM,Retail,USSD,1998-05-16,M,Active
C01010131,2022-08-02,B010,ZM,Retail,Branch,1993-05-28,F,Active
C01010132,2025-12-17,B005,ZM,Retail,Agent,1971-01-09,M,Active
C01010133,2022-04-14,B004,ZM,Retail,App,1964-04-08,F,Closed
C01010134,2024-06-15,B010,ZM,Retail,Branch,1980-09-18,F,Active
C01010135,2024-07-25,B004,ZM,Retail,Agent,1984-05-06,M,Dormant
C01010136,2022-08-16,B002,ZM,Retail,ATM,1986-07-10,F,Active
C01010137,2022-08-05,B015,ZM,Retail,Web,1987-03-09,M,Active
C01010138,2025-06-04,B010,ZM,Retail,Branch,1982-08-12,M,Active
C01010139,2025-06-02,B002,ZM,Retail,USSD,1971-10-19,M,Active
C01010140,2022-07-28,B010,ZM,Retail,App,2013-12-16,F,Active
C01010141,2025-02-25,B001,ZM,Retail,App,2013-05-28,F,Active
C01010142,2022-03-27,B003,ZM,Retail,Agent,1963-11-18,F,Active
C01010143,2024-11-04,B002,ZM,Retail,Web,1995-04-17,M,Active
C01010144,2022-08-04,B010,ZM,SME,ATM,2003-06-02,M,Active
C01010145,2022-12-09,B020,ZM,Retail,ATM,1984-08-08,M,Active
C01010146,2025-07-14,B003,ZM,Retail,App,1990-10-07,F,Active
C01010147,2022-08-30,B002,ZM,Premium,ATM,1997-11-08,F,Dormant
C01010148,2023-02-25,B020,ZM,Retail,Agent,2010-02-12,F,Active
C01010149,2024-01-11,B020,ZM,Retail,Web,1995-12-18,F,Active
C01010150,2022-11-18,B005,ZM,Retail,App,1993-07-28,M,Active
C01010151,2026-01-31,B020,ZM,Retail,ATM,1974-10-15,F,Active
C01010152,2023-08-22,B010,ZM,Retail,Branch,1986-12-29,F,Dormant
C01010153,2025-12-21,B005,ZM,Retail,Branch,1963-06-19,M,Dormant
C01010154,2024-06-23,B001,ZM,Retail,Agent,1993-11-23,F,Active
C01010155,2024-11-02,B010,ZM,Retail,ATM,1972-09-19,F,Closed
C01010156,2024-10-17,B015,ZM,Retail,Branch,1971-04-23,M,Active
C01010157,2026-02-09,B020,ZM,Retail,Web,1970-06-25,F,Active
C01010158,2022-07-23,B001,ZM,Retail,USSD,1989-01-11,M,Closed
C01010159,2022-11-12,B003,ZM,Retail,Web,1990-11-17,F,Active
C01010160,2025-08-18,B002,ZM,Retail,Agent,2013-08-04,M,Active
C01010161,2024-01-15,B020,ZM,Retail,Web,1999-02-18,F,Active
C01010162,2023-11-17,B004,ZM,SME,ATM,2002-11-08,M,Active
C01010163,2022-10-10,B001,ZM,Retail,Web,1972-04-13,F,Active
C01010164,2022-09-09,B004,ZM,Retail,ATM,1988-04-18,F,Active
C01010165,2023-02-18,B020,ZM,Retail,App,1998-03-03,M,Active
C01010166,2024-06-18,B004,ZM,Retail,ATM,1975-12-29,M,Active
C01010167,2024-05-01,B020,ZM,Retail,Agent,1976-07-12,M,Active
C01010168,2022-01-14,B002,ZM,SME,ATM,1976-03-21,F,Active
C01010169,2023-05-18,B003,ZM,Retail,App,1971-03-16,M,Active
C01010170,2024-08-28,B002,ZM,SME,USSD,2014-08-20,F,Dormant
C01010171,2023-12-01,B010,ZM,Retail,Agent,1960-09-16,M,Active
C01010172,2023-08-11,B001,ZM,SME,App,1989-10-06,F,Active
C01010173,2024-10-31,B004,ZM,Retail,ATM,1981-03-01,F,Active
C01010174,2022-12-17,B002,ZM,Retail,Agent,1979-05-01,M,Active
C01010175,2022-06-24,B020,ZM,Premium,Branch,1986-06-16,F,Active
C01010176,2023-06-29,B002,ZM,Retail,ATM,1999-06-09,M,Active
C01010177,2024-02-02,B002,ZM,SME,App,1962-08-21,M,Dormant
C01010178,2026-01-04,B001,ZM,Retail,ATM,1983-03-15,M,Active
C01010179,2024-04-29,B003,ZM,Retail,App,2004-10-04,F,Closed
C01010180,2024-01-09,B015,ZM,Retail,Web,1987-07-27,F,Active
C01010181,2025-07-13,B002,ZM,Retail,USSD,2003-02-05,F,Active
C01010182,2025-09-23,B001,ZM,Retail,USSD,1994-11-18,F,Active
C01010183,2023-05-18,B004,ZM,Retail,Agent,1987-03-27,M,Active
C01010184,2022-11-07,B020,ZM,Retail,App,2008-07-20,F,Active
C01010185,2024-12-20,B010,ZM,Retail,USSD,1985-11-20,M,Active
C01010186,2024-05-13,B015,ZM,Retail,Branch,1989-03-20,F,Active
C01010187,2023-04-13,B005,ZM,Retail,Agent,1993-05-28,F,Active
C01010188,2022-10-10,B015,ZM,Retail,Branch,2013-08-01,F,Active
C01010189,2024-05-28,B020,ZM,Retail,USSD,1979-12-28,F,Active
C01010190,2024-04-26,B015,ZM,Retail,App,2013-11-24,M,Active
C01010191,2024-04-18,B020,ZM,SME,Agent,1999-03-19,F,Closed
C01010192,2024-07-28,B001,ZM,Retail,Branch,1989-04-08,M,Active
C01010193,2024-11-23,B005,ZM,Retail,USSD,1975-04-26,M,Active
C01010194,2025-10-29,B002,ZM,Retail,ATM,1968-08-24,F,Closed
C01010195,2024-01-11,B002,ZM,SME,Branch,1980-10-16,F,Active
C01010196,2022-03-02,B015,ZM,Retail,Web,2007-12-10,M,Active
C01010197,2024-06-25,B001,ZM,Retail,Agent,1980-03-16,F,Active
C01010198,2022-10-26,B005,ZM,Retail,Branch,1988-01-15,F,Closed
C01010199,2022-01-21,B002,ZM,Retail,Agent,1960-07-19,M,Active
C01010200,2026-01-09,B004,ZM,SME,USSD,2003-11-17,F,Active
C01010201,2024-11-25,B003,ZM,Premium,USSD,1967-05-05,F,Active
C01010202,2022-05-23,B003,ZM,Premium,Agent,1972-04-22,F,Active
C01010203,2022-06-23,B002,ZM,Retail,USSD,1985-10-15,M,Active
C01010204,2023-11-24,B005,ZM,Retail,App,1989-11-16,M,Active
C01010205,2023-10-07,B010,ZM,Premium,Agent,1991-03-12,M,Active
C01010206,2024-04-02,B002,ZM,Retail,App,1979-07-28,F,Active
C01010207,2022-12-03,B010,ZM,Retail,Agent,1969-02-12,F,Active
C01010208,2024-06-07,B010,ZM,Retail,ATM,1974-11-29,M,Active
C01010209,2022-05-06,B020,ZM,Retail,ATM,2013-06-18,F,Closed
C01010210,2024-03-16,B020,ZM,Retail,Branch,1965-01-20,M,Active
C01010211,2022-03-17,B005,ZM,SME,USSD,1960-04-18,M,Active
C01010212,2025-09-14,B010,ZM,Retail,ATM,1982-05-08,F,Active
C01010213,2025-08-06,B004,ZM,Retail,USSD,1995-05-20,M,Dormant
C01010214,2022-11-06,B005,ZM,Retail,Branch,1971-06-17,F,Active
C01010215,2025-03-22,B002,ZM,Retail,App,1976-07-31,F,Dormant
C01010216,2022-04-29,B015,ZM,Retail,ATM,1968-03-14,F,Active
C01010217,2025-07-17,B004,ZM,Retail,Web,1966-02-05,M,Active
C01010218,2025-12-31,B001,ZM,Retail,Web,2002-05-16,F,Active
C01010219,2025-09-14,B003,ZM,SME,Web,1981-03-31,F,Active
C01010220,2024-11-30,B002,ZM,Retail,Web,1972-11-04,F,Active
C01010221,2023-08-29,B002,ZM,SME,Web,2001-07-25,F,Active
C01010222,2024-05-08,B002,ZM,Retail,Web,2004-05-17,M,Active
C01010223,2024-04-03,B004,ZM,Retail,Web,1974-02-02,M,Dormant
C01010224,2025-10-26,B001,ZM,Retail,ATM,1998-03-08,F,Active
C01010225,2025-12-06,B015,ZM,Retail,Web,1984-04-14,F,Active
C01010226,2025-02-07,B005,ZM,Retail,Agent,2008-02-03,M,Dormant
C01010227,2023-09-16,B020,ZM,Retail,Agent,2008-12-11,F,Active
C01010228,2026-01-17,B001,ZM,Retail,Web,1982-02-07,F,Active
C01010229,2023-10-05,B004,ZM,Retail,Branch,1991-02-01,M,Dormant
C01010230,2023-12-06,B002,ZM,Retail,ATM,2009-11-07,M,Closed
C01010231,2022-01-17,B003,ZM,Retail,Agent,1988-10-18,F,Active
C01010232,2023-07-27,B002,ZM,Retail,Branch,1988-10-26,M,Active
C01010233,2024-12-16,B005,ZM,Retail,USSD,2009-09-18,M,Dormant
C01010234,2025-06-04,B010,ZM,Retail,Web,1989-02-17,F,Active
C01010235,2022-10-28,B003,ZM,Retail,App,1975-05-04,F,Active
C01010236,2025-12-05,B002,ZM,Retail,Web,1976-03-26,M,Active
C01010237,2024-04-07,B015,ZM,Retail,Web,2012-06-07,F,Closed
C01010238,2024-07-02,B003,ZM,Retail,Branch,1987-05-22,F,Dormant
C01010239,2025-08-11,B010,ZM,SME,USSD,1975-04-12,M,Active
C01010240,2023-02-25,B020,ZM,Retail,Branch,1991-01-24,F,Active
C01010241,2025-01-19,B001,ZM,SME,ATM,1972-07-21,M,Active
C01010242,2025-07-02,B004,ZM,Retail,USSD,1988-01-18,M,Active
C01010243,2025-06-20,B020,ZM,Premium,Agent,1969-02-04,F,Active
C01010244,2025-08-28,B002,ZM,Retail,USSD,1996-06-06,M,Active
C01010245,2024-06-24,B005,ZM,Premium,USSD,1970-05-17,F,Active
C01010246,2025-11-29,B001,ZM,Retail,Branch,2005-01-25,F,Active
C01010247,2023-12-09,B020,ZM,Retail,Web,1989-05-25,F,Active
C01010248,2025-08-21,B002,ZM,Retail,Web,2003-11-22,F,Active
C01010249,2024-04-08,B001,ZM,Retail,Web,1993-01-13,M,Active
C01010250,2023-02-09,B020,ZM,SME,Web,1967-07-16,F,Active
C01010251,2023-09-10,B005,ZM,Retail,Web,2000-03-31,M,Active
C01010252,2022-06-22,B002,ZM,Premium,ATM,1965-12-21,F,Active
C01010253,2022-03-17,B010,ZM,Retail,App,1964-11-28,F,Active
C01010254,2025-01-05,B010,ZM,Retail,Agent,1990-02-21,M,Active
C01010255,2023-11-17,B005,ZM,Retail,USSD,1964-09-07,M,Active
C01010256,2024-03-09,B003,ZM,Premium,App,2007-06-20,F,Active
C01010257,2026-01-25,B005,ZM,Retail,ATM,1964-03-25,M,Active
C01010258,2026-01-12,B003,ZM,Retail,Web,1992-08-03,M,Dormant
C01010259,2022-09-16,B002,ZM,Retail,ATM,1987-09-05,M,Active
C01010260,2024-12-01,B020,ZM,Retail,Agent,2013-10-06,F,Active
C01010261,2025-01-12,B003,ZM,Premium,Agent,1968-04-27,F,Active
C01010262,2023-08-05,B002,ZM,Retail,ATM,1983-03-05,F,Active
C01010263,2023-03-14,B002,ZM,Retail,App,2000-03-18,M,Active
C01010264,2022-07-10,B015,ZM,Retail,USSD,2000-09-27,F,Active
C01010265,2024-11-13,B004,ZM,SME,Branch,1987-07-26,F,Active
C01010266,2025-02-04,B002,ZM,Retail,Branch,1984-02-26,M,Active
C01010267,2023-10-02,B003,ZM,Retail,Agent,2002-04-23,F,Active
C01010268,2024-12-03,B004,ZM,Retail,USSD,1980-08-30,F,Active
C01010269,2023-11-29,B004,ZM,Retail,Web,1992-11-05,F,Active
C01010270,2025-07-25,B002,ZM,Retail,ATM,1979-04-10,M,Active
C01010271,2022-11-24,B005,ZM,Retail,Web,1991-12-29,M,Active
C01010272,2022-02-17,B005,ZM,Premium,Agent,1972-08-30,F,Dormant
C01010273,2022-02-27,B010,ZM,Premium,ATM,1986-09-11,F,Active
C01010274,2025-01-10,B004,ZM,Retail,Branch,1999-04-30,M,Closed
C01010275,2025-04-28,B002,ZM,Retail,Agent,2007-06-14,M,Active
C01010276,2023-06-14,B015,ZM,Retail,Agent,1986-07-15,M,Active
C01010277,2023-05-10,B005,ZM,Retail,USSD,1970-01-22,F,Active
C01010278,2023-09-15,B015,ZM,Retail,App,2001-05-19,F,Closed
C01010279,2026-01-27,B002,ZM,Retail,Agent,1970-09-07,M,Active
C01010280,2024-05-15,B002,ZM,Retail,App,1991-12-22,M,Dormant
C01010281,2024-10-31,B020,ZM,Retail,USSD,2012-02-01,F,Active
C01010282,2022-08-15,B004,ZM,SME,Agent,1986-12-09,M,Dormant
C01010283,2026-02-08,B020,ZM,Retail,Agent,2011-03-27,F,Active
C01010284,2022-05-03,B015,ZM,Retail,Branch,2001-03-21,M,Active
C01010285,2024-02-03,B020,ZM,Retail,ATM,1977-11-22,F,Active
C01010286,2023-06-16,B010,ZM,Retail,App,1983-04-28,M,Active
C01010287,2025-07-08,B004,ZM,Retail,Branch,1985-12-17,F,Dormant
C01010288,2024-11-05,B001,ZM,Retail,Agent,2014-02-06,M,Active
C01010289,2023-12-27,B020,ZM,SME,USSD,1978-03-24,F,Active
C01010290,2022-09-11,B015,ZM,SME,Web,1963-04-15,F,Active
C01010291,2022-04-08,B005,ZM,Retail,Branch,1989-11-27,F,Active
C01010292,2025-08-26,B005,ZM,Retail,Branch,1980-10-03,M,Active
C01010293,2022-09-13,B005,ZM,Premium,Web,2003-10-23,F,Active
C01010294,2024-07-08,B003,ZM,Retail,Agent,2005-10-20,F,Active
C01010295,2023-09-03,B002,ZM,Retail,Branch,2007-12-08,F,Active
C01010296,2025-03-18,B004,ZM,Retail,App,1962-09-19,M,Active
C01010297,2022-01-11,B005,ZM,Retail,Agent,1979-12-09,M,Closed
C01010298,2024-07-17,B001,ZM,SME,App,1977-07-07,M,Active
C01010299,2023-11-26,B005,ZM,Retail,App,1971-03-13,F,Active
C01010300,2023-04-29,B010,ZM,Retail,Branch,2007-07-15,M,Dormant
C01010301,2025-04-06,B002,ZM,Retail,Agent,1979-07-15,F,Active
C01010302,2025-03-04,B015,ZM,Retail,Branch,1997-10-17,M,Active
C01010303,2026-01-03,B002,ZM,SME,Branch,1967-06-17,M,Dormant
C01010304,2025-07-09,B020,ZM,Retail,Agent,1966-02-27,M,Active
C01010305,2025-09-24,B015,ZM,Retail,Agent,1978-01-13,F,Active
C01010306,2024-12-28,B015,ZM,Premium,Agent,1981-07-01,F,Active
C01010307,2025-05-04,B020,ZM,Retail,Agent,2006-10-03,M,Active
C01010308,2023-04-24,B004,ZM,Retail,USSD,2013-11-27,M,Active
C01010309,2023-12-19,B020,ZM,Retail,Agent,1976-05-06,F,Active
C01010310,2023-09-05,B003,ZM,Retail,Web,1998-04-26,F,Active
C01010311,2023-08-06,B015,ZM,Retail,Agent,1963-05-11,F,Active
C01010312,2025-09-27,B015,ZM,Retail,Branch,2006-01-08,F,Active
C01010313,2026-01-04,B020,ZM,Retail,Web,2002-07-25,M,Active
C01010314,2025-03-19,B004,ZM,SME,ATM,2005-05-25,M,Active
C01010315,2025-10-09,B005,ZM,Retail,App,2007-12-29,M,Active
C01010316,2022-10-14,B010,ZM,Retail,USSD,1975-09-16,F,Dormant
C01010317,2026-01-02,B001,ZM,Retail,Web,2009-12-14,F,Active
C01010318,2024-02-13,B004,ZM,SME,App,1966-02-16,M,Active
C01010319,2024-11-30,B003,ZM,Retail,USSD,1991-08-20,M,Active
C01010320,2023-05-23,B004,ZM,SME,Agent,1975-08-14,M,Dormant
C01010321,2022-08-04,B002,ZM,Retail,App,2003-01-20,M,Closed
C01010322,2023-11-03,B005,ZM,Premium,Branch,2008-09-28,M,Active
C01010323,2024-11-23,B005,ZM,Retail,Branch,2002-08-19,F,Active
C01010324,2025-04-07,B015,ZM,Retail,Agent,1977-08-11,M,Active
C01010325,2023-01-30,B005,ZM,Retail,App,1960-11-11,F,Active
C01010326,2024-01-10,B005,ZM,SME,Agent,1985-08-03,F,Active
C01010327,2024-07-19,B020,ZM,Retail,Agent,2009-10-11,F,Active
C01010328,2022-07-20,B005,ZM,Retail,USSD,1999-01-03,M,Active
C01010329,2022-10-28,B005,ZM,Retail,App,1976-07-02,F,Active
C01010330,2025-12-28,B001,ZM,SME,ATM,1988-05-06,M,Dormant
C01010331,2024-05-21,B003,ZM,SME,Agent,1965-08-13,M,Active
C01010332,2024-04-23,B015,ZM,Retail,USSD,1988-02-14,F,Active
C01010333,2022-06-17,B020,ZM,Retail,USSD,1976-04-14,M,Active
C01010334,2022-07-08,B005,ZM,Retail,App,1970-12-19,F,Active
C01010335,2022-05-08,B015,ZM,SME,Web,1999-12-09,M,Dormant
C01010336,2024-05-20,B003,ZM,SME,Agent,1987-06-06,M,Active
C01010337,2022-09-24,B020,ZM,Retail,Agent,1996-08-27,F,Active
C01010338,2024-09-02,B010,ZM,Retail,App,1989-04-23,F,Active
C01010339,2023-03-16,B005,ZM,Premium,Web,1979-01-30,M,Dormant
C01010340,2024-07-02,B015,ZM,SME,USSD,1989-05-17,F,Active
C01010341,2022-06-09,B004,ZM,Retail,Branch,1980-04-24,F,Dormant
C01010342,2024-01-27,B020,ZM,Retail,Agent,2003-04-19,M,Dormant
C01010343,2025-10-18,B020,ZM,Retail,Branch,2005-12-02,F,Active
C01010344,2024-12-13,B015,ZM,Retail,Agent,1964-06-26,F,Active
C01010345,2024-04-04,B005,ZM,Retail,App,1969-02-08,M,Active
C01010346,2025-04-19,B002,ZM,Retail,Agent,2005-12-03,F,Active
C01010347,2025-02-18,B001,ZM,Retail,Web,2010-08-24,M,Active
C01010348,2024-11-28,B004,ZM,Retail,Agent,1969-08-19,F,Active
C01010349,2024-03-19,B004,ZM,Retail,App,1991-12-17,M,Active
C01010350,2023-06-25,B002,ZM,Retail,ATM,1998-02-11,F,Active
C01010351,2025-04-11,B005,ZM,SME,App,2002-12-01,M,Active
C01010352,2024-10-18,B020,ZM,Retail,App,1976-11-12,M,Active
C01010353,2025-07-27,B020,ZM,Retail,App,1986-03-30,M,Dormant
C01010354,2024-05-17,B001,ZM,Retail,App,1985-01-18,F,Active
C01010355,2024-06-20,B004,ZM,SME,Web,1994-03-24,M,Active
C01010356,2025-11-12,B001,ZM,SME,Agent,2004-07-19,M,Active
C01010357,2024-09-29,B004,ZM,Retail,Web,1967-11-11,F,Closed
C01010358,2026-02-07,B005,ZM,Premium,Web,2002-12-28,M,Active
C01010359,2024-05-03,B010,ZM,Retail,ATM,1999-09-19,M,Active
C01010360,2022-11-30,B004,ZM,Premium,ATM,1993-12-28,M,Active
C01010361,2022-10-23,B010,ZM,Retail,Agent,1974-08-02,M,Active
C01010362,2024-11-01,B004,ZM,Retail,Agent,2013-02-25,F,Dormant
C01010363,2022-09-18,B020,ZM,Retail,App,1995-08-29,F,Active
C01010364,2024-09-19,B003,ZM,Retail,Web,2012-10-29,F,Dormant
C01010365,2025-12-27,B005,ZM,Retail,ATM,1965-11-09,M,Active
C01010366,2024-07-26,B002,ZM,SME,Branch,1987-11-05,F,Active
C01010367,2022-09-22,B010,ZM,SME,App,1980-02-20,M,Active
C01010368,2025-12-13,B002,ZM,Retail,USSD,1978-10-31,M,Active
C01010369,2024-11-17,B005,ZM,Retail,Web,1995-07-13,F,Active
C01010370,2024-12-19,B015,ZM,Retail,App,1972-04-01,M,Active
C01010371,2022-08-30,B002,ZM,Retail,Agent,2012-09-20,M,Active
C01010372,2025-11-23,B005,ZM,Retail,App,2014-03-29,F,Closed
C01010373,2023-03-12,B020,ZM,Retail,USSD,2011-08-21,F,Active
C01010374,2024-07-21,B002,ZM,Retail,Agent,1983-01-19,M,Active
C01010375,2024-08-27,B010,ZM,Retail,Branch,1993-09-27,M,Active
C01010376,2022-03-08,B003,ZM,Retail,ATM,1998-07-30,M,Active
C01010377,2022-11-18,B002,ZM,Retail,ATM,1983-07-03,M,Active
C01010378,2025-02-18,B010,ZM,Retail,USSD,1990-08-19,F,Active
C01010379,2024-01-27,B004,ZM,Retail,USSD,1964-09-21,F,Active
C01010380,2022-09-01,B005,ZM,SME,ATM,2014-09-09,M,Active
C01010381,2025-05-17,B001,ZM,Retail,Branch,2012-09-16,F,Closed
C01010382,2024-04-16,B015,ZM,Retail,Branch,2011-08-06,M,Active
C01010383,2022-08-14,B020,ZM,Retail,App,2012-07-22,F,Active
C01010384,2022-09-05,B001,ZM,Retail,USSD,1962-08-08,F,Active
C01010385,2024-01-27,B020,ZM,Retail,USSD,1963-04-25,M,Active
C01010386,2025-03-16,B005,ZM,Retail,USSD,1970-01-23,F,Active
C01010387,2023-08-17,B020,ZM,Retail,Agent,1964-04-29,M,Dormant
C01010388,2022-03-24,B003,ZM,SME,ATM,2007-10-02,F,Active
C01010389,2024-12-06,B002,ZM,Retail,ATM,2013-06-06,F,Dormant
C01010390,2022-11-10,B003,ZM,Retail,ATM,2009-09-16,M,Active
C01010391,2022-08-30,B001,ZM,Retail,Branch,1990-07-12,F,Active
C01010392,2024-01-31,B015,ZM,SME,ATM,2003-01-13,F,Active
C01010393,2023-09-17,B010,ZM,Retail,App,1980-06-11,M,Active
C01010394,2024-02-06,B015,ZM,Retail,Agent,2011-10-21,F,Active
C01010395,2023-09-14,B005,ZM,Retail,ATM,1961-07-09,F,Active
C01010396,2023-08-26,B005,ZM,Retail,Agent,2007-08-31,M,Active
C01010397,2024-09-22,B003,ZM,SME,Agent,1980-12-27,M,Active
C01010398,2022-02-27,B010,ZM,Retail,Branch,1990-07-15,F,Active
C01010399,2022-10-20,B003,ZM,Retail,USSD,1974-09-08,F,Dormant
C01010400,2022-10-19,B002,ZM,SME,Agent,1968-07-16,M,Active
C01010401,2025-04-22,B004,ZM,Retail,App,1967-08-16,M,Active
C01010402,2024-05-13,B010,ZM,Retail,Branch,2008-06-21,F,Active
C01010403,2022-04-10,B004,ZM,Retail,Web,2013-04-30,F,Active
C01010404,2023-09-17,B015,ZM,Retail,Agent,1996-09-29,M,Active
C01010405,2023-08-04,B002,ZM,SME,Agent,2006-11-02,F,Active
C01010406,2023-03-18,B020,ZM,Retail,USSD,1986-01-23,F,Active
C01010407,2023-01-10,B020,ZM,Retail,ATM,1985-10-16,M,Active
C01010408,2024-09-28,B004,ZM,Premium,Branch,1975-04-09,F,Active
C01010409,2022-01-05,B001,ZM,Retail,Web,1986-06-13,F,Active
C01010410,2022-09-08,B015,ZM,Retail,Branch,1994-12-23,M,Active
C01010411,2025-01-26,B004,ZM,Retail,ATM,1984-11-04,F,Active
C01010412,2023-12-16,B002,ZM,Premium,Branch,2006-03-02,F,Active
C01010413,2022-05-19,B004,ZM,SME,Web,2006-05-10,M,Closed
C01010414,2022-04-02,B005,ZM,Retail,Branch,1986-09-10,M,Active
C01010415,2024-05-05,B003,ZM,Retail,App,2001-01-26,M,Active
C01010416,2024-09-12,B001,ZM,SME,App,2012-04-15,F,Dormant
C01010417,2025-03-19,B005,ZM,Retail,ATM,1993-04-04,F,Active
C01010418,2023-09-27,B005,ZM,SME,Web,1999-04-19,F,Active
C01010419,2025-03-04,B002,ZM,Retail,Web,1975-04-25,F,Active
C01010420,2024-07-15,B003,ZM,Retail,Web,2010-05-02,M,Active
C01010421,2023-11-23,B003,ZM,Retail,Web,1993-04-11,M,Dormant
C01010422,2024-02-12,B010,ZM,Retail,Web,2003-12-26,M,Active
C01010423,2024-08-31,B015,ZM,Retail,USSD,1989-06-24,F,Active
C01010424,2026-01-14,B001,ZM,Premium,Branch,2011-03-25,M,Active
C01010425,2025-05-25,B015,ZM,Retail,Agent,1991-04-08,F,Dormant
C01010426,2022-09-29,B002,ZM,SME,Web,2006-08-23,F,Closed
C01010427,2022-10-11,B001,ZM,Retail,Agent,1971-05-05,F,Active
C01010428,2024-10-30,B010,ZM,SME,App,2006-07-02,M,Active
C01010429,2025-07-27,B004,ZM,SME,Agent,1969-12-21,F,Active
C01010430,2024-08-01,B005,ZM,Retail,Agent,2013-02-20,F,Closed
C01010431,2024-07-10,B001,ZM,Retail,Branch,1964-08-09,M,Active
C01010432,2025-09-28,B015,ZM,Retail,Agent,1976-01-27,M,Active
C01010433,2024-07-08,B005,ZM,Retail,ATM,1972-11-13,F,Active
C01010434,2022-11-02,B002,ZM,Retail,ATM,1966-05-30,F,Closed
C01010435,2026-01-30,B015,ZM,SME,Web,1999-07-29,F,Dormant
C01010436,2023-10-29,B004,ZM,Premium,USSD,2012-05-17,M,Active
C01010437,2022-07-02,B002,ZM,Retail,USSD,2001-07-07,M,Active
C01010438,2025-07-03,B020,ZM,Retail,Branch,2008-05-03,M,Active
C01010439,2025-09-22,B004,ZM,Retail,USSD,2014-08-27,M,Active
C01010440,2025-07-01,B004,ZM,Retail,Agent,1966-08-21,M,Active
C01010441,2024-04-18,B005,ZM,Retail,ATM,1972-05-07,F,Dormant
C01010442,2024-03-04,B002,ZM,SME,Web,1986-11-05,F,Active
C01010443,2023-04-22,B002,ZM,Retail,App,2007-06-11,F,Active
C01010444,2024-03-20,B001,ZM,Retail,Agent,2008-06-26,F,Active
C01010445,2023-11-26,B015,ZM,SME,ATM,1976-10-28,M,Active
C01010446,2025-01-12,B020,ZM,Retail,ATM,2014-08-02,M,Active
C01010447,2022-04-04,B002,ZM,SME,Branch,2000-07-15,F,Active
C01010448,2025-10-05,B001,ZM,Retail,Agent,1967-05-09,F,Active
C01010449,2024-06-26,B020,ZM,Retail,USSD,2001-06-16,M,Active
C01010450,2023-07-23,B003,ZM,Premium,App,1961-04-16,F,Active
C01010451,2025-08-15,B003,ZM,Retail,App,1989-06-10,F,Active
C01010452,2022-07-01,B020,ZM,SME,USSD,2012-02-02,M,Active
C01010453,2022-12-06,B003,ZM,SME,Web,2007-06-21,F,Active
C01010454,2025-12-19,B010,ZM,Retail,USSD,1986-11-05,M,Active
C01010455,2022-02-20,B002,ZM,Retail,Web,1983-07-26,F,Dormant
C01010456,2025-03-17,B010,ZM,Retail,App,1989-06-28,F,Active
C01010457,2025-07-14,B015,ZM,SME,Agent,1968-11-14,F,Dormant
C01010458,2025-12-19,B002,ZM,Retail,Branch,1983-11-08,M,Active
C01010459,2023-09-25,B001,ZM,Retail,ATM,1978-06-28,M,Active
C01010460,2025-02-23,B010,ZM,Retail,Agent,1998-03-03,M,Active
C01010461,2025-08-14,B010,ZM,Retail,App,2004-07-12,M,Active
C01010462,2022-09-11,B015,ZM,SME,App,1974-05-05,M,Dormant
C01010463,2025-08-11,B010,ZM,SME,App,2006-12-05,M,Dormant
C01010464,2025-02-19,B004,ZM,Premium,ATM,1995-02-05,F,Dormant
C01010465,2022-06-24,B001,ZM,Retail,Web,2006-12-14,F,Active
C01010466,2023-01-30,B003,ZM,SME,Branch,1969-05-27,F,Active
C01010467,2025-06-21,B001,ZM,Retail,Agent,1967-06-12,F,Active
C01010468,2025-01-14,B004,ZM,Retail,Agent,1976-05-07,M,Active
C01010469,2025-03-27,B015,ZM,Retail,Branch,1979-07-11,F,Active
C01010470,2022-04-19,B015,ZM,SME,Branch,1962-08-30,M,Active
C01010471,2025-03-13,B002,ZM,SME,Web,1978-10-31,F,Active
C01010472,2024-12-04,B001,ZM,Premium,Agent,2007-05-20,F,Active
C01010473,2023-01-23,B020,ZM,SME,USSD,2005-02-08,M,Active
C01010474,2024-09-01,B020,ZM,SME,USSD,1990-08-28,M,Active
C01010475,2024-10-26,B015,ZM,Retail,Branch,1998-12-21,F,Active
C01010476,2022-02-08,B010,ZM,SME,App,2008-02-13,M,Active
C01010477,2022-09-04,B015,ZM,Retail,App,1970-03-27,M,Active
C01010478,2025-09-10,B015,ZM,Retail,ATM,1967-05-08,F,Active
C01010479,2024-12-25,B015,ZM,Retail,USSD,2011-11-12,M,Active
C01010480,2023-01-04,B015,ZM,Retail,App,1982-01-18,M,Active
C01010481,2022-02-08,B020,ZM,Retail,Branch,2014-09-14,M,Active
C01010482,2023-07-18,B020,ZM,Retail,ATM,2004-02-10,F,Active
C01010483,2023-02-26,B003,ZM,Retail,USSD,2008-05-02,M,Active
C01010484,2023-05-18,B003,ZM,SME,ATM,1967-02-27,M,Active
C01010485,2025-12-16,B002,ZM,SME,App,1984-09-05,M,Dormant
C01010486,2025-04-01,B015,ZM,Retail,Branch,1990-03-12,F,Active
C01010487,2024-06-28,B020,ZM,Retail,Branch,2011-09-18,F,Active
C01010488,2022-06-23,B001,ZM,Retail,Branch,1961-01-07,F,Active
C01010489,2024-12-28,B004,ZM,Retail,App,1962-01-12,M,Active
C01010490,2025-05-27,B002,ZM,Retail,Web,2011-05-24,F,Active
C01010491,2023-10-19,B020,ZM,Premium,Agent,1974-12-22,M,Active
C01010492,2024-04-02,B001,ZM,Retail,Agent,1969-06-14,F,Active
C01010493,2025-04-21,B015,ZM,Retail,Branch,1999-12-13,F,Active
C01010494,2022-04-03,B005,ZM,Retail,Agent,2001-12-26,M,Active
C01010495,2024-10-03,B015,ZM,Retail,Web,2011-10-10,M,Active
C01010496,2022-02-17,B003,ZM,Retail,Branch,1964-03-19,M,Active
C01010497,2023-11-28,B004,ZM,Retail,Web,1993-03-25,M,Active
C01010498,2024-06-14,B020,ZM,Premium,USSD,1988-04-25,M,Active
C01010499,2023-01-05,B020,ZM,Retail,Agent,1973-04-05,M,Active
C01010500,2024-04-29,B010,ZM,Retail,USSD,2010-04-07,M,Active
C01010501,2022-02-19,B004,ZM,Retail,Branch,1998-02-23,F,Active
C01010502,2024-12-17,B010,ZM,Retail,ATM,1997-12-11,F,Active
C01010503,2023-10-12,B004,ZM,Retail,ATM,2012-07-01,F,Active
C01010504,2024-02-22,B003,ZM,Retail,App,1978-08-20,M,Active
C01010505,2023-06-11,B010,ZM,Retail,USSD,1979-10-30,F,Active
C01010506,2022-07-06,B001,ZM,Retail,USSD,1993-07-10,M,Active
C01010507,2022-08-23,B010,ZM,Retail,ATM,1968-01-09,F,Dormant
C01010508,2022-07-23,B002,ZM,Retail,Branch,1988-02-02,F,Active
C01010509,2025-01-14,B001,ZM,Retail,App,2005-04-08,M,Active
C01010510,2022-12-11,B002,ZM,Retail,USSD,2008-04-22,F,Active
C01010511,2023-08-08,B015,ZM,Retail,App,1961-11-08,F,Active
C01010512,2022-10-22,B004,ZM,Retail,USSD,2001-09-08,F,Active
C01010513,2023-01-10,B001,ZM,Retail,Web,1961-01-24,F,Active
C01010514,2023-06-08,B004,ZM,Retail,Web,1988-07-25,F,Active
C01010515,2022-07-03,B015,ZM,Retail,App,1977-07-04,M,Active
C01010516,2022-11-12,B005,ZM,Retail,ATM,1971-05-09,M,Active
C01010517,2023-09-21,B020,ZM,Retail,ATM,1995-05-26,F,Active
C01010518,2024-04-14,B004,ZM,SME,USSD,1961-10-16,M,Active
C01010519,2025-10-21,B015,ZM,Retail,Agent,1970-11-26,M,Dormant
C01010520,2022-12-13,B004,ZM,SME,Web,1970-12-07,F,Active
C01010521,2022-05-01,B015,ZM,SME,Web,2011-08-24,M,Active
C01010522,2025-06-12,B002,ZM,Premium,App,1981-08-19,M,Active
C01010523,2023-10-29,B015,ZM,SME,Agent,2012-06-08,M,Active
C01010524,2023-01-07,B010,ZM,Retail,App,1967-02-28,F,Closed
C01010525,2022-02-25,B005,ZM,Retail,ATM,1960-12-07,F,Active
C01010526,2025-12-31,B004,ZM,Retail,ATM,1982-04-21,F,Active
C01010527,2022-04-30,B015,ZM,Retail,Agent,2007-10-14,F,Active
C01010528,2023-09-03,B015,ZM,Premium,Agent,1971-04-10,F,Active
C01010529,2024-03-09,B004,ZM,Retail,ATM,2011-06-14,F,Active
C01010530,2022-07-22,B020,ZM,Retail,Branch,2002-07-21,F,Active
C01010531,2023-10-18,B005,ZM,Retail,Web,1987-07-30,M,Active
C01010532,2022-10-19,B005,ZM,Retail,Web,1972-01-22,F,Dormant
C01010533,2024-04-25,B015,ZM,Retail,App,1988-04-09,M,Active
C01010534,2023-10-26,B001,ZM,Retail,Web,1991-05-12,F,Active
C01010535,2023-06-13,B002,ZM,Retail,App,1970-11-17,F,Dormant
C01010536,2024-02-09,B005,ZM,Retail,Agent,1981-10-31,F,Active
C01010537,2022-09-05,B005,ZM,SME,Agent,1998-04-09,F,Dormant
C01010538,2022-04-17,B003,ZM,SME,Branch,1963-10-16,M,Active
C01010539,2023-02-19,B010,ZM,Retail,Agent,2011-06-29,F,Active
C01010540,2023-05-06,B005,ZM,SME,ATM,1965-04-19,M,Active
C01010541,2025-05-07,B002,ZM,Retail,Branch,2007-08-25,M,Active
C01010542,2025-04-15,B010,ZM,Retail,ATM,1989-06-07,M,Dormant
C01010543,2023-04-30,B010,ZM,Retail,ATM,2007-12-31,F,Active
C01010544,2024-10-06,B004,ZM,Retail,App,1969-01-24,F,Active
C01010545,2024-11-07,B004,ZM,Retail,ATM,2005-01-22,M,Active
C01010546,2024-10-30,B004,ZM,Retail,Branch,1971-01-14,F,Active
C01010547,2024-02-28,B004,ZM,Retail,USSD,1963-10-31,F,Active
C01010548,2022-08-24,B003,ZM,Retail,Agent,1985-06-04,F,Active
C01010549,2023-07-06,B005,ZM,Retail,App,1989-05-27,M,Active
C01010550,2022-05-05,B004,ZM,Retail,Agent,1965-06-21,M,Active
C01010551,2023-10-14,B015,ZM,Retail,ATM,1972-03-02,M,Dormant
C01010552,2024-08-09,B001,ZM,SME,ATM,1986-11-08,M,Active
C01010553,2025-02-06,B004,ZM,Retail,Web,1979-01-13,M,Active
C01010554,2024-04-13,B005,ZM,Retail,App,2001-05-12,F,Active
C01010555,2022-05-15,B004,ZM,Retail,App,1978-07-14,M,Active
C01010556,2024-09-18,B003,ZM,Retail,Branch,1995-12-05,M,Dormant
C01010557,2022-03-01,B002,ZM,Retail,USSD,1966-04-02,M,Active
C01010558,2024-04-14,B002,ZM,Retail,Branch,1990-10-17,M,Active
C01010559,2025-07-21,B005,ZM,Retail,Branch,2007-08-19,F,Dormant
C01010560,2023-04-24,B015,ZM,SME,Branch,2004-07-07,F,Active
C01010561,2022-02-08,B002,ZM,Retail,USSD,1978-06-13,M,Active
C01010562,2023-07-06,B020,ZM,Retail,Branch,1994-01-04,F,Active
C01010563,2025-02-08,B002,ZM,SME,Agent,1996-01-26,M,Active
C01010564,2025-04-15,B001,ZM,SME,App,1972-07-18,M,Active
C01010565,2025-10-14,B005,ZM,Retail,USSD,1999-06-18,M,Active
C01010566,2022-07-27,B015,ZM,Retail,ATM,1967-01-28,F,Active
C01010567,2023-05-20,B005,ZM,Premium,Web,1979-06-21,F,Active
C01010568,2025-02-10,B002,ZM,Retail,Web,1991-04-13,M,Closed
C01010569,2025-08-27,B002,ZM,Retail,Agent,2005-09-21,M,Active
C01010570,2022-09-15,B002,ZM,Retail,App,2013-10-16,M,Active
C01010571,2023-09-16,B010,ZM,Retail,Web,1995-12-21,F,Dormant
C01010572,2025-03-09,B003,ZM,SME,Agent,2010-12-27,M,Active
C01010573,2024-04-13,B004,ZM,Retail,Agent,1982-01-04,M,Active
C01010574,2024-07-02,B020,ZM,Retail,Web,1978-10-01,F,Active
C01010575,2022-06-21,B003,ZM,SME,Web,1991-09-09,M,Active
C01010576,2025-07-26,B005,ZM,SME,Agent,1981-09-16,F,Active
C01010577,2024-10-21,B020,ZM,Retail,Agent,1965-05-31,M,Active
C01010578,2023-02-21,B001,ZM,Retail,ATM,1960-08-21,F,Dormant
C01010579,2022-10-19,B004,ZM,Retail,Web,1989-12-14,M,Closed
C01010580,2024-02-04,B001,ZM,Retail,Branch,2008-11-07,M,Active
C01010581,2025-01-11,B015,ZM,SME,Agent,1988-11-12,F,Active
C01010582,2022-12-11,B010,ZM,Retail,App,1998-08-05,M,Active
C01010583,2023-05-18,B005,ZM,Retail,App,1968-02-08,F,Active
C01010584,2025-01-05,B010,ZM,Retail,Agent,1992-11-24,M,Active
C01010585,2024-05-17,B005,ZM,Retail,App,1986-03-09,F,Closed
C01010586,2025-02-10,B001,ZM,Retail,ATM,2000-05-27,M,Active
C01010587,2024-07-14,B001,ZM,Retail,ATM,1982-02-05,F,Active
C01010588,2022-03-27,B001,ZM,SME,Agent,1967-09-17,F,Active
C01010589,2022-01-03,B005,ZM,Retail,Web,1989-12-28,M,Active
C01010590,2024-08-09,B002,ZM,SME,Branch,1994-08-13,M,Active
C01010591,2025-06-25,B001,ZM,Retail,Web,1993-09-10,F,Dormant
C01010592,2023-08-16,B010,ZM,Retail,App,1981-06-23,F,Active
C01010593,2025-08-30,B015,ZM,Retail,Branch,2012-06-18,F,Active
C01010594,2022-12-09,B004,ZM,Retail,App,2003-09-21,M,Active
C01010595,2022-01-02,B005,ZM,Retail,Branch,2010-12-19,F,Active
C01010596,2022-05-04,B020,ZM,Retail,Agent,1976-09-05,F,Dormant
C01010597,2024-09-14,B010,ZM,SME,USSD,1992-01-13,F,Dormant
C01010598,2023-07-14,B003,ZM,SME,ATM,1991-02-08,M,Active
C01010599,2025-05-09,B015,ZM,Retail,ATM,1970-05-18,M,Dormant
C01010600,2023-05-29,B003,ZM,Retail,Agent,1969-01-31,M,Active
C01010601,2025-10-24,B004,ZM,SME,App,1994-01-28,F,Dormant
C01010602,2024-02-18,B002,ZM,Retail,App,1986-01-12,F,Dormant
C01010603,2023-12-21,B001,ZM,Premium,USSD,1982-01-29,M,Active
C01010604,2025-07-18,B005,ZM,SME,Web,1995-04-01,M,Active
C01010605,2023-03-12,B010,ZM,Retail,Branch,1963-10-27,M,Dormant
C01010606,2025-04-13,B020,ZM,Retail,Agent,1972-01-09,M,Active
C01010607,2024-11-11,B001,ZM,Retail,USSD,2005-07-31,F,Active
C01010608,2023-07-31,B010,ZM,Retail,Agent,1981-07-12,M,Active
C01010609,2022-04-04,B005,ZM,Retail,USSD,2002-04-21,M,Active
C01010610,2022-11-27,B003,ZM,SME,App,2003-08-13,F,Active
C01010611,2024-12-29,B001,ZM,Retail,App,1976-04-20,F,Active
C01010612,2025-02-27,B004,ZM,Retail,Web,2000-12-28,M,Dormant
C01010613,2022-05-24,B002,ZM,Retail,Agent,1962-07-12,M,Active
C01010614,2023-09-08,B004,ZM,Retail,Agent,1974-03-18,M,Active
C01010615,2022-07-03,B002,ZM,Retail,Web,2008-11-12,M,Active
C01010616,2024-03-20,B015,ZM,Retail,App,2013-05-02,F,Active
C01010617,2025-12-01,B010,ZM,Retail,ATM,1997-11-04,M,Active
C01010618,2022-09-09,B001,ZM,Retail,Web,1993-12-06,M,Active
C01010619,2022-10-14,B001,ZM,Retail,USSD,1996-10-08,M,Active
C01010620,2026-01-24,B015,ZM,Retail,App,1960-06-02,M,Active
C01010621,2025-02-13,B002,ZM,Retail,Agent,1990-10-13,F,Active
C01010622,2023-07-27,B003,ZM,Retail,Agent,1982-05-16,M,Dormant
C01010623,2024-06-03,B005,ZM,SME,Branch,1986-06-19,F,Dormant
C01010624,2023-03-08,B004,ZM,SME,Branch,1975-11-20,M,Active
C01010625,2025-06-04,B015,ZM,Retail,ATM,2006-10-05,M,Active
C01010626,2024-10-30,B020,ZM,Retail,Agent,1967-05-17,M,Active
C01010627,2023-10-14,B020,ZM,Retail,App,1993-11-19,F,Active
C01010628,2025-10-28,B010,ZM,SME,Agent,1982-11-13,F,Active
C01010629,2023-12-03,B015,ZM,SME,Agent,1983-01-02,M,Active
C01010630,2025-07-24,B004,ZM,Retail,USSD,1966-02-28,F,Active
C01010631,2023-06-20,B004,ZM,Retail,ATM,1996-12-24,F,Active
C01010632,2025-12-20,B010,ZM,Retail,USSD,1966-11-13,M,Active
C01010633,2024-07-16,B010,ZM,Retail,Branch,1963-02-19,F,Active
C01010634,2023-07-14,B001,ZM,Retail,USSD,1969-05-28,F,Active
C01010635,2023-05-19,B004,ZM,Retail,Branch,2001-06-07,F,Active
C01010636,2025-09-18,B005,ZM,Retail,Web,1989-01-02,F,Active
C01010637,2023-10-21,B020,ZM,Retail,Branch,1978-05-14,F,Dormant
C01010638,2023-12-01,B005,ZM,Retail,Agent,1990-01-12,M,Dormant
C01010639,2023-03-08,B002,ZM,Retail,Branch,2008-01-13,M,Active
C01010640,2024-07-30,B015,ZM,Retail,Agent,1986-11-17,M,Active
C01010641,2025-05-12,B010,ZM,Retail,ATM,1996-09-29,F,Active
C01010642,2023-11-04,B001,ZM,Retail,Agent,1983-10-30,M,Dormant
C01010643,2022-02-02,B005,ZM,Retail,Agent,1963-11-05,F,Dormant
C01010644,2025-11-17,B003,ZM,Retail,Agent,1993-06-28,M,Dormant
C01010645,2022-10-01,B020,ZM,Retail,ATM,1971-03-01,F,Active
C01010646,2025-08-16,B001,ZM,Retail,App,1963-05-12,F,Active
C01010647,2022-01-05,B001,ZM,Retail,App,1976-12-12,F,Active
C01010648,2025-05-31,B005,ZM,Retail,Branch,2010-04-05,M,Active
C01010649,2024-09-02,B003,ZM,Retail,Web,2009-01-22,F,Active
C01010650,2022-01-09,B002,ZM,Retail,App,1960-02-10,M,Active
C01010651,2022-01-20,B005,ZM,Retail,Branch,1972-02-22,F,Active
C01010652,2025-10-09,B003,ZM,Retail,ATM,2003-12-30,F,Active
C01010653,2022-12-22,B001,ZM,Retail,App,1979-03-14,M,Active
C01010654,2024-04-26,B020,ZM,Retail,App,1960-09-28,M,Active
C01010655,2025-02-12,B003,ZM,SME,Agent,1983-09-09,F,Active
C01010656,2025-11-27,B001,ZM,Retail,Agent,1972-10-20,F,Active
C01010657,2025-12-11,B015,ZM,Retail,Branch,2003-08-28,F,Active
C01010658,2024-09-28,B005,ZM,Retail,Agent,1997-08-26,M,Active
C01010659,2024-03-15,B010,ZM,SME,Branch,1978-09-16,F,Active
C01010660,2025-01-07,B005,ZM,Retail,USSD,1997-11-17,F,Active
C01010661,2022-06-16,B015,ZM,Retail,USSD,1972-01-19,F,Active
C01010662,2025-08-22,B004,ZM,Retail,Web,2005-09-03,F,Active
C01010663,2025-08-26,B004,ZM,Retail,App,1969-03-11,M,Dormant
C01010664,2022-06-08,B004,ZM,Premium,USSD,1983-08-15,M,Active
C01010665,2025-01-08,B005,ZM,Retail,Branch,1983-04-02,M,Active
C01010666,2022-03-05,B002,ZM,SME,Agent,1984-04-10,M,Active
C01010667,2025-10-07,B005,ZM,Retail,Agent,2000-08-31,F,Active
C01010668,2024-06-30,B020,ZM,Retail,App,1970-05-31,F,Active
C01010669,2025-10-08,B015,ZM,Retail,USSD,2007-06-12,M,Active
C01010670,2022-09-10,B020,ZM,Retail,Web,2011-12-12,F,Active
C01010671,2023-12-24,B015,ZM,Retail,Web,1980-08-16,F,Active
C01010672,2024-02-10,B010,ZM,Retail,Web,2013-02-08,F,Active
C01010673,2025-05-16,B003,ZM,Retail,Web,1988-06-09,M,Active
C01010674,2024-01-04,B005,ZM,SME,Agent,1978-12-19,M,Active
C01010675,2024-03-03,B005,ZM,Retail,Agent,1961-12-09,M,Active
C01010676,2022-12-29,B001,ZM,Retail,Agent,2011-08-13,F,Active
C01010677,2025-11-28,B015,ZM,Retail,Branch,1996-12-09,F,Active
C01010678,2022-01-18,B001,ZM,Retail,Web,2011-08-06,F,Active
C01010679,2022-09-13,B001,ZM,Retail,ATM,1964-01-11,M,Active
C01010680,2024-08-05,B005,ZM,Retail,Agent,1997-07-14,M,Active
C01010681,2024-01-29,B002,ZM,Premium,Web,2004-06-07,M,Active
C01010682,2023-01-31,B003,ZM,Retail,USSD,1996-01-29,M,Active
C01010683,2024-06-29,B003,ZM,Retail,App,1983-05-03,F,Dormant
C01010684,2022-01-20,B020,ZM,Retail,Agent,2014-06-10,F,Dormant
C01010685,2023-03-30,B015,ZM,SME,Agent,1960-04-27,M,Active
C01010686,2022-02-10,B010,ZM,Retail,USSD,2011-02-08,M,Active
C01010687,2023-07-30,B015,ZM,Retail,App,1975-08-01,F,Active
C01010688,2025-10-25,B002,ZM,Premium,Branch,1975-07-14,F,Active
C01010689,2025-12-23,B002,ZM,SME,Agent,2005-05-13,M,Active
C01010690,2024-01-03,B003,ZM,Retail,App,2008-02-20,M,Dormant
C01010691,2023-01-28,B004,ZM,SME,ATM,1984-12-16,M,Active
C01010692,2022-07-04,B001,ZM,Retail,Agent,2005-09-04,F,Active
C01010693,2025-06-10,B001,ZM,Retail,Web,2000-10-04,F,Active
C01010694,2025-07-04,B003,ZM,Retail,USSD,1984-03-09,F,Active
C01010695,2023-09-13,B015,ZM,SME,App,1988-09-12,F,Active
C01010696,2026-01-10,B002,ZM,Retail,USSD,1991-06-15,F,Active
C01010697,2023-03-29,B015,ZM,Retail,Web,1970-01-14,M,Active
C01010698,2023-04-25,B010,ZM,Premium,Branch,1981-04-10,M,Active
C01010699,2024-10-08,B004,ZM,Retail,Web,1989-06-26,M,Active
C01010700,2024-01-14,B003,ZM,Retail,Branch,2008-03-26,M,Active
C01010701,2022-03-17,B001,ZM,Retail,USSD,2000-09-13,M,Active
C01010702,2023-07-29,B005,ZM,Retail,Branch,1972-03-07,F,Active
C01010703,2024-10-06,B015,ZM,Retail,Agent,2004-01-17,M,Active
C01010704,2025-12-12,B002,ZM,SME,Branch,1971-01-22,M,Active
C01010705,2025-12-18,B005,ZM,Retail,Branch,2000-09-07,M,Active
C01010706,2025-05-26,B010,ZM,Retail,Agent,1983-11-08,F,Dormant
C01010707,2023-03-05,B003,ZM,Retail,Branch,1977-08-19,M,Active
C01010708,2022-01-15,B015,ZM,Retail,Agent,1961-11-28,F,Closed
C01010709,2023-02-06,B001,ZM,Retail,Agent,1998-02-10,M,Active
C01010710,2025-07-31,B015,ZM,Retail,Branch,2009-08-05,M,Dormant
C01010711,2024-03-22,B004,ZM,Retail,Agent,2010-03-27,F,Dormant
C01010712,2022-08-16,B020,ZM,SME,App,1970-10-01,M,Active
C01010713,2023-07-23,B005,ZM,Retail,Branch,1969-06-24,M,Active
C01010714,2025-03-11,B004,ZM,Retail,Branch,1994-06-05,F,Active
C01010715,2024-10-21,B010,ZM,Premium,Web,1984-04-23,M,Active
C01010716,2024-10-08,B001,ZM,SME,Web,1963-02-24,F,Active
C01010717,2022-12-16,B005,ZM,Retail,Web,1978-03-22,F,Active
C01010718,2025-02-04,B010,ZM,Premium,Branch,1987-05-15,F,Active
C01010719,2023-02-01,B004,ZM,Retail,Web,1978-09-07,F,Active
C01010720,2025-09-13,B004,ZM,Retail,App,2012-12-27,F,Active
C01010721,2025-03-04,B020,ZM,Retail,USSD,2005-03-16,M,Dormant
C01010722,2025-10-08,B005,ZM,Retail,Web,2006-11-23,M,Active
C01010723,2025-10-29,B001,ZM,SME,Agent,1965-10-31,M,Active
C01010724,2025-05-19,B004,ZM,Retail,Web,2005-07-04,F,Active
C01010725,2025-03-03,B003,ZM,Retail,App,2004-04-07,M,Dormant
C01010726,2022-12-26,B020,ZM,Retail,Agent,1978-06-10,F,Active
C01010727,2022-05-14,B010,ZM,Retail,Agent,2009-03-13,M,Active
C01010728,2025-04-19,B005,ZM,Retail,Agent,2002-02-26,F,Closed
C01010729,2022-09-20,B002,ZM,Retail,Agent,1999-10-05,F,Active
C01010730,2022-05-14,B002,ZM,Retail,ATM,1992-03-21,M,Active
C01010731,2022-09-18,B001,ZM,SME,ATM,2005-12-06,M,Active
C01010732,2023-06-16,B003,ZM,Retail,Agent,1979-12-16,M,Dormant
C01010733,2025-03-13,B004,ZM,Retail,Agent,1980-12-29,F,Active
C01010734,2023-04-12,B002,ZM,Retail,Agent,1979-03-29,M,Active
C01010735,2024-12-07,B001,ZM,Retail,App,1996-04-22,F,Active
C01010736,2026-02-01,B010,ZM,Premium,Web,1985-06-22,M,Active
C01010737,2023-07-16,B020,ZM,SME,USSD,2002-08-09,F,Active
C01010738,2023-01-28,B003,ZM,Retail,Agent,2000-04-29,F,Closed
C01010739,2025-10-20,B003,ZM,Retail,Web,1961-04-01,M,Active
C01010740,2022-02-17,B015,ZM,Retail,App,1982-07-11,M,Active
C01010741,2025-11-20,B001,ZM,Retail,App,1968-06-16,M,Active
C01010742,2025-10-20,B001,ZM,Retail,Agent,1980-11-11,F,Dormant
C01010743,2024-12-27,B015,ZM,SME,Branch,1960-10-03,F,Active
C01010744,2025-06-12,B020,ZM,SME,App,2014-04-13,M,Active
C01010745,2023-06-02,B004,ZM,Retail,Branch,1961-02-12,M,Active
C01010746,2025-10-26,B001,ZM,SME,App,1970-02-10,M,Active
C01010747,2025-02-21,B015,ZM,SME,Branch,1991-04-27,F,Active
C01010748,2024-07-18,B004,ZM,SME,Branch,1977-04-25,F,Active
C01010749,2022-01-05,B020,ZM,Premium,Agent,2005-12-28,M,Active
C01010750,2024-05-24,B004,ZM,Retail,Agent,1997-08-08,M,Active
C01010751,2025-08-05,B005,ZM,Retail,Web,1962-01-29,F,Dormant
C01010752,2025-10-10,B003,ZM,SME,Branch,1976-09-17,F,Active
C01010753,2025-08-24,B010,ZM,SME,ATM,2008-11-20,M,Active
C01010754,2022-04-17,B003,ZM,SME,App,1971-06-17,M,Active
C01010755,2023-10-24,B003,ZM,Retail,Agent,1995-07-08,M,Active
C01010756,2024-06-04,B005,ZM,Retail,USSD,1971-12-15,F,Active
C01010757,2024-04-13,B004,ZM,Retail,App,1991-04-13,M,Active
C01010758,2023-07-16,B004,ZM,Retail,Web,1983-09-24,F,Active
C01010759,2022-09-07,B001,ZM,Retail,Web,1974-12-20,M,Active
C01010760,2025-10-24,B005,ZM,Retail,Branch,1963-07-18,M,Dormant
C01010761,2024-11-27,B001,ZM,Retail,Web,1983-07-03,M,Active
C01010762,2024-08-13,B005,ZM,Retail,Agent,1966-01-31,M,Active
C01010763,2024-10-11,B001,ZM,Retail,Web,1975-04-15,M,Active
C01010764,2024-01-11,B002,ZM,Retail,App,1980-11-14,M,Active
C01010765,2024-11-25,B015,ZM,Retail,ATM,1967-08-17,F,Active
C01010766,2022-03-31,B003,ZM,Retail,ATM,1963-02-15,F,Active
C01010767,2026-01-17,B003,ZM,Premium,Branch,1991-12-12,M,Active
C01010768,2023-04-05,B020,ZM,Retail,Web,2000-05-22,F,Active
C01010769,2022-04-07,B010,ZM,Retail,Web,2001-06-07,F,Active
C01010770,2023-07-24,B015,ZM,SME,ATM,1972-01-07,F,Active
C01010771,2024-05-10,B004,ZM,Retail,Branch,1960-08-27,F,Active
C01010772,2024-12-26,B010,ZM,Retail,Web,1984-02-03,M,Active
C01010773,2024-07-08,B002,ZM,Retail,Branch,1985-01-27,M,Active
C01010774,2023-10-10,B020,ZM,Premium,Agent,1965-12-12,M,Closed
C01010775,2022-01-11,B010,ZM,Retail,App,1961-10-06,M,Closed
C01010776,2024-03-13,B020,ZM,Premium,Agent,1965-01-28,M,Active
C01010777,2023-02-03,B003,ZM,SME,Web,2004-05-20,F,Active
C01010778,2023-11-17,B004,ZM,Retail,Web,2013-01-26,F,Active
C01010779,2022-06-17,B002,ZM,Retail,Web,1984-05-30,M,Active
C01010780,2025-03-17,B003,ZM,Retail,ATM,1968-12-11,M,Active
C01010781,2022-02-21,B015,ZM,Retail,ATM,2010-09-09,M,Active
C01010782,2023-04-08,B001,ZM,Retail,Web,1979-04-19,M,Active
C01010783,2025-11-13,B005,ZM,Premium,Web,1974-04-25,F,Active
C01010784,2024-05-17,B002,ZM,Retail,App,1984-04-15,F,Dormant
C01010785,2022-06-02,B004,ZM,Retail,App,1993-04-21,F,Active
C01010786,2023-05-27,B020,ZM,SME,Branch,1981-07-19,F,Active
C01010787,2023-02-08,B010,ZM,Retail,Branch,2009-06-01,M,Active
C01010788,2022-12-03,B015,ZM,Retail,ATM,1966-10-02,M,Active
C01010789,2023-11-06,B010,ZM,Retail,USSD,1965-05-03,M,Active
C01010790,2023-09-29,B002,ZM,Retail,App,2003-04-22,F,Active
C01010791,2022-05-09,B015,ZM,Retail,Branch,1987-10-09,M,Active
C01010792,2025-07-06,B004,ZM,Premium,App,1968-11-11,M,Active
C01010793,2025-07-04,B002,ZM,Retail,App,1972-12-16,M,Active
C01010794,2022-07-18,B004,ZM,Retail,Agent,1972-12-08,F,Active
C01010795,2022-02-27,B010,ZM,Retail,USSD,1984-11-08,M,Active
C01010796,2024-09-09,B003,ZM,Retail,App,2008-10-20,F,Closed
C01010797,2024-06-03,B015,ZM,Retail,Agent,2001-10-09,F,Dormant
C01010798,2022-02-19,B001,ZM,Retail,USSD,1962-07-11,F,Active
C01010799,2025-04-28,B003,ZM,SME,Agent,2012-09-11,M,Closed
C01010800,2025-07-06,B001,ZM,Retail,Agent,2010-01-23,M,Active
C01010801,2023-11-16,B010,ZM,SME,USSD,2002-08-01,M,Active
C01010802,2023-05-28,B020,ZM,Retail,App,1973-07-19,F,Active
C01010803,2023-05-22,B015,ZM,Premium,App,1994-12-20,F,Active
C01010804,2022-08-09,B003,ZM,Retail,Branch,1982-12-11,M,Active
C01010805,2024-08-27,B003,ZM,Retail,App,2011-07-11,F,Active
C01010806,2023-05-04,B002,ZM,Retail,App,1996-07-02,F,Active
C01010807,2023-11-29,B005,ZM,SME,App,1978-05-13,M,Active
C01010808,2022-04-22,B010,ZM,SME,Branch,1976-06-12,M,Active
C01010809,2023-11-15,B004,ZM,Retail,USSD,1975-12-02,F,Active
C01010810,2024-11-30,B010,ZM,Retail,Branch,1993-06-24,M,Active
C01010811,2023-04-30,B004,ZM,Retail,App,1967-01-04,M,Active
C01010812,2022-05-30,B015,ZM,Premium,Web,2004-07-01,F,Active
C01010813,2025-05-13,B004,ZM,Premium,App,1986-10-13,F,Dormant
C01010814,2025-06-22,B020,ZM,Premium,Branch,1972-12-06,F,Active
C01010815,2024-06-17,B001,ZM,SME,Agent,1976-08-23,M,Active
C01010816,2022-07-15,B004,ZM,SME,Agent,1985-12-25,M,Active
C01010817,2025-07-04,B004,ZM,Retail,Branch,1961-04-03,F,Active
C01010818,2024-07-03,B002,ZM,SME,ATM,1983-10-11,F,Dormant
C01010819,2025-03-31,B003,ZM,Retail,Agent,1979-03-13,M,Active
C01010820,2022-09-13,B010,ZM,Premium,Web,1975-06-19,F,Active
C01010821,2022-06-25,B010,ZM,Retail,Branch,1997-08-10,M,Active
C01010822,2022-05-05,B015,ZM,Retail,Agent,1968-12-10,F,Active
C01010823,2022-03-10,B015,ZM,Retail,Agent,1969-09-05,M,Active
C01010824,2024-02-12,B020,ZM,Retail,USSD,2007-11-14,M,Active
C01010825,2023-10-04,B004,ZM,Retail,App,1964-08-18,M,Active
C01010826,2025-11-21,B005,ZM,Retail,Agent,1963-03-07,M,Active
C01010827,2022-05-14,B010,ZM,Retail,Agent,1977-04-06,F,Active
C01010828,2022-09-19,B015,ZM,Retail,USSD,1987-05-28,F,Dormant
C01010829,2022-05-07,B004,ZM,Retail,Branch,1994-04-28,M,Active
C01010830,2024-06-24,B015,ZM,Retail,Branch,2007-03-05,M,Dormant
C01010831,2022-04-23,B020,ZM,Premium,USSD,1998-09-21,M,Active
C01010832,2023-09-10,B001,ZM,SME,USSD,1968-11-25,F,Active
C01010833,2025-06-04,B001,ZM,Retail,ATM,1994-03-23,F,Active
C01010834,2025-07-06,B015,ZM,SME,App,1979-04-19,F,Dormant
C01010835,2024-06-03,B001,ZM,Retail,USSD,1964-07-04,F,Active
C01010836,2022-05-15,B015,ZM,Retail,App,2002-08-09,M,Active
C01010837,2022-07-28,B004,ZM,Retail,Agent,1961-01-28,F,Active
C01010838,2025-10-19,B002,ZM,Retail,Web,1973-05-24,M,Active
C01010839,2022-04-25,B005,ZM,Retail,Branch,2008-12-30,F,Active
C01010840,2025-02-19,B004,ZM,SME,USSD,1995-10-30,F,Active
C01010841,2022-04-17,B002,ZM,Retail,Web,2000-04-01,F,Active
C01010842,2023-08-27,B002,ZM,Retail,Branch,1975-03-28,F,Active
C01010843,2024-02-21,B010,ZM,Premium,ATM,1965-01-11,F,Dormant
C01010844,2024-04-02,B004,ZM,Retail,Branch,1973-08-02,M,Dormant
C01010845,2022-07-16,B004,ZM,Retail,USSD,1963-02-25,M,Active
C01010846,2025-06-18,B015,ZM,Retail,Web,1962-11-07,M,Active
C01010847,2024-04-21,B002,ZM,Retail,Web,2013-05-04,F,Active
C01010848,2023-04-23,B002,ZM,Retail,Web,1990-01-27,F,Dormant
C01010849,2025-05-12,B002,ZM,Retail,Branch,1981-03-18,M,Active
C01010850,2025-09-13,B015,ZM,Retail,App,1995-01-26,F,Dormant
C01010851,2025-07-01,B010,ZM,Retail,App,1997-02-24,F,Active
C01010852,2022-01-22,B004,ZM,Retail,Branch,1972-02-28,M,Active
C01010853,2024-07-17,B002,ZM,Retail,USSD,1966-04-15,F,Dormant
C01010854,2024-02-26,B001,ZM,Retail,Branch,2011-04-01,F,Dormant
C01010855,2024-08-08,B004,ZM,SME,App,1992-05-01,M,Active
C01010856,2024-05-26,B015,ZM,Retail,Branch,1977-08-20,F,Active
C01010857,2025-06-24,B010,ZM,Retail,Web,1996-09-18,F,Active
C01010858,2025-06-22,B001,ZM,Retail,USSD,2008-10-11,M,Active
C01010859,2022-07-27,B015,ZM,Retail,USSD,2012-05-03,M,Active
C01010860,2023-11-27,B003,ZM,Retail,ATM,1962-10-18,F,Dormant
C01010861,2025-08-26,B004,ZM,Retail,Branch,1960-11-22,M,Active
C01010862,2025-10-15,B003,ZM,SME,Agent,1990-05-30,F,Active
C01010863,2022-02-23,B015,ZM,Retail,Agent,2001-09-14,F,Active
C01010864,2024-07-18,B015,ZM,Retail,Agent,2002-09-07,F,Active
C01010865,2024-11-25,B015,ZM,Retail,Web,2014-04-08,F,Active
C01010866,2023-11-04,B002,ZM,SME,Agent,1988-01-30,M,Active
C01010867,2025-04-18,B010,ZM,Retail,Branch,1962-09-10,M,Active
C01010868,2023-01-30,B002,ZM,Retail,ATM,1965-05-17,M,Active
C01010869,2022-08-10,B010,ZM,Retail,ATM,1968-08-04,M,Dormant
C01010870,2022-07-30,B005,ZM,Retail,Branch,2004-05-26,F,Active
C01010871,2022-01-26,B002,ZM,Retail,Agent,1981-11-01,M,Active
C01010872,2025-05-03,B003,ZM,SME,Branch,1972-04-01,F,Active
C01010873,2025-12-31,B010,ZM,Retail,Branch,1989-12-03,F,Closed
C01010874,2022-05-19,B002,ZM,Retail,App,2010-07-08,F,Active
C01010875,2025-04-29,B004,ZM,SME,ATM,1961-02-07,F,Active
C01010876,2023-02-01,B015,ZM,Retail,USSD,1962-05-01,F,Dormant
C01010877,2025-03-19,B010,ZM,Retail,Agent,2001-05-23,M,Active
C01010878,2022-09-16,B010,ZM,Retail,Agent,1979-05-25,F,Active
C01010879,2025-07-29,B002,ZM,Retail,App,2001-05-26,M,Active
C01010880,2024-11-08,B005,ZM,Retail,Web,1968-01-10,F,Closed
C01010881,2023-06-09,B002,ZM,Retail,USSD,1976-12-31,F,Active
C01010882,2023-12-29,B020,ZM,Premium,USSD,1963-02-08,F,Active
C01010883,2024-05-12,B003,ZM,SME,USSD,2000-07-02,F,Dormant
C01010884,2024-09-12,B003,ZM,Retail,ATM,1975-05-27,F,Active
C01010885,2026-01-24,B010,ZM,Retail,Web,1974-05-17,M,Active
C01010886,2025-06-25,B010,ZM,Retail,App,1968-05-22,F,Active
C01010887,2024-06-29,B002,ZM,Retail,Web,1969-10-16,M,Active
C01010888,2023-01-16,B003,ZM,Retail,Agent,1978-04-27,M,Active
C01010889,2023-05-13,B003,ZM,SME,App,2008-06-29,M,Active
C01010890,2022-10-09,B005,ZM,Retail,ATM,1994-02-24,M,Dormant
C01010891,2022-04-01,B004,ZM,SME,Agent,2010-10-23,M,Dormant
C01010892,2022-05-04,B005,ZM,Retail,Web,1963-09-13,F,Active
C01010893,2022-09-19,B020,ZM,Retail,USSD,2005-09-10,F,Active
C01010894,2023-10-01,B001,ZM,Retail,Web,2002-05-26,F,Active
C01010895,2025-04-12,B015,ZM,Retail,Agent,1966-10-12,F,Active
C01010896,2024-06-11,B005,ZM,SME,ATM,1994-12-22,M,Active
C01010897,2024-11-16,B020,ZM,Premium,ATM,2004-06-18,F,Active
C01010898,2025-08-27,B002,ZM,Retail,ATM,1972-10-14,F,Active
C01010899,2024-01-03,B004,ZM,Retail,App,1976-08-26,F,Active
C01010900,2023-09-30,B002,ZM,Retail,Web,1970-10-05,M,Active
C01010901,2025-04-10,B015,ZM,Retail,USSD,1962-03-28,M,Active
C01010902,2025-01-13,B020,ZM,Retail,USSD,1982-10-11,M,Active
C01010903,2022-10-26,B001,ZM,Retail,Branch,1988-05-14,M,Active
C01010904,2022-10-29,B004,ZM,Retail,ATM,1985-01-22,M,Active
C01010905,2024-08-19,B010,ZM,Retail,Agent,1996-07-23,F,Active
C01010906,2023-09-25,B003,ZM,SME,USSD,1970-01-13,M,Active
C01010907,2025-05-20,B005,ZM,Retail,ATM,2004-06-30,F,Active
C01010908,2023-12-04,B020,ZM,Retail,USSD,1969-12-14,F,Closed
C01010909,2023-08-20,B002,ZM,Retail,Web,2011-02-02,F,Active
C01010910,2024-01-26,B001,ZM,Retail,Branch,1974-12-31,M,Active
C01010911,2022-01-17,B003,ZM,Retail,ATM,2009-02-01,F,Active
C01010912,2024-11-26,B005,ZM,Retail,App,1966-02-19,F,Active
C01010913,2025-04-16,B003,ZM,SME,App,2002-07-09,M,Closed
C01010914,2025-09-08,B005,ZM,SME,USSD,1960-07-25,F,Active
C01010915,2025-10-21,B020,ZM,SME,Web,2000-10-19,M,Active
C01010916,2022-10-24,B010,ZM,Retail,Agent,1983-01-15,M,Active
C01010917,2022-04-28,B004,ZM,Retail,ATM,1987-06-27,M,Dormant
C01010918,2023-05-02,B020,ZM,Retail,Branch,1981-12-20,F,Active
C01010919,2024-11-04,B003,ZM,Retail,Web,1996-07-08,F,Active
C01010920,2025-02-19,B003,ZM,Retail,USSD,1964-10-28,F,Active
C01010921,2022-04-22,B003,ZM,Retail,Web,1972-12-24,M,Active
C01010922,2024-05-14,B004,ZM,Retail,Branch,1980-03-27,F,Active
C01010923,2023-12-06,B001,ZM,Retail,Web,1987-01-19,F,Dormant
C01010924,2023-02-05,B005,ZM,Premium,ATM,1986-04-19,M,Dormant
C01010925,2023-02-15,B020,ZM,Retail,USSD,1971-10-27,F,Active
C01010926,2025-08-04,B020,ZM,SME,Branch,1976-06-23,F,Dormant
C01010927,2023-02-17,B010,ZM,Retail,USSD,1992-05-06,M,Active
C01010928,2022-05-21,B003,ZM,Retail,Agent,1972-12-08,M,Active
C01010929,2023-12-01,B015,ZM,Retail,ATM,1968-04-30,F,Dormant
C01010930,2023-01-23,B020,ZM,Retail,Branch,1995-08-24,F,Active
C01010931,2025-09-29,B004,ZM,Retail,Agent,1961-05-19,M,Active
C01010932,2024-09-01,B001,ZM,Retail,Agent,1972-12-03,M,Active
C01010933,2025-11-23,B020,ZM,Retail,Agent,1990-09-17,M,Active
C01010934,2025-11-17,B005,ZM,Retail,Branch,1976-03-30,F,Dormant
C01010935,2024-08-15,B004,ZM,Retail,USSD,1979-04-05,M,Active
C01010936,2025-05-13,B010,ZM,Retail,Web,2012-09-22,F,Active
C01010937,2025-11-19,B010,ZM,Retail,Web,1984-03-18,M,Active
C01010938,2023-11-10,B005,ZM,SME,Agent,1967-05-20,F,Dormant
C01010939,2025-03-30,B003,ZM,Retail,App,1972-09-24,M,Active
C01010940,2025-03-05,B010,ZM,Retail,App,1961-07-11,M,Active
C01010941,2023-11-19,B001,ZM,SME,Branch,2012-05-01,F,Dormant
C01010942,2025-06-15,B004,ZM,Premium,USSD,1984-05-13,M,Dormant
C01010943,2023-09-06,B020,ZM,Retail,Branch,1987-05-16,M,Active
C01010944,2024-05-07,B001,ZM,Retail,USSD,2000-01-08,F,Active
C01010945,2023-11-05,B003,ZM,Retail,ATM,2002-07-26,F,Active
C01010946,2022-11-29,B001,ZM,Retail,App,1976-03-04,M,Closed
C01010947,2022-08-03,B001,ZM,Retail,Branch,1993-09-19,M,Dormant
C01010948,2024-07-19,B002,ZM,Retail,ATM,1962-01-10,F,Active
C01010949,2022-03-28,B001,ZM,SME,Web,1978-09-06,F,Active
C01010950,2024-10-12,B005,ZM,Retail,App,1976-05-20,F,Dormant
C01010951,2023-03-26,B004,ZM,SME,USSD,1997-09-27,F,Active
C01010952,2022-01-08,B002,ZM,SME,Agent,1991-09-06,M,Dormant
C01010953,2025-08-01,B004,ZM,Retail,Web,1988-05-01,M,Active
C01010954,2023-04-02,B004,ZM,Retail,Web,1968-06-19,M,Dormant
C01010955,2025-11-20,B003,ZM,Retail,ATM,1980-02-26,F,Active
C01010956,2023-04-17,B003,ZM,Premium,Branch,1971-09-17,F,Active
C01010957,2024-08-13,B002,ZM,Retail,Agent,2002-03-12,M,Active
C01010958,2025-07-01,B010,ZM,Retail,Branch,1996-09-09,F,Active
C01010959,2023-03-13,B015,ZM,Retail,ATM,1967-01-29,F,Active
C01010960,2023-05-05,B003,ZM,Premium,Web,2001-10-09,M,Active
C01010961,2024-09-11,B015,ZM,SME,App,2014-01-25,M,Active
C01010962,2023-11-10,B003,ZM,Retail,Web,1986-12-03,F,Active
C01010963,2024-02-09,B003,ZM,Retail,ATM,2009-12-27,M,Active
C01010964,2023-02-25,B004,ZM,Retail,Web,1962-02-28,M,Active
C01010965,2024-03-30,B002,ZM,Retail,Agent,1972-01-06,F,Active
C01010966,2023-01-13,B004,ZM,SME,Web,1984-04-02,F,Active
C01010967,2022-01-14,B020,ZM,Retail,Web,1990-12-12,F,Active
C01010968,2024-01-14,B005,ZM,SME,Web,1992-03-19,F,Closed
C01010969,2022-01-21,B004,ZM,Retail,App,2012-06-03,M,Active
C01010970,2022-06-01,B015,ZM,Retail,USSD,2008-06-13,F,Active
C01010971,2024-01-03,B015,ZM,Retail,USSD,1991-06-20,F,Active
C01010972,2022-03-03,B005,ZM,Retail,Branch,1970-01-16,M,Dormant
C01010973,2025-02-10,B001,ZM,Retail,USSD,1994-04-18,M,Active
C01010974,2022-08-24,B001,ZM,Retail,USSD,1963-04-29,M,Dormant
C01010975,2022-10-19,B005,ZM,Retail,USSD,1971-10-16,F,Active
C01010976,2023-08-19,B005,ZM,Retail,Web,1969-06-27,F,Active
C01010977,2024-06-20,B004,ZM,Retail,Web,1969-07-15,M,Dormant
C01010978,2023-02-03,B005,ZM,Retail,Agent,2011-08-01,F,Active
C01010979,2025-07-16,B020,ZM,Retail,App,1969-11-27,M,Active
C01010980,2025-04-14,B002,ZM,Retail,Web,1988-09-04,F,Dormant
C01010981,2024-01-08,B001,ZM,Retail,Web,2008-03-06,M,Dormant
C01010982,2022-03-31,B001,ZM,Retail,USSD,2012-02-29,M,Active
C01010983,2022-03-02,B020,ZM,Retail,App,1968-02-27,M,Dormant
C01010984,2023-02-12,B010,ZM,SME,App,1975-04-26,M,Active
C01010985,2023-02-10,B020,ZM,SME,USSD,1998-07-25,M,Active
C01010986,2023-08-05,B020,ZM,Retail,USSD,2008-06-27,M,Active
C01010987,2022-12-23,B005,ZM,Retail,App,1996-04-19,F,Active
C01010988,2023-03-25,B003,ZM,Retail,ATM,1985-08-13,F,Active
C01010989,2023-06-21,B003,ZM,Retail,USSD,2014-06-04,M,Active
C01010990,2026-01-12,B020,ZM,Retail,USSD,2008-01-28,F,Dormant
C01010991,2022-12-23,B005,ZM,Retail,App,1997-02-08,F,Dormant
C01010992,2023-11-27,B002,ZM,Retail,ATM,1982-11-26,F,Active
C01010993,2025-02-09,B003,ZM,Retail,Agent,2002-12-20,F,Active
C01010994,2023-05-19,B010,ZM,SME,ATM,2009-11-18,M,Active
C01010995,2023-01-01,B015,ZM,Retail,Branch,1998-05-24,F,Dormant
C01010996,2023-02-06,B005,ZM,SME,ATM,2006-01-31,F,Active
C01010997,2022-02-14,B020,ZM,Retail,USSD,1997-10-18,F,Active
C01010998,2022-12-27,B002,ZM,Retail,Web,1971-05-21,M,Dormant
C01010999,2023-06-21,B002,ZM,Retail,App,1979-03-10,M,Active
C01011000,2022-07-27,B004,ZM,Retail,Agent,2001-08-04,F,Active
C01011001,2022-02-12,B002,ZM,Retail,USSD,1994-01-13,F,Active
C01011002,2025-10-19,B003,ZM,Retail,Agent,1965-04-10,F,Active
C01011003,2022-10-09,B020,ZM,Retail,App,1960-11-12,F,Dormant
C01011004,2024-02-16,B015,ZM,Retail,Agent,2004-11-15,F,Dormant
C01011005,2025-09-03,B003,ZM,Retail,ATM,2007-02-23,M,Active
C01011006,2022-08-16,B005,ZM,Retail,App,1984-02-26,M,Active
C01011007,2023-11-25,B015,ZM,SME,USSD,1987-12-27,F,Active
C01011008,2023-03-07,B005,ZM,Retail,Web,2000-12-04,F,Active
C01011009,2023-09-17,B002,ZM,Premium,USSD,1983-03-21,F,Active
C01011010,2024-07-23,B010,ZM,Retail,Branch,1962-02-13,M,Dormant
C01011011,2023-05-07,B001,ZM,SME,App,2005-11-10,M,Active
C01011012,2024-01-28,B015,ZM,Retail,USSD,1980-09-12,F,Active
C01011013,2024-02-02,B020,ZM,Retail,ATM,1999-04-28,M,Dormant
C01011014,2025-09-15,B004,ZM,Retail,ATM,2010-01-05,F,Dormant
C01011015,2022-12-17,B001,ZM,SME,Agent,1967-12-12,M,Dormant
C01011016,2024-12-15,B002,ZM,Retail,USSD,2010-08-25,M,Dormant
C01011017,2025-06-30,B002,ZM,Retail,Agent,1969-10-29,M,Active
C01011018,2024-06-07,B020,ZM,SME,Branch,2011-04-22,M,Active
C01011019,2025-12-27,B001,ZM,Retail,App,1962-12-01,M,Active
C01011020,2022-05-14,B004,ZM,Retail,Branch,2004-01-09,M,Active
C01011021,2022-08-31,B015,ZM,Retail,Web,1986-02-27,F,Active
C01011022,2022-10-23,B015,ZM,Retail,Agent,2010-11-21,F,Dormant
C01011023,2022-09-25,B001,ZM,Retail,USSD,1971-09-20,F,Dormant
C01011024,2023-01-24,B005,ZM,Retail,Agent,1967-09-10,F,Active
C01011025,2023-01-28,B003,ZM,Premium,Branch,1999-03-22,F,Active
C01011026,2024-12-26,B010,ZM,Retail,Web,1986-12-25,F,Dormant
C01011027,2024-02-14,B005,ZM,Retail,Branch,1963-11-30,F,Active
C01011028,2025-11-23,B015,ZM,Retail,Web,1964-07-07,F,Active
C01011029,2024-02-06,B003,ZM,Premium,ATM,1996-03-19,F,Active
C01011030,2023-10-14,B010,ZM,Retail,ATM,2011-04-02,M,Closed
C01011031,2025-05-12,B010,ZM,SME,USSD,2007-06-20,F,Dormant
C01011032,2024-05-29,B010,ZM,Retail,Branch,1978-02-01,F,Active
C01011033,2025-07-26,B002,ZM,Retail,ATM,1995-04-06,M,Active
C01011034,2023-05-16,B020,ZM,Retail,Agent,2014-07-16,F,Active
C01011035,2022-04-05,B010,ZM,Retail,App,1971-06-21,F,Active
C01011036,2025-06-15,B004,ZM,Retail,Agent,1977-09-15,M,Active
C01011037,2025-04-17,B001,ZM,Retail,ATM,1989-04-01,M,Active
C01011038,2023-01-23,B015,ZM,Retail,ATM,1980-09-03,M,Active
C01011039,2025-01-01,B004,ZM,SME,Branch,1984-12-29,F,Active
C01011040,2023-08-26,B001,ZM,SME,Web,2008-06-22,F,Active
C01011041,2022-11-01,B005,ZM,SME,App,1984-02-19,F,Active
C01011042,2023-11-03,B020,ZM,SME,App,2005-09-28,F,Active
C01011043,2023-05-22,B005,ZM,Retail,Web,1999-03-18,F,Active
C01011044,2022-04-20,B001,ZM,Retail,Branch,1984-04-05,F,Active
C01011045,2025-07-13,B004,ZM,SME,ATM,2000-04-14,F,Dormant
C01011046,2023-07-28,B001,ZM,Retail,Web,1963-07-04,F,Dormant
C01011047,2022-09-16,B010,ZM,Retail,App,2005-03-25,F,Active
C01011048,2024-11-06,B002,ZM,Retail,App,1974-02-24,F,Active
C01011049,2025-04-11,B015,ZM,Retail,ATM,1970-07-09,M,Active
C01011050,2024-09-28,B005,ZM,Retail,ATM,1980-02-05,F,Active
C01011051,2023-03-05,B015,ZM,Retail,USSD,2011-07-03,M,Dormant
C01011052,2026-01-29,B002,ZM,Retail,Agent,2007-05-08,F,Active
C01011053,2022-06-16,B010,ZM,Premium,Web,1996-10-20,M,Active
C01011054,2024-08-21,B010,ZM,SME,ATM,1988-07-30,F,Active
C01011055,2025-09-20,B005,ZM,SME,USSD,1984-08-10,F,Dormant
C01011056,2025-06-13,B005,ZM,Retail,Branch,1998-09-23,M,Active
C01011057,2022-05-13,B010,ZM,SME,App,1976-10-26,M,Active
C01011058,2022-12-09,B003,ZM,SME,Web,1973-04-12,M,Active
C01011059,2024-11-07,B015,ZM,Retail,Agent,1960-11-14,M,Active
C01011060,2024-03-05,B020,ZM,Premium,Branch,1975-02-01,M,Active
C01011061,2025-08-14,B002,ZM,Retail,Web,1965-11-30,M,Dormant
C01011062,2024-11-08,B015,ZM,Premium,Web,1974-12-08,F,Active
C01011063,2024-02-06,B002,ZM,Retail,ATM,1977-11-17,F,Dormant
C01011064,2024-10-18,B003,ZM,Retail,USSD,2004-02-09,M,Closed
C01011065,2024-11-28,B020,ZM,Retail,Web,1973-04-24,F,Active
C01011066,2024-08-08,B004,ZM,Retail,Agent,1961-04-21,F,Active
C01011067,2023-01-02,B002,ZM,Retail,Branch,1992-03-25,M,Active
C01011068,2023-10-22,B015,ZM,Premium,Agent,1989-07-02,F,Active
C01011069,2025-12-30,B001,ZM,Premium,Web,1960-02-18,F,Dormant
C01011070,2024-02-05,B020,ZM,Premium,Agent,1978-09-03,M,Active
C01011071,2024-12-12,B010,ZM,Retail,Agent,1979-07-17,M,Active
C01011072,2025-11-23,B010,ZM,Premium,USSD,1960-03-05,F,Active
C01011073,2024-09-16,B003,ZM,Retail,App,1965-06-20,F,Closed
C01011074,2026-01-05,B002,ZM,SME,Web,1961-11-06,M,Active
C01011075,2024-10-10,B004,ZM,Retail,Branch,1961-08-18,M,Active
C01011076,2024-08-28,B002,ZM,Retail,App,2009-03-18,F,Dormant
C01011077,2023-07-04,B010,ZM,Premium,Agent,2006-07-24,F,Closed
C01011078,2025-04-05,B005,ZM,Premium,App,1993-10-24,M,Active
C01011079,2024-04-01,B001,ZM,Retail,ATM,1982-04-23,M,Active
C01011080,2025-07-30,B020,ZM,SME,ATM,1986-03-03,F,Active
C01011081,2025-04-10,B003,ZM,Retail,Web,1996-03-07,M,Active
C01011082,2025-08-23,B005,ZM,Retail,Branch,2000-09-05,M,Active
C01011083,2022-03-16,B015,ZM,Retail,ATM,1981-06-19,F,Dormant
C01011084,2023-03-01,B004,ZM,Retail,Agent,2013-04-07,M,Active
C01011085,2023-03-26,B005,ZM,Retail,USSD,1969-12-23,M,Active
C01011086,2023-02-20,B015,ZM,Retail,USSD,1960-06-07,M,Active
C01011087,2024-07-14,B005,ZM,Retail,Agent,1960-04-20,M,Active
C01011088,2023-04-26,B004,ZM,Retail,App,2006-04-22,M,Active
C01011089,2024-03-21,B020,ZM,Retail,Agent,2006-10-01,M,Active
C01011090,2023-03-24,B005,ZM,Retail,App,2011-04-17,F,Active
C01011091,2023-09-19,B003,ZM,Retail,App,2010-12-20,M,Active
C01011092,2024-05-20,B010,ZM,Retail,USSD,1968-01-27,M,Active
C01011093,2024-02-12,B002,ZM,Retail,ATM,1970-11-19,F,Active
C01011094,2025-03-16,B005,ZM,Retail,Agent,1982-08-14,F,Closed
C01011095,2022-11-18,B003,ZM,Retail,ATM,1970-09-08,F,Active
C01011096,2024-02-06,B002,ZM,Retail,Web,1996-06-10,M,Active
C01011097,2023-06-06,B020,ZM,SME,Branch,1960-03-27,F,Closed
C01011098,2025-02-01,B015,ZM,Retail,USSD,1962-01-28,F,Active
C01011099,2022-06-23,B002,ZM,Retail,App,2012-01-01,F,Active
C01011100,2022-10-03,B015,ZM,Retail,Branch,1968-04-13,M,Dormant
C01011101,2022-06-22,B005,ZM,Retail,App,1994-06-29,F,Dormant
C01011102,2023-08-28,B003,ZM,SME,Branch,2010-12-06,M,Active
C01011103,2024-06-29,B010,ZM,Retail,Branch,1973-08-29,M,Active
C01011104,2024-11-28,B005,ZM,Retail,ATM,1981-02-02,F,Dormant
C01011105,2023-12-22,B015,ZM,Retail,Web,1972-06-16,M,Active
C01011106,2023-04-17,B004,ZM,Retail,Web,2004-05-11,M,Active
C01011107,2025-04-10,B002,ZM,Retail,App,1978-01-30,M,Active
C01011108,2022-03-26,B005,ZM,SME,USSD,2000-12-22,M,Active
C01011109,2024-08-10,B015,ZM,Premium,Web,2012-03-18,M,Active
C01011110,2024-11-15,B020,ZM,Retail,USSD,2007-09-21,F,Active
C01011111,2025-06-26,B002,ZM,SME,App,2011-10-12,M,Active
C01011112,2023-11-20,B020,ZM,Retail,USSD,2001-04-02,M,Active
C01011113,2024-05-22,B015,ZM,Premium,Branch,1964-01-05,M,Active
C01011114,2024-07-12,B003,ZM,SME,Branch,1994-10-29,M,Active
C01011115,2024-08-15,B001,ZM,Retail,App,1960-10-18,F,Active
C01011116,2024-06-04,B020,ZM,Retail,USSD,2008-08-08,F,Active
C01011117,2024-04-17,B005,ZM,Retail,USSD,1990-03-21,M,Active
C01011118,2024-01-23,B010,ZM,Retail,App,1986-12-07,M,Active
C01011119,2024-10-15,B005,ZM,Retail,Web,2008-09-28,F,Dormant
C01011120,2023-10-12,B002,ZM,SME,ATM,1967-05-17,M,Active
C01011121,2023-07-14,B003,ZM,SME,Web,2009-02-16,M,Active
C01011122,2024-02-23,B015,ZM,SME,Agent,1998-02-24,F,Active
C01011123,2022-02-20,B004,ZM,Premium,ATM,2003-01-24,F,Active
C01011124,2023-01-03,B010,ZM,SME,USSD,1983-02-23,M,Active
C01011125,2024-06-23,B003,ZM,Retail,ATM,1994-11-08,F,Active
C01011126,2023-04-24,B020,ZM,Retail,ATM,1981-12-22,M,Closed
C01011127,2023-06-28,B020,ZM,Retail,USSD,1963-08-24,M,Active
C01011128,2025-08-14,B005,ZM,Retail,Branch,1964-07-18,M,Active
C01011129,2022-06-05,B004,ZM,Retail,ATM,1962-01-25,M,Active
C01011130,2024-01-06,B003,ZM,Retail,App,2013-07-14,F,Active
C01011131,2022-06-18,B001,ZM,SME,Web,2012-11-19,F,Active
C01011132,2023-08-27,B010,ZM,SME,USSD,2006-03-17,F,Dormant
C01011133,2024-10-24,B002,ZM,Retail,USSD,1984-11-17,M,Active
C01011134,2024-11-16,B003,ZM,SME,ATM,1979-08-29,F,Active
C01011135,2025-01-24,B003,ZM,Retail,Branch,1982-05-05,M,Active
C01011136,2025-08-11,B001,ZM,SME,Branch,1998-12-26,F,Active
C01011137,2022-06-10,B005,ZM,Retail,Web,1970-08-26,M,Active
C01011138,2023-07-21,B015,ZM,Retail,Web,1968-09-06,M,Active
C01011139,2023-04-12,B015,ZM,SME,Branch,1981-12-01,F,Active
C01011140,2022-07-21,B010,ZM,Retail,Agent,1999-12-25,M,Active
C01011141,2022-08-31,B010,ZM,Retail,Branch,1967-05-26,M,Active
C01011142,2022-05-27,B002,ZM,Retail,Branch,1968-08-15,F,Active
C01011143,2024-01-08,B003,ZM,Retail,ATM,2006-12-15,F,Active
C01011144,2022-03-20,B004,ZM,Premium,App,1967-08-22,M,Dormant
C01011145,2025-01-23,B003,ZM,Retail,Web,1988-07-23,M,Active
C01011146,2023-02-15,B015,ZM,SME,Agent,1968-04-17,M,Dormant
C01011147,2023-11-15,B002,ZM,Retail,Agent,2014-03-14,M,Active
C01011148,2023-02-07,B003,ZM,Retail,USSD,2009-10-25,F,Active
C01011149,2025-10-14,B001,ZM,Retail,Branch,1993-02-19,F,Active
C01011150,2023-11-06,B015,ZM,SME,Branch,1983-04-01,M,Active
C01011151,2023-05-28,B003,ZM,Retail,App,1989-07-31,M,Active
C01011152,2023-09-12,B003,ZM,Retail,Branch,2004-12-19,M,Dormant
C01011153,2025-10-31,B015,ZM,Retail,Web,1972-09-11,M,Active
C01011154,2023-07-17,B004,ZM,Retail,Agent,2011-06-08,F,Active
C01011155,2023-01-26,B015,ZM,SME,Branch,1987-09-22,F,Active
C01011156,2025-12-16,B001,ZM,Retail,App,1973-06-18,F,Active
C01011157,2025-05-22,B001,ZM,Retail,ATM,1961-08-18,F,Dormant
C01011158,2022-10-10,B003,ZM,Retail,Web,1976-12-18,M,Active
C01011159,2026-01-06,B010,ZM,Retail,ATM,1983-04-22,M,Dormant
C01011160,2025-01-17,B004,ZM,Retail,USSD,1961-01-29,M,Active
C01011161,2023-06-19,B003,ZM,Retail,App,1966-02-19,F,Dormant
C01011162,2022-01-18,B015,ZM,Retail,USSD,1992-07-26,F,Active
C01011163,2023-09-06,B003,ZM,Retail,USSD,1978-04-02,F,Dormant
C01011164,2023-08-01,B002,ZM,Retail,Agent,1989-01-22,F,Active
C01011165,2023-12-11,B002,ZM,SME,USSD,1981-06-16,M,Dormant
C01011166,2024-04-07,B010,ZM,SME,USSD,1984-11-30,M,Active
C01011167,2024-04-10,B004,ZM,Retail,App,1997-01-15,F,Active
C01011168,2025-04-02,B005,ZM,Retail,ATM,1996-11-18,F,Active
C01011169,2025-09-04,B020,ZM,Retail,Branch,1962-09-09,M,Active
C01011170,2022-01-25,B002,ZM,SME,USSD,2000-01-21,M,Active
C01011171,2024-08-24,B005,ZM,Retail,Agent,1988-11-08,M,Active
C01011172,2025-09-01,B001,ZM,SME,Branch,1993-08-25,M,Active
C01011173,2024-11-15,B002,ZM,Retail,Agent,2011-07-25,M,Active
C01011174,2022-11-02,B002,ZM,Retail,Branch,2014-06-23,F,Active
C01011175,2024-03-25,B004,ZM,Retail,USSD,2013-07-31,M,Active
C01011176,2023-04-12,B010,ZM,Retail,Web,1982-06-18,M,Active
C01011177,2023-04-10,B005,ZM,Retail,Branch,1985-06-03,F,Active
C01011178,2026-01-21,B015,ZM,SME,Web,2012-03-19,M,Active
C01011179,2023-03-06,B002,ZM,SME,ATM,1984-07-09,M,Active
C01011180,2024-08-29,B002,ZM,SME,Branch,1996-04-13,F,Active
C01011181,2023-04-24,B004,ZM,Retail,App,1998-10-01,F,Active
C01011182,2024-11-22,B004,ZM,Retail,Agent,1999-08-14,F,Active
C01011183,2025-04-17,B010,ZM,Retail,ATM,1973-04-20,F,Active
C01011184,2025-02-05,B005,ZM,Retail,ATM,1964-10-24,F,Closed
C01011185,2024-08-17,B001,ZM,SME,Web,1968-07-26,F,Dormant
C01011186,2026-01-19,B015,ZM,Retail,USSD,1965-04-02,M,Active
C01011187,2024-08-02,B010,ZM,Retail,Agent,2009-05-22,M,Active
C01011188,2023-11-29,B020,ZM,Premium,App,1972-05-17,M,Active
C01011189,2022-06-25,B001,ZM,Premium,App,1983-12-14,M,Active
C01011190,2023-10-04,B003,ZM,Retail,Web,1961-06-09,F,Active
C01011191,2023-01-20,B002,ZM,Retail,Web,1972-06-29,F,Active
C01011192,2024-05-28,B005,ZM,SME,ATM,2008-05-12,F,Active
C01011193,2025-11-30,B010,ZM,Retail,Web,1968-03-20,M,Closed
C01011194,2024-05-05,B002,ZM,Premium,USSD,2005-06-26,F,Closed
C01011195,2023-03-06,B005,ZM,Retail,ATM,1973-08-27,M,Active
C01011196,2024-06-17,B005,ZM,Retail,ATM,1972-05-11,F,Active
C01011197,2024-07-10,B005,ZM,Retail,ATM,1979-12-17,M,Dormant
C01011198,2025-02-17,B002,ZM,SME,App,2006-01-20,F,Active
C01011199,2022-03-03,B010,ZM,SME,Agent,2000-01-29,F,Closed
C01011200,2024-02-07,B015,ZM,Premium,Agent,2013-07-05,M,Active
C01011201,2022-10-12,B004,ZM,Retail,App,1985-12-04,F,Active
C01011202,2025-03-28,B002,ZM,SME,ATM,1960-02-06,F,Active
C01011203,2022-09-20,B020,ZM,Retail,USSD,1973-05-23,M,Dormant
C01011204,2023-09-18,B005,ZM,Retail,Branch,1995-01-31,M,Dormant
C01011205,2022-01-20,B010,ZM,Retail,ATM,1972-08-16,F,Active
C01011206,2024-10-20,B015,ZM,SME,Web,1963-01-08,F,Active
C01011207,2025-09-11,B003,ZM,Premium,Agent,2007-08-17,F,Active
C01011208,2023-12-28,B020,ZM,Retail,Branch,1991-02-06,F,Active
C01011209,2023-11-27,B001,ZM,Retail,App,2004-12-05,F,Dormant
C01011210,2023-04-07,B020,ZM,SME,App,1966-04-13,F,Active
C01011211,2024-05-08,B005,ZM,Retail,Branch,2004-07-29,M,Dormant
C01011212,2024-05-21,B003,ZM,Premium,Agent,1983-07-06,F,Closed
C01011213,2025-11-05,B004,ZM,Retail,Agent,1989-02-18,M,Active
C01011214,2024-04-06,B015,ZM,Retail,Web,1972-03-12,M,Dormant
C01011215,2025-11-15,B015,ZM,Retail,App,2001-12-12,F,Active
C01011216,2025-01-06,B005,ZM,Retail,App,1980-05-26,M,Active
C01011217,2023-09-06,B020,ZM,Retail,ATM,1992-02-29,F,Active
C01011218,2023-10-30,B020,ZM,Retail,USSD,1977-04-13,M,Active
C01011219,2025-04-17,B015,ZM,Retail,Web,1996-12-03,F,Active
C01011220,2022-02-17,B003,ZM,Retail,ATM,1987-12-14,M,Dormant
C01011221,2025-03-08,B005,ZM,Premium,USSD,1974-05-02,F,Dormant
C01011222,2022-03-07,B002,ZM,Retail,App,1979-12-10,M,Active
C01011223,2022-10-12,B010,ZM,Retail,USSD,1990-11-25,M,Active
C01011224,2022-11-11,B003,ZM,SME,App,2000-10-07,M,Active
C01011225,2023-11-08,B010,ZM,Retail,Agent,1961-07-24,M,Active
C01011226,2025-03-09,B002,ZM,Retail,ATM,1960-10-02,M,Active
C01011227,2025-07-13,B002,ZM,Retail,App,1986-06-08,M,Active
C01011228,2025-05-19,B010,ZM,SME,USSD,1967-10-28,F,Dormant
C01011229,2025-05-29,B003,ZM,SME,ATM,1974-04-22,F,Active
C01011230,2025-03-21,B010,ZM,Retail,USSD,1968-06-30,M,Active
C01011231,2024-03-11,B010,ZM,SME,USSD,2010-03-29,M,Active
C01011232,2024-02-20,B001,ZM,Retail,Branch,1972-07-06,M,Dormant
C01011233,2023-02-23,B003,ZM,Retail,App,2009-06-28,F,Active
C01011234,2024-03-11,B020,ZM,SME,App,1989-10-14,M,Active
C01011235,2022-05-11,B020,ZM,Retail,USSD,1969-08-13,M,Active
C01011236,2024-12-30,B001,ZM,SME,Agent,2009-04-01,M,Active
C01011237,2024-03-02,B005,ZM,Retail,App,1970-06-04,F,Active
C01011238,2023-01-21,B015,ZM,Retail,Web,1997-07-24,M,Active
C01011239,2024-08-30,B020,ZM,Premium,Agent,1966-03-25,F,Active
C01011240,2022-08-11,B010,ZM,Retail,Agent,1975-11-07,M,Active
C01011241,2023-11-05,B005,ZM,Premium,Agent,1989-05-15,M,Active
C01011242,2025-03-12,B020,ZM,Premium,App,1991-01-14,F,Dormant
C01011243,2024-07-13,B003,ZM,SME,Agent,2010-08-22,M,Active
C01011244,2025-08-01,B010,ZM,Retail,Agent,1961-08-09,M,Active
C01011245,2023-09-16,B015,ZM,Retail,ATM,1985-09-25,M,Active
C01011246,2022-07-10,B005,ZM,SME,App,1995-09-01,F,Active
C01011247,2022-12-18,B020,ZM,SME,Agent,1970-04-07,F,Active
C01011248,2022-08-02,B020,ZM,Retail,Web,1962-11-04,M,Active
C01011249,2025-10-14,B004,ZM,Premium,Agent,1965-06-16,M,Active
C01011250,2025-02-06,B020,ZM,Retail,USSD,2001-09-07,F,Active
C01011251,2022-12-30,B002,ZM,Premium,App,2013-12-21,F,Active
C01011252,2022-03-07,B010,ZM,Retail,ATM,1975-07-06,M,Active
C01011253,2025-11-12,B015,ZM,Retail,Web,1979-08-27,M,Active
C01011254,2025-05-20,B002,ZM,Retail,Branch,1964-12-19,M,Active
C01011255,2024-09-27,B001,ZM,Retail,USSD,1983-09-24,F,Closed
C01011256,2022-02-24,B005,ZM,SME,USSD,1998-04-05,F,Active
C01011257,2023-01-18,B020,ZM,Retail,USSD,1996-08-21,F,Active
C01011258,2023-02-12,B001,ZM,Premium,Web,1962-02-10,F,Active
C01011259,2022-05-23,B015,ZM,Retail,App,1964-10-28,M,Active
C01011260,2024-03-01,B010,ZM,Retail,App,1967-08-25,F,Active
C01011261,2023-08-05,B002,ZM,Retail,Agent,1971-06-19,F,Active
C01011262,2023-02-26,B002,ZM,Retail,Agent,2010-05-19,F,Dormant
C01011263,2023-04-23,B005,ZM,Retail,App,1981-09-26,M,Active
C01011264,2023-08-20,B010,ZM,Retail,Agent,2006-11-12,M,Active
C01011265,2025-09-12,B020,ZM,Retail,App,1972-11-09,M,Active
C01011266,2024-12-09,B004,ZM,Retail,USSD,2001-02-10,M,Active
C01011267,2022-05-24,B004,ZM,Retail,Branch,1967-10-10,F,Active
C01011268,2024-07-20,B005,ZM,SME,USSD,1962-08-28,F,Active
C01011269,2022-04-28,B010,ZM,Retail,Agent,1968-01-19,M,Active
C01011270,2024-01-25,B005,ZM,Retail,Branch,1975-10-08,M,Active
C01011271,2024-11-27,B010,ZM,Retail,Branch,1977-12-27,M,Active
C01011272,2022-01-23,B015,ZM,Retail,App,1971-05-29,F,Active
C01011273,2022-12-18,B015,ZM,Retail,ATM,2010-12-09,F,Active
C01011274,2023-11-01,B001,ZM,Retail,Web,1998-04-30,F,Active
C01011275,2024-04-21,B020,ZM,SME,ATM,1966-02-27,F,Active
C01011276,2024-03-11,B005,ZM,SME,Branch,1991-06-23,M,Dormant
C01011277,2022-11-18,B020,ZM,Retail,ATM,1968-01-14,M,Active
C01011278,2022-08-15,B010,ZM,Premium,Agent,1971-03-23,F,Active
C01011279,2022-09-22,B004,ZM,Retail,Branch,1962-08-20,F,Active
C01011280,2025-01-03,B020,ZM,Retail,USSD,1983-09-23,M,Active
C01011281,2024-05-06,B010,ZM,Retail,Agent,2007-10-05,M,Active
C01011282,2024-09-06,B015,ZM,Retail,USSD,1993-07-29,M,Active
C01011283,2022-05-21,B010,ZM,Retail,Agent,1961-01-12,F,Active
C01011284,2024-03-07,B005,ZM,Retail,App,2004-08-27,M,Closed
C01011285,2023-02-27,B001,ZM,SME,Agent,1998-07-10,F,Active
C01011286,2022-09-24,B001,ZM,Retail,Web,1999-01-17,M,Active
C01011287,2023-02-26,B001,ZM,Retail,USSD,1989-03-01,F,Active
C01011288,2023-09-27,B001,ZM,Retail,Agent,1980-02-17,M,Closed
C01011289,2024-06-04,B015,ZM,Premium,Web,1983-03-13,M,Closed
C01011290,2025-12-24,B003,ZM,Retail,App,1987-12-30,M,Active
C01011291,2025-09-23,B020,ZM,Retail,Agent,1994-04-03,M,Closed
C01011292,2024-08-30,B005,ZM,Retail,Web,1964-02-16,M,Active
C01011293,2022-11-22,B002,ZM,Retail,Agent,1987-05-28,M,Closed
C01011294,2025-05-21,B005,ZM,Retail,USSD,1975-12-11,F,Active
C01011295,2025-03-23,B003,ZM,Retail,USSD,1972-12-12,M,Active
C01011296,2023-09-28,B001,ZM,Retail,ATM,1999-06-16,F,Active
C01011297,2025-04-18,B003,ZM,Retail,ATM,1997-08-02,M,Active
C01011298,2023-02-20,B004,ZM,Retail,Agent,1979-08-17,M,Active
C01011299,2024-10-26,B004,ZM,Retail,ATM,1986-11-25,M,Active
C01011300,2026-01-07,B020,ZM,Retail,Agent,1994-05-06,M,Active
C01011301,2025-11-03,B015,ZM,Retail,Agent,1962-04-04,F,Closed
C01011302,2024-07-28,B005,ZM,Retail,Web,1969-08-09,M,Active
C01011303,2023-07-19,B005,ZM,SME,USSD,1967-11-27,M,Active
C01011304,2023-02-18,B002,ZM,Retail,App,1989-11-12,M,Closed
C01011305,2022-01-16,B015,ZM,Retail,Branch,1981-03-23,F,Active
C01011306,2022-10-20,B002,ZM,Retail,USSD,1960-08-12,F,Active
C01011307,2024-07-01,B004,ZM,SME,ATM,1992-10-30,M,Active
C01011308,2022-05-12,B001,ZM,SME,Agent,2004-10-14,M,Active
C01011309,2024-03-28,B003,ZM,Retail,ATM,1978-05-22,M,Active
C01011310,2025-05-23,B002,ZM,Retail,Web,1987-09-25,M,Dormant
C01011311,2023-05-21,B010,ZM,Retail,ATM,2004-02-14,F,Closed
C01011312,2024-12-12,B002,ZM,Retail,Web,1973-05-11,F,Active
C01011313,2023-11-05,B001,ZM,Premium,App,1983-04-12,F,Active
C01011314,2025-03-11,B001,ZM,Retail,Agent,1981-01-26,F,Active
C01011315,2024-10-02,B005,ZM,Retail,ATM,1991-05-17,F,Active
C01011316,2024-07-31,B003,ZM,Retail,Web,2010-02-02,F,Active
C01011317,2024-08-05,B001,ZM,Retail,ATM,1997-11-05,M,Active
C01011318,2025-03-25,B015,ZM,SME,Web,1967-06-15,M,Active
C01011319,2022-03-22,B002,ZM,Retail,Agent,2004-01-24,M,Closed
C01011320,2022-07-06,B002,ZM,Premium,Agent,1996-10-07,F,Active
C01011321,2023-08-13,B004,ZM,Retail,USSD,2007-12-22,M,Active
C01011322,2025-08-16,B001,ZM,Retail,Web,1975-03-03,F,Active
C01011323,2024-07-23,B010,ZM,Retail,Branch,1974-08-22,M,Dormant
C01011324,2023-12-12,B005,ZM,Retail,App,1988-07-07,F,Active
C01011325,2025-12-05,B003,ZM,Retail,USSD,1969-02-09,M,Active
C01011326,2025-12-28,B010,ZM,Retail,App,1971-04-28,M,Active
C01011327,2023-09-02,B005,ZM,Retail,USSD,2001-03-01,F,Active
C01011328,2024-03-11,B002,ZM,Retail,ATM,1976-06-10,M,Active
C01011329,2025-06-09,B010,ZM,Retail,Web,1995-05-15,F,Active
C01011330,2022-12-25,B005,ZM,Retail,ATM,2000-08-23,M,Active
C01011331,2024-04-30,B002,ZM,Retail,App,1960-05-04,M,Active
C01011332,2023-05-26,B002,ZM,SME,Agent,2005-09-12,M,Active
C01011333,2023-01-03,B002,ZM,Retail,App,1995-03-02,M,Active
C01011334,2025-06-19,B002,ZM,Retail,USSD,1997-07-12,M,Active
C01011335,2024-06-03,B015,ZM,Retail,App,1994-10-04,F,Active
C01011336,2024-07-26,B002,ZM,SME,Web,1991-07-01,F,Active
C01011337,2024-02-27,B004,ZM,Retail,App,1995-11-26,F,Active
C01011338,2025-09-11,B010,ZM,SME,ATM,1973-09-10,M,Active
C01011339,2023-01-11,B005,ZM,Retail,Agent,1971-08-31,F,Active
C01011340,2025-12-01,B004,ZM,Retail,Web,1984-10-06,F,Active
C01011341,2025-03-10,B015,ZM,Retail,App,1966-11-14,M,Active
C01011342,2022-07-15,B020,ZM,Retail,Branch,1999-08-25,M,Active
C01011343,2024-03-16,B020,ZM,Retail,Branch,1996-09-02,M,Active
C01011344,2025-12-01,B004,ZM,Premium,Agent,2008-12-18,F,Active
C01011345,2022-03-31,B001,ZM,Retail,ATM,1999-08-27,F,Active
C01011346,2023-05-06,B001,ZM,Premium,USSD,2005-10-23,M,Active
C01011347,2022-11-20,B001,ZM,Retail,USSD,1984-03-08,F,Active
C01011348,2023-07-15,B003,ZM,Retail,Agent,1986-04-29,F,Active
C01011349,2025-07-10,B001,ZM,Retail,App,2002-06-18,F,Active
C01011350,2025-01-06,B005,ZM,Retail,Web,2001-11-26,F,Active
C01011351,2023-08-21,B004,ZM,Premium,Agent,1967-03-23,M,Active
C01011352,2025-09-27,B005,ZM,Retail,USSD,1974-04-28,M,Active
C01011353,2022-05-17,B010,ZM,SME,Branch,2011-11-14,M,Dormant
C01011354,2025-11-30,B001,ZM,Retail,USSD,1965-05-23,F,Active
C01011355,2026-01-27,B015,ZM,Retail,Branch,1978-08-19,M,Active
C01011356,2026-01-19,B003,ZM,SME,USSD,1992-06-10,M,Active
C01011357,2023-03-21,B010,ZM,Retail,ATM,1961-05-07,F,Active
C01011358,2024-10-07,B015,ZM,SME,Agent,1963-04-11,M,Active
C01011359,2024-04-22,B003,ZM,Retail,Web,1997-01-12,F,Active
C01011360,2025-02-06,B020,ZM,SME,Agent,1969-10-06,M,Dormant
C01011361,2022-09-06,B010,ZM,Retail,App,2005-10-11,F,Active
C01011362,2024-01-26,B020,ZM,Retail,Branch,1987-03-18,M,Active
C01011363,2022-06-06,B004,ZM,Retail,USSD,2004-11-28,M,Active
C01011364,2022-08-04,B005,ZM,Retail,App,2010-09-29,M,Active
C01011365,2024-10-30,B002,ZM,Retail,Branch,2003-05-14,F,Active
C01011366,2023-10-30,B005,ZM,Retail,Agent,1987-01-13,F,Active
C01011367,2024-04-19,B001,ZM,Retail,Branch,1973-01-22,M,Closed
C01011368,2024-07-12,B020,ZM,Retail,ATM,1971-04-07,F,Active
C01011369,2022-12-04,B015,ZM,Retail,USSD,1981-02-09,F,Active
C01011370,2023-06-02,B002,ZM,Retail,Agent,1988-02-06,F,Active
C01011371,2023-03-01,B003,ZM,Retail,App,1984-05-22,M,Active
C01011372,2024-11-02,B020,ZM,Retail,USSD,1978-10-17,M,Active
C01011373,2022-04-02,B004,ZM,Retail,Agent,1987-08-06,M,Active
C01011374,2024-08-04,B004,ZM,Retail,USSD,1964-10-23,F,Active
C01011375,2022-02-24,B020,ZM,Retail,Web,1987-07-25,M,Active
C01011376,2022-05-30,B020,ZM,SME,Branch,1997-08-12,M,Active
C01011377,2025-08-01,B020,ZM,Retail,Branch,1993-12-12,M,Active
C01011378,2025-11-23,B003,ZM,Retail,Web,2009-02-18,M,Active
C01011379,2025-10-15,B001,ZM,Retail,Web,1973-09-01,M,Active
C01011380,2024-08-03,B003,ZM,Retail,USSD,1969-11-28,M,Active
C01011381,2024-02-20,B010,ZM,SME,Branch,1973-07-12,F,Active
C01011382,2023-12-05,B015,ZM,SME,App,1967-10-17,M,Dormant
C01011383,2024-03-28,B020,ZM,Retail,ATM,1990-03-03,M,Active
C01011384,2023-02-03,B015,ZM,Retail,Agent,1998-10-30,M,Active
C01011385,2024-03-23,B001,ZM,Retail,Web,1982-09-05,F,Active
C01011386,2022-03-19,B002,ZM,Retail,App,2014-03-29,M,Active
C01011387,2022-01-22,B003,ZM,SME,App,1991-12-18,F,Active
C01011388,2023-05-29,B001,ZM,Retail,USSD,1974-09-05,F,Active
C01011389,2022-08-23,B015,ZM,Retail,Web,1992-01-08,F,Active
C01011390,2025-12-23,B002,ZM,Retail,App,1983-01-14,M,Closed
C01011391,2022-10-07,B003,ZM,Retail,ATM,2011-07-28,F,Active
C01011392,2023-11-01,B004,ZM,Retail,App,1975-06-09,M,Active
C01011393,2025-10-04,B003,ZM,SME,ATM,1961-07-17,M,Active
C01011394,2024-08-08,B005,ZM,Retail,ATM,1995-11-09,F,Active
C01011395,2024-09-19,B003,ZM,SME,ATM,1984-10-18,F,Dormant
C01011396,2024-08-02,B005,ZM,Retail,Web,1985-05-24,M,Dormant
C01011397,2022-05-20,B002,ZM,Retail,ATM,1967-11-21,M,Active
C01011398,2022-06-19,B003,ZM,Retail,Web,1971-02-06,F,Active
C01011399,2025-01-28,B002,ZM,Retail,App,1969-01-25,M,Active
C01011400,2025-09-07,B002,ZM,SME,ATM,2004-03-26,M,Active
C01011401,2023-05-12,B015,ZM,Retail,Branch,1977-07-18,F,Active
C01011402,2026-01-01,B001,ZM,Retail,App,2009-01-17,M,Active
C01011403,2024-06-15,B002,ZM,Retail,Agent,2009-05-19,M,Dormant
C01011404,2022-10-15,B002,ZM,Retail,Branch,1967-03-16,M,Closed
C01011405,2024-08-22,B015,ZM,SME,Branch,2007-08-28,M,Active
C01011406,2023-07-26,B015,ZM,Retail,USSD,1973-03-01,F,Active
C01011407,2022-11-27,B003,ZM,Retail,Web,2001-08-04,M,Active
C01011408,2022-12-16,B015,ZM,Retail,USSD,1982-05-06,F,Dormant
C01011409,2022-02-06,B003,ZM,Retail,Web,1960-03-23,F,Dormant
C01011410,2025-05-28,B004,ZM,Retail,USSD,1998-06-28,M,Active
C01011411,2022-07-25,B015,ZM,SME,App,1980-12-12,M,Active
C01011412,2022-12-29,B001,ZM,Retail,Branch,1987-07-08,M,Active
C01011413,2023-08-26,B002,ZM,Retail,App,1980-03-20,M,Active
C01011414,2022-09-12,B001,ZM,Retail,Web,1990-04-07,F,Active
C01011415,2024-12-30,B005,ZM,Retail,Branch,2012-08-21,M,Active
C01011416,2024-03-11,B020,ZM,Retail,Branch,1985-10-16,F,Active
C01011417,2022-12-11,B015,ZM,Retail,Web,2004-11-23,M,Active
C01011418,2022-06-08,B002,ZM,Retail,App,2005-02-05,M,Active
C01011419,2025-10-07,B001,ZM,Retail,Branch,1976-01-14,F,Dormant
C01011420,2022-01-23,B015,ZM,Retail,Agent,1965-10-23,F,Active
C01011421,2025-10-19,B015,ZM,Retail,App,2007-05-23,F,Active
C01011422,2023-07-14,B020,ZM,SME,App,2006-05-14,F,Active
C01011423,2022-11-11,B004,ZM,Retail,App,1984-11-14,F,Dormant
C01011424,2024-06-21,B004,ZM,Premium,Branch,2012-08-19,M,Active
C01011425,2024-01-04,B002,ZM,Retail,ATM,1997-08-29,F,Closed
C01011426,2022-12-31,B005,ZM,Retail,USSD,2008-02-29,F,Active
C01011427,2023-03-20,B004,ZM,Retail,Web,1962-01-30,M,Active
C01011428,2026-01-03,B020,ZM,Retail,App,1996-05-07,M,Active
C01011429,2022-03-12,B004,ZM,Retail,Branch,1996-05-07,F,Active
C01011430,2025-10-14,B005,ZM,Retail,Web,1983-04-18,M,Active
C01011431,2024-12-26,B001,ZM,Premium,ATM,1961-08-22,M,Active
C01011432,2023-03-19,B004,ZM,Retail,Agent,1991-02-27,M,Active
C01011433,2024-06-24,B020,ZM,SME,ATM,1968-10-27,M,Active
C01011434,2025-11-27,B003,ZM,Retail,Branch,1969-01-14,M,Active
C01011435,2022-04-08,B020,ZM,Retail,App,1963-12-04,M,Closed
C01011436,2025-07-24,B010,ZM,Retail,ATM,1976-04-21,F,Active
C01011437,2024-12-06,B010,ZM,Retail,ATM,1968-03-04,F,Active
C01011438,2025-08-05,B004,ZM,Retail,ATM,1974-06-11,M,Dormant
C01011439,2025-09-18,B001,ZM,SME,Agent,1993-04-16,F,Active
C01011440,2026-01-07,B015,ZM,Retail,Branch,1987-11-25,F,Active
C01011441,2025-09-13,B001,ZM,Retail,Web,1977-08-03,M,Active
C01011442,2022-07-30,B020,ZM,Retail,USSD,1985-01-10,M,Active
C01011443,2024-03-10,B002,ZM,Retail,Branch,1967-05-19,M,Active
C01011444,2025-11-14,B003,ZM,Retail,App,1976-09-23,M,Dormant
C01011445,2023-09-24,B001,ZM,Retail,Branch,1982-03-04,F,Active
C01011446,2024-06-28,B005,ZM,Retail,Branch,1962-08-18,M,Dormant
C01011447,2022-04-18,B020,ZM,Retail,Agent,1970-08-17,F,Active
C01011448,2025-05-10,B003,ZM,Retail,USSD,1996-01-06,M,Dormant
C01011449,2022-01-10,B010,ZM,Retail,USSD,1964-07-27,F,Active
C01011450,2022-04-10,B020,ZM,Retail,USSD,1987-11-24,M,Active
C01011451,2024-02-12,B003,ZM,Retail,Web,2007-05-11,M,Active
C01011452,2023-02-18,B005,ZM,Retail,Branch,1998-01-10,M,Active
C01011453,2023-05-27,B004,ZM,Premium,Agent,1960-05-17,M,Active
C01011454,2024-02-07,B005,ZM,Premium,App,1981-07-04,F,Active
C01011455,2023-05-04,B005,ZM,Retail,USSD,2004-07-22,M,Active
C01011456,2023-02-14,B004,ZM,Premium,USSD,1972-10-06,F,Active
C01011457,2022-07-07,B004,ZM,Retail,Branch,1969-01-05,F,Active
C01011458,2022-02-02,B004,ZM,Retail,App,2005-04-29,M,Dormant
C01011459,2024-05-13,B004,ZM,Retail,Agent,1994-07-18,M,Dormant
C01011460,2022-02-27,B004,ZM,SME,USSD,1964-09-28,F,Active
C01011461,2022-01-30,B005,ZM,Retail,Branch,1965-03-30,M,Active
C01011462,2023-11-22,B002,ZM,SME,ATM,1978-03-06,F,Active
C01011463,2023-01-29,B002,ZM,SME,Agent,1974-08-21,M,Dormant
C01011464,2025-10-24,B020,ZM,Retail,Web,1965-08-09,M,Active
C01011465,2025-10-02,B001,ZM,Retail,Agent,1978-02-02,M,Active
C01011466,2022-05-10,B002,ZM,Retail,Branch,1969-06-03,F,Active
C01011467,2023-03-28,B010,ZM,Retail,USSD,2013-05-08,M,Dormant
C01011468,2022-07-17,B002,ZM,Retail,Agent,2000-01-29,F,Dormant
C01011469,2025-09-22,B005,ZM,Retail,App,2009-05-30,M,Active
C01011470,2022-12-10,B004,ZM,Retail,ATM,2013-02-17,F,Active
C01011471,2026-01-22,B020,ZM,Retail,App,2014-03-22,M,Active
C01011472,2022-12-09,B004,ZM,Retail,App,1964-06-09,F,Dormant
C01011473,2022-04-01,B015,ZM,Retail,App,1967-03-12,M,Active
C01011474,2024-05-01,B015,ZM,Retail,Branch,1968-01-10,F,Dormant
C01011475,2024-11-15,B015,ZM,Retail,Branch,1984-10-05,F,Closed
C01011476,2022-08-09,B005,ZM,Retail,Agent,1962-11-28,F,Active
C01011477,2023-11-01,B010,ZM,Premium,Web,1961-03-08,F,Active
C01011478,2023-10-23,B002,ZM,Retail,ATM,1978-10-29,F,Active
C01011479,2025-02-25,B005,ZM,Retail,Agent,1986-09-19,F,Active
C01011480,2025-07-07,B001,ZM,SME,App,2002-08-07,M,Active
C01011481,2023-01-24,B020,ZM,Retail,Agent,1970-06-23,M,Active
C01011482,2025-07-03,B004,ZM,SME,USSD,1981-08-05,M,Active
C01011483,2023-03-01,B015,ZM,Retail,Agent,1969-08-05,F,Active
C01011484,2025-01-14,B003,ZM,SME,Agent,2004-07-13,M,Active
C01011485,2024-03-20,B001,ZM,SME,App,1968-11-14,F,Active
C01011486,2024-05-26,B015,ZM,Retail,Agent,2012-11-26,F,Active
C01011487,2022-09-05,B010,ZM,Retail,ATM,2001-11-11,M,Active
C01011488,2023-04-21,B001,ZM,SME,App,2009-10-08,M,Closed
C01011489,2023-03-14,B005,ZM,SME,Branch,1997-03-23,M,Active
C01011490,2022-08-05,B002,ZM,SME,Branch,1964-02-02,F,Active
C01011491,2024-01-01,B004,ZM,Retail,Agent,1969-06-01,M,Active
C01011492,2023-10-25,B020,ZM,SME,Agent,1994-10-21,F,Active
C01011493,2022-12-22,B010,ZM,Retail,ATM,1973-12-16,F,Active
C01011494,2022-01-31,B010,ZM,Retail,Web,1991-10-30,F,Active
C01011495,2024-04-03,B003,ZM,Retail,App,1964-07-26,M,Active
C01011496,2025-09-01,B001,ZM,Retail,ATM,2005-07-07,M,Active
C01011497,2023-10-10,B003,ZM,Retail,Agent,1983-03-07,M,Active
C01011498,2022-01-25,B002,ZM,Retail,Agent,1968-11-02,M,Dormant
C01011499,2024-03-08,B015,ZM,Retail,Agent,2012-03-13,F,Active
C01011500,2023-03-12,B002,ZM,Retail,Agent,1985-07-23,F,Active
C01011501,2024-07-28,B015,ZM,SME,USSD,2001-11-12,F,Active
C01011502,2023-03-27,B003,ZM,Retail,Agent,2006-12-31,F,Dormant
C01011503,2022-05-16,B004,ZM,Retail,Agent,1989-06-26,M,Active
C01011504,2025-09-09,B002,ZM,Retail,USSD,1992-09-18,M,Dormant
C01011505,2023-07-25,B003,ZM,Retail,Web,1960-11-04,F,Dormant
C01011506,2025-08-24,B001,ZM,Retail,Branch,1970-10-22,M,Active
C01011507,2025-07-01,B003,ZM,Retail,Agent,1966-11-29,F,Active
C01011508,2024-01-26,B003,ZM,Retail,Agent,1978-06-26,F,Active
C01011509,2022-03-31,B005,ZM,Premium,ATM,1999-04-03,M,Active
C01011510,2022-05-18,B002,ZM,Retail,App,1990-07-26,F,Active
C01011511,2023-03-24,B020,ZM,Retail,ATM,1980-01-18,M,Active
C01011512,2024-04-21,B004,ZM,Retail,Agent,1990-04-18,M,Active
C01011513,2023-09-10,B004,ZM,Retail,Web,2007-07-23,F,Active
C01011514,2025-05-11,B005,ZM,Retail,ATM,1974-11-10,M,Active
C01011515,2024-10-20,B015,ZM,Retail,Web,1970-09-16,M,Closed
C01011516,2022-07-28,B010,ZM,Retail,Web,1962-01-11,F,Active
C01011517,2025-12-30,B015,ZM,Retail,Agent,2002-05-24,M,Active
C01011518,2025-01-03,B004,ZM,Retail,Web,1974-12-07,M,Active
C01011519,2025-03-11,B003,ZM,Retail,ATM,2010-01-26,M,Active
C01011520,2022-12-18,B005,ZM,SME,USSD,2007-05-31,M,Active
C01011521,2023-05-31,B001,ZM,Retail,App,1999-10-20,M,Active
C01011522,2022-07-14,B002,ZM,Retail,Web,2006-11-19,M,Active
C01011523,2025-05-13,B002,ZM,Retail,Agent,1960-04-23,F,Active
C01011524,2023-10-27,B020,ZM,Premium,Branch,2002-04-25,M,Active
C01011525,2025-07-16,B002,ZM,SME,Web,1972-05-05,F,Active
C01011526,2025-11-27,B003,ZM,Retail,ATM,2001-12-25,F,Active
C01011527,2024-03-06,B001,ZM,SME,Web,2013-09-18,F,Active
C01011528,2025-10-20,B005,ZM,Retail,Branch,1965-01-16,F,Active
C01011529,2025-11-21,B005,ZM,Premium,USSD,1980-05-03,F,Active
C01011530,2022-09-30,B002,ZM,Retail,ATM,2001-12-24,F,Active
C01011531,2023-11-12,B001,ZM,Retail,ATM,1970-01-16,M,Active
C01011532,2022-12-26,B001,ZM,Retail,Agent,1997-04-11,M,Dormant
C01011533,2025-07-25,B001,ZM,Retail,ATM,1969-06-28,F,Active
C01011534,2025-11-09,B004,ZM,Retail,Branch,1998-04-14,F,Dormant
C01011535,2023-10-14,B004,ZM,Retail,ATM,1962-06-19,F,Active
C01011536,2025-09-26,B002,ZM,Retail,USSD,2009-07-27,M,Active
C01011537,2024-09-14,B001,ZM,Retail,App,2005-12-06,M,Closed
C01011538,2022-05-19,B010,ZM,Retail,App,1969-12-18,F,Active
C01011539,2023-11-18,B001,ZM,SME,Web,2002-03-01,F,Active
C01011540,2022-02-06,B005,ZM,SME,App,1973-11-14,F,Dormant
C01011541,2025-05-31,B005,ZM,Premium,Branch,1971-08-23,F,Active
C01011542,2025-04-13,B002,ZM,Retail,App,1978-03-12,F,Active
C01011543,2024-07-08,B010,ZM,Retail,Branch,2013-06-11,F,Active
C01011544,2024-02-23,B001,ZM,Retail,Branch,2012-10-04,M,Active
C01011545,2024-11-12,B015,ZM,Retail,Web,1994-06-20,M,Active
C01011546,2025-08-04,B010,ZM,Retail,App,1982-07-19,M,Active
C01011547,2023-04-22,B020,ZM,Retail,Web,2003-03-01,F,Active
C01011548,2024-10-28,B002,ZM,SME,ATM,2003-12-30,M,Active
C01011549,2025-04-18,B005,ZM,Retail,USSD,1970-10-27,M,Active
C01011550,2025-12-14,B015,ZM,SME,App,2008-01-15,F,Active
C01011551,2022-01-28,B005,ZM,Retail,ATM,1977-10-04,F,Active
C01011552,2023-04-22,B004,ZM,Retail,Agent,2003-07-11,F,Active
C01011553,2022-02-13,B002,ZM,Retail,ATM,1990-05-26,F,Active
C01011554,2025-06-16,B002,ZM,Retail,Web,1980-05-03,F,Active
C01011555,2022-09-12,B001,ZM,Premium,Web,1963-08-14,M,Dormant
C01011556,2023-09-25,B001,ZM,Retail,USSD,2000-02-20,M,Dormant
C01011557,2023-04-30,B004,ZM,Retail,USSD,1997-08-11,F,Dormant
C01011558,2024-05-27,B015,ZM,Retail,USSD,2010-03-17,F,Dormant
C01011559,2023-05-14,B020,ZM,Retail,USSD,1969-07-06,M,Active
C01011560,2025-06-23,B003,ZM,Retail,Web,1960-08-16,M,Active
C01011561,2022-06-12,B010,ZM,Retail,Branch,1976-05-01,M,Active
C01011562,2022-05-03,B003,ZM,Retail,Web,1985-09-23,F,Closed
C01011563,2022-10-09,B003,ZM,Retail,Branch,2009-01-28,F,Active
C01011564,2024-02-07,B002,ZM,Retail,Web,1961-05-04,F,Active
C01011565,2024-10-18,B010,ZM,SME,Agent,2009-04-03,F,Active
C01011566,2023-08-31,B002,ZM,SME,Web,1992-11-12,M,Active
C01011567,2023-02-18,B020,ZM,Retail,USSD,1991-07-27,M,Active
C01011568,2022-11-07,B010,ZM,Retail,Branch,2001-10-06,F,Active
C01011569,2024-02-09,B005,ZM,Retail,ATM,2004-11-25,M,Active
C01011570,2023-02-23,B002,ZM,SME,Agent,1962-10-28,F,Closed
C01011571,2025-08-07,B002,ZM,Retail,ATM,1961-04-27,M,Active
C01011572,2022-03-19,B002,ZM,SME,Agent,1975-03-24,F,Active
C01011573,2023-05-03,B015,ZM,Retail,ATM,1983-01-17,F,Dormant
C01011574,2026-01-25,B004,ZM,Retail,USSD,1986-04-20,M,Dormant
C01011575,2025-05-09,B002,ZM,Retail,ATM,1977-06-02,M,Active
C01011576,2024-06-27,B020,ZM,Retail,Web,1972-02-09,M,Active
C01011577,2023-11-05,B001,ZM,Retail,USSD,1979-02-18,M,Active
C01011578,2022-10-02,B001,ZM,Retail,ATM,1995-06-17,M,Active
C01011579,2023-07-24,B010,ZM,Retail,USSD,1976-09-15,F,Active
C01011580,2023-10-13,B005,ZM,Retail,Web,1974-07-23,F,Dormant
C01011581,2025-08-11,B004,ZM,SME,USSD,1970-11-26,F,Dormant
C01011582,2022-03-23,B015,ZM,Retail,ATM,1995-01-19,M,Active
C01011583,2024-12-02,B010,ZM,SME,USSD,2012-06-27,F,Active
C01011584,2024-04-29,B001,ZM,Premium,Agent,1963-05-31,M,Active
C01011585,2025-08-20,B004,ZM,SME,App,1994-06-28,M,Closed
C01011586,2023-08-14,B004,ZM,SME,ATM,2014-01-18,M,Active
C01011587,2022-02-18,B005,ZM,SME,Web,1994-04-23,F,Active
C01011588,2023-04-15,B020,ZM,Retail,Branch,2009-06-23,F,Active
C01011589,2026-02-09,B004,ZM,Retail,USSD,1991-08-13,M,Dormant
C01011590,2023-11-10,B002,ZM,Retail,Agent,2000-11-24,F,Active
C01011591,2023-12-03,B004,ZM,Retail,USSD,1983-04-15,F,Dormant
C01011592,2023-05-12,B005,ZM,Premium,ATM,1995-09-29,M,Dormant
C01011593,2023-02-26,B010,ZM,Retail,Agent,2002-05-11,M,Active
C01011594,2025-01-09,B005,ZM,Retail,ATM,1961-10-14,F,Active
C01011595,2022-04-21,B015,ZM,Retail,App,1994-11-22,F,Active
C01011596,2025-09-23,B005,ZM,Premium,Web,1999-09-12,M,Active
C01011597,2023-05-24,B001,ZM,Retail,Agent,1991-12-26,F,Active
C01011598,2025-11-08,B002,ZM,Retail,Agent,1965-12-12,F,Active
C01011599,2025-11-26,B020,ZM,Retail,USSD,1999-03-14,F,Active
C01011600,2026-01-13,B001,ZM,Retail,USSD,1970-08-15,M,Dormant
C01011601,2023-04-01,B010,ZM,Retail,Branch,1982-01-22,M,Active
C01011602,2025-05-30,B003,ZM,Retail,Agent,2011-11-11,M,Active
C01011603,2024-02-21,B010,ZM,SME,USSD,1992-09-18,F,Active
C01011604,2024-12-03,B002,ZM,Retail,USSD,1972-09-28,M,Active
C01011605,2023-10-21,B004,ZM,Retail,App,1968-01-09,M,Active
C01011606,2023-01-11,B005,ZM,SME,Branch,1988-11-15,F,Active
C01011607,2024-06-24,B003,ZM,Premium,USSD,1964-12-04,F,Closed
C01011608,2025-07-13,B002,ZM,Premium,USSD,1970-05-10,F,Active
C01011609,2022-01-13,B001,ZM,Retail,Web,1996-06-22,F,Closed
C01011610,2022-05-13,B005,ZM,Premium,Agent,1986-10-02,M,Closed
C01011611,2024-10-03,B010,ZM,Retail,USSD,1973-01-09,M,Active
C01011612,2022-05-24,B001,ZM,Retail,App,1994-11-04,F,Active
C01011613,2023-01-30,B002,ZM,Retail,USSD,1966-07-10,M,Active
C01011614,2022-04-17,B002,ZM,Retail,Agent,1960-05-24,M,Dormant
C01011615,2025-07-23,B010,ZM,Retail,USSD,2003-02-03,F,Active
C01011616,2022-10-17,B003,ZM,Retail,ATM,1960-11-12,F,Active
C01011617,2023-02-23,B010,ZM,SME,USSD,1979-07-09,F,Active
C01011618,2022-09-15,B004,ZM,Retail,Branch,1977-09-23,M,Dormant
C01011619,2022-07-07,B001,ZM,Retail,Agent,1992-08-26,M,Active
C01011620,2022-12-22,B003,ZM,Retail,Agent,1964-03-01,M,Active
C01011621,2025-04-28,B005,ZM,Retail,ATM,2006-11-22,M,Active
C01011622,2025-01-29,B015,ZM,Premium,Branch,1983-02-24,M,Active
C01011623,2023-02-23,B004,ZM,SME,Branch,1974-01-16,M,Active
C01011624,2023-04-29,B003,ZM,Premium,Agent,1985-04-21,F,Active
C01011625,2024-11-05,B015,ZM,Retail,App,1979-01-03,F,Active
C01011626,2022-06-10,B015,ZM,Retail,USSD,1970-02-03,F,Active
C01011627,2024-05-22,B001,ZM,Retail,Branch,2008-04-13,F,Active
C01011628,2026-01-24,B002,ZM,Retail,USSD,1979-12-05,M,Active
C01011629,2024-08-14,B005,ZM,Retail,USSD,2011-11-05,F,Active
C01011630,2023-09-30,B010,ZM,Retail,App,1972-04-14,F,Dormant
C01011631,2022-12-03,B001,ZM,Retail,App,1985-11-20,F,Active
C01011632,2026-01-17,B004,ZM,Retail,Branch,2008-08-10,F,Active
C01011633,2023-02-09,B020,ZM,Retail,Branch,1986-04-09,M,Active
C01011634,2023-05-17,B015,ZM,Retail,Agent,2005-02-28,M,Active
C01011635,2024-05-18,B004,ZM,Retail,ATM,1965-12-01,M,Active
C01011636,2022-12-28,B015,ZM,Retail,USSD,1979-10-09,F,Active
C01011637,2025-05-25,B002,ZM,Retail,Agent,1962-02-11,F,Active
C01011638,2023-05-25,B020,ZM,Retail,USSD,1960-11-30,M,Active
C01011639,2023-09-13,B002,ZM,SME,App,1987-01-16,F,Active
C01011640,2023-08-08,B005,ZM,SME,App,1969-08-11,F,Active
C01011641,2025-03-26,B010,ZM,Retail,Agent,1998-02-19,M,Active
C01011642,2024-07-07,B005,ZM,Retail,Branch,2013-11-21,F,Active
C01011643,2025-07-25,B002,ZM,Retail,ATM,1966-09-10,F,Active
C01011644,2023-02-17,B002,ZM,Retail,ATM,1961-05-21,F,Active
C01011645,2023-07-11,B004,ZM,Premium,App,1988-05-20,F,Active
C01011646,2024-09-12,B002,ZM,Premium,App,1980-07-05,F,Active
C01011647,2022-06-13,B020,ZM,SME,ATM,1964-03-15,F,Active
C01011648,2024-01-07,B020,ZM,Retail,ATM,1973-03-21,F,Active
C01011649,2024-03-26,B003,ZM,Premium,Branch,1969-01-20,F,Active
C01011650,2024-02-13,B015,ZM,Retail,ATM,1993-01-15,F,Active
C01011651,2022-12-10,B001,ZM,SME,USSD,1966-05-24,F,Active
C01011652,2024-08-22,B002,ZM,Retail,ATM,1993-10-29,M,Active
C01011653,2024-06-22,B005,ZM,Retail,Web,2002-09-23,M,Active
C01011654,2024-05-15,B010,ZM,Retail,ATM,1992-09-20,M,Dormant
C01011655,2024-10-31,B015,ZM,Retail,App,2009-05-07,M,Active
C01011656,2025-06-02,B015,ZM,Retail,App,1994-10-27,F,Dormant
C01011657,2024-06-06,B010,ZM,SME,Web,1986-02-01,M,Active
C01011658,2022-11-16,B010,ZM,Retail,USSD,1996-04-08,M,Active
C01011659,2024-09-14,B015,ZM,Retail,ATM,1981-12-26,M,Active
C01011660,2022-02-10,B003,ZM,Retail,ATM,1980-09-24,M,Active
C01011661,2024-02-21,B005,ZM,Retail,Web,1989-08-09,M,Active
C01011662,2024-05-25,B003,ZM,Premium,Branch,1980-11-15,F,Active
C01011663,2022-06-20,B002,ZM,Retail,Branch,1987-10-19,M,Active
C01011664,2023-09-07,B001,ZM,Retail,USSD,2009-05-03,F,Active
C01011665,2025-05-03,B010,ZM,SME,ATM,1968-02-20,F,Active
C01011666,2025-01-05,B020,ZM,SME,ATM,1968-05-20,F,Active
C01011667,2022-11-09,B005,ZM,Retail,ATM,1960-04-12,F,Active
C01011668,2025-02-06,B010,ZM,SME,App,1989-03-26,M,Active
C01011669,2026-01-28,B003,ZM,Retail,Agent,1961-07-13,F,Active
C01011670,2022-12-26,B004,ZM,SME,Branch,1970-08-18,F,Active
C01011671,2023-06-11,B002,ZM,Retail,Agent,1984-10-09,F,Active
C01011672,2024-02-19,B001,ZM,Premium,Web,2004-09-26,M,Dormant
C01011673,2024-08-07,B002,ZM,Retail,Agent,1997-09-25,F,Dormant
C01011674,2023-09-19,B004,ZM,Retail,App,1983-04-15,M,Dormant
C01011675,2024-07-17,B001,ZM,Retail,App,1973-12-12,M,Closed
C01011676,2023-08-04,B004,ZM,Retail,Branch,2004-01-05,F,Active
C01011677,2024-02-08,B002,ZM,SME,ATM,2005-05-10,F,Dormant
C01011678,2025-02-25,B003,ZM,Retail,USSD,2012-07-02,F,Active
C01011679,2025-05-26,B015,ZM,Retail,Agent,1998-01-30,F,Active
C01011680,2024-09-11,B002,ZM,Retail,Web,1970-12-20,M,Active
C01011681,2022-05-28,B002,ZM,Retail,Branch,1988-09-17,F,Active
C01011682,2023-11-14,B002,ZM,Premium,USSD,2002-05-21,M,Dormant
C01011683,2022-10-07,B005,ZM,Retail,Branch,1982-02-20,M,Active
C01011684,2026-01-04,B004,ZM,Retail,Branch,2009-07-03,M,Active
C01011685,2024-08-19,B020,ZM,Retail,Branch,1990-03-25,M,Dormant
C01011686,2023-02-05,B004,ZM,SME,Branch,1988-10-16,F,Active
C01011687,2022-11-13,B010,ZM,Retail,ATM,1969-12-21,M,Active
C01011688,2023-01-24,B004,ZM,Retail,App,1972-04-10,M,Active
C01011689,2022-01-09,B010,ZM,SME,Agent,2008-12-25,F,Active
C01011690,2022-01-27,B005,ZM,Retail,Branch,1966-11-07,F,Active
C01011691,2024-10-22,B003,ZM,Retail,USSD,2000-04-14,F,Active
C01011692,2026-02-04,B010,ZM,Premium,Agent,2004-03-14,F,Active
C01011693,2026-01-25,B002,ZM,SME,USSD,1989-07-24,M,Active
C01011694,2024-02-06,B003,ZM,SME,USSD,1968-11-01,M,Active
C01011695,2024-10-03,B015,ZM,Premium,App,1972-01-08,M,Active
C01011696,2024-04-08,B005,ZM,Retail,App,1981-01-04,M,Active
C01011697,2024-05-01,B004,ZM,Retail,USSD,2013-02-18,M,Dormant
C01011698,2024-03-19,B010,ZM,Retail,ATM,1993-05-20,M,Active
C01011699,2024-02-04,B020,ZM,Retail,App,2010-06-28,F,Active
C01011700,2024-02-26,B002,ZM,SME,App,2004-08-27,F,Active
C01011701,2024-09-29,B001,ZM,SME,ATM,2005-06-16,M,Active
C01011702,2023-09-23,B015,ZM,Retail,Branch,1968-10-31,M,Active
C01011703,2025-08-05,B001,ZM,Premium,App,1990-08-16,M,Dormant
C01011704,2025-04-19,B003,ZM,Retail,Agent,1992-07-02,M,Active
C01011705,2022-05-26,B004,ZM,Retail,USSD,1983-04-16,M,Active
C01011706,2024-04-17,B020,ZM,Retail,USSD,1973-11-19,F,Active
C01011707,2022-03-21,B001,ZM,Retail,ATM,1993-10-07,F,Active
C01011708,2022-09-12,B003,ZM,Retail,USSD,1964-02-03,F,Dormant
C01011709,2024-02-28,B005,ZM,SME,Web,2013-09-12,M,Active
C01011710,2025-03-04,B003,ZM,Retail,USSD,2001-06-08,M,Active
C01011711,2022-11-29,B015,ZM,SME,ATM,1974-06-04,F,Active
C01011712,2023-02-02,B020,ZM,Retail,ATM,1980-05-16,M,Active
C01011713,2024-06-12,B020,ZM,Retail,ATM,1994-05-23,M,Active
C01011714,2023-06-07,B003,ZM,Retail,Agent,1961-09-10,M,Active
C01011715,2026-01-19,B015,ZM,Retail,Web,1973-10-09,M,Active
C01011716,2023-12-15,B003,ZM,Premium,App,1986-07-10,F,Active
C01011717,2024-11-09,B020,ZM,Retail,Branch,1986-04-05,M,Active
C01011718,2025-12-23,B020,ZM,Premium,USSD,1999-01-14,F,Dormant
C01011719,2024-09-27,B002,ZM,Premium,Agent,1993-03-05,M,Dormant
C01011720,2025-07-24,B003,ZM,Premium,App,1985-02-19,F,Active
C01011721,2025-11-11,B010,ZM,Retail,ATM,1997-12-07,F,Dormant
C01011722,2024-01-25,B003,ZM,Premium,App,2001-07-01,M,Active
C01011723,2025-11-27,B020,ZM,Retail,App,2002-01-13,F,Active
C01011724,2022-04-29,B002,ZM,Retail,Web,1972-09-05,F,Active
C01011725,2025-08-26,B002,ZM,Retail,ATM,1963-04-16,F,Active
C01011726,2024-02-29,B005,ZM,Premium,Agent,1992-02-16,F,Dormant
C01011727,2024-05-18,B015,ZM,Retail,Agent,1965-10-19,F,Active
C01011728,2023-05-21,B004,ZM,Retail,ATM,1999-08-12,M,Active
C01011729,2023-05-12,B001,ZM,Retail,USSD,1969-02-16,F,Active
C01011730,2024-09-05,B001,ZM,Retail,Agent,1962-06-14,M,Active
C01011731,2022-03-12,B003,ZM,Retail,Agent,2001-04-30,F,Active
C01011732,2024-01-11,B005,ZM,SME,USSD,1978-04-06,F,Active
C01011733,2025-07-16,B003,ZM,Retail,USSD,1965-06-26,M,Active
C01011734,2025-12-18,B001,ZM,SME,Agent,2004-11-10,F,Active
C01011735,2025-10-17,B015,ZM,Retail,Agent,2001-08-12,F,Closed
C01011736,2022-02-27,B020,ZM,Premium,Agent,1970-12-28,F,Active
C01011737,2025-11-29,B015,ZM,Retail,USSD,1992-06-11,M,Active
C01011738,2025-09-25,B015,ZM,Retail,Agent,1994-06-22,M,Active
C01011739,2025-08-14,B002,ZM,Retail,App,1983-08-24,F,Active
C01011740,2022-10-30,B020,ZM,Retail,App,2003-02-15,M,Active
C01011741,2023-06-20,B004,ZM,SME,USSD,2007-09-09,F,Active
C01011742,2025-05-24,B020,ZM,Retail,USSD,1980-08-15,M,Active
C01011743,2024-07-21,B005,ZM,SME,USSD,2003-03-02,M,Active
C01011744,2025-10-26,B002,ZM,SME,Branch,1965-06-28,M,Dormant
C01011745,2022-10-29,B004,ZM,Retail,USSD,1979-06-04,F,Dormant
C01011746,2023-06-05,B005,ZM,Retail,Branch,1968-10-06,M,Active
C01011747,2023-05-22,B005,ZM,Retail,USSD,2003-08-30,F,Active
C01011748,2025-05-18,B001,ZM,Retail,ATM,1988-07-13,M,Dormant
C01011749,2025-03-30,B002,ZM,Retail,Web,1987-07-14,F,Closed
C01011750,2025-09-19,B005,ZM,Premium,Agent,1980-06-23,F,Active
C01011751,2022-11-27,B010,ZM,Retail,Agent,2007-07-22,M,Active
C01011752,2022-01-26,B015,ZM,Retail,App,1961-06-06,M,Dormant
C01011753,2022-08-28,B005,ZM,Retail,ATM,1976-08-29,F,Active
C01011754,2022-07-09,B004,ZM,Retail,Web,1999-09-06,F,Active
C01011755,2025-08-12,B001,ZM,SME,Agent,1986-08-07,M,Active
C01011756,2025-12-28,B003,ZM,SME,Agent,1966-07-16,M,Active
C01011757,2024-02-27,B015,ZM,Retail,Branch,1987-01-25,F,Active
C01011758,2024-03-25,B001,ZM,SME,App,2005-02-23,F,Active
C01011759,2025-12-17,B003,ZM,Retail,Branch,1989-02-04,F,Active
C01011760,2025-04-15,B002,ZM,Retail,Branch,2001-03-07,F,Active
C01011761,2022-06-14,B002,ZM,Retail,App,1976-03-30,M,Active
C01011762,2024-11-27,B005,ZM,SME,Web,1994-05-22,M,Active
C01011763,2023-01-22,B010,ZM,Retail,App,1964-06-20,M,Active
C01011764,2024-05-16,B002,ZM,Retail,USSD,1974-07-14,M,Dormant
C01011765,2022-12-06,B020,ZM,Retail,Branch,2010-06-23,M,Active
C01011766,2024-05-24,B005,ZM,Retail,USSD,1975-07-01,M,Dormant
C01011767,2023-06-02,B015,ZM,Premium,App,1989-10-24,F,Active
C01011768,2025-11-17,B001,ZM,Retail,App,1983-04-15,M,Dormant
C01011769,2023-09-11,B002,ZM,SME,Agent,1995-05-21,F,Dormant
C01011770,2024-10-22,B020,ZM,Retail,Web,2007-05-18,M,Closed
C01011771,2024-12-27,B001,ZM,Retail,Branch,1996-02-20,M,Active
C01011772,2025-09-10,B001,ZM,Retail,ATM,1973-03-26,F,Active
C01011773,2024-02-23,B010,ZM,Retail,App,2000-06-13,M,Active
C01011774,2025-04-15,B002,ZM,Retail,Agent,1976-09-05,F,Dormant
C01011775,2023-09-23,B001,ZM,Retail,ATM,2009-10-16,F,Active
C01011776,2024-04-22,B010,ZM,Retail,Branch,2006-04-23,F,Dormant
C01011777,2026-01-30,B010,ZM,SME,USSD,1986-12-08,M,Active
C01011778,2022-07-02,B002,ZM,Retail,Branch,1964-02-06,F,Active
C01011779,2022-08-12,B010,ZM,Retail,Web,2000-04-02,F,Active
C01011780,2025-07-26,B002,ZM,Retail,ATM,1997-05-17,F,Active
C01011781,2025-03-18,B020,ZM,Retail,Agent,1998-06-14,F,Active
C01011782,2023-12-07,B002,ZM,Retail,ATM,1982-06-28,F,Active
C01011783,2022-10-20,B003,ZM,SME,USSD,1972-03-17,M,Active
C01011784,2023-07-05,B001,ZM,Retail,Agent,1960-12-03,M,Dormant
C01011785,2023-03-06,B020,ZM,SME,USSD,1999-12-14,M,Active
C01011786,2024-03-26,B004,ZM,SME,App,1993-11-04,F,Active
C01011787,2025-12-02,B002,ZM,Retail,Branch,1978-07-23,M,Active
C01011788,2023-09-23,B001,ZM,Retail,Web,1972-11-25,M,Dormant
C01011789,2022-01-14,B015,ZM,Retail,App,2002-11-26,F,Active
C01011790,2022-12-11,B010,ZM,Retail,Branch,1966-01-24,F,Active
C01011791,2024-10-04,B005,ZM,SME,USSD,1978-07-12,M,Active
C01011792,2022-01-04,B002,ZM,SME,Web,1990-05-07,M,Active
C01011793,2022-07-18,B010,ZM,Retail,USSD,1978-09-06,M,Active
C01011794,2022-05-24,B010,ZM,Retail,Agent,2009-03-16,F,Closed
C01011795,2025-11-27,B010,ZM,Premium,USSD,1995-12-19,M,Active
C01011796,2024-05-05,B010,ZM,Retail,ATM,2002-09-10,M,Active
C01011797,2024-12-11,B010,ZM,SME,Branch,1997-06-17,M,Active
C01011798,2024-05-03,B002,ZM,SME,App,1972-05-30,M,Dormant
C01011799,2025-09-02,B015,ZM,Retail,ATM,1992-02-17,F,Active
C01011800,2023-08-14,B004,ZM,Retail,Agent,2014-03-01,M,Active
C01011801,2024-06-01,B003,ZM,Retail,Branch,1971-04-01,F,Active
C01011802,2022-12-16,B010,ZM,Retail,Agent,1979-07-19,M,Active
C01011803,2022-12-28,B010,ZM,Retail,Branch,2007-06-17,F,Active
C01011804,2024-02-07,B003,ZM,Retail,Branch,1998-09-08,M,Dormant
C01011805,2023-01-17,B015,ZM,SME,Web,2005-03-18,M,Active
C01011806,2025-12-12,B020,ZM,Retail,ATM,2002-08-18,F,Active
C01011807,2022-10-03,B015,ZM,Retail,App,2014-06-28,M,Dormant
C01011808,2023-02-10,B020,ZM,Retail,ATM,1964-09-03,M,Active
C01011809,2024-09-23,B002,ZM,Retail,Agent,1996-06-18,F,Active
C01011810,2023-01-08,B001,ZM,Retail,USSD,1962-09-16,F,Active
C01011811,2024-10-26,B005,ZM,Retail,Agent,1983-08-14,F,Active
C01011812,2022-08-14,B005,ZM,Retail,Branch,2006-05-20,M,Active
C01011813,2024-07-11,B001,ZM,Retail,USSD,2006-12-13,M,Closed
C01011814,2025-03-07,B002,ZM,Retail,ATM,1995-04-17,F,Dormant
C01011815,2023-03-12,B005,ZM,Retail,App,2013-01-18,F,Active
C01011816,2023-01-16,B015,ZM,Retail,USSD,1980-12-20,F,Dormant
C01011817,2023-02-16,B003,ZM,Retail,USSD,1975-10-28,M,Active
C01011818,2022-05-01,B001,ZM,SME,Web,1965-02-28,M,Active
C01011819,2023-01-10,B015,ZM,Retail,ATM,1990-01-07,F,Active
C01011820,2023-01-28,B004,ZM,Retail,USSD,1993-03-29,F,Active
C01011821,2023-06-16,B002,ZM,SME,ATM,1981-02-09,F,Active
C01011822,2024-04-17,B001,ZM,Retail,App,1983-04-20,F,Active
C01011823,2024-06-21,B005,ZM,SME,USSD,1960-07-16,M,Active
C01011824,2025-07-07,B002,ZM,Retail,App,1991-02-12,F,Active
C01011825,2025-07-02,B003,ZM,Retail,Agent,1962-04-12,F,Active
C01011826,2022-08-12,B002,ZM,Retail,USSD,2007-01-31,M,Dormant
C01011827,2025-07-27,B002,ZM,Retail,Branch,2014-03-09,F,Dormant
C01011828,2022-12-07,B003,ZM,Retail,Web,1972-12-27,F,Active
C01011829,2022-06-13,B010,ZM,Retail,Web,2002-07-19,M,Active
C01011830,2023-08-24,B003,ZM,Retail,Web,1977-12-11,F,Active
C01011831,2022-06-25,B015,ZM,Premium,App,2011-10-30,F,Active
C01011832,2024-02-13,B002,ZM,Retail,ATM,1997-07-05,F,Active
C01011833,2022-09-13,B020,ZM,Retail,Web,1967-07-09,M,Active
C01011834,2023-07-21,B003,ZM,Retail,Agent,1989-05-15,F,Dormant
C01011835,2022-05-12,B010,ZM,Retail,USSD,2013-06-26,M,Active
C01011836,2023-12-02,B015,ZM,SME,USSD,2000-04-25,M,Dormant
C01011837,2022-03-02,B020,ZM,Retail,Branch,1998-06-29,M,Active
C01011838,2025-04-14,B020,ZM,Retail,App,1983-02-02,F,Active
C01011839,2023-04-26,B001,ZM,Retail,USSD,1960-10-16,M,Dormant
C01011840,2024-09-05,B003,ZM,SME,USSD,1988-03-12,M,Active
C01011841,2024-09-20,B003,ZM,Retail,Branch,1977-03-18,F,Closed
C01011842,2025-10-09,B002,ZM,Retail,Branch,1988-11-09,M,Active
C01011843,2022-07-26,B015,ZM,Retail,ATM,1996-11-30,M,Dormant
C01011844,2022-01-20,B001,ZM,Retail,ATM,2000-05-23,M,Active
C01011845,2022-05-06,B004,ZM,Retail,ATM,1965-03-08,F,Active
C01011846,2023-06-29,B004,ZM,Retail,USSD,2002-06-30,M,Active
C01011847,2022-01-15,B005,ZM,SME,Branch,2004-11-15,M,Active
C01011848,2025-09-24,B003,ZM,Retail,Agent,2013-05-31,F,Active
C01011849,2025-04-07,B003,ZM,Retail,App,2001-07-27,F,Active
C01011850,2022-03-27,B001,ZM,Retail,ATM,2004-11-02,M,Active
C01011851,2022-07-18,B010,ZM,Retail,Agent,1990-05-31,F,Active
C01011852,2023-03-09,B004,ZM,Retail,Web,1990-11-19,M,Active
C01011853,2024-12-05,B005,ZM,Retail,USSD,1982-11-06,F,Closed
C01011854,2022-01-15,B001,ZM,Retail,App,1974-03-31,M,Active
C01011855,2024-02-09,B003,ZM,Retail,USSD,1999-02-22,F,Active
C01011856,2025-05-19,B004,ZM,Retail,Agent,1966-11-27,M,Active
C01011857,2024-12-01,B015,ZM,Retail,ATM,2012-08-19,M,Active
C01011858,2023-06-29,B005,ZM,Retail,Agent,1962-06-24,F,Active
C01011859,2024-09-22,B002,ZM,Retail,Agent,1981-08-22,F,Active
C01011860,2024-08-27,B004,ZM,Retail,USSD,2007-04-11,F,Active
C01011861,2023-11-22,B005,ZM,Retail,ATM,1983-04-18,F,Active
C01011862,2025-05-22,B001,ZM,SME,USSD,1973-03-15,F,Active
C01011863,2024-05-29,B002,ZM,Retail,ATM,1976-03-25,M,Active
C01011864,2023-11-21,B005,ZM,Retail,Branch,2002-10-12,M,Dormant
C01011865,2024-01-30,B005,ZM,SME,Branch,1978-11-05,F,Active
C01011866,2025-10-28,B020,ZM,Retail,Branch,1996-02-08,M,Active
C01011867,2023-12-04,B020,ZM,SME,Branch,1971-09-07,M,Active
C01011868,2023-10-08,B020,ZM,Retail,Branch,2000-11-09,F,Active
C01011869,2023-05-06,B003,ZM,Retail,Web,1978-07-03,M,Active
C01011870,2024-01-10,B010,ZM,Retail,USSD,1976-03-03,F,Active
C01011871,2025-09-24,B004,ZM,Retail,Agent,1965-05-08,M,Active
C01011872,2024-03-27,B003,ZM,Premium,Branch,1975-10-18,M,Closed
C01011873,2024-02-15,B015,ZM,Retail,Web,1975-09-27,F,Active
C01011874,2025-06-04,B002,ZM,Retail,Web,1973-03-17,M,Active
C01011875,2022-04-28,B010,ZM,Retail,USSD,2003-04-03,F,Active
C01011876,2023-12-31,B005,ZM,Retail,USSD,1969-04-07,M,Active
C01011877,2023-11-08,B003,ZM,Retail,ATM,1969-07-19,M,Active
C01011878,2022-07-25,B020,ZM,Retail,ATM,1966-09-23,M,Active
C01011879,2022-01-07,B010,ZM,Retail,Branch,2001-09-12,F,Active
C01011880,2024-07-24,B015,ZM,SME,App,1993-04-13,F,Active
C01011881,2025-12-01,B004,ZM,Retail,ATM,2003-12-20,M,Closed
C01011882,2024-04-02,B015,ZM,Retail,App,1998-03-18,F,Dormant
C01011883,2026-01-25,B002,ZM,Retail,Agent,2014-06-07,F,Dormant
C01011884,2022-10-12,B001,ZM,Premium,ATM,1970-10-29,F,Active
C01011885,2022-02-22,B003,ZM,Retail,Agent,2004-02-14,M,Active
C01011886,2025-05-17,B020,ZM,Retail,Web,1969-07-25,F,Active
C01011887,2022-09-09,B002,ZM,Premium,Web,1997-12-10,F,Active
C01011888,2024-12-22,B001,ZM,Retail,Agent,1974-09-30,F,Active
C01011889,2023-07-27,B020,ZM,Retail,Web,1965-02-17,F,Dormant
C01011890,2025-12-03,B020,ZM,Retail,Agent,1986-06-04,F,Active
C01011891,2023-05-25,B020,ZM,Premium,App,1974-02-20,F,Active
C01011892,2024-01-25,B003,ZM,Premium,Branch,2008-09-24,F,Active
C01011893,2024-07-14,B002,ZM,SME,Agent,1993-05-15,F,Active
C01011894,2025-06-20,B020,ZM,Retail,ATM,1970-03-25,F,Active
C01011895,2025-11-06,B015,ZM,Retail,ATM,1985-12-03,F,Dormant
C01011896,2025-09-11,B002,ZM,Retail,App,1984-01-23,M,Active
C01011897,2024-08-31,B010,ZM,SME,Agent,2009-07-25,M,Active
C01011898,2024-11-20,B015,ZM,SME,Web,1996-04-04,M,Active
C01011899,2024-04-26,B003,ZM,Retail,Branch,2011-10-11,M,Active
C01011900,2025-09-14,B020,ZM,Retail,ATM,2009-08-26,M,Closed
C01011901,2023-01-20,B002,ZM,Retail,Branch,1980-11-15,F,Active
C01011902,2022-01-07,B005,ZM,Retail,Branch,1962-11-27,F,Active
C01011903,2025-07-30,B003,ZM,Retail,USSD,1993-08-16,F,Active
C01011904,2023-10-22,B002,ZM,Retail,Branch,1975-10-07,F,Dormant
C01011905,2022-02-04,B010,ZM,Retail,Agent,1969-04-16,M,Active
C01011906,2025-07-21,B020,ZM,Retail,USSD,1998-02-10,M,Active
C01011907,2024-01-08,B001,ZM,SME,App,2011-11-28,F,Dormant
C01011908,2022-04-04,B020,ZM,SME,Web,1960-09-14,F,Dormant
C01011909,2023-10-29,B001,ZM,Premium,USSD,1978-08-07,M,Active
C01011910,2025-10-20,B005,ZM,Retail,Branch,2012-06-09,F,Dormant
C01011911,2024-06-28,B003,ZM,Retail,Web,1976-01-28,F,Active
C01011912,2023-04-24,B010,ZM,Retail,Branch,1976-10-16,M,Active
C01011913,2025-05-27,B002,ZM,Premium,Branch,1962-08-27,F,Active
C01011914,2024-09-19,B002,ZM,Retail,USSD,1976-03-01,F,Active
C01011915,2024-03-30,B001,ZM,Retail,App,1997-01-26,F,Active
C01011916,2025-06-08,B010,ZM,Retail,Branch,2011-01-06,M,Active
C01011917,2022-06-16,B015,ZM,SME,Agent,2009-04-22,M,Active
C01011918,2023-12-15,B005,ZM,Retail,USSD,1961-03-31,M,Dormant
C01011919,2024-05-26,B001,ZM,Retail,Agent,1968-07-31,M,Active
C01011920,2024-09-02,B001,ZM,Retail,Agent,1983-11-16,M,Active
C01011921,2025-09-10,B005,ZM,SME,Branch,1976-07-16,M,Active
C01011922,2025-12-03,B003,ZM,Retail,Agent,1995-08-30,M,Active
C01011923,2022-07-25,B002,ZM,Retail,Web,1984-02-06,F,Closed
C01011924,2024-02-28,B003,ZM,Retail,App,2004-06-13,M,Active
C01011925,2023-08-25,B010,ZM,Retail,Branch,1966-12-12,F,Active
C01011926,2025-05-28,B015,ZM,Retail,Agent,1965-06-07,M,Active
C01011927,2023-02-04,B020,ZM,Retail,App,1997-11-20,F,Active
C01011928,2025-12-29,B004,ZM,Retail,App,2009-01-06,F,Dormant
C01011929,2022-10-21,B004,ZM,SME,Web,1962-04-08,M,Active
C01011930,2024-12-01,B004,ZM,Retail,Web,1966-05-30,F,Active
C01011931,2025-03-17,B005,ZM,SME,ATM,2000-06-03,M,Active
C01011932,2026-01-07,B001,ZM,Retail,App,2001-09-04,F,Active
C01011933,2024-10-30,B015,ZM,Retail,Branch,1961-09-25,F,Active
C01011934,2022-03-07,B003,ZM,SME,Web,1979-05-20,F,Dormant
C01011935,2022-09-19,B020,ZM,Retail,Branch,1967-03-19,M,Dormant
C01011936,2024-10-16,B002,ZM,Retail,App,1995-11-22,F,Active
C01011937,2022-06-28,B004,ZM,Retail,Web,1977-05-28,F,Active
C01011938,2023-09-10,B003,ZM,SME,ATM,1999-12-25,M,Active
C01011939,2025-10-10,B004,ZM,Retail,App,1963-07-13,M,Dormant
C01011940,2025-01-28,B015,ZM,Retail,Branch,1990-09-20,F,Dormant
C01011941,2024-08-14,B004,ZM,SME,ATM,1960-12-19,M,Active
C01011942,2022-12-11,B002,ZM,Retail,App,1962-12-14,M,Active
C01011943,2024-07-02,B020,ZM,Retail,Web,1986-02-15,M,Dormant
C01011944,2022-08-25,B010,ZM,Retail,Agent,2012-04-30,M,Active
C01011945,2024-09-14,B010,ZM,Premium,App,1977-10-15,F,Active
C01011946,2025-09-19,B015,ZM,Retail,USSD,1978-09-20,M,Active
C01011947,2025-01-12,B010,ZM,Retail,Branch,1976-07-28,F,Active
C01011948,2023-05-09,B005,ZM,Retail,Web,1997-01-27,M,Active
C01011949,2023-05-14,B001,ZM,SME,Web,2001-03-01,M,Active
C01011950,2023-03-10,B005,ZM,SME,USSD,1976-06-19,M,Active
C01011951,2022-12-16,B003,ZM,Retail,Agent,1982-10-08,F,Active
C01011952,2025-09-13,B005,ZM,Retail,ATM,1985-02-01,F,Closed
C01011953,2025-12-04,B003,ZM,SME,Web,1993-10-18,F,Active
C01011954,2022-07-03,B003,ZM,Retail,ATM,2011-10-25,F,Active
C01011955,2022-08-05,B001,ZM,Premium,ATM,1980-01-31,M,Active
C01011956,2024-06-09,B002,ZM,Retail,ATM,1970-02-24,F,Active
C01011957,2026-01-05,B020,ZM,Retail,Agent,1999-07-11,M,Dormant
C01011958,2022-03-01,B015,ZM,Retail,App,1974-05-06,F,Dormant
C01011959,2022-11-25,B001,ZM,Retail,USSD,2010-07-11,M,Active
C01011960,2023-10-31,B015,ZM,Retail,Branch,1984-12-30,F,Active
C01011961,2024-02-25,B010,ZM,Retail,USSD,1999-10-18,M,Active
C01011962,2023-07-29,B010,ZM,Retail,Web,1998-11-13,M,Dormant
C01011963,2023-03-28,B005,ZM,Retail,USSD,1981-09-05,F,Active
C01011964,2026-01-12,B003,ZM,Retail,Branch,2009-10-23,F,Active
C01011965,2023-06-12,B004,ZM,Retail,App,1960-06-23,M,Active
C01011966,2025-09-25,B004,ZM,SME,Web,2008-06-09,M,Dormant
C01011967,2024-09-02,B015,ZM,Retail,App,1979-12-11,F,Active
C01011968,2025-10-05,B003,ZM,Retail,Web,2010-06-29,M,Active
C01011969,2022-09-10,B015,ZM,Retail,Branch,1962-12-01,F,Active
C01011970,2025-09-24,B001,ZM,Retail,App,1995-09-05,M,Active
C01011971,2022-10-06,B002,ZM,Retail,Branch,1989-03-01,F,Active
C01011972,2024-12-30,B020,ZM,Premium,Branch,1983-05-03,F,Active
C01011973,2025-07-21,B001,ZM,SME,Agent,1965-06-17,F,Closed
C01011974,2026-01-25,B003,ZM,Retail,USSD,1974-01-07,M,Active
C01011975,2024-10-04,B003,ZM,SME,Web,1991-05-20,F,Active
C01011976,2022-07-05,B002,ZM,Retail,ATM,2009-05-06,F,Active
C01011977,2025-11-17,B015,ZM,Retail,ATM,1989-02-28,F,Active
C01011978,2023-11-13,B005,ZM,Retail,App,1969-10-02,F,Active
C01011979,2023-04-04,B005,ZM,Retail,Branch,2014-02-25,F,Active
C01011980,2025-03-25,B002,ZM,Retail,USSD,1979-08-24,M,Active
C01011981,2025-05-15,B005,ZM,Retail,Web,2014-04-02,M,Active
C01011982,2022-05-13,B004,ZM,Retail,App,1980-03-04,M,Active
C01011983,2025-08-11,B005,ZM,SME,Branch,1971-05-31,F,Active
C01011984,2023-12-04,B005,ZM,Retail,Agent,2001-06-13,M,Active
C01011985,2024-02-12,B005,ZM,Retail,ATM,1974-03-05,F,Active
C01011986,2026-01-09,B004,ZM,Retail,ATM,2004-04-02,M,Active
C01011987,2026-01-24,B015,ZM,SME,Web,1976-03-01,M,Active
C01011988,2024-02-21,B005,ZM,SME,Web,2008-07-11,M,Dormant
C01011989,2025-09-01,B010,ZM,Retail,Web,1967-10-22,M,Active
C01011990,2025-08-08,B004,ZM,SME,App,1974-05-12,F,Active
C01011991,2025-02-24,B002,ZM,SME,Web,2011-05-15,M,Active
C01011992,2024-06-13,B001,ZM,Retail,App,1970-07-29,M,Active
C01011993,2023-04-23,B002,ZM,Retail,USSD,1994-10-10,F,Active
C01011994,2023-04-03,B001,ZM,Retail,Branch,1979-12-08,M,Active
C01011995,2023-06-15,B020,ZM,Retail,ATM,1991-03-24,M,Dormant
C01011996,2022-08-25,B002,ZM,Retail,App,1964-04-13,F,Active
C01011997,2023-08-19,B010,ZM,Premium,Branch,1986-10-11,M,Active
C01011998,2022-06-29,B001,ZM,Retail,Agent,2010-07-12,M,Active
C01011999,2022-08-17,B001,ZM,Retail,Web,1998-07-05,F,Active
C01012000,2022-07-02,B003,ZM,Retail,ATM,1965-05-03,F,Active
C01012001,2023-11-28,B001,ZM,Retail,Agent,1971-04-03,M,Active
C01012002,2025-04-27,B001,ZM,Retail,App,1998-08-13,M,Active
C01012003,2023-01-21,B003,ZM,Retail,Web,1997-08-29,M,Active
C01012004,2022-08-26,B005,ZM,Retail,Branch,2000-08-07,F,Active
C01012005,2025-03-19,B005,ZM,Premium,USSD,1995-06-13,F,Active
C01012006,2024-01-24,B003,ZM,Retail,Branch,1989-09-15,M,Active
C01012007,2022-09-18,B004,ZM,SME,App,1975-05-26,F,Closed
C01012008,2023-10-04,B020,ZM,Retail,USSD,2000-09-11,F,Active
C01012009,2024-02-18,B001,ZM,Retail,USSD,1974-11-29,M,Active
C01012010,2025-03-27,B001,ZM,Retail,Web,2009-08-10,F,Active
C01012011,2022-01-04,B003,ZM,Retail,Branch,1987-04-01,F,Closed
C01012012,2023-09-29,B003,ZM,Retail,App,1991-12-06,F,Active
C01012013,2022-05-07,B004,ZM,Retail,Agent,1978-06-05,F,Active
C01012014,2025-04-23,B010,ZM,Retail,Agent,2012-10-05,M,Closed
C01012015,2025-01-01,B005,ZM,Retail,USSD,2003-11-22,F,Active
C01012016,2023-01-24,B002,ZM,Retail,Web,1983-10-03,M,Closed
C01012017,2024-03-05,B010,ZM,Retail,Agent,2012-08-09,M,Active
C01012018,2024-05-17,B015,ZM,Retail,USSD,1993-07-09,M,Active
C01012019,2023-10-17,B005,ZM,SME,Branch,1962-02-05,M,Active
C01012020,2024-01-18,B001,ZM,SME,Agent,2000-08-10,F,Closed
C01012021,2025-10-23,B015,ZM,SME,ATM,1960-01-19,M,Active
C01012022,2022-09-16,B010,ZM,Retail,App,2005-05-13,M,Active
C01012023,2024-11-30,B003,ZM,Retail,ATM,2008-12-29,F,Active
C01012024,2025-09-21,B004,ZM,SME,Branch,1999-01-05,F,Active
C01012025,2025-05-17,B005,ZM,Retail,ATM,1987-01-13,F,Active
C01012026,2025-04-24,B004,ZM,Retail,Branch,1960-04-01,M,Active
C01012027,2023-03-31,B015,ZM,Retail,Branch,1997-07-24,M,Active
C01012028,2022-08-07,B005,ZM,Retail,Web,2004-06-03,F,Active
C01012029,2024-03-20,B020,ZM,Retail,ATM,1992-08-07,F,Active
C01012030,2022-01-19,B020,ZM,Retail,USSD,1997-01-12,M,Dormant
C01012031,2025-01-07,B010,ZM,Retail,Branch,1961-12-12,F,Active
C01012032,2024-08-01,B001,ZM,Retail,ATM,1975-03-21,F,Active
C01012033,2023-10-10,B020,ZM,SME,USSD,1964-01-01,M,Active
C01012034,2022-10-24,B020,ZM,Retail,App,2008-12-13,F,Active
C01012035,2023-08-31,B002,ZM,Retail,USSD,1960-12-01,F,Active
C01012036,2023-03-25,B004,ZM,Retail,ATM,1969-04-07,F,Active
C01012037,2024-10-20,B004,ZM,Retail,ATM,2010-09-10,F,Active
C01012038,2025-10-24,B020,ZM,Retail,USSD,1975-05-30,F,Active
C01012039,2024-07-22,B002,ZM,Retail,USSD,2013-05-19,F,Active
C01012040,2022-10-29,B004,ZM,Retail,Agent,1964-03-02,M,Active
C01012041,2025-05-16,B004,ZM,Retail,Branch,1974-11-19,M,Active
C01012042,2023-08-04,B005,ZM,SME,ATM,1976-09-13,F,Active
C01012043,2022-10-26,B005,ZM,Retail,Branch,1966-12-22,M,Active
C01012044,2025-09-24,B002,ZM,Retail,Branch,1993-04-27,F,Active
C01012045,2025-12-10,B015,ZM,Retail,App,1986-11-07,M,Dormant
C01012046,2022-03-12,B001,ZM,Premium,ATM,1981-05-15,F,Active
C01012047,2025-05-11,B010,ZM,Retail,Branch,1962-12-03,M,Active
C01012048,2023-10-18,B020,ZM,SME,App,1985-01-27,F,Closed
C01012049,2023-09-25,B020,ZM,Retail,Agent,1983-03-29,F,Active
C01012050,2024-10-25,B010,ZM,Retail,Branch,2008-08-23,F,Dormant
C01012051,2025-11-11,B020,ZM,Retail,Branch,2011-05-10,M,Active
C01012052,2022-09-10,B020,ZM,Retail,Agent,1963-02-07,M,Active
C01012053,2023-07-15,B015,ZM,Retail,ATM,2012-06-18,M,Active
C01012054,2025-12-17,B004,ZM,Retail,USSD,1980-03-14,F,Dormant
C01012055,2025-03-21,B001,ZM,Retail,Agent,1975-07-21,M,Dormant
C01012056,2024-09-06,B020,ZM,Retail,USSD,1974-01-27,M,Active
C01012057,2025-07-16,B002,ZM,Retail,ATM,1991-04-07,F,Active
C01012058,2023-03-18,B015,ZM,SME,USSD,1977-04-06,F,Active
C01012059,2024-10-10,B020,ZM,SME,Web,1982-03-08,M,Dormant
C01012060,2023-08-20,B002,ZM,Retail,USSD,1978-07-04,F,Active
C01012061,2025-12-13,B005,ZM,Premium,Agent,1975-07-20,M,Active
C01012062,2024-02-11,B004,ZM,Retail,Branch,1960-08-02,F,Dormant
C01012063,2022-05-01,B003,ZM,Retail,Branch,1975-01-19,F,Active
C01012064,2023-11-14,B020,ZM,Retail,App,1981-12-13,M,Active
C01012065,2022-11-09,B002,ZM,Retail,Agent,1992-01-28,F,Active
C01012066,2026-01-07,B015,ZM,Retail,ATM,1966-01-12,F,Active
C01012067,2023-03-08,B004,ZM,Retail,App,1963-08-27,F,Active
C01012068,2026-02-09,B001,ZM,Retail,Branch,1973-10-24,F,Active
C01012069,2023-04-06,B015,ZM,Retail,Branch,1993-07-29,F,Active
C01012070,2025-12-05,B005,ZM,SME,App,1989-09-23,F,Active
C01012071,2022-04-18,B010,ZM,SME,Agent,1990-11-12,F,Active
C01012072,2023-01-02,B020,ZM,Retail,Web,1965-04-29,F,Active
C01012073,2024-09-25,B001,ZM,Retail,USSD,1970-03-08,F,Active
C01012074,2026-01-29,B002,ZM,Retail,Web,1980-04-18,F,Active
C01012075,2024-03-13,B020,ZM,Retail,Web,1990-04-16,F,Dormant
C01012076,2023-09-05,B002,ZM,Retail,Web,1985-06-13,F,Active
C01012077,2025-09-12,B001,ZM,Retail,Agent,1989-06-23,M,Active
C01012078,2022-11-23,B002,ZM,Retail,Web,1962-12-30,F,Active
C01012079,2022-02-14,B015,ZM,Retail,USSD,1980-04-11,F,Active
C01012080,2025-01-27,B004,ZM,Premium,ATM,1996-04-26,F,Active
C01012081,2024-03-14,B002,ZM,SME,App,2012-02-11,M,Active
C01012082,2023-11-23,B005,ZM,Retail,Web,2005-03-29,M,Active
C01012083,2024-05-15,B004,ZM,Retail,Web,2009-09-26,M,Active
C01012084,2025-10-20,B015,ZM,SME,App,2010-04-06,M,Closed
C01012085,2024-08-27,B020,ZM,Retail,App,1985-07-21,F,Active
C01012086,2023-12-15,B003,ZM,Retail,ATM,1978-09-03,F,Dormant
C01012087,2024-03-12,B020,ZM,Retail,Branch,1977-05-16,F,Active
C01012088,2024-03-11,B002,ZM,Retail,ATM,1982-01-12,M,Active
C01012089,2022-05-28,B002,ZM,SME,Branch,1977-04-16,F,Active
C01012090,2024-12-17,B005,ZM,Retail,Agent,1974-07-21,M,Active
C01012091,2026-01-28,B015,ZM,Retail,USSD,1986-06-04,M,Active
C01012092,2023-08-03,B005,ZM,Retail,ATM,1982-02-04,M,Active
C01012093,2023-08-02,B010,ZM,Retail,USSD,1995-05-11,F,Active
C01012094,2025-11-27,B015,ZM,Retail,App,1974-08-23,F,Active
C01012095,2023-02-04,B001,ZM,Retail,ATM,2013-02-12,F,Active
C01012096,2025-12-06,B001,ZM,Retail,Agent,1998-04-14,F,Active
C01012097,2025-01-27,B001,ZM,Retail,App,1971-11-12,M,Active
C01012098,2024-03-17,B005,ZM,Retail,Agent,1960-08-25,F,Active
C01012099,2022-07-19,B001,ZM,Retail,Agent,2008-03-18,F,Active
C01012100,2022-09-26,B015,ZM,Retail,Web,1962-05-23,F,Active
C01012101,2023-10-25,B001,ZM,Retail,App,1991-02-11,M,Active
C01012102,2025-04-03,B003,ZM,Retail,Agent,2010-08-17,M,Active
C01012103,2022-04-21,B001,ZM,Retail,Web,2008-04-19,F,Active
C01012104,2025-12-24,B002,ZM,Retail,Branch,1980-09-04,F,Active
C01012105,2023-09-15,B010,ZM,Premium,Web,1970-12-26,M,Active
C01012106,2024-07-26,B005,ZM,Retail,Branch,1971-05-02,M,Active
C01012107,2025-09-02,B004,ZM,Retail,Web,1984-03-04,F,Dormant
C01012108,2022-12-02,B010,ZM,Retail,Web,1984-03-29,M,Active
C01012109,2025-03-28,B003,ZM,Retail,USSD,1968-02-12,M,Active
C01012110,2022-10-09,B005,ZM,Retail,USSD,1974-07-04,M,Active
C01012111,2024-06-23,B015,ZM,Retail,App,2012-01-06,M,Active
C01012112,2025-11-26,B020,ZM,Retail,Agent,1965-02-28,M,Active
C01012113,2024-09-15,B005,ZM,Retail,USSD,1999-11-11,M,Closed
C01012114,2023-08-20,B002,ZM,Retail,Branch,1989-11-26,M,Active
C01012115,2022-10-24,B015,ZM,Retail,USSD,2013-09-08,F,Dormant
C01012116,2023-03-06,B010,ZM,Retail,App,1995-03-29,M,Active
C01012117,2023-03-23,B010,ZM,Retail,ATM,1988-02-01,F,Active
C01012118,2023-02-05,B001,ZM,SME,Branch,2013-12-06,F,Dormant
C01012119,2025-08-26,B015,ZM,SME,ATM,1972-01-05,F,Active
C01012120,2022-01-19,B020,ZM,Retail,Branch,1965-01-23,F,Active
C01012121,2024-01-12,B002,ZM,Retail,Agent,1970-07-30,F,Active
C01012122,2026-01-26,B001,ZM,Retail,Agent,1972-10-18,F,Active
C01012123,2025-03-24,B001,ZM,Retail,Agent,1981-10-10,M,Active
C01012124,2022-07-28,B020,ZM,Retail,App,2004-07-14,M,Dormant
C01012125,2025-10-21,B005,ZM,Retail,USSD,1996-01-07,F,Closed
C01012126,2022-10-30,B010,ZM,Retail,ATM,1977-10-08,F,Dormant
C01012127,2024-02-11,B001,ZM,Retail,ATM,1966-10-01,M,Active
C01012128,2024-05-24,B003,ZM,Retail,USSD,2003-03-01,M,Active
C01012129,2025-10-23,B003,ZM,SME,App,2001-04-01,F,Active
C01012130,2022-12-11,B010,ZM,Retail,USSD,1987-09-20,F,Active
C01012131,2022-04-26,B003,ZM,Retail,Web,2012-10-01,F,Active
C01012132,2022-07-16,B020,ZM,Retail,Web,1993-05-06,M,Active
C01012133,2023-12-30,B005,ZM,Retail,Agent,1984-12-04,M,Active
C01012134,2024-08-28,B002,ZM,Retail,Web,1974-05-11,M,Active
C01012135,2023-01-03,B004,ZM,Retail,ATM,1965-11-18,F,Active
C01012136,2022-04-18,B001,ZM,Retail,Agent,1961-05-02,M,Dormant
C01012137,2022-08-29,B004,ZM,Retail,ATM,1994-06-11,F,Active
C01012138,2024-11-21,B002,ZM,Retail,App,1976-05-08,F,Active
C01012139,2025-08-24,B002,ZM,Retail,Branch,2013-05-28,M,Active
C01012140,2023-11-25,B020,ZM,Retail,USSD,1984-01-23,M,Active
C01012141,2025-04-30,B005,ZM,Retail,Branch,1968-05-02,M,Active
C01012142,2024-06-07,B003,ZM,Retail,ATM,2010-10-23,F,Active
C01012143,2022-11-01,B003,ZM,Retail,USSD,1978-03-23,M,Closed
C01012144,2025-07-08,B020,ZM,Retail,ATM,2000-03-15,F,Active
C01012145,2026-01-19,B002,ZM,SME,App,1990-09-03,M,Active
C01012146,2024-04-07,B005,ZM,Retail,Agent,1968-10-09,F,Active
C01012147,2023-05-17,B005,ZM,SME,USSD,2012-07-26,M,Dormant
C01012148,2022-03-11,B010,ZM,Retail,ATM,1971-11-18,F,Active
C01012149,2022-09-01,B015,ZM,Premium,Web,1976-03-21,M,Active
C01012150,2023-05-09,B001,ZM,Retail,Web,1995-06-26,F,Active
C01012151,2024-03-23,B020,ZM,Premium,ATM,2000-01-16,M,Active
C01012152,2024-09-27,B015,ZM,Retail,Branch,1966-10-26,M,Active
C01012153,2023-09-12,B020,ZM,Retail,Agent,1980-07-20,M,Active
C01012154,2025-11-09,B003,ZM,Retail,App,1968-12-16,M,Active
C01012155,2025-05-05,B002,ZM,Premium,App,2003-03-17,F,Active
C01012156,2022-12-20,B020,ZM,Retail,ATM,1993-05-29,M,Active
C01012157,2025-08-29,B020,ZM,Retail,App,1980-10-28,F,Dormant
C01012158,2024-02-08,B010,ZM,Retail,USSD,1995-12-15,M,Active
C01012159,2025-11-17,B004,ZM,Retail,App,1971-06-29,M,Active
C01012160,2025-10-05,B003,ZM,Retail,Web,1997-12-30,M,Active
C01012161,2025-09-10,B001,ZM,Retail,ATM,1984-08-02,M,Dormant
C01012162,2022-07-03,B005,ZM,Premium,USSD,2002-06-23,F,Active
C01012163,2024-08-07,B002,ZM,SME,App,1988-07-28,F,Active
C01012164,2025-08-24,B003,ZM,Retail,Web,1973-07-23,M,Active
C01012165,2024-02-22,B004,ZM,Retail,Agent,2005-08-20,F,Active
C01012166,2023-07-18,B020,ZM,Retail,Branch,1995-10-06,F,Active
C01012167,2025-07-19,B001,ZM,Retail,App,1982-08-06,M,Dormant
C01012168,2025-08-30,B020,ZM,Retail,Web,1994-05-15,M,Dormant
C01012169,2024-06-30,B001,ZM,SME,Agent,1969-03-25,F,Active
C01012170,2024-01-23,B010,ZM,Retail,Agent,1972-09-22,F,Active
C01012171,2022-01-24,B020,ZM,SME,Web,1962-04-12,M,Active
C01012172,2022-09-03,B003,ZM,SME,Web,1998-03-12,M,Active
C01012173,2022-08-27,B004,ZM,Retail,Web,1970-10-22,M,Active
C01012174,2022-06-19,B001,ZM,Premium,Branch,2000-03-29,M,Active
C01012175,2022-09-07,B002,ZM,Retail,ATM,1980-07-03,M,Active
C01012176,2024-09-28,B001,ZM,Retail,Web,1962-05-16,M,Active
C01012177,2025-08-06,B004,ZM,Retail,ATM,1960-05-27,M,Active
C01012178,2025-10-01,B005,ZM,Retail,Agent,2011-03-27,M,Dormant
C01012179,2024-11-09,B005,ZM,Retail,Branch,2013-03-17,M,Active
C01012180,2023-04-06,B010,ZM,Retail,Agent,1974-03-16,M,Dormant
C01012181,2022-02-17,B003,ZM,Retail,Branch,2007-10-27,F,Active
C01012182,2025-04-16,B004,ZM,Retail,Agent,1984-02-04,F,Dormant
C01012183,2025-03-19,B010,ZM,Retail,USSD,1988-04-18,F,Active
C01012184,2025-03-18,B015,ZM,Retail,USSD,1972-04-30,M,Active
C01012185,2024-09-09,B001,ZM,Retail,Web,1984-04-07,F,Active
C01012186,2023-07-15,B015,ZM,Retail,ATM,1965-06-24,M,Active
C01012187,2025-11-21,B001,ZM,Retail,Agent,1977-02-20,M,Closed
C01012188,2022-07-13,B005,ZM,Retail,Branch,1974-11-29,M,Active
C01012189,2025-04-29,B010,ZM,SME,App,1969-07-01,F,Active
C01012190,2023-01-06,B005,ZM,Retail,USSD,1965-08-19,M,Active
C01012191,2024-02-26,B002,ZM,Retail,USSD,1991-09-29,M,Active
C01012192,2024-09-18,B015,ZM,Retail,Agent,1980-08-28,F,Active
C01012193,2025-08-13,B015,ZM,Retail,App,1989-10-09,M,Dormant
C01012194,2025-12-10,B005,ZM,Retail,ATM,1991-10-25,F,Active
C01012195,2024-06-07,B002,ZM,Retail,ATM,1960-11-21,F,Active
C01012196,2023-09-04,B001,ZM,SME,ATM,1988-07-05,M,Active
C01012197,2025-03-16,B010,ZM,Retail,Web,1968-06-10,F,Active
C01012198,2022-09-14,B002,ZM,Retail,Web,1984-04-21,F,Active
C01012199,2022-07-23,B010,ZM,SME,Agent,1978-10-30,M,Dormant
C01012200,2023-10-29,B015,ZM,Retail,App,1972-07-09,M,Active
C01012201,2022-05-11,B010,ZM,Premium,Agent,1969-01-01,M,Active
C01012202,2026-01-01,B015,ZM,Retail,Branch,2012-03-15,M,Active
C01012203,2025-01-05,B002,ZM,Retail,App,1969-06-04,F,Dormant
C01012204,2023-01-14,B015,ZM,Retail,Branch,1986-11-14,M,Active
C01012205,2024-04-10,B020,ZM,Retail,App,1981-05-01,F,Dormant
C01012206,2025-12-06,B003,ZM,SME,Web,1964-06-05,M,Active
C01012207,2022-02-10,B015,ZM,Retail,ATM,2006-06-02,F,Active
C01012208,2024-03-17,B005,ZM,Retail,USSD,1999-08-14,M,Active
C01012209,2025-02-12,B002,ZM,Retail,App,2003-07-10,F,Active
C01012210,2025-01-03,B020,ZM,Retail,App,2013-01-17,M,Active
C01012211,2024-12-21,B001,ZM,Retail,USSD,2001-05-10,F,Active
C01012212,2024-09-27,B010,ZM,Premium,App,1972-07-12,M,Active
C01012213,2022-05-11,B020,ZM,SME,ATM,1983-05-30,F,Active
C01012214,2024-11-28,B004,ZM,Retail,Agent,2001-10-26,M,Active
C01012215,2025-04-12,B020,ZM,Retail,USSD,2014-04-26,M,Active
C01012216,2025-01-08,B002,ZM,Retail,USSD,1971-05-19,M,Active
C01012217,2026-01-01,B020,ZM,SME,ATM,1993-08-02,M,Active
C01012218,2025-08-27,B020,ZM,Premium,ATM,1982-07-19,M,Dormant
C01012219,2022-09-12,B005,ZM,Retail,USSD,1971-10-12,F,Active
C01012220,2023-03-01,B015,ZM,SME,ATM,1973-10-03,F,Active
C01012221,2025-09-10,B010,ZM,Retail,Agent,1968-05-19,F,Active
C01012222,2022-08-29,B003,ZM,Retail,ATM,2005-01-04,M,Active
C01012223,2023-01-06,B001,ZM,Premium,Agent,2008-11-30,M,Closed
C01012224,2025-05-11,B003,ZM,Retail,ATM,1981-03-12,F,Active
C01012225,2025-11-24,B020,ZM,Retail,USSD,1982-10-27,M,Active
C01012226,2023-01-04,B004,ZM,Retail,App,1988-10-29,F,Active
C01012227,2022-01-11,B002,ZM,Retail,Branch,2008-06-01,M,Active
C01012228,2025-02-10,B010,ZM,Retail,USSD,1969-10-26,F,Active
C01012229,2024-07-04,B002,ZM,Premium,Branch,2012-12-29,F,Active
C01012230,2023-10-06,B005,ZM,Retail,ATM,1976-03-06,F,Active
C01012231,2022-09-09,B002,ZM,SME,ATM,1960-08-31,M,Active
C01012232,2022-03-22,B001,ZM,Retail,App,1987-02-20,F,Dormant
C01012233,2022-09-21,B004,ZM,Retail,ATM,2008-09-09,F,Active
C01012234,2025-03-23,B003,ZM,Premium,Branch,2003-05-05,M,Active
C01012235,2023-02-27,B020,ZM,Retail,USSD,2004-03-12,M,Active
C01012236,2025-08-29,B020,ZM,Retail,USSD,1963-09-20,M,Active
C01012237,2022-11-27,B004,ZM,Retail,Agent,1998-09-14,F,Active
C01012238,2022-06-29,B010,ZM,Retail,App,2004-03-15,M,Dormant
C01012239,2025-02-25,B002,ZM,Retail,Branch,1994-04-16,M,Closed
C01012240,2023-06-10,B010,ZM,SME,ATM,2011-07-19,M,Closed
C01012241,2022-03-13,B003,ZM,Premium,Web,1977-10-15,M,Active
C01012242,2022-06-23,B010,ZM,Retail,App,1978-09-30,M,Active
C01012243,2022-09-13,B005,ZM,SME,App,1981-01-13,F,Active
C01012244,2024-11-02,B004,ZM,SME,Web,1975-04-07,F,Active
C01012245,2023-09-04,B003,ZM,Retail,USSD,2012-10-31,M,Dormant
C01012246,2024-01-15,B003,ZM,Retail,Agent,2012-11-21,M,Active
C01012247,2025-01-19,B015,ZM,Retail,USSD,2010-01-28,M,Active
C01012248,2022-12-18,B003,ZM,Retail,USSD,1998-07-30,F,Active
C01012249,2024-05-16,B015,ZM,Retail,Web,1991-10-14,F,Active
C01012250,2025-09-09,B001,ZM,Retail,ATM,1968-07-18,F,Active
C01012251,2022-01-01,B020,ZM,Retail,ATM,1992-02-11,M,Active
C01012252,2023-05-24,B015,ZM,Retail,Agent,1965-02-16,F,Active
C01012253,2023-09-08,B004,ZM,Retail,Agent,1974-11-20,F,Active
C01012254,2022-04-05,B010,ZM,Retail,Branch,1990-07-12,F,Active
C01012255,2024-11-29,B015,ZM,Retail,Branch,2001-12-02,M,Active
C01012256,2023-08-24,B003,ZM,SME,USSD,2008-09-14,F,Active
C01012257,2025-09-11,B004,ZM,Retail,Web,1986-01-01,F,Active
C01012258,2024-12-29,B015,ZM,SME,Agent,1998-11-15,F,Active
C01012259,2024-06-30,B015,ZM,Premium,App,1984-08-31,M,Active
C01012260,2022-10-14,B003,ZM,Retail,ATM,1965-02-21,F,Active
C01012261,2025-03-27,B005,ZM,Retail,Web,2006-08-18,M,Active
C01012262,2024-10-01,B005,ZM,Premium,Agent,1989-12-03,M,Active
C01012263,2025-11-24,B015,ZM,Retail,Branch,2005-03-02,F,Active
C01012264,2023-10-03,B005,ZM,Premium,Agent,1992-03-25,M,Active
C01012265,2024-12-06,B002,ZM,SME,ATM,2007-04-22,F,Dormant
C01012266,2023-12-23,B003,ZM,Retail,Agent,2007-08-02,F,Active
C01012267,2025-05-26,B002,ZM,Retail,ATM,1977-03-26,M,Dormant
C01012268,2025-01-07,B004,ZM,Retail,Web,2008-07-30,F,Dormant
C01012269,2024-11-11,B002,ZM,Retail,Agent,1975-05-31,F,Active
C01012270,2023-03-06,B004,ZM,Retail,Agent,1988-10-06,F,Active
C01012271,2025-11-09,B015,ZM,Retail,Branch,1999-03-24,M,Active
C01012272,2022-07-22,B004,ZM,Retail,Web,2002-11-13,M,Active
C01012273,2025-09-19,B004,ZM,Retail,App,1972-02-09,M,Closed
C01012274,2022-04-02,B010,ZM,Retail,ATM,1996-04-16,F,Active
C01012275,2023-05-01,B002,ZM,Retail,Web,1975-06-03,F,Active
C01012276,2022-03-17,B010,ZM,Retail,Web,1961-08-12,M,Active
C01012277,2023-01-21,B015,ZM,Retail,App,2005-07-26,M,Active
C01012278,2022-10-18,B003,ZM,Retail,Web,1983-11-16,F,Dormant
C01012279,2023-09-06,B002,ZM,Retail,ATM,1995-09-12,M,Active
C01012280,2023-03-17,B003,ZM,Retail,USSD,2003-04-07,F,Active
C01012281,2022-10-02,B003,ZM,Premium,USSD,1971-03-30,M,Dormant
C01012282,2025-05-18,B004,ZM,SME,Branch,2012-06-08,F,Active
C01012283,2025-02-04,B020,ZM,Retail,App,1975-02-05,F,Dormant
C01012284,2023-03-19,B002,ZM,Retail,Branch,1992-07-06,F,Active
C01012285,2025-04-26,B003,ZM,Retail,USSD,1987-05-17,M,Active
C01012286,2024-01-06,B020,ZM,Retail,App,1979-06-11,F,Active
C01012287,2023-07-23,B005,ZM,Premium,Web,1988-08-10,M,Active
C01012288,2022-09-21,B003,ZM,Retail,Web,1993-06-26,F,Dormant
C01012289,2026-02-02,B005,ZM,Retail,ATM,1967-03-11,F,Closed
C01012290,2025-06-28,B002,ZM,SME,Agent,2012-07-15,F,Active
C01012291,2024-05-14,B015,ZM,Retail,USSD,1995-02-24,M,Active
C01012292,2022-06-02,B010,ZM,Retail,Web,1975-02-21,F,Closed
C01012293,2025-01-31,B002,ZM,Retail,App,2009-10-30,M,Active
C01012294,2023-06-07,B010,ZM,Retail,Agent,1974-04-07,F,Active
C01012295,2023-06-18,B010,ZM,Retail,Agent,1975-06-27,F,Active
C01012296,2024-02-21,B002,ZM,Retail,Web,1976-06-20,M,Active
C01012297,2025-08-23,B003,ZM,Retail,Branch,1991-06-07,M,Active
C01012298,2022-12-01,B001,ZM,Retail,Branch,1960-10-09,F,Active
C01012299,2024-03-30,B003,ZM,SME,Branch,1969-07-14,M,Active
C01012300,2024-07-23,B003,ZM,Retail,Agent,2007-11-04,F,Active
C01012301,2022-06-20,B015,ZM,Retail,Branch,1976-06-13,M,Dormant
C01012302,2023-06-05,B004,ZM,Retail,Branch,1991-08-22,F,Active
C01012303,2025-10-17,B004,ZM,Retail,Agent,1996-05-26,M,Active
C01012304,2024-05-21,B003,ZM,Retail,ATM,1975-01-27,M,Active
C01012305,2025-11-23,B005,ZM,Retail,Branch,1986-11-26,M,Active
C01012306,2022-10-21,B015,ZM,Retail,ATM,2000-02-14,M,Active
C01012307,2025-01-02,B010,ZM,Retail,ATM,1975-06-10,F,Closed
C01012308,2023-02-22,B020,ZM,Retail,Web,2009-07-25,M,Dormant
C01012309,2022-05-25,B004,ZM,SME,Agent,1996-11-20,M,Active
C01012310,2025-07-13,B003,ZM,SME,App,1976-12-05,M,Dormant
C01012311,2026-02-09,B015,ZM,Retail,Branch,2012-11-02,F,Active
C01012312,2023-07-06,B001,ZM,Retail,App,1982-08-08,F,Active
C01012313,2025-07-20,B005,ZM,Retail,USSD,1976-03-04,M,Active
C01012314,2025-11-28,B002,ZM,Retail,ATM,1961-02-20,F,Active
C01012315,2025-08-15,B003,ZM,Retail,USSD,1968-02-18,F,Active
C01012316,2023-01-30,B015,ZM,SME,ATM,1975-03-18,M,Active
C01012317,2026-01-03,B003,ZM,Retail,Branch,1974-07-31,F,Active
C01012318,2024-02-02,B020,ZM,Retail,USSD,1982-01-15,M,Closed
C01012319,2025-02-28,B010,ZM,SME,Agent,1984-07-15,M,Active
C01012320,2025-09-08,B005,ZM,SME,Web,1967-10-28,F,Active
C01012321,2025-08-19,B004,ZM,Retail,USSD,1985-10-15,F,Active
C01012322,2024-11-13,B004,ZM,Retail,ATM,2011-02-10,M,Active
C01012323,2025-05-23,B004,ZM,Retail,Agent,2011-06-11,M,Active
C01012324,2022-12-02,B020,ZM,Retail,ATM,1975-09-13,M,Active
C01012325,2024-05-09,B002,ZM,Retail,App,2013-04-16,F,Active
C01012326,2022-11-11,B015,ZM,Retail,USSD,1961-01-10,F,Active
C01012327,2023-10-10,B005,ZM,Premium,Web,1961-03-16,F,Active
C01012328,2024-06-07,B005,ZM,Retail,Branch,2014-04-27,F,Active
C01012329,2024-02-16,B004,ZM,SME,App,1997-06-15,M,Dormant
C01012330,2022-02-23,B004,ZM,Premium,USSD,1995-05-21,F,Active
C01012331,2025-05-21,B010,ZM,Retail,App,1975-04-10,F,Active
C01012332,2023-05-22,B020,ZM,SME,USSD,1999-10-11,F,Active
C01012333,2022-06-08,B001,ZM,Retail,Branch,1963-07-26,M,Active
C01012334,2023-07-08,B001,ZM,Retail,Branch,1972-01-21,F,Active
C01012335,2022-09-13,B003,ZM,SME,Web,1996-10-09,M,Active
C01012336,2024-12-24,B003,ZM,Retail,App,1995-10-02,F,Active
C01012337,2022-08-14,B005,ZM,Retail,Web,1960-01-09,M,Active
C01012338,2025-11-01,B005,ZM,SME,USSD,1983-07-13,M,Active
C01012339,2025-01-28,B002,ZM,Retail,Branch,1990-09-29,M,Active
C01012340,2024-04-13,B002,ZM,Retail,Branch,1964-09-20,M,Active
C01012341,2022-05-16,B001,ZM,Retail,ATM,2012-02-05,F,Dormant
C01012342,2023-11-06,B020,ZM,Retail,ATM,1992-05-31,F,Active
C01012343,2025-08-04,B003,ZM,Premium,Web,1998-08-09,F,Active
C01012344,2022-07-02,B001,ZM,SME,App,1977-06-03,M,Active
C01012345,2024-01-14,B020,ZM,Retail,USSD,1976-08-09,M,Active
C01012346,2023-11-15,B001,ZM,Retail,Web,1965-12-27,M,Active
C01012347,2023-07-14,B003,ZM,Retail,Branch,2002-10-24,M,Closed
C01012348,2022-10-27,B015,ZM,Retail,Branch,1985-07-28,F,Active
C01012349,2023-04-08,B002,ZM,Retail,Branch,1963-07-13,F,Dormant
C01012350,2023-07-15,B010,ZM,Retail,USSD,1961-09-06,M,Active
C01012351,2022-01-21,B010,ZM,Retail,Web,1980-10-11,F,Active
C01012352,2022-07-20,B010,ZM,Premium,USSD,1966-09-19,M,Dormant
C01012353,2024-02-12,B003,ZM,Retail,Agent,1964-06-23,F,Active
C01012354,2023-04-01,B004,ZM,Retail,Branch,1967-07-28,F,Active
C01012355,2024-02-15,B004,ZM,Retail,ATM,2011-07-31,M,Dormant
C01012356,2022-08-04,B004,ZM,Premium,Web,1979-09-14,F,Dormant
C01012357,2022-09-10,B005,ZM,SME,ATM,1982-01-13,M,Active
C01012358,2022-12-26,B002,ZM,SME,Web,1993-04-05,F,Active
C01012359,2024-12-14,B002,ZM,Retail,Branch,1978-01-05,M,Active
C01012360,2026-01-31,B015,ZM,Retail,ATM,2008-05-01,M,Active
C01012361,2023-09-20,B015,ZM,Retail,ATM,1975-12-08,M,Closed
C01012362,2025-04-20,B005,ZM,Retail,Web,1972-01-24,F,Dormant
C01012363,2024-09-29,B001,ZM,Retail,Agent,1974-05-20,F,Dormant
C01012364,2022-07-15,B020,ZM,SME,Agent,1986-09-21,M,Closed
C01012365,2024-12-19,B015,ZM,Retail,ATM,2001-08-06,M,Active
C01012366,2023-12-16,B010,ZM,Retail,ATM,1968-05-26,F,Active
C01012367,2025-12-05,B004,ZM,Retail,Branch,1967-10-16,M,Active
C01012368,2025-03-17,B010,ZM,Retail,Web,2013-02-05,M,Active
C01012369,2023-08-01,B004,ZM,Retail,Web,1979-12-07,F,Active
C01012370,2025-02-03,B010,ZM,Retail,App,1994-04-19,M,Active
C01012371,2023-07-10,B001,ZM,Retail,Web,1960-07-08,M,Active
C01012372,2025-05-29,B020,ZM,SME,Branch,1964-03-12,M,Active
C01012373,2022-07-22,B010,ZM,Retail,ATM,1997-09-01,F,Active
C01012374,2022-04-09,B010,ZM,SME,App,1961-11-27,F,Active
C01012375,2022-12-16,B003,ZM,SME,ATM,2007-06-13,M,Active
C01012376,2023-10-14,B020,ZM,SME,Web,1972-11-17,M,Active
C01012377,2024-03-08,B010,ZM,Retail,USSD,2001-05-24,F,Active
C01012378,2023-01-06,B003,ZM,Retail,ATM,2003-08-03,M,Active
C01012379,2023-12-08,B002,ZM,Retail,Agent,1963-05-06,M,Active
C01012380,2025-10-20,B020,ZM,Retail,Web,1988-09-27,M,Active
C01012381,2024-12-24,B005,ZM,SME,Agent,1995-11-19,F,Active
C01012382,2025-02-03,B020,ZM,Retail,Branch,1985-03-17,F,Active
C01012383,2025-05-02,B020,ZM,SME,Agent,1995-11-27,F,Active
C01012384,2024-04-04,B010,ZM,Retail,Web,1969-12-12,M,Active
C01012385,2024-09-03,B002,ZM,Retail,App,1997-07-01,M,Active
C01012386,2025-04-28,B020,ZM,SME,Agent,1964-12-03,F,Active
C01012387,2022-09-19,B015,ZM,Retail,USSD,2002-07-11,M,Active
C01012388,2023-06-15,B015,ZM,SME,USSD,1999-02-09,F,Dormant
C01012389,2022-01-20,B003,ZM,Retail,USSD,1971-08-24,M,Active
C01012390,2025-11-07,B010,ZM,Premium,Agent,1995-01-26,F,Dormant
C01012391,2024-11-17,B010,ZM,Retail,Branch,1985-03-30,F,Active
C01012392,2025-12-31,B020,ZM,SME,USSD,1979-08-05,F,Active
C01012393,2022-11-15,B001,ZM,Retail,ATM,2007-03-01,M,Active
C01012394,2025-09-08,B002,ZM,Retail,Branch,1991-10-04,M,Active
C01012395,2022-09-16,B004,ZM,SME,Web,1960-12-04,F,Active
C01012396,2022-10-20,B004,ZM,SME,App,1961-04-27,M,Active
C01012397,2024-02-15,B001,ZM,Retail,Branch,2011-05-10,F,Active
C01012398,2025-03-08,B003,ZM,Retail,App,1989-03-17,F,Active
C01012399,2023-07-02,B004,ZM,Retail,Branch,1980-06-23,F,Active
C01012400,2022-04-19,B020,ZM,Retail,Web,2001-07-16,F,Active
C01012401,2026-01-25,B004,ZM,Retail,App,1975-07-25,M,Active
C01012402,2025-08-02,B015,ZM,Retail,Branch,1977-12-06,F,Active
C01012403,2024-01-29,B015,ZM,Retail,App,1984-05-06,M,Active
C01012404,2025-12-19,B005,ZM,Retail,USSD,1998-01-03,F,Closed
C01012405,2023-05-26,B002,ZM,Retail,USSD,1968-02-01,F,Active
C01012406,2025-10-20,B003,ZM,Retail,Agent,1999-11-23,F,Active
C01012407,2025-05-31,B010,ZM,Premium,USSD,1998-03-08,F,Active
C01012408,2024-05-06,B002,ZM,Retail,ATM,1973-02-25,F,Active
C01012409,2025-12-18,B003,ZM,Retail,USSD,1980-01-01,F,Dormant
C01012410,2024-07-26,B004,ZM,Retail,USSD,1969-12-26,F,Active
C01012411,2023-01-10,B005,ZM,Retail,Web,1978-06-11,M,Active
C01012412,2024-06-17,B002,ZM,Retail,App,1977-10-13,M,Active
C01012413,2023-12-26,B004,ZM,Retail,App,1996-10-24,M,Active
C01012414,2024-08-17,B003,ZM,Retail,USSD,1970-04-15,M,Active
C01012415,2024-10-25,B002,ZM,Retail,App,1961-02-11,M,Active
C01012416,2023-08-11,B010,ZM,SME,Branch,1983-03-27,F,Dormant
C01012417,2023-07-19,B002,ZM,Retail,Agent,1985-05-26,F,Dormant
C01012418,2024-05-26,B004,ZM,Premium,USSD,1968-05-10,M,Active
C01012419,2024-12-02,B020,ZM,Retail,Agent,1999-01-19,F,Active
C01012420,2026-01-11,B020,ZM,Retail,USSD,1986-11-19,F,Active
C01012421,2023-04-14,B002,ZM,Retail,ATM,1972-04-23,F,Active
C01012422,2023-09-18,B010,ZM,Retail,Agent,1977-12-12,M,Active
C01012423,2025-07-25,B005,ZM,Retail,Branch,1968-11-22,M,Active
C01012424,2022-06-28,B005,ZM,Retail,USSD,1994-11-27,M,Active
C01012425,2023-09-18,B020,ZM,Retail,USSD,1991-04-22,F,Active
C01012426,2024-04-12,B004,ZM,Retail,App,1984-10-05,M,Active
C01012427,2023-10-03,B003,ZM,Retail,USSD,1985-10-23,F,Dormant
C01012428,2022-07-04,B004,ZM,Retail,Agent,1970-06-08,F,Active
C01012429,2025-07-23,B005,ZM,Retail,Agent,1977-08-22,F,Dormant
C01012430,2022-06-12,B001,ZM,Retail,USSD,2001-03-31,F,Active
C01012431,2022-06-07,B001,ZM,SME,USSD,1976-01-11,F,Active
C01012432,2026-02-03,B002,ZM,Retail,USSD,2001-08-14,M,Active
C01012433,2023-05-07,B010,ZM,Retail,ATM,2002-02-25,M,Active
C01012434,2022-07-11,B020,ZM,Retail,Branch,1994-11-03,M,Active
C01012435,2022-12-05,B015,ZM,Retail,Agent,2006-12-14,F,Dormant
C01012436,2025-03-24,B015,ZM,SME,ATM,1992-06-23,M,Active
C01012437,2022-04-28,B015,ZM,Retail,App,2002-10-04,M,Active
C01012438,2022-06-23,B002,ZM,Retail,Web,1997-09-12,F,Active
C01012439,2023-08-09,B001,ZM,SME,USSD,1962-11-02,M,Active
C01012440,2025-02-08,B005,ZM,Retail,Agent,1997-11-09,F,Active
C01012441,2024-10-06,B002,ZM,Retail,App,1978-09-12,F,Closed
C01012442,2022-01-22,B015,ZM,SME,Agent,1982-07-09,F,Active
C01012443,2024-05-18,B015,ZM,Retail,Web,2014-03-23,F,Active
C01012444,2025-10-18,B020,ZM,Retail,USSD,1986-03-23,M,Active
C01012445,2024-11-07,B004,ZM,Retail,Agent,1976-02-26,M,Active
C01012446,2026-02-05,B015,ZM,SME,USSD,1964-01-14,F,Active
C01012447,2022-10-07,B010,ZM,Retail,Web,1984-11-21,M,Active
C01012448,2024-09-09,B015,ZM,Retail,ATM,1998-06-13,M,Active
C01012449,2024-10-16,B004,ZM,Retail,Web,1966-03-26,F,Active
C01012450,2024-11-20,B015,ZM,SME,Web,2002-06-20,F,Active
C01012451,2025-11-04,B010,ZM,Retail,Agent,1989-05-29,F,Active
C01012452,2025-10-18,B005,ZM,SME,Branch,1990-07-09,M,Active
C01012453,2024-12-26,B002,ZM,Retail,USSD,1968-12-23,M,Active
C01012454,2025-11-30,B010,ZM,Retail,Agent,2005-11-24,F,Active
C01012455,2022-09-13,B004,ZM,Retail,USSD,2009-05-21,F,Dormant
C01012456,2024-04-10,B002,ZM,Premium,ATM,1999-08-07,F,Active
C01012457,2022-01-29,B002,ZM,Retail,ATM,1961-10-09,M,Dormant
C01012458,2025-06-16,B004,ZM,Retail,Branch,1967-10-06,F,Active
C01012459,2023-01-25,B020,ZM,SME,Branch,2004-05-09,M,Active
C01012460,2022-01-15,B001,ZM,Retail,Branch,2010-08-27,F,Active
C01012461,2026-01-02,B015,ZM,Retail,ATM,1976-12-08,M,Active
C01012462,2024-05-20,B010,ZM,Retail,Web,1975-06-21,M,Active
C01012463,2025-12-09,B004,ZM,Retail,Agent,1986-11-23,F,Active
C01012464,2024-12-30,B005,ZM,SME,USSD,1976-05-24,M,Active
C01012465,2023-12-08,B003,ZM,SME,USSD,1963-09-11,M,Active
C01012466,2023-05-16,B004,ZM,Retail,Agent,1975-02-18,M,Active
C01012467,2025-09-16,B015,ZM,Retail,App,1985-10-01,F,Active
C01012468,2024-12-17,B015,ZM,Retail,ATM,2010-04-09,M,Active
C01012469,2025-11-01,B002,ZM,Retail,ATM,1979-08-31,M,Active
C01012470,2025-06-01,B002,ZM,Retail,Branch,1999-12-13,M,Active
C01012471,2022-03-28,B004,ZM,Retail,Agent,1987-08-08,F,Active
C01012472,2025-05-28,B003,ZM,Retail,App,1983-12-02,F,Active
C01012473,2024-07-07,B020,ZM,Retail,App,1983-12-25,F,Active
C01012474,2022-12-12,B004,ZM,Retail,ATM,1966-12-23,M,Closed
C01012475,2025-10-13,B003,ZM,SME,Branch,2004-07-07,F,Active
C01012476,2024-12-08,B020,ZM,Retail,USSD,1975-02-03,F,Dormant
C01012477,2023-04-06,B003,ZM,Retail,Branch,1979-08-25,F,Dormant
C01012478,2022-12-25,B015,ZM,Retail,USSD,1984-02-07,F,Active
C01012479,2022-06-03,B015,ZM,SME,ATM,1990-12-25,M,Active
C01012480,2024-01-22,B015,ZM,Retail,Branch,1998-06-07,F,Dormant
C01012481,2022-10-01,B005,ZM,Retail,App,1990-01-28,F,Active
C01012482,2024-11-18,B015,ZM,Retail,Agent,1977-08-13,F,Active
C01012483,2023-12-25,B010,ZM,Retail,Web,2004-12-11,F,Active
C01012484,2022-04-15,B002,ZM,SME,App,1994-11-15,M,Active
C01012485,2024-05-15,B002,ZM,Retail,Agent,2011-05-15,M,Active
C01012486,2024-10-11,B003,ZM,Retail,USSD,1982-12-04,F,Active
C01012487,2024-02-16,B002,ZM,Retail,ATM,2000-03-31,M,Active
C01012488,2022-12-16,B001,ZM,Retail,Branch,2011-02-28,M,Active
C01012489,2024-02-04,B020,ZM,Retail,ATM,1960-12-19,F,Active
C01012490,2022-08-20,B003,ZM,Retail,ATM,1974-11-06,M,Active
C01012491,2023-11-24,B002,ZM,Retail,USSD,1992-03-14,F,Active
C01012492,2025-10-22,B001,ZM,Retail,ATM,1986-04-28,M,Active
C01012493,2023-05-27,B020,ZM,Retail,Branch,2008-02-03,F,Dormant
C01012494,2025-01-09,B005,ZM,Retail,App,1993-03-03,M,Active
C01012495,2022-08-30,B002,ZM,Retail,ATM,1980-03-21,M,Active
C01012496,2023-08-18,B001,ZM,Retail,Branch,1993-12-15,F,Active
C01012497,2023-09-05,B004,ZM,Retail,Branch,1972-04-10,M,Dormant
C01012498,2024-09-16,B010,ZM,Retail,USSD,1997-07-02,F,Active
C01012499,2023-08-25,B004,ZM,Premium,ATM,2010-03-09,M,Active
C01012500,2023-06-27,B001,ZM,Retail,USSD,2010-12-10,F,Active
C01012501,2023-03-13,B003,ZM,SME,App,1963-09-20,M,Active
C01012502,2022-01-05,B015,ZM,Retail,App,1985-03-13,M,Active
C01012503,2025-07-16,B015,ZM,Retail,Agent,2001-12-13,M,Active
C01012504,2025-03-10,B015,ZM,Retail,Branch,1975-07-08,M,Closed
C01012505,2024-03-17,B020,ZM,Retail,ATM,1977-10-01,M,Active
C01012506,2023-03-22,B003,ZM,Retail,Agent,2006-04-08,F,Dormant
C01012507,2023-09-17,B020,ZM,SME,Branch,1998-12-04,F,Active
C01012508,2025-08-09,B002,ZM,SME,ATM,1983-11-19,F,Active
C01012509,2024-11-21,B015,ZM,Retail,USSD,1965-09-02,F,Active
C01012510,2022-03-14,B004,ZM,Retail,App,1961-01-31,M,Dormant
C01012511,2024-08-06,B003,ZM,Premium,Agent,1960-04-15,F,Active
C01012512,2025-06-19,B003,ZM,SME,Agent,2013-06-08,F,Active
C01012513,2024-09-26,B015,ZM,Retail,App,1990-05-28,M,Active
C01012514,2022-04-28,B004,ZM,Retail,USSD,1980-05-17,F,Active
C01012515,2023-12-30,B005,ZM,Retail,Web,2004-12-07,M,Active
C01012516,2022-01-13,B003,ZM,Retail,Web,1990-04-02,F,Closed
C01012517,2025-06-14,B015,ZM,Retail,Web,1988-01-28,M,Active
C01012518,2024-07-31,B010,ZM,Retail,ATM,2003-03-20,M,Active
C01012519,2023-11-04,B001,ZM,Retail,Agent,1984-01-14,M,Active
C01012520,2023-09-04,B020,ZM,Retail,USSD,1975-08-24,F,Active
C01012521,2023-12-26,B002,ZM,Retail,ATM,1968-03-13,M,Closed
C01012522,2022-08-08,B003,ZM,Premium,ATM,1995-01-23,F,Active
C01012523,2022-01-11,B010,ZM,Premium,USSD,1984-12-26,M,Closed
C01012524,2023-12-18,B010,ZM,Retail,ATM,1981-01-12,M,Dormant
C01012525,2026-01-19,B003,ZM,Retail,Agent,1988-10-27,M,Active
C01012526,2023-01-17,B005,ZM,Retail,USSD,2012-12-05,M,Active
C01012527,2024-04-03,B001,ZM,Retail,Web,2014-02-18,M,Dormant
C01012528,2023-12-28,B002,ZM,Retail,Web,1961-06-08,M,Dormant
C01012529,2022-01-19,B003,ZM,Retail,ATM,1962-12-01,F,Active
C01012530,2022-07-27,B020,ZM,Retail,App,2012-03-04,M,Active
C01012531,2024-06-01,B002,ZM,Retail,USSD,1979-10-09,M,Active
C01012532,2024-10-04,B004,ZM,Retail,Branch,2002-10-15,F,Dormant
C01012533,2023-02-09,B010,ZM,SME,Branch,2007-11-16,F,Active
C01012534,2022-06-23,B010,ZM,Retail,ATM,1966-12-19,M,Active
C01012535,2024-12-19,B003,ZM,Retail,App,1983-06-29,M,Active
C01012536,2024-11-19,B003,ZM,Retail,USSD,1998-05-04,M,Active
C01012537,2022-11-11,B020,ZM,Retail,Web,1964-06-23,M,Active
C01012538,2024-04-21,B004,ZM,Retail,ATM,1987-05-04,F,Active
C01012539,2022-09-11,B005,ZM,SME,USSD,2003-11-05,F,Active
C01012540,2024-09-25,B003,ZM,Retail,USSD,1996-10-31,F,Dormant
C01012541,2022-01-15,B010,ZM,SME,USSD,1968-06-02,F,Active
C01012542,2022-11-15,B002,ZM,Retail,App,1986-05-04,F,Active
C01012543,2025-09-06,B001,ZM,Retail,USSD,1979-12-05,M,Active
C01012544,2023-05-28,B015,ZM,Retail,App,2000-11-15,F,Active
C01012545,2023-04-09,B002,ZM,Retail,App,2005-04-28,M,Dormant
C01012546,2024-08-21,B005,ZM,Retail,Agent,2006-11-17,F,Active
C01012547,2024-03-20,B001,ZM,SME,USSD,1983-07-01,F,Active
C01012548,2024-02-06,B002,ZM,Retail,Agent,1984-09-28,M,Active
C01012549,2023-09-05,B002,ZM,Retail,Web,1979-01-16,M,Active
C01012550,2024-01-17,B004,ZM,SME,Agent,2001-01-01,M,Dormant
C01012551,2024-05-27,B015,ZM,Retail,Agent,1964-08-05,M,Active
C01012552,2023-01-09,B020,ZM,Retail,USSD,1995-07-18,M,Active
C01012553,2025-01-03,B005,ZM,Retail,Web,1993-08-28,M,Active
C01012554,2023-07-06,B010,ZM,Retail,ATM,1967-05-22,F,Active
C01012555,2022-08-11,B004,ZM,Retail,Branch,2008-08-23,F,Active
C01012556,2024-06-17,B001,ZM,Retail,ATM,2000-06-29,F,Active
C01012557,2025-09-06,B015,ZM,Retail,App,1991-07-11,F,Active
C01012558,2024-06-18,B010,ZM,Retail,ATM,1997-04-15,F,Active
C01012559,2022-11-28,B004,ZM,Retail,Branch,1983-01-01,F,Active
C01012560,2022-10-14,B015,ZM,Retail,Branch,1997-02-24,F,Active
C01012561,2023-12-26,B020,ZM,Retail,Web,2001-12-05,F,Active
C01012562,2024-06-07,B005,ZM,Premium,ATM,1971-10-14,M,Active
C01012563,2022-01-12,B003,ZM,Retail,App,1994-10-13,F,Active
C01012564,2024-01-06,B020,ZM,SME,Agent,1980-12-23,F,Closed
C01012565,2025-12-23,B003,ZM,Retail,Agent,1996-04-03,M,Active
C01012566,2023-02-11,B001,ZM,Retail,App,2009-08-26,M,Active
C01012567,2022-08-15,B003,ZM,Retail,Web,1966-01-09,F,Active
C01012568,2023-01-24,B004,ZM,SME,Agent,1992-12-28,M,Dormant
C01012569,2023-08-07,B001,ZM,Retail,Web,1986-08-21,M,Active
C01012570,2022-03-24,B010,ZM,SME,Agent,1967-10-26,M,Active
C01012571,2022-10-01,B020,ZM,Premium,Agent,2006-08-08,M,Closed
C01012572,2024-03-19,B020,ZM,Retail,ATM,1993-06-10,F,Active
C01012573,2024-05-12,B005,ZM,Retail,Web,2006-06-06,M,Active
C01012574,2023-11-10,B001,ZM,Retail,Branch,2014-08-18,F,Closed
C01012575,2022-03-06,B010,ZM,Retail,App,2011-04-01,M,Active
C01012576,2022-11-25,B020,ZM,Retail,Agent,1963-01-04,M,Active
C01012577,2025-09-26,B001,ZM,SME,Branch,1965-05-13,M,Active
C01012578,2023-02-12,B002,ZM,Retail,USSD,1973-05-19,M,Active
C01012579,2024-09-08,B002,ZM,Retail,Branch,2000-08-15,M,Active
C01012580,2025-09-24,B001,ZM,Retail,App,2002-08-25,M,Active
C01012581,2023-06-29,B020,ZM,Premium,USSD,1974-12-23,M,Active
C01012582,2022-09-01,B015,ZM,Retail,ATM,2011-10-02,M,Active
C01012583,2024-05-12,B003,ZM,SME,USSD,1969-11-13,M,Active
C01012584,2024-09-28,B002,ZM,Premium,Web,1960-12-29,F,Active
C01012585,2025-01-31,B015,ZM,Retail,App,2006-05-20,F,Dormant
C01012586,2024-10-11,B015,ZM,Retail,Web,1987-08-21,F,Active
C01012587,2025-10-28,B005,ZM,Retail,Branch,1990-01-04,M,Active
C01012588,2026-01-02,B010,ZM,Retail,ATM,1963-09-05,M,Active
C01012589,2022-09-18,B004,ZM,Retail,App,2000-10-07,M,Active
C01012590,2023-10-28,B002,ZM,Retail,ATM,2010-06-05,F,Active
C01012591,2024-03-29,B001,ZM,Retail,Agent,1994-07-18,M,Active
C01012592,2024-10-24,B003,ZM,Retail,App,1961-10-31,F,Dormant
C01012593,2026-01-26,B004,ZM,Retail,Web,1986-01-08,F,Active
C01012594,2024-03-07,B010,ZM,Retail,Branch,1981-03-10,M,Active
C01012595,2022-09-27,B015,ZM,Retail,USSD,1992-08-05,F,Active
C01012596,2022-08-13,B010,ZM,SME,ATM,1996-12-14,M,Active
C01012597,2022-08-09,B020,ZM,Retail,App,1998-06-07,F,Active
C01012598,2022-02-13,B002,ZM,Retail,App,1962-12-26,M,Active
C01012599,2022-09-16,B010,ZM,SME,Agent,1990-04-10,M,Active
C01012600,2022-11-15,B010,ZM,Premium,ATM,1963-04-11,M,Active
C01012601,2023-12-06,B003,ZM,Retail,USSD,1980-06-11,M,Active
C01012602,2024-10-21,B020,ZM,Retail,Branch,1982-03-31,M,Active
C01012603,2022-01-28,B020,ZM,Retail,App,1999-11-07,F,Active
C01012604,2025-11-02,B015,ZM,Retail,App,1983-12-15,M,Active
C01012605,2023-04-30,B003,ZM,SME,ATM,1998-02-10,M,Active
C01012606,2022-04-17,B003,ZM,Retail,ATM,2013-02-14,F,Dormant
C01012607,2025-10-21,B001,ZM,SME,App,2005-09-06,F,Active
C01012608,2023-12-02,B010,ZM,Retail,App,1982-01-14,M,Active
C01012609,2024-05-29,B010,ZM,Retail,Agent,1978-12-15,F,Active
C01012610,2025-05-07,B020,ZM,Retail,App,1962-06-05,M,Active
C01012611,2022-01-17,B010,ZM,Retail,Web,1995-07-23,M,Active
C01012612,2024-06-08,B005,ZM,Retail,App,2003-05-03,M,Active
C01012613,2024-09-10,B003,ZM,Retail,Branch,1999-06-23,F,Active
C01012614,2023-08-16,B004,ZM,Retail,Branch,1978-12-05,M,Dormant
C01012615,2023-08-01,B020,ZM,SME,Agent,1961-12-30,M,Active
C01012616,2024-09-22,B002,ZM,Retail,USSD,1996-04-17,M,Active
C01012617,2022-06-19,B020,ZM,SME,ATM,2002-04-03,M,Active
C01012618,2024-05-28,B015,ZM,Retail,USSD,1970-10-15,M,Active
C01012619,2023-05-23,B004,ZM,SME,App,2009-02-28,M,Active
C01012620,2025-06-18,B015,ZM,Premium,ATM,1972-03-02,M,Active
C01012621,2022-11-09,B001,ZM,Retail,App,1976-06-02,F,Active
C01012622,2026-02-02,B001,ZM,SME,ATM,1976-06-14,M,Active
C01012623,2024-11-13,B015,ZM,Retail,Agent,1997-09-26,M,Active
C01012624,2023-01-18,B010,ZM,SME,Web,1996-10-23,M,Active
C01012625,2023-05-26,B004,ZM,Retail,Web,2002-08-25,F,Active
C01012626,2023-07-30,B010,ZM,Retail,Web,2011-07-21,F,Active
C01012627,2022-08-24,B020,ZM,Retail,Agent,1985-03-24,M,Active
C01012628,2023-06-24,B005,ZM,Retail,USSD,1967-04-17,M,Active
C01012629,2025-12-06,B001,ZM,Retail,ATM,1961-06-13,F,Active
C01012630,2023-05-22,B001,ZM,Premium,USSD,2005-12-03,M,Dormant
C01012631,2025-09-26,B004,ZM,Retail,ATM,2000-07-24,M,Active
C01012632,2024-05-28,B001,ZM,Retail,App,2005-07-31,M,Active
C01012633,2023-02-11,B005,ZM,SME,Web,2005-06-28,M,Dormant
C01012634,2024-08-28,B005,ZM,SME,Web,1998-08-28,F,Active
C01012635,2025-12-17,B005,ZM,Retail,ATM,1989-07-10,M,Active
C01012636,2022-07-31,B002,ZM,Retail,USSD,1979-07-24,F,Active
C01012637,2025-12-06,B005,ZM,Retail,USSD,2005-01-26,M,Active
C01012638,2026-02-04,B005,ZM,SME,Branch,1989-07-23,F,Dormant
C01012639,2024-10-25,B002,ZM,SME,Web,2013-08-18,M,Active
C01012640,2025-06-05,B010,ZM,Retail,Web,1964-03-09,M,Active
C01012641,2023-01-07,B020,ZM,Retail,USSD,1994-09-27,F,Active
C01012642,2023-01-22,B003,ZM,SME,Web,2002-03-25,M,Active
C01012643,2025-04-25,B001,ZM,Premium,USSD,1978-05-31,F,Active
C01012644,2025-07-12,B005,ZM,SME,Branch,2011-05-17,F,Active
C01012645,2025-07-23,B001,ZM,Retail,ATM,1997-03-16,M,Active
C01012646,2022-11-01,B004,ZM,Retail,ATM,1978-05-02,M,Active
C01012647,2023-04-15,B001,ZM,Retail,Branch,1987-05-02,F,Active
C01012648,2022-09-04,B015,ZM,Retail,Web,1975-03-06,F,Dormant
C01012649,2022-09-28,B010,ZM,SME,App,2006-03-16,F,Closed
C01012650,2024-04-01,B020,ZM,Retail,Web,2005-03-10,M,Active
C01012651,2022-03-20,B002,ZM,SME,USSD,2003-03-16,M,Active
C01012652,2023-07-15,B001,ZM,Retail,Agent,1995-11-13,M,Active
C01012653,2023-01-29,B001,ZM,SME,App,1962-02-27,F,Active
C01012654,2022-10-27,B001,ZM,Retail,Branch,1988-04-02,M,Active
C01012655,2024-05-23,B003,ZM,Retail,ATM,1988-12-11,F,Active
C01012656,2022-02-06,B003,ZM,Retail,ATM,1961-12-18,F,Active
C01012657,2025-06-16,B004,ZM,Retail,Web,1987-02-26,F,Active
C01012658,2023-02-13,B002,ZM,Premium,ATM,2011-03-24,M,Active
C01012659,2022-07-06,B001,ZM,Retail,Web,1972-05-20,M,Active
C01012660,2022-04-15,B001,ZM,Retail,USSD,1972-06-20,F,Active
C01012661,2024-02-18,B001,ZM,SME,USSD,1970-07-31,F,Active
C01012662,2024-04-14,B001,ZM,SME,Branch,2000-11-08,F,Active
C01012663,2024-12-11,B003,ZM,Retail,Agent,1965-04-06,F,Dormant
C01012664,2023-09-20,B010,ZM,SME,USSD,1983-07-16,M,Active
C01012665,2025-12-04,B010,ZM,Retail,Web,2010-05-01,M,Active
C01012666,2025-07-21,B004,ZM,Retail,ATM,1997-11-29,F,Active
C01012667,2023-04-19,B015,ZM,Retail,USSD,1966-12-22,M,Active
C01012668,2023-03-31,B005,ZM,Retail,USSD,2008-11-24,M,Active
C01012669,2023-11-20,B002,ZM,Retail,Web,1996-01-07,M,Active
C01012670,2024-05-22,B010,ZM,Retail,USSD,1999-09-22,M,Active
C01012671,2024-09-08,B015,ZM,Retail,ATM,1962-09-01,F,Active
C01012672,2022-05-06,B020,ZM,SME,Agent,1996-07-10,M,Active
C01012673,2024-11-10,B020,ZM,Retail,ATM,1995-01-21,F,Active
C01012674,2024-05-24,B001,ZM,Premium,Agent,1978-06-23,M,Active
C01012675,2025-08-11,B020,ZM,SME,ATM,1976-10-04,F,Active
C01012676,2022-04-16,B010,ZM,Retail,ATM,1965-06-28,F,Active
C01012677,2023-09-16,B004,ZM,Retail,App,1966-04-03,M,Active
C01012678,2022-08-14,B005,ZM,Retail,ATM,1996-01-31,M,Active
C01012679,2023-07-06,B010,ZM,SME,App,1974-08-11,M,Active
C01012680,2024-01-15,B004,ZM,Retail,ATM,2011-11-04,M,Active
C01012681,2023-07-29,B020,ZM,Retail,ATM,1961-04-30,F,Active
C01012682,2023-12-20,B003,ZM,SME,Web,2002-07-29,F,Active
C01012683,2025-12-28,B005,ZM,Retail,Agent,1977-03-12,M,Active
C01012684,2024-05-06,B004,ZM,Retail,ATM,2012-01-20,F,Active
C01012685,2023-05-21,B015,ZM,Retail,USSD,2012-02-26,F,Active
C01012686,2023-10-18,B010,ZM,SME,ATM,1975-11-28,M,Active
C01012687,2022-04-08,B003,ZM,SME,Branch,2005-08-29,M,Dormant
C01012688,2023-01-08,B015,ZM,Retail,Web,1967-03-09,F,Active
C01012689,2022-03-25,B004,ZM,Retail,Web,2010-11-01,M,Active
C01012690,2022-01-02,B004,ZM,SME,ATM,2008-02-18,M,Active
C01012691,2022-04-17,B020,ZM,SME,Branch,1974-05-01,F,Dormant
C01012692,2025-09-14,B015,ZM,SME,Agent,2004-01-03,F,Active
C01012693,2023-10-21,B010,ZM,Retail,ATM,1970-10-07,M,Active
C01012694,2023-03-11,B005,ZM,SME,USSD,2010-05-28,F,Active
C01012695,2023-08-08,B003,ZM,Retail,Web,1973-10-22,F,Active
C01012696,2024-08-24,B020,ZM,Retail,Web,1997-07-24,M,Active
C01012697,2023-07-28,B001,ZM,Retail,Agent,1988-12-18,F,Active
C01012698,2025-05-27,B002,ZM,Retail,Branch,1978-04-23,M,Active
C01012699,2022-07-26,B005,ZM,SME,App,1980-12-08,M,Active
C01012700,2024-06-01,B020,ZM,Retail,Agent,2001-08-05,F,Dormant
C01012701,2023-01-14,B003,ZM,SME,Branch,1968-02-11,F,Active
C01012702,2023-06-01,B015,ZM,Retail,USSD,2001-01-17,M,Active
C01012703,2024-10-03,B004,ZM,Retail,Branch,1960-07-18,F,Active
C01012704,2024-01-15,B015,ZM,Retail,Agent,2007-11-24,F,Dormant
C01012705,2023-11-16,B020,ZM,Retail,App,1997-12-09,M,Active
C01012706,2023-09-16,B003,ZM,Retail,USSD,1987-08-18,F,Dormant
C01012707,2022-08-17,B015,ZM,Retail,USSD,1983-07-17,F,Closed
C01012708,2022-07-18,B015,ZM,Retail,App,1975-05-25,F,Active
C01012709,2025-10-02,B002,ZM,Retail,ATM,1996-05-09,M,Dormant
C01012710,2022-01-28,B010,ZM,SME,Branch,2012-09-09,F,Active
C01012711,2025-10-30,B020,ZM,Retail,Agent,1986-03-11,M,Active
C01012712,2025-02-04,B002,ZM,Retail,USSD,1974-02-24,F,Dormant
C01012713,2022-09-24,B020,ZM,Retail,Agent,1962-09-16,F,Active
C01012714,2023-11-10,B001,ZM,Premium,Branch,1978-07-03,M,Active
C01012715,2024-01-09,B001,ZM,Retail,App,2013-01-19,F,Closed
C01012716,2024-01-11,B002,ZM,Retail,Web,2008-01-18,F,Active
C01012717,2025-04-21,B005,ZM,SME,App,1981-01-11,F,Active
C01012718,2024-12-19,B005,ZM,Retail,Branch,1967-10-25,M,Active
C01012719,2025-05-23,B015,ZM,Retail,USSD,1981-04-19,M,Active
C01012720,2024-02-01,B015,ZM,Premium,Branch,1989-04-27,M,Active
C01012721,2023-05-03,B004,ZM,Retail,Web,1987-02-19,F,Active
C01012722,2025-08-24,B001,ZM,Retail,USSD,2013-12-18,M,Active
C01012723,2023-07-20,B020,ZM,Retail,Web,1961-09-23,F,Active
C01012724,2023-03-07,B004,ZM,SME,ATM,1970-02-18,F,Active
C01012725,2025-04-11,B001,ZM,Retail,Agent,1985-04-28,M,Active
C01012726,2024-02-26,B002,ZM,Retail,App,1992-03-09,M,Active
C01012727,2022-06-28,B005,ZM,Retail,ATM,2010-09-27,F,Active
C01012728,2022-08-06,B015,ZM,SME,Branch,1997-07-19,M,Active
C01012729,2022-09-25,B005,ZM,Retail,ATM,2000-05-03,M,Active
C01012730,2025-07-13,B002,ZM,Retail,App,1962-05-27,F,Active
C01012731,2025-05-17,B004,ZM,Retail,USSD,1994-02-15,F,Active
C01012732,2022-09-04,B004,ZM,Retail,Agent,2013-09-20,F,Active
C01012733,2022-03-26,B003,ZM,SME,Web,1976-02-12,M,Active
C01012734,2025-04-16,B015,ZM,Retail,USSD,1965-09-12,F,Active
C01012735,2025-09-02,B015,ZM,SME,Agent,1990-07-02,M,Active
C01012736,2023-01-26,B020,ZM,Retail,ATM,2008-04-27,F,Dormant
C01012737,2023-01-31,B015,ZM,SME,Branch,1999-05-27,M,Active
C01012738,2025-12-14,B001,ZM,Retail,ATM,1977-01-12,M,Active
C01012739,2024-07-01,B004,ZM,Retail,App,1960-03-06,F,Active
C01012740,2022-07-22,B002,ZM,Premium,App,1993-01-01,M,Active
C01012741,2022-06-03,B004,ZM,Premium,Branch,1983-03-10,M,Active
C01012742,2025-01-24,B005,ZM,Retail,Agent,2014-06-24,M,Active
C01012743,2025-06-21,B001,ZM,Retail,USSD,2007-08-05,F,Active
C01012744,2023-12-04,B015,ZM,Retail,App,1974-07-27,M,Active
C01012745,2023-09-10,B020,ZM,SME,App,1984-05-12,F,Active
C01012746,2026-01-25,B020,ZM,Retail,Branch,1980-10-24,F,Active
C01012747,2024-08-29,B020,ZM,Retail,USSD,2010-05-14,M,Active
C01012748,2023-02-18,B010,ZM,Retail,ATM,2005-12-27,M,Active
C01012749,2024-12-28,B003,ZM,Premium,Web,1984-12-07,F,Active
C01012750,2026-01-16,B001,ZM,Retail,Branch,1982-01-04,F,Active
C01012751,2022-11-11,B005,ZM,Retail,USSD,1964-11-14,M,Dormant
C01012752,2022-03-31,B015,ZM,Retail,Web,1973-02-28,F,Active
C01012753,2022-09-19,B005,ZM,Retail,Branch,1966-10-04,F,Active
C01012754,2023-01-28,B005,ZM,Retail,ATM,2001-10-18,F,Active
C01012755,2024-05-06,B015,ZM,SME,ATM,2008-05-02,M,Active
C01012756,2025-02-01,B005,ZM,SME,USSD,1970-01-06,M,Active
C01012757,2025-12-28,B020,ZM,Retail,USSD,1997-03-02,F,Active
C01012758,2023-06-02,B002,ZM,SME,ATM,2002-04-19,M,Active
C01012759,2025-02-21,B003,ZM,Retail,ATM,2005-01-13,M,Active
C01012760,2023-12-13,B010,ZM,Retail,Branch,1960-07-01,F,Active
C01012761,2024-01-20,B005,ZM,Premium,Agent,1994-08-30,F,Active
C01012762,2024-07-07,B005,ZM,Retail,Agent,1993-10-24,M,Active
C01012763,2025-07-13,B004,ZM,Retail,USSD,1984-04-26,M,Active
C01012764,2026-01-09,B003,ZM,Premium,Web,1979-11-24,M,Active
C01012765,2022-08-29,B001,ZM,Retail,ATM,1970-03-21,M,Active
C01012766,2024-06-12,B003,ZM,SME,Web,1990-11-02,M,Closed
C01012767,2022-05-19,B003,ZM,Premium,USSD,2007-05-05,M,Active
C01012768,2024-09-15,B015,ZM,Retail,USSD,2012-01-10,M,Active
C01012769,2024-05-08,B015,ZM,Retail,App,1964-08-24,F,Active
C01012770,2024-12-08,B015,ZM,Retail,ATM,1969-03-27,M,Active
C01012771,2024-10-28,B010,ZM,Retail,Agent,1994-01-21,M,Active
C01012772,2022-02-14,B020,ZM,Retail,Agent,1982-08-30,M,Dormant
C01012773,2022-12-08,B003,ZM,SME,USSD,2012-02-12,M,Active
C01012774,2025-05-12,B010,ZM,Retail,USSD,1972-09-24,F,Active
C01012775,2023-07-16,B005,ZM,Retail,ATM,2005-11-04,F,Active
C01012776,2025-11-27,B015,ZM,Retail,App,1968-05-10,F,Active
C01012777,2022-09-22,B005,ZM,Retail,App,1989-06-23,M,Active
C01012778,2023-08-17,B015,ZM,SME,App,1960-02-18,M,Active
C01012779,2022-04-04,B002,ZM,Retail,App,1977-12-01,F,Active
C01012780,2025-03-05,B010,ZM,SME,Branch,2000-04-05,F,Active
C01012781,2022-05-05,B010,ZM,Retail,ATM,1964-02-28,M,Dormant
C01012782,2025-11-21,B020,ZM,Retail,ATM,1970-04-07,M,Active
C01012783,2023-01-25,B001,ZM,Retail,ATM,2002-09-13,M,Active
C01012784,2024-03-25,B004,ZM,Retail,Agent,1964-11-17,F,Dormant
C01012785,2024-10-10,B003,ZM,Retail,App,2013-09-29,M,Active
C01012786,2025-11-03,B001,ZM,Retail,App,1974-01-01,F,Dormant
C01012787,2024-12-26,B010,ZM,SME,Agent,1996-12-26,F,Active
C01012788,2024-11-17,B001,ZM,Retail,Agent,1986-10-07,F,Active
C01012789,2022-06-03,B002,ZM,SME,USSD,1963-10-25,M,Active
C01012790,2022-12-05,B004,ZM,Retail,Branch,2000-01-14,M,Active
C01012791,2024-06-15,B020,ZM,Retail,Agent,1964-04-19,F,Active
C01012792,2024-11-09,B010,ZM,Retail,ATM,1978-04-07,F,Active
C01012793,2024-02-26,B010,ZM,Retail,Branch,1962-10-15,F,Active
C01012794,2025-02-25,B003,ZM,SME,Agent,2006-01-14,M,Dormant
C01012795,2024-03-10,B020,ZM,Retail,ATM,2008-05-23,M,Active
C01012796,2024-03-31,B020,ZM,Retail,App,1962-10-27,M,Active
C01012797,2025-05-28,B015,ZM,Retail,App,2006-06-08,F,Active
C01012798,2023-07-11,B004,ZM,Retail,ATM,1965-11-19,M,Active
C01012799,2023-02-28,B002,ZM,SME,Web,2000-10-02,M,Active
C01012800,2023-01-12,B005,ZM,Retail,App,1974-04-18,M,Active
C01012801,2022-01-08,B001,ZM,Retail,USSD,1996-01-28,M,Active
C01012802,2022-11-24,B020,ZM,Retail,Agent,1973-06-23,F,Active
C01012803,2025-03-17,B003,ZM,Premium,App,2007-06-07,M,Active
C01012804,2023-03-23,B010,ZM,Retail,USSD,1974-11-09,M,Active
C01012805,2025-04-27,B005,ZM,Retail,Branch,2013-11-19,F,Active
C01012806,2025-11-27,B002,ZM,Retail,App,1997-03-13,F,Active
C01012807,2022-01-19,B004,ZM,SME,Agent,2009-05-14,M,Active
C01012808,2024-11-16,B020,ZM,Retail,App,1975-08-06,M,Active
C01012809,2024-07-21,B001,ZM,Retail,Agent,1986-07-21,F,Active
C01012810,2024-10-28,B020,ZM,Retail,Branch,1986-11-02,F,Active
C01012811,2025-12-20,B003,ZM,Retail,Agent,2007-03-29,M,Active
C01012812,2026-01-15,B020,ZM,Retail,USSD,1989-04-08,M,Dormant
C01012813,2024-12-11,B020,ZM,Retail,Web,1962-09-16,M,Active
C01012814,2023-06-15,B020,ZM,Retail,Agent,1961-09-22,F,Active
C01012815,2023-09-14,B010,ZM,Retail,Agent,2001-01-21,F,Active
C01012816,2023-03-28,B010,ZM,Retail,USSD,1973-03-19,M,Active
C01012817,2023-08-30,B005,ZM,SME,ATM,2006-04-28,M,Active
C01012818,2025-12-21,B005,ZM,Premium,ATM,2005-07-17,F,Active
C01012819,2023-07-04,B001,ZM,SME,ATM,2011-12-26,F,Active
C01012820,2025-02-04,B004,ZM,Retail,Agent,1990-05-27,F,Active
C01012821,2022-09-01,B002,ZM,Retail,Branch,2010-09-07,F,Active
C01012822,2022-12-17,B015,ZM,SME,USSD,1976-06-29,M,Active
C01012823,2023-04-04,B004,ZM,Retail,Agent,2001-11-21,M,Active
C01012824,2022-04-04,B004,ZM,Retail,App,1984-09-22,F,Active
C01012825,2024-12-28,B004,ZM,SME,Agent,1967-12-20,F,Active
C01012826,2023-05-03,B015,ZM,Retail,ATM,1966-10-02,F,Active
C01012827,2023-08-21,B001,ZM,Retail,USSD,1997-08-02,F,Active
C01012828,2022-03-22,B015,ZM,Retail,App,2008-06-06,M,Active
C01012829,2025-08-02,B001,ZM,Retail,USSD,1960-03-12,F,Active
C01012830,2022-10-31,B015,ZM,Retail,Branch,1997-12-12,M,Closed
C01012831,2023-07-23,B002,ZM,SME,ATM,2013-02-20,M,Active
C01012832,2022-09-30,B020,ZM,Retail,Web,1970-01-28,M,Active
C01012833,2023-07-08,B004,ZM,Retail,Agent,2013-10-24,M,Active
C01012834,2022-04-16,B020,ZM,SME,ATM,1994-07-12,M,Active
C01012835,2025-08-08,B001,ZM,Retail,ATM,1969-11-19,F,Active
C01012836,2023-05-25,B015,ZM,Retail,Branch,1975-05-21,M,Active
C01012837,2023-03-07,B002,ZM,Retail,App,2002-05-14,F,Active
C01012838,2024-12-30,B015,ZM,SME,ATM,1996-06-08,F,Active
C01012839,2022-08-26,B020,ZM,Retail,App,1995-02-28,M,Active
C01012840,2022-01-03,B010,ZM,Retail,App,1971-11-18,F,Active
C01012841,2025-08-21,B002,ZM,Retail,Branch,1961-05-24,F,Active
C01012842,2023-12-13,B004,ZM,Retail,ATM,2010-01-05,F,Active
C01012843,2025-07-19,B003,ZM,Retail,Agent,1962-12-20,M,Active
C01012844,2025-05-24,B004,ZM,Retail,Branch,2007-08-01,M,Closed
C01012845,2024-01-26,B003,ZM,Retail,Branch,1971-12-22,M,Active
C01012846,2023-10-27,B002,ZM,Retail,Web,1961-07-02,F,Active
C01012847,2022-06-20,B010,ZM,Retail,Agent,1981-07-16,F,Active
C01012848,2025-12-15,B020,ZM,Retail,Branch,1970-10-08,F,Active
C01012849,2025-01-29,B010,ZM,Retail,Web,2000-12-07,F,Active
C01012850,2023-06-25,B001,ZM,SME,App,1965-02-04,M,Active
C01012851,2026-01-18,B010,ZM,SME,Agent,1975-09-20,M,Active
C01012852,2022-10-01,B005,ZM,Premium,Agent,1997-10-17,M,Closed
C01012853,2024-04-16,B002,ZM,Retail,App,1977-06-17,F,Closed
C01012854,2025-06-06,B020,ZM,Retail,USSD,1983-09-26,F,Active
C01012855,2023-08-27,B020,ZM,Retail,Agent,1985-03-05,F,Active
C01012856,2023-10-27,B001,ZM,Retail,USSD,1984-02-29,F,Active
C01012857,2022-04-28,B020,ZM,Retail,App,1979-08-03,M,Active
C01012858,2025-07-05,B010,ZM,Retail,ATM,1989-04-02,F,Active
C01012859,2022-01-22,B002,ZM,Retail,USSD,2013-05-14,M,Active
C01012860,2023-12-30,B004,ZM,Retail,Branch,1994-03-23,M,Active
C01012861,2023-03-26,B010,ZM,Retail,Agent,1976-06-30,F,Active
C01012862,2026-02-05,B015,ZM,Retail,USSD,1982-09-14,M,Dormant
C01012863,2023-07-27,B003,ZM,Retail,Agent,1989-12-18,M,Dormant
C01012864,2022-12-28,B002,ZM,Retail,App,2006-10-28,F,Active
C01012865,2023-06-09,B020,ZM,Premium,ATM,2003-06-21,M,Active
C01012866,2022-02-02,B001,ZM,Retail,App,1960-07-11,F,Active
C01012867,2025-01-05,B004,ZM,Retail,ATM,1967-04-15,F,Active
C01012868,2025-09-08,B005,ZM,SME,Agent,1976-01-10,M,Active
C01012869,2025-04-09,B004,ZM,Retail,USSD,1960-12-24,F,Active
C01012870,2022-08-06,B010,ZM,Retail,Branch,1986-06-27,M,Active
C01012871,2026-01-19,B003,ZM,Retail,Branch,1972-10-16,M,Active
C01012872,2025-11-10,B004,ZM,Retail,App,1986-10-04,M,Active
C01012873,2024-02-22,B005,ZM,Retail,Agent,1974-07-24,M,Active
C01012874,2025-09-01,B015,ZM,Retail,ATM,1993-07-19,M,Active
C01012875,2023-06-12,B001,ZM,Retail,USSD,1979-04-14,M,Active
C01012876,2025-07-06,B002,ZM,SME,ATM,1996-08-02,F,Active
C01012877,2025-07-23,B003,ZM,Retail,ATM,2013-07-12,M,Dormant
C01012878,2025-05-22,B005,ZM,Retail,ATM,1961-08-31,M,Dormant
C01012879,2025-02-02,B020,ZM,Retail,Agent,2012-07-13,F,Active
C01012880,2023-02-27,B010,ZM,Retail,USSD,1968-01-28,F,Dormant
C01012881,2024-06-24,B010,ZM,SME,Agent,1974-01-05,M,Active
C01012882,2023-03-28,B010,ZM,Retail,ATM,1979-12-28,F,Active
C01012883,2023-10-27,B020,ZM,SME,Agent,2001-02-19,M,Active
C01012884,2023-07-05,B020,ZM,Retail,Branch,1992-09-04,F,Active
C01012885,2023-02-22,B003,ZM,SME,App,1982-04-22,F,Active
C01012886,2025-04-06,B004,ZM,Retail,Web,1960-10-20,F,Active
C01012887,2025-07-13,B003,ZM,Retail,ATM,1976-05-20,M,Active
C01012888,2024-03-20,B010,ZM,SME,Branch,2009-06-17,F,Active
C01012889,2022-11-15,B015,ZM,SME,Agent,1983-11-20,F,Closed
C01012890,2024-07-02,B005,ZM,Retail,Branch,2011-02-15,M,Dormant
C01012891,2023-04-20,B002,ZM,Premium,App,2000-06-28,M,Active
C01012892,2026-02-03,B002,ZM,Retail,App,1996-05-04,F,Active
C01012893,2026-01-27,B003,ZM,Retail,Web,1965-04-10,F,Active
C01012894,2024-06-07,B010,ZM,Retail,Web,1982-06-03,F,Active
C01012895,2024-01-25,B020,ZM,Retail,Web,2014-09-23,M,Active
C01012896,2022-10-31,B001,ZM,Premium,USSD,1993-10-18,M,Active
C01012897,2024-09-08,B015,ZM,Retail,USSD,2000-04-08,F,Active
C01012898,2022-07-11,B003,ZM,Retail,Branch,1960-01-26,M,Closed
C01012899,2024-10-12,B010,ZM,Retail,Agent,1971-10-30,F,Active
C01012900,2023-01-07,B004,ZM,Retail,App,1986-05-06,F,Dormant
C01012901,2024-07-29,B002,ZM,Retail,ATM,1981-09-26,M,Dormant
C01012902,2023-01-14,B002,ZM,Retail,App,1993-09-06,M,Active
C01012903,2022-12-27,B015,ZM,Retail,USSD,1988-07-20,M,Active
C01012904,2023-01-22,B002,ZM,Retail,Branch,1971-12-05,M,Active
C01012905,2025-03-12,B001,ZM,Retail,ATM,1987-08-30,F,Active
C01012906,2024-10-01,B010,ZM,Retail,Web,1963-10-09,F,Active
C01012907,2026-02-02,B010,ZM,Retail,Web,1991-07-29,M,Active
C01012908,2023-01-05,B015,ZM,Retail,USSD,1991-11-02,F,Active
C01012909,2025-08-19,B010,ZM,Retail,Branch,1979-12-11,M,Active
C01012910,2023-08-01,B020,ZM,Retail,Agent,1998-02-13,M,Active
C01012911,2022-02-13,B015,ZM,Retail,App,1982-12-14,F,Active
C01012912,2023-09-28,B010,ZM,Retail,USSD,2004-12-19,M,Active
C01012913,2022-11-30,B001,ZM,Premium,Agent,1967-02-06,F,Active
C01012914,2022-12-30,B005,ZM,Retail,Agent,2007-10-19,M,Dormant
C01012915,2024-03-18,B003,ZM,Retail,App,1999-06-10,F,Dormant
C01012916,2025-11-08,B003,ZM,Retail,ATM,1992-12-10,M,Active
C01012917,2025-05-29,B010,ZM,Retail,App,1984-12-22,F,Active
C01012918,2023-01-20,B004,ZM,SME,ATM,1961-06-17,M,Active
C01012919,2022-05-23,B002,ZM,Premium,Agent,1981-10-21,M,Active
C01012920,2022-10-21,B001,ZM,Retail,Branch,1995-11-23,M,Active
C01012921,2022-05-28,B004,ZM,Retail,USSD,1984-05-26,F,Active
C01012922,2024-05-23,B020,ZM,SME,App,2005-10-03,M,Active
C01012923,2023-05-18,B004,ZM,Retail,Branch,2009-01-20,M,Active
C01012924,2024-07-20,B010,ZM,SME,Branch,1973-03-05,M,Dormant
C01012925,2025-08-14,B001,ZM,SME,App,1970-08-30,M,Active
C01012926,2024-04-04,B003,ZM,Retail,Web,1991-08-09,M,Dormant
C01012927,2022-07-25,B002,ZM,Premium,Agent,2011-02-18,F,Active
C01012928,2026-01-23,B003,ZM,Premium,Web,2000-07-12,F,Active
C01012929,2024-12-14,B004,ZM,Premium,ATM,2004-09-17,F,Active
C01012930,2022-10-09,B020,ZM,Retail,Branch,1982-04-26,M,Active
C01012931,2026-01-28,B002,ZM,Retail,USSD,2006-06-14,F,Active
C01012932,2022-01-25,B005,ZM,Retail,USSD,1993-02-21,M,Active
C01012933,2025-05-20,B004,ZM,Retail,Branch,1984-10-19,F,Active
C01012934,2022-07-24,B003,ZM,Retail,Web,1995-11-22,F,Active
C01012935,2024-02-13,B003,ZM,Retail,Agent,1996-11-18,F,Active
C01012936,2024-02-26,B010,ZM,Retail,Branch,1973-08-29,M,Active
C01012937,2022-02-12,B003,ZM,Retail,ATM,1977-09-22,M,Active
C01012938,2022-08-14,B001,ZM,Retail,Branch,1971-05-30,M,Active
C01012939,2022-01-28,B004,ZM,Retail,App,1980-09-15,F,Active
C01012940,2025-08-12,B015,ZM,Retail,Web,1998-05-22,M,Active
C01012941,2022-03-31,B015,ZM,Retail,App,1963-06-13,M,Active
C01012942,2022-09-28,B020,ZM,Retail,App,1994-03-12,F,Active
C01012943,2023-05-24,B002,ZM,Premium,Branch,1996-03-05,F,Closed
C01012944,2022-06-21,B003,ZM,Retail,Agent,2001-08-04,M,Active
C01012945,2023-07-03,B010,ZM,Retail,Branch,2014-03-20,F,Active
C01012946,2022-10-20,B010,ZM,SME,Agent,2007-06-15,M,Active
C01012947,2025-07-08,B003,ZM,SME,USSD,1996-07-31,F,Closed
C01012948,2025-05-13,B001,ZM,Retail,Agent,1985-06-14,M,Active
C01012949,2022-01-28,B010,ZM,SME,App,2012-07-05,M,Active
C01012950,2022-01-20,B015,ZM,SME,Branch,1966-08-11,F,Dormant
C01012951,2022-08-06,B002,ZM,Retail,USSD,1971-08-09,F,Active
C01012952,2025-01-15,B004,ZM,Retail,App,1993-06-12,M,Dormant
C01012953,2023-11-25,B005,ZM,Retail,USSD,2012-03-01,F,Active
C01012954,2025-12-19,B001,ZM,Retail,Web,1987-11-06,M,Active
C01012955,2022-06-24,B020,ZM,Retail,ATM,2010-11-11,F,Active
C01012956,2023-02-19,B020,ZM,SME,App,2003-06-23,M,Active
C01012957,2022-10-13,B010,ZM,Retail,Branch,1975-08-17,F,Active
C01012958,2024-09-10,B004,ZM,Retail,Agent,1972-02-07,M,Active
C01012959,2025-02-26,B005,ZM,Retail,Web,1964-07-12,F,Dormant
C01012960,2024-06-28,B020,ZM,Retail,USSD,1983-01-07,M,Active
C01012961,2022-12-01,B003,ZM,Retail,ATM,1976-09-07,M,Active
C01012962,2023-09-22,B003,ZM,Retail,Agent,2014-04-06,F,Closed
C01012963,2023-11-11,B002,ZM,Retail,App,2007-01-18,F,Active
C01012964,2024-09-07,B005,ZM,SME,ATM,1994-09-18,M,Active
C01012965,2022-11-13,B003,ZM,Retail,Web,1976-07-21,M,Active
C01012966,2023-05-15,B020,ZM,Retail,ATM,1974-11-15,F,Active
C01012967,2022-04-25,B003,ZM,Retail,App,1996-11-05,F,Active
C01012968,2025-01-18,B015,ZM,Retail,Web,2010-07-27,M,Active
C01012969,2025-11-18,B010,ZM,Retail,USSD,1971-07-22,M,Active
C01012970,2023-07-02,B020,ZM,Retail,App,1960-12-29,M,Active
C01012971,2025-07-09,B020,ZM,Retail,ATM,1994-06-08,F,Active
C01012972,2025-01-18,B020,ZM,Retail,App,1997-05-28,F,Active
C01012973,2022-09-10,B002,ZM,Retail,Web,1995-09-20,M,Active
C01012974,2022-02-13,B004,ZM,Retail,ATM,1966-07-09,F,Active
C01012975,2022-04-02,B020,ZM,Premium,USSD,2000-09-14,M,Active
C01012976,2022-07-30,B003,ZM,Retail,Agent,2011-01-24,M,Closed
C01012977,2025-01-20,B015,ZM,SME,Branch,2012-05-04,F,Dormant
C01012978,2023-08-31,B020,ZM,Retail,USSD,1996-08-14,F,Closed
C01012979,2022-07-30,B001,ZM,Retail,App,1975-11-15,F,Active
C01012980,2024-11-13,B001,ZM,Retail,Branch,1976-12-19,M,Active
C01012981,2024-04-30,B004,ZM,SME,Agent,1990-12-05,F,Dormant
C01012982,2022-10-18,B005,ZM,Retail,Agent,1993-10-26,F,Active
C01012983,2022-01-03,B002,ZM,Retail,Web,2014-10-01,F,Active
C01012984,2023-04-05,B015,ZM,Retail,Agent,2012-12-06,M,Active
C01012985,2022-02-19,B010,ZM,Retail,ATM,2013-11-25,M,Active
C01012986,2023-04-10,B015,ZM,SME,ATM,1973-11-04,M,Active
C01012987,2024-05-24,B001,ZM,Retail,Web,2012-10-01,F,Active
C01012988,2024-02-29,B001,ZM,Retail,Agent,2014-02-11,M,Dormant
C01012989,2022-10-29,B004,ZM,SME,App,2009-03-06,M,Active
C01012990,2023-12-25,B005,ZM,Retail,USSD,1982-03-30,M,Active
C01012991,2025-09-04,B005,ZM,Retail,Branch,1979-04-27,F,Dormant
C01012992,2023-08-11,B004,ZM,SME,Web,1988-10-05,M,Active
C01012993,2023-04-08,B020,ZM,Retail,Agent,2009-08-06,M,Active
C01012994,2025-11-02,B015,ZM,Retail,App,2002-11-01,M,Active
C01012995,2024-02-27,B001,ZM,Retail,App,1995-11-14,F,Active
C01012996,2025-11-07,B015,ZM,Retail,Branch,2009-11-17,M,Active
C01012997,2026-01-04,B015,ZM,Retail,Web,2006-03-07,M,Closed
C01012998,2022-08-19,B002,ZM,Retail,USSD,2001-08-17,M,Active
C01012999,2024-10-04,B001,ZM,Premium,USSD,2004-06-12,F,Active
C01013000,2022-12-14,B005,ZM,Premium,Web,2000-06-15,F,Active
C01013001,2022-08-14,B010,ZM,SME,ATM,1976-10-20,M,Active
C01013002,2023-04-05,B015,ZM,Retail,Agent,1993-05-22,M,Active
C01013003,2022-07-28,B001,ZM,Premium,USSD,1998-12-02,M,Dormant
C01013004,2023-08-01,B015,ZM,Retail,ATM,1961-02-08,F,Closed
C01013005,2024-01-02,B002,ZM,Retail,Web,1987-01-05,F,Active
C01013006,2022-06-06,B020,ZM,Retail,Agent,1970-11-22,F,Active
C01013007,2025-06-14,B003,ZM,Retail,App,1982-03-01,F,Active
C01013008,2023-11-15,B001,ZM,Retail,Web,1982-11-10,M,Active
C01013009,2022-08-31,B004,ZM,SME,App,2007-02-12,M,Active
C01013010,2024-01-09,B003,ZM,Retail,Web,1975-06-28,F,Active
C01013011,2022-06-23,B015,ZM,Retail,ATM,1964-05-19,F,Active
C01013012,2022-03-30,B004,ZM,Retail,Agent,2006-12-11,F,Active
C01013013,2025-05-23,B004,ZM,SME,ATM,1982-07-24,M,Dormant
C01013014,2022-11-06,B004,ZM,Retail,Agent,2014-07-19,F,Active
C01013015,2022-12-31,B001,ZM,Retail,Web,1982-02-28,F,Dormant
C01013016,2024-05-27,B005,ZM,Retail,App,1968-07-31,F,Active
C01013017,2024-12-22,B015,ZM,Retail,Web,1989-05-15,F,Active
C01013018,2023-11-17,B003,ZM,Premium,App,1977-12-15,F,Active
C01013019,2025-05-13,B002,ZM,Retail,ATM,2014-02-09,M,Active
C01013020,2023-01-07,B005,ZM,Retail,Branch,2007-05-11,F,Closed
C01013021,2025-10-23,B015,ZM,Retail,USSD,1977-01-03,F,Active
C01013022,2024-05-20,B020,ZM,SME,ATM,2013-10-13,M,Active
C01013023,2022-11-04,B020,ZM,Retail,Web,1967-08-05,F,Active
C01013024,2025-09-28,B001,ZM,Retail,Web,1973-11-19,F,Active
C01013025,2025-11-08,B004,ZM,Retail,App,1971-04-23,F,Active
C01013026,2023-09-10,B002,ZM,Retail,USSD,1996-02-08,M,Active
C01013027,2025-07-03,B015,ZM,Premium,Agent,1960-11-18,F,Active
C01013028,2023-08-11,B003,ZM,Premium,ATM,1962-08-19,M,Active
C01013029,2023-12-15,B015,ZM,Premium,USSD,1960-05-24,M,Dormant
C01013030,2022-08-01,B005,ZM,Premium,USSD,1965-12-19,F,Closed
C01013031,2023-07-10,B020,ZM,SME,ATM,1985-12-24,M,Active
C01013032,2024-10-19,B010,ZM,Retail,App,1986-09-09,F,Active
C01013033,2025-09-17,B005,ZM,SME,Agent,1964-06-15,M,Active
C01013034,2024-01-26,B015,ZM,Retail,App,2001-11-04,M,Active
C01013035,2023-06-28,B002,ZM,Retail,App,1995-10-15,M,Active
C01013036,2025-12-27,B015,ZM,Retail,Branch,1973-03-03,F,Active
C01013037,2022-06-06,B015,ZM,Premium,USSD,1966-01-15,F,Active
C01013038,2022-01-05,B001,ZM,Retail,Branch,1987-05-11,M,Dormant
C01013039,2022-11-01,B003,ZM,SME,App,1980-05-07,F,Active
C01013040,2025-09-05,B002,ZM,Retail,Agent,1963-01-11,M,Active
C01013041,2022-10-28,B015,ZM,Retail,ATM,1985-07-02,F,Active
C01013042,2023-10-18,B004,ZM,Retail,USSD,2010-08-07,M,Active
C01013043,2022-10-30,B003,ZM,Retail,ATM,1966-05-06,F,Active
C01013044,2024-03-10,B005,ZM,Retail,Web,1979-07-14,M,Dormant
C01013045,2024-07-03,B002,ZM,Retail,USSD,1986-12-17,F,Active
C01013046,2026-01-17,B005,ZM,SME,ATM,1970-08-09,F,Active
C01013047,2024-09-06,B020,ZM,Retail,App,1961-06-30,F,Active
C01013048,2022-05-18,B015,ZM,Retail,Branch,1978-04-24,F,Dormant
C01013049,2022-08-20,B005,ZM,Retail,ATM,2006-05-06,F,Active
C01013050,2025-03-29,B005,ZM,Retail,Agent,2011-07-30,M,Active
C01013051,2024-05-25,B001,ZM,Retail,Web,2004-06-21,M,Active
C01013052,2026-01-28,B005,ZM,Retail,App,1988-10-31,F,Dormant
C01013053,2023-07-25,B004,ZM,Retail,Web,1973-08-30,F,Active
C01013054,2022-10-24,B004,ZM,Retail,Agent,2008-10-06,M,Dormant
C01013055,2022-07-05,B003,ZM,Retail,Agent,2002-03-04,F,Active
C01013056,2023-10-24,B015,ZM,SME,Branch,1971-11-17,F,Active
C01013057,2022-09-19,B010,ZM,Retail,Web,1962-12-22,F,Active
C01013058,2023-01-08,B020,ZM,Retail,Agent,2013-01-22,F,Active
C01013059,2024-02-28,B005,ZM,Retail,ATM,2008-06-16,M,Active
C01013060,2023-12-24,B005,ZM,Retail,Agent,1999-01-02,F,Active
C01013061,2023-10-16,B002,ZM,Retail,Agent,1989-05-10,M,Dormant
C01013062,2024-10-09,B001,ZM,Retail,ATM,1994-06-05,M,Dormant
C01013063,2024-05-18,B010,ZM,Retail,App,1986-08-28,M,Active
C01013064,2024-09-12,B003,ZM,Retail,Branch,1974-05-02,M,Dormant
C01013065,2025-11-21,B020,ZM,Premium,Branch,1972-02-24,F,Active
C01013066,2024-04-27,B010,ZM,SME,USSD,1986-08-19,M,Active
C01013067,2025-05-17,B005,ZM,SME,USSD,1961-01-07,F,Dormant
C01013068,2025-07-27,B002,ZM,Retail,ATM,1989-07-24,F,Active
C01013069,2023-11-14,B015,ZM,Retail,Agent,1973-07-29,M,Active
C01013070,2022-10-11,B001,ZM,Retail,Web,1964-12-27,M,Active
C01013071,2025-09-01,B015,ZM,Retail,Agent,2006-07-11,F,Closed
C01013072,2023-05-19,B003,ZM,Retail,Agent,1976-05-21,F,Active
C01013073,2024-02-24,B010,ZM,Retail,Web,1980-12-13,M,Active
C01013074,2024-05-07,B003,ZM,Retail,App,1990-03-21,M,Active
C01013075,2025-01-30,B005,ZM,SME,Branch,1980-10-28,F,Active
C01013076,2024-10-15,B003,ZM,Retail,ATM,1962-10-12,M,Dormant
C01013077,2025-01-08,B015,ZM,Retail,Web,2011-02-27,M,Dormant
C01013078,2024-12-29,B002,ZM,Retail,USSD,2003-06-19,F,Active
C01013079,2024-10-05,B003,ZM,Retail,ATM,1998-04-10,F,Active
C01013080,2024-12-26,B004,ZM,Retail,App,1998-05-29,F,Active
C01013081,2025-01-03,B002,ZM,Retail,ATM,2014-08-08,F,Active
C01013082,2023-04-17,B010,ZM,Retail,Web,1969-03-06,F,Active
C01013083,2024-02-27,B001,ZM,Retail,App,1983-06-02,F,Active
C01013084,2022-06-21,B001,ZM,Retail,Agent,2010-02-14,M,Active
C01013085,2025-04-04,B005,ZM,Retail,USSD,1995-12-12,F,Active
C01013086,2026-01-04,B005,ZM,Retail,USSD,1971-03-23,F,Active
C01013087,2024-05-13,B004,ZM,Retail,Web,2010-12-28,F,Active
C01013088,2024-12-15,B010,ZM,Retail,App,2008-11-29,M,Active
C01013089,2025-03-29,B015,ZM,SME,USSD,1963-01-17,M,Dormant
C01013090,2025-11-21,B001,ZM,Retail,App,1993-03-12,F,Active
C01013091,2023-03-26,B001,ZM,Retail,ATM,1996-02-03,F,Active
C01013092,2025-12-10,B001,ZM,Premium,Branch,2007-11-26,M,Dormant
C01013093,2022-06-28,B015,ZM,SME,Branch,1971-10-25,M,Dormant
C01013094,2023-04-27,B001,ZM,Premium,Branch,1960-05-21,F,Active
C01013095,2024-01-11,B003,ZM,Retail,USSD,1967-08-23,M,Active
C01013096,2022-01-06,B010,ZM,Retail,Web,2002-07-06,M,Active
C01013097,2023-02-21,B002,ZM,Retail,Branch,1992-09-12,M,Active
C01013098,2022-02-05,B002,ZM,Retail,Agent,1982-01-26,F,Active
C01013099,2024-01-13,B004,ZM,Premium,Web,1960-04-01,M,Active
C01013100,2025-02-17,B003,ZM,Retail,Branch,2000-03-29,M,Active
C01013101,2024-08-28,B001,ZM,SME,ATM,1996-08-24,F,Active
C01013102,2022-10-01,B001,ZM,Retail,Branch,1996-09-11,M,Active
C01013103,2022-08-14,B005,ZM,Retail,Web,1969-01-06,M,Active
C01013104,2022-05-03,B005,ZM,SME,USSD,2007-03-17,M,Active
C01013105,2023-12-17,B004,ZM,SME,Agent,1998-08-19,F,Active
C01013106,2024-01-10,B001,ZM,Premium,ATM,2011-04-22,F,Active
C01013107,2022-10-13,B004,ZM,SME,Web,1989-11-22,F,Active
C01013108,2023-08-27,B003,ZM,Retail,App,2003-02-02,M,Active
C01013109,2024-07-31,B002,ZM,Retail,Branch,1973-09-20,M,Closed
C01013110,2022-10-23,B001,ZM,SME,ATM,1986-01-19,M,Dormant
C01013111,2025-02-03,B010,ZM,Retail,USSD,1960-08-08,F,Active
C01013112,2024-05-12,B015,ZM,Retail,App,1987-10-11,F,Dormant
C01013113,2023-05-12,B003,ZM,Retail,Branch,1982-03-29,M,Dormant
C01013114,2023-03-08,B001,ZM,Retail,ATM,1987-07-29,F,Active
C01013115,2023-04-05,B015,ZM,Retail,Agent,2004-01-10,F,Active
C01013116,2022-04-25,B010,ZM,Retail,Web,1983-02-10,M,Active
C01013117,2022-10-10,B005,ZM,Retail,Branch,1970-10-24,M,Active
C01013118,2022-08-29,B004,ZM,Retail,ATM,1974-08-28,F,Active
C01013119,2025-11-25,B005,ZM,SME,Branch,1988-07-11,F,Active
C01013120,2025-12-12,B002,ZM,Retail,Agent,1980-03-26,F,Dormant
C01013121,2022-10-21,B005,ZM,SME,ATM,1966-07-05,M,Active
C01013122,2024-02-13,B001,ZM,Retail,Web,1977-06-02,F,Active
C01013123,2022-02-23,B010,ZM,Premium,Branch,2003-04-04,M,Active
C01013124,2025-11-26,B005,ZM,Retail,ATM,1988-04-29,F,Active
C01013125,2024-05-19,B001,ZM,Retail,App,1996-04-22,F,Active
C01013126,2024-02-01,B002,ZM,SME,USSD,1968-09-11,M,Active
C01013127,2022-04-21,B015,ZM,SME,Agent,1961-02-21,M,Active
C01013128,2025-12-07,B010,ZM,Retail,ATM,1964-08-25,F,Active
C01013129,2022-08-06,B005,ZM,Premium,ATM,2004-07-07,F,Active
C01013130,2025-09-19,B004,ZM,Retail,ATM,2003-12-23,M,Active
C01013131,2025-04-06,B004,ZM,Premium,Branch,2004-06-26,F,Active
C01013132,2022-06-01,B010,ZM,Retail,Agent,1977-08-16,M,Active
C01013133,2024-09-03,B004,ZM,Retail,USSD,1975-03-19,M,Active
C01013134,2025-05-01,B005,ZM,Retail,Agent,1966-07-29,F,Active
C01013135,2022-11-20,B005,ZM,Retail,Branch,2004-07-11,M,Active
C01013136,2022-03-03,B010,ZM,Retail,ATM,1991-05-14,M,Active
C01013137,2022-10-28,B005,ZM,Retail,Agent,1965-07-28,F,Active
C01013138,2024-01-19,B015,ZM,Retail,ATM,1980-04-02,F,Active
C01013139,2022-10-17,B001,ZM,Retail,USSD,1997-08-05,F,Active
C01013140,2022-06-11,B002,ZM,Retail,App,1967-09-24,F,Active
C01013141,2023-05-17,B015,ZM,SME,Branch,2011-08-22,F,Dormant
C01013142,2022-06-07,B015,ZM,Retail,App,1976-02-02,F,Active
C01013143,2022-01-26,B004,ZM,SME,Agent,1964-01-14,F,Dormant
C01013144,2025-03-11,B001,ZM,Premium,ATM,1973-02-25,F,Active
C01013145,2024-05-02,B010,ZM,Retail,ATM,1989-12-02,F,Active
C01013146,2022-11-03,B020,ZM,Premium,Web,2012-05-17,M,Active
C01013147,2023-01-09,B004,ZM,Retail,Web,2013-08-12,F,Active
C01013148,2024-08-20,B001,ZM,Retail,App,1966-05-14,M,Active
C01013149,2022-10-14,B005,ZM,Retail,Web,2012-12-31,F,Active
C01013150,2024-12-16,B010,ZM,Retail,Agent,1977-10-15,F,Active
C01013151,2025-12-01,B020,ZM,SME,USSD,2006-04-05,M,Active
C01013152,2023-09-06,B010,ZM,Retail,Agent,2003-06-12,M,Active
C01013153,2024-08-20,B020,ZM,Retail,App,1977-05-07,M,Active
C01013154,2024-04-22,B020,ZM,Retail,Agent,1978-11-02,M,Active
C01013155,2026-01-19,B004,ZM,Retail,Web,2001-03-26,F,Active
C01013156,2023-11-22,B005,ZM,Retail,Web,1963-08-14,F,Active
C01013157,2024-06-28,B004,ZM,Retail,USSD,1977-01-12,F,Active
C01013158,2025-08-13,B020,ZM,SME,Agent,1986-10-04,F,Active
C01013159,2025-11-24,B020,ZM,SME,USSD,1976-06-29,F,Closed
C01013160,2022-01-28,B003,ZM,Retail,App,1986-05-15,F,Active
C01013161,2023-08-11,B001,ZM,Retail,Branch,1987-11-09,M,Active
C01013162,2022-08-16,B003,ZM,Retail,Agent,1984-09-04,F,Dormant
C01013163,2022-11-16,B001,ZM,Retail,Agent,2000-03-29,M,Active
C01013164,2022-05-03,B002,ZM,SME,USSD,1985-09-17,F,Closed
C01013165,2025-08-08,B015,ZM,Retail,Web,2009-05-03,F,Active
C01013166,2022-03-07,B010,ZM,Retail,App,2014-08-18,M,Active
C01013167,2025-05-22,B004,ZM,Premium,Branch,1960-01-03,F,Active
C01013168,2022-12-22,B002,ZM,SME,Agent,1984-04-21,F,Active
C01013169,2024-10-27,B002,ZM,Retail,App,2004-04-06,M,Dormant
C01013170,2022-11-25,B010,ZM,Retail,Web,1998-09-09,M,Active
C01013171,2022-01-23,B010,ZM,Retail,Branch,1962-04-21,F,Dormant
C01013172,2024-03-22,B001,ZM,Retail,Branch,1999-10-29,M,Active
C01013173,2024-05-17,B003,ZM,Retail,USSD,2007-12-15,M,Active
C01013174,2025-10-24,B005,ZM,Retail,ATM,1997-04-26,M,Active
C01013175,2024-07-19,B001,ZM,SME,Web,1971-07-18,F,Active
C01013176,2025-02-08,B005,ZM,Premium,ATM,1980-03-24,M,Active
C01013177,2025-12-27,B002,ZM,Retail,Web,1988-04-11,F,Active
C01013178,2023-06-13,B005,ZM,Retail,App,1965-11-22,M,Active
C01013179,2025-03-17,B003,ZM,Retail,ATM,1960-06-17,M,Active
C01013180,2024-10-24,B001,ZM,Premium,Agent,2002-03-16,M,Active
C01013181,2023-09-19,B020,ZM,SME,Agent,1997-02-05,M,Active
C01013182,2025-12-23,B010,ZM,Retail,Agent,1988-10-30,F,Active
C01013183,2023-04-11,B020,ZM,Retail,Branch,1966-11-02,F,Dormant
C01013184,2024-05-17,B003,ZM,SME,USSD,2014-07-28,F,Active
C01013185,2022-11-18,B015,ZM,Retail,Web,1966-05-25,M,Active
C01013186,2023-07-11,B003,ZM,Retail,USSD,2002-04-10,M,Active
C01013187,2022-07-08,B015,ZM,Retail,Web,1963-01-22,M,Active
C01013188,2024-12-04,B001,ZM,SME,Agent,2010-01-01,F,Active
C01013189,2024-02-13,B010,ZM,Retail,Branch,1992-01-20,M,Active
C01013190,2022-09-14,B003,ZM,SME,Branch,1968-01-22,M,Active
C01013191,2023-03-10,B020,ZM,Retail,Branch,2003-05-12,F,Active
C01013192,2024-03-31,B015,ZM,SME,Branch,1981-06-07,M,Active
C01013193,2025-06-21,B010,ZM,Retail,Branch,1974-12-07,F,Dormant
C01013194,2022-04-25,B004,ZM,Retail,Agent,2008-04-14,F,Active
C01013195,2023-03-25,B004,ZM,Retail,USSD,2013-03-17,F,Active
C01013196,2024-03-14,B004,ZM,SME,App,1991-02-21,M,Active
C01013197,2023-01-12,B005,ZM,Premium,ATM,1967-01-14,M,Active
C01013198,2025-02-19,B003,ZM,Retail,USSD,1984-01-16,M,Active
C01013199,2025-05-24,B001,ZM,Retail,Agent,1991-07-20,F,Active
C01013200,2022-06-08,B020,ZM,Retail,ATM,1994-05-29,M,Closed
C01013201,2025-11-19,B001,ZM,Retail,App,1977-04-11,F,Active
C01013202,2024-08-17,B005,ZM,SME,Web,1982-12-12,F,Active
C01013203,2024-09-04,B001,ZM,Retail,App,1963-04-28,M,Dormant
C01013204,2023-10-04,B015,ZM,Retail,App,2014-04-12,M,Active
C01013205,2025-08-29,B004,ZM,Retail,Agent,1966-08-01,F,Active
C01013206,2025-08-07,B020,ZM,Retail,Web,2010-02-02,F,Active
C01013207,2024-04-09,B003,ZM,SME,ATM,1991-10-05,M,Active
C01013208,2024-02-19,B001,ZM,Retail,Branch,2005-08-27,M,Dormant
C01013209,2022-12-04,B001,ZM,Retail,Web,1960-02-17,F,Dormant
C01013210,2022-04-22,B002,ZM,SME,Web,1990-11-21,F,Active
C01013211,2024-01-31,B002,ZM,Retail,App,1991-01-26,M,Active
C01013212,2025-08-17,B002,ZM,Retail,Web,2008-11-09,F,Dormant
C01013213,2024-05-18,B003,ZM,Retail,USSD,1967-02-03,M,Active
C01013214,2023-02-03,B004,ZM,Retail,Branch,1968-07-24,M,Active
C01013215,2023-07-07,B010,ZM,Retail,App,1988-10-17,F,Active
C01013216,2022-08-11,B004,ZM,Retail,ATM,2000-07-16,F,Active
C01013217,2022-08-02,B020,ZM,Retail,ATM,1983-05-18,M,Active
C01013218,2022-06-09,B004,ZM,Retail,ATM,1984-05-02,F,Closed
C01013219,2024-01-13,B003,ZM,Retail,ATM,1995-03-16,M,Active
C01013220,2025-05-20,B015,ZM,Retail,ATM,1992-10-23,F,Active
C01013221,2023-11-19,B015,ZM,SME,App,1982-04-30,F,Active
C01013222,2022-02-27,B003,ZM,Retail,USSD,2014-01-12,F,Active
C01013223,2023-05-06,B002,ZM,SME,USSD,1970-06-29,F,Active
C01013224,2023-08-01,B001,ZM,Retail,ATM,1995-09-27,M,Dormant
C01013225,2022-11-30,B005,ZM,Retail,USSD,1964-03-16,M,Active
C01013226,2025-01-14,B005,ZM,Retail,Branch,2004-02-17,M,Dormant
C01013227,2022-08-07,B010,ZM,Premium,USSD,2002-06-01,F,Active
C01013228,2022-05-14,B001,ZM,Retail,Web,1960-03-29,M,Active
C01013229,2023-03-10,B010,ZM,Retail,ATM,1964-07-15,F,Active
C01013230,2025-05-07,B002,ZM,Premium,Web,1985-07-28,F,Active
C01013231,2022-01-23,B010,ZM,SME,Web,1961-01-05,M,Active
C01013232,2023-09-26,B001,ZM,Retail,ATM,2012-09-26,M,Active
C01013233,2023-01-20,B020,ZM,Premium,Agent,1982-01-20,F,Active
C01013234,2025-02-03,B001,ZM,Retail,App,1961-02-16,F,Active
C01013235,2023-02-18,B005,ZM,Retail,Agent,1987-12-11,F,Active
C01013236,2025-07-31,B015,ZM,Retail,USSD,1988-08-11,F,Active
C01013237,2022-03-08,B002,ZM,Retail,Agent,1987-12-20,F,Active
C01013238,2023-05-08,B020,ZM,Retail,Branch,1970-07-08,F,Active
C01013239,2023-07-06,B003,ZM,SME,Agent,2008-05-28,M,Dormant
C01013240,2022-06-24,B020,ZM,Retail,Agent,1984-10-14,M,Active
C01013241,2025-03-13,B020,ZM,Retail,App,1961-08-25,F,Active
C01013242,2025-03-02,B010,ZM,SME,Branch,1982-04-22,M,Active
C01013243,2022-04-02,B005,ZM,Retail,Agent,2014-03-16,M,Active
C01013244,2025-02-28,B010,ZM,Premium,ATM,2008-12-23,M,Active
C01013245,2024-09-17,B010,ZM,Premium,USSD,1973-06-03,M,Active
C01013246,2022-04-04,B003,ZM,Premium,Agent,1975-12-27,M,Active
C01013247,2022-04-09,B002,ZM,SME,App,1967-04-22,M,Active
C01013248,2023-10-07,B001,ZM,Retail,ATM,2008-05-30,M,Active
C01013249,2022-07-10,B004,ZM,Retail,App,1962-03-01,M,Active
C01013250,2023-09-25,B010,ZM,Retail,Web,1978-10-01,F,Active
C01013251,2022-01-18,B004,ZM,Retail,Agent,2012-10-20,M,Active
C01013252,2024-01-01,B002,ZM,Retail,USSD,1994-04-29,F,Active
C01013253,2023-08-02,B004,ZM,Retail,USSD,1995-04-26,M,Active
C01013254,2024-03-26,B010,ZM,Premium,ATM,1974-05-20,F,Active
C01013255,2024-10-21,B003,ZM,SME,ATM,1963-07-31,F,Active
C01013256,2023-02-04,B004,ZM,Retail,ATM,1981-05-26,M,Active
C01013257,2023-10-07,B002,ZM,Retail,USSD,2006-02-02,F,Active
C01013258,2024-03-11,B002,ZM,Retail,Agent,1993-05-08,M,Active
C01013259,2026-01-26,B015,ZM,SME,Web,2008-10-20,M,Active
C01013260,2023-12-30,B015,ZM,Retail,USSD,2009-10-05,M,Active
C01013261,2022-09-23,B003,ZM,Retail,ATM,1995-10-29,M,Active
C01013262,2025-12-10,B004,ZM,Retail,Branch,1985-01-01,F,Active
C01013263,2025-10-13,B004,ZM,Retail,Agent,1961-11-20,M,Active
C01013264,2022-07-19,B015,ZM,Premium,Web,1999-11-27,F,Active
C01013265,2023-11-10,B001,ZM,Retail,USSD,2007-12-03,F,Active
C01013266,2024-04-14,B005,ZM,Retail,Branch,2008-06-27,M,Active
C01013267,2024-10-28,B002,ZM,SME,Agent,1961-02-11,F,Active
C01013268,2022-07-26,B001,ZM,SME,Web,1973-08-06,F,Active
C01013269,2024-10-25,B002,ZM,SME,USSD,1995-02-22,F,Active
C01013270,2022-11-04,B020,ZM,Retail,Agent,1988-11-10,M,Active
C01013271,2022-02-18,B020,ZM,Retail,Agent,1974-02-15,F,Active
C01013272,2025-04-17,B001,ZM,Retail,ATM,2014-07-21,M,Active
C01013273,2024-02-22,B020,ZM,Retail,USSD,1990-04-26,M,Dormant
C01013274,2024-09-03,B015,ZM,Retail,Agent,1968-02-14,M,Active
C01013275,2025-04-15,B015,ZM,Retail,Web,1994-04-13,M,Dormant
C01013276,2022-03-18,B005,ZM,Retail,ATM,1985-05-05,F,Active
C01013277,2023-08-18,B001,ZM,Premium,Agent,1999-03-27,F,Active
C01013278,2022-11-27,B002,ZM,Retail,App,2013-11-09,F,Active
C01013279,2022-11-07,B004,ZM,Premium,Branch,1978-07-16,M,Active
C01013280,2025-10-29,B002,ZM,Retail,Agent,1978-04-11,M,Active
C01013281,2024-08-06,B010,ZM,Retail,ATM,1981-03-28,M,Active
C01013282,2022-06-11,B015,ZM,Retail,ATM,1990-09-24,F,Active
C01013283,2025-07-05,B003,ZM,SME,Web,1997-06-16,M,Active
C01013284,2022-07-11,B003,ZM,Retail,Agent,1971-11-09,F,Active
C01013285,2026-01-11,B015,ZM,SME,Agent,1977-12-13,F,Active
C01013286,2023-04-20,B010,ZM,Retail,Web,1964-12-23,M,Dormant
C01013287,2023-03-18,B003,ZM,SME,Branch,1977-01-12,M,Dormant
C01013288,2025-10-27,B020,ZM,Retail,Web,2014-04-08,F,Active
C01013289,2025-09-01,B015,ZM,SME,ATM,2002-01-09,F,Dormant
C01013290,2022-10-16,B003,ZM,Retail,Branch,1986-11-29,M,Active
C01013291,2026-01-11,B015,ZM,SME,Branch,1983-08-27,M,Dormant
C01013292,2022-11-26,B005,ZM,Retail,USSD,1961-11-08,M,Active
C01013293,2024-10-24,B004,ZM,Retail,ATM,2005-02-19,M,Active
C01013294,2024-11-23,B004,ZM,SME,ATM,2005-07-03,F,Active
C01013295,2026-02-01,B002,ZM,Retail,Web,1964-10-16,M,Active
C01013296,2025-05-31,B010,ZM,Retail,ATM,1998-10-03,F,Active
C01013297,2025-08-27,B015,ZM,SME,Agent,2003-09-22,M,Dormant
C01013298,2024-12-07,B001,ZM,Retail,Web,1963-10-26,M,Active
C01013299,2023-12-01,B002,ZM,Retail,ATM,2005-05-11,F,Dormant
C01013300,2024-07-05,B002,ZM,Retail,Agent,2014-04-15,M,Active
C01013301,2022-09-26,B015,ZM,SME,USSD,2010-02-04,F,Active
C01013302,2023-11-26,B015,ZM,Retail,ATM,2003-04-30,M,Active
C01013303,2023-08-19,B002,ZM,Retail,USSD,1963-10-26,F,Active
C01013304,2024-01-08,B002,ZM,Retail,ATM,2013-07-09,F,Active
C01013305,2025-06-30,B004,ZM,SME,ATM,1975-02-02,F,Dormant
C01013306,2024-06-01,B001,ZM,Premium,App,1963-09-06,M,Dormant
C01013307,2022-03-23,B020,ZM,SME,Agent,1970-07-16,F,Active
C01013308,2025-12-30,B002,ZM,Retail,ATM,2013-10-12,F,Active
C01013309,2025-10-30,B020,ZM,Retail,USSD,1968-04-24,M,Active
C01013310,2024-03-04,B004,ZM,Retail,Branch,2008-07-09,F,Active
C01013311,2023-05-05,B002,ZM,Retail,USSD,1985-04-24,F,Active
C01013312,2023-03-04,B003,ZM,Premium,Agent,1979-12-13,M,Active
C01013313,2025-06-04,B002,ZM,Retail,ATM,1967-01-28,M,Active
C01013314,2025-05-27,B015,ZM,Retail,Web,1968-03-29,M,Active
C01013315,2022-06-03,B010,ZM,Retail,App,1977-11-30,F,Active
C01013316,2022-11-09,B010,ZM,Retail,Web,1973-01-11,F,Dormant
C01013317,2025-03-07,B002,ZM,Retail,App,1994-12-20,F,Active
C01013318,2025-07-09,B005,ZM,Retail,App,1993-12-18,M,Active
C01013319,2024-10-15,B003,ZM,Retail,Web,1968-12-29,M,Active
C01013320,2022-07-19,B001,ZM,Retail,Agent,1968-08-19,F,Active
C01013321,2022-01-31,B002,ZM,Premium,ATM,1990-01-29,F,Active
C01013322,2022-10-20,B020,ZM,Retail,USSD,2008-03-09,M,Closed
C01013323,2023-09-26,B001,ZM,Retail,Web,1984-09-24,F,Active
C01013324,2025-01-25,B003,ZM,Retail,Branch,2009-08-29,F,Active
C01013325,2022-06-28,B002,ZM,SME,App,1990-05-15,M,Active
C01013326,2024-10-18,B005,ZM,SME,USSD,2010-04-26,F,Active
C01013327,2022-07-12,B004,ZM,Retail,Branch,1964-03-21,M,Active
C01013328,2024-07-20,B005,ZM,Retail,USSD,1990-10-06,F,Active
C01013329,2023-10-05,B015,ZM,Retail,ATM,1974-08-16,F,Active
C01013330,2022-12-14,B005,ZM,Retail,Branch,1995-10-29,F,Active
C01013331,2023-08-29,B020,ZM,Retail,Agent,1981-08-14,F,Active
C01013332,2022-11-27,B004,ZM,Retail,Agent,1976-09-23,M,Active
C01013333,2022-05-20,B015,ZM,Retail,Web,1970-09-14,M,Dormant
C01013334,2023-07-28,B004,ZM,Retail,USSD,1969-12-30,F,Active
C01013335,2025-03-26,B010,ZM,Retail,Agent,2013-04-16,F,Dormant
C01013336,2024-01-15,B004,ZM,Retail,Agent,1996-03-06,F,Dormant
C01013337,2023-12-25,B002,ZM,Retail,Web,1962-11-25,M,Active
C01013338,2022-07-02,B001,ZM,Retail,Web,1986-06-28,F,Active
C01013339,2022-05-26,B010,ZM,Retail,Agent,2000-10-20,M,Closed
C01013340,2023-01-02,B010,ZM,Retail,USSD,1974-04-04,M,Active
C01013341,2025-12-26,B001,ZM,SME,USSD,1973-03-01,F,Active
C01013342,2024-08-01,B020,ZM,SME,App,1961-08-15,M,Active
C01013343,2023-06-13,B010,ZM,SME,App,1988-02-17,M,Active
C01013344,2024-08-27,B004,ZM,Retail,Branch,1980-04-06,M,Active
C01013345,2023-06-09,B005,ZM,Retail,Branch,2013-11-19,M,Active
C01013346,2024-06-24,B003,ZM,Retail,Branch,2002-03-14,M,Active
C01013347,2025-08-24,B020,ZM,Premium,App,1960-08-17,M,Active
C01013348,2022-10-15,B004,ZM,Retail,Web,2002-09-16,M,Active
C01013349,2022-09-11,B015,ZM,Retail,Agent,2002-10-30,M,Active
C01013350,2025-03-10,B015,ZM,Retail,ATM,1984-06-16,M,Active
C01013351,2024-09-26,B005,ZM,Premium,ATM,1992-08-06,M,Active
C01013352,2022-03-23,B020,ZM,Premium,Agent,1984-12-26,M,Active
C01013353,2024-01-15,B020,ZM,SME,USSD,1986-07-31,F,Active
C01013354,2023-08-11,B005,ZM,Retail,App,2003-01-31,M,Active
C01013355,2024-04-01,B020,ZM,Retail,USSD,1965-02-01,F,Active
C01013356,2024-04-17,B010,ZM,Premium,ATM,2007-09-17,F,Active
C01013357,2025-06-23,B002,ZM,Retail,USSD,1972-05-05,F,Active
C01013358,2025-10-25,B002,ZM,Premium,App,1977-08-24,F,Active
C01013359,2022-09-22,B020,ZM,Retail,App,1967-03-04,M,Closed
C01013360,2024-06-21,B010,ZM,Retail,App,1999-10-25,M,Dormant
C01013361,2024-01-22,B010,ZM,SME,ATM,1965-09-12,M,Active
C01013362,2024-11-15,B001,ZM,Retail,App,1985-12-13,F,Active
C01013363,2025-07-03,B001,ZM,Premium,Branch,1995-01-09,M,Dormant
C01013364,2023-10-05,B003,ZM,Retail,Branch,1966-08-03,F,Active
C01013365,2024-02-05,B003,ZM,SME,Agent,2011-05-05,F,Active
C01013366,2022-06-20,B003,ZM,Retail,App,1990-05-29,F,Active
C01013367,2025-10-29,B003,ZM,Retail,Branch,1981-11-17,F,Active
C01013368,2024-04-26,B005,ZM,Retail,App,2011-09-23,M,Active
C01013369,2024-11-02,B005,ZM,Retail,ATM,1984-06-05,F,Active
C01013370,2024-07-10,B001,ZM,Retail,Branch,1997-10-15,M,Active
C01013371,2023-06-23,B002,ZM,Premium,ATM,2003-08-05,M,Active
C01013372,2025-10-29,B010,ZM,Retail,Branch,1994-10-06,F,Active
C01013373,2022-03-29,B015,ZM,Retail,Web,1996-08-14,M,Active
C01013374,2025-06-25,B002,ZM,SME,Web,1971-11-13,F,Active
C01013375,2025-08-11,B004,ZM,Retail,Agent,1996-07-21,F,Active
C01013376,2022-04-27,B005,ZM,Retail,Agent,1976-02-17,M,Active
C01013377,2023-05-17,B003,ZM,Retail,Agent,1982-04-07,M,Active
C01013378,2025-12-04,B003,ZM,SME,ATM,1989-04-23,M,Active
C01013379,2025-02-22,B004,ZM,Retail,Branch,2011-09-11,M,Active
C01013380,2022-01-17,B002,ZM,Retail,Web,1993-09-22,M,Active
C01013381,2022-11-13,B003,ZM,SME,App,1960-03-31,F,Active
C01013382,2022-08-04,B002,ZM,SME,USSD,1992-08-04,M,Active
C01013383,2023-08-19,B010,ZM,Retail,Web,1980-10-27,M,Active
C01013384,2024-02-09,B004,ZM,SME,Web,1961-03-21,F,Dormant
C01013385,2022-11-21,B015,ZM,SME,App,1972-05-14,F,Active
C01013386,2025-03-13,B002,ZM,Retail,Web,1994-06-25,F,Active
C01013387,2024-03-28,B010,ZM,SME,Web,1966-08-11,M,Active
C01013388,2022-05-30,B020,ZM,Retail,Web,2007-12-18,F,Active
C01013389,2023-04-02,B020,ZM,Retail,Agent,1987-01-08,F,Active
C01013390,2024-03-06,B002,ZM,Retail,Agent,1961-06-22,F,Active
C01013391,2024-08-04,B020,ZM,Retail,Branch,1971-08-22,M,Active
C01013392,2025-10-02,B002,ZM,Retail,Agent,1993-07-20,M,Active
C01013393,2022-07-11,B003,ZM,SME,Web,2003-08-13,F,Dormant
C01013394,2023-12-16,B001,ZM,Retail,USSD,2009-11-02,M,Active
C01013395,2024-08-12,B020,ZM,Retail,Agent,2000-03-24,M,Closed
C01013396,2024-08-17,B005,ZM,Retail,Branch,1960-07-13,M,Active
C01013397,2025-08-08,B002,ZM,SME,Branch,1979-05-21,F,Active
C01013398,2024-12-31,B002,ZM,Retail,ATM,1994-10-31,F,Dormant
C01013399,2024-08-10,B002,ZM,Retail,Web,2006-05-17,F,Active
C01013400,2022-08-12,B001,ZM,Retail,USSD,1996-01-01,F,Active
C01013401,2022-06-25,B010,ZM,SME,USSD,1964-05-05,F,Active
C01013402,2023-01-05,B020,ZM,Retail,ATM,1989-08-30,M,Active
C01013403,2026-02-07,B015,ZM,SME,USSD,1964-08-25,M,Active
C01013404,2022-08-10,B015,ZM,Retail,Branch,1995-04-16,F,Active
C01013405,2024-03-23,B004,ZM,Retail,App,1981-03-20,M,Active
C01013406,2024-06-06,B003,ZM,Retail,Branch,1963-09-22,F,Active
C01013407,2023-02-13,B001,ZM,Premium,Agent,1995-07-19,M,Active
C01013408,2024-04-02,B010,ZM,Retail,App,1995-07-05,M,Active
C01013409,2023-11-05,B002,ZM,Retail,USSD,1981-05-31,F,Active
C01013410,2022-05-13,B010,ZM,Retail,Web,1998-12-07,F,Active
C01013411,2023-10-12,B001,ZM,Retail,App,1960-10-01,M,Active
C01013412,2023-12-03,B001,ZM,Retail,Branch,1993-04-12,M,Active
C01013413,2025-05-22,B001,ZM,SME,Branch,1963-12-13,F,Dormant
C01013414,2024-09-22,B004,ZM,Retail,Agent,1971-08-06,M,Active
C01013415,2023-03-12,B005,ZM,Retail,Branch,2007-08-18,F,Dormant
C01013416,2025-12-09,B003,ZM,Retail,Agent,1967-11-14,F,Active
C01013417,2024-09-02,B004,ZM,Retail,Branch,1998-06-25,F,Dormant
C01013418,2022-08-23,B004,ZM,Retail,ATM,1983-11-11,M,Active
C01013419,2023-07-25,B020,ZM,Retail,USSD,1960-09-19,F,Dormant
C01013420,2024-07-19,B005,ZM,Premium,Web,2008-11-23,F,Active
C01013421,2022-03-20,B004,ZM,Retail,Agent,2012-09-23,F,Dormant
C01013422,2025-01-21,B001,ZM,Retail,ATM,1970-10-29,F,Active
C01013423,2022-11-15,B001,ZM,Retail,USSD,1960-12-24,M,Active
C01013424,2024-08-20,B020,ZM,Retail,Agent,1979-05-30,F,Active
C01013425,2022-10-26,B010,ZM,SME,App,2012-08-18,F,Active
C01013426,2025-08-04,B002,ZM,SME,ATM,1963-12-06,M,Active
C01013427,2023-03-14,B004,ZM,Retail,Agent,2013-02-21,F,Active
C01013428,2023-10-18,B002,ZM,Retail,ATM,1970-08-11,F,Active
C01013429,2025-03-09,B003,ZM,Retail,ATM,1974-10-17,F,Active
C01013430,2022-03-06,B015,ZM,Retail,ATM,1965-04-07,F,Active
C01013431,2025-05-16,B001,ZM,Retail,App,1981-04-14,M,Active
C01013432,2024-02-18,B010,ZM,SME,Branch,1962-08-02,M,Active
C01013433,2022-05-08,B003,ZM,Retail,ATM,1972-11-04,M,Active
C01013434,2024-01-11,B020,ZM,Retail,USSD,1992-09-23,M,Active
C01013435,2024-05-30,B010,ZM,Retail,Branch,1972-02-19,M,Active
C01013436,2024-08-27,B015,ZM,Retail,App,1962-02-02,M,Active
C01013437,2023-03-14,B015,ZM,Retail,Web,2014-07-29,F,Active
C01013438,2022-04-21,B020,ZM,Retail,App,1983-07-13,M,Active
C01013439,2023-03-10,B005,ZM,SME,Web,1990-05-30,F,Active
C01013440,2022-02-16,B020,ZM,Retail,USSD,1974-03-07,F,Active
C01013441,2025-11-01,B001,ZM,Retail,Web,1977-12-11,M,Active
C01013442,2024-05-16,B003,ZM,Retail,Agent,2001-04-10,F,Active
C01013443,2023-07-07,B005,ZM,Premium,ATM,1993-04-14,F,Active
C01013444,2023-06-01,B015,ZM,Premium,Branch,2010-12-30,F,Active
C01013445,2025-07-25,B003,ZM,SME,Agent,2001-12-09,M,Active
C01013446,2022-12-27,B010,ZM,SME,Branch,2013-08-07,F,Active
C01013447,2022-06-21,B005,ZM,Retail,ATM,1992-11-22,M,Active
C01013448,2022-10-18,B005,ZM,SME,Branch,1980-09-30,M,Dormant
C01013449,2022-05-22,B001,ZM,Premium,App,1970-01-21,F,Active
C01013450,2023-07-15,B020,ZM,Retail,ATM,2011-07-16,M,Active
C01013451,2024-04-09,B002,ZM,Retail,ATM,1976-09-29,F,Active
C01013452,2022-06-17,B010,ZM,Retail,Branch,1995-03-16,M,Active
C01013453,2023-09-03,B010,ZM,Retail,Agent,1963-09-27,M,Active
C01013454,2025-12-29,B020,ZM,Retail,Web,1964-06-11,M,Active
C01013455,2024-07-13,B005,ZM,Retail,USSD,2007-11-09,M,Active
C01013456,2024-05-09,B005,ZM,Retail,Web,1998-08-11,F,Closed
C01013457,2024-12-10,B001,ZM,Premium,App,1963-11-09,M,Closed
C01013458,2023-03-15,B002,ZM,Retail,ATM,1971-12-08,F,Dormant
C01013459,2025-10-03,B010,ZM,SME,ATM,2001-07-30,F,Active
C01013460,2023-06-16,B015,ZM,Retail,App,1991-04-18,F,Active
C01013461,2023-01-12,B004,ZM,Retail,USSD,2004-03-24,F,Active
C01013462,2022-04-21,B004,ZM,Retail,ATM,1986-06-28,M,Active
C01013463,2022-07-09,B002,ZM,Retail,Web,1988-11-09,M,Active
C01013464,2024-05-27,B003,ZM,Retail,App,1983-02-16,F,Closed
C01013465,2023-12-02,B001,ZM,Retail,ATM,1984-07-10,F,Active
C01013466,2023-09-01,B002,ZM,Retail,Web,2012-12-23,F,Active
C01013467,2022-12-03,B020,ZM,Retail,App,1972-04-18,M,Active
C01013468,2023-02-11,B020,ZM,Retail,App,1963-12-07,M,Active
C01013469,2023-12-17,B004,ZM,Retail,App,1988-08-14,F,Active
C01013470,2024-05-08,B005,ZM,Retail,USSD,1985-08-23,M,Active
C01013471,2024-09-13,B004,ZM,Retail,App,2009-12-15,M,Active
C01013472,2024-08-31,B005,ZM,Retail,Agent,2014-04-10,M,Active
C01013473,2025-01-01,B001,ZM,Retail,Branch,1985-04-03,M,Active
C01013474,2025-11-11,B005,ZM,Retail,Branch,1985-08-06,F,Active
C01013475,2022-11-26,B002,ZM,Retail,App,1989-07-20,M,Active
C01013476,2025-11-27,B005,ZM,Retail,ATM,1980-03-13,F,Active
C01013477,2024-06-13,B003,ZM,Retail,Branch,2006-02-04,F,Dormant
C01013478,2023-12-28,B020,ZM,Retail,Web,1968-02-15,M,Active
C01013479,2025-11-20,B002,ZM,Retail,Web,1971-02-26,F,Active
C01013480,2025-03-14,B020,ZM,Retail,ATM,2010-01-04,M,Active
C01013481,2024-03-07,B001,ZM,SME,Web,1961-06-17,M,Dormant
C01013482,2022-01-21,B002,ZM,SME,Agent,2010-05-02,F,Dormant
C01013483,2025-02-22,B003,ZM,Retail,ATM,1970-11-01,F,Active
C01013484,2025-05-07,B001,ZM,SME,Web,2009-03-01,M,Active
C01013485,2023-02-11,B004,ZM,Retail,App,2013-05-26,F,Active
C01013486,2022-06-09,B003,ZM,Retail,Web,1994-12-04,F,Active
C01013487,2026-01-20,B001,ZM,Premium,App,1991-03-17,M,Active
C01013488,2025-09-29,B015,ZM,SME,Web,1991-06-08,M,Active
C01013489,2025-03-30,B005,ZM,Retail,Web,2007-06-30,F,Active
C01013490,2025-06-16,B002,ZM,Retail,Web,1978-12-17,F,Active
C01013491,2022-10-24,B001,ZM,Retail,App,1985-06-04,M,Dormant
C01013492,2023-10-26,B002,ZM,Retail,Web,1985-05-22,M,Dormant
C01013493,2025-09-22,B005,ZM,Retail,Web,1989-08-15,M,Active
C01013494,2023-10-11,B001,ZM,Retail,Agent,1995-09-20,M,Active
C01013495,2022-01-30,B004,ZM,SME,USSD,1996-06-08,F,Active
C01013496,2022-11-05,B015,ZM,Retail,App,1974-01-28,M,Active
C01013497,2024-07-28,B015,ZM,SME,Agent,1975-01-22,M,Active
C01013498,2022-10-30,B003,ZM,Retail,Branch,2013-07-27,M,Active
C01013499,2024-10-19,B001,ZM,Retail,ATM,1993-04-13,M,Active
C01013500,2023-10-11,B005,ZM,Retail,USSD,1973-05-27,M,Active
C01013501,2022-08-21,B001,ZM,Retail,Agent,1971-01-24,M,Active
C01013502,2025-10-12,B002,ZM,Retail,Agent,2004-04-04,M,Active
C01013503,2024-04-12,B010,ZM,Retail,Web,2004-05-30,F,Active
C01013504,2023-06-23,B020,ZM,Retail,Branch,1964-09-10,M,Active
C01013505,2024-12-02,B001,ZM,Retail,Branch,1988-04-01,M,Active
C01013506,2026-01-19,B015,ZM,Retail,Web,1996-07-19,F,Closed
C01013507,2022-01-08,B015,ZM,Retail,Agent,1994-01-30,F,Dormant
C01013508,2024-07-11,B020,ZM,Retail,Agent,1961-01-30,F,Active
C01013509,2022-09-15,B015,ZM,Retail,Web,1981-01-21,F,Active
C01013510,2025-07-23,B004,ZM,Retail,USSD,1996-08-21,M,Active
C01013511,2024-07-09,B001,ZM,SME,App,1969-03-14,F,Closed
C01013512,2025-08-01,B003,ZM,Retail,USSD,1997-09-05,F,Active
C01013513,2025-03-30,B001,ZM,Retail,App,1972-07-08,F,Closed
C01013514,2022-07-19,B010,ZM,Retail,Branch,1987-10-10,M,Active
C01013515,2022-03-16,B015,ZM,Retail,ATM,2008-08-08,M,Dormant
C01013516,2023-03-24,B002,ZM,Retail,Web,1997-12-14,M,Dormant
C01013517,2023-01-20,B015,ZM,Retail,USSD,1962-09-25,F,Dormant
C01013518,2024-05-10,B001,ZM,SME,Branch,2000-02-28,M,Dormant
C01013519,2025-11-27,B004,ZM,Retail,USSD,1960-12-09,M,Active
C01013520,2025-01-23,B005,ZM,Retail,Agent,1986-08-02,M,Active
C01013521,2022-12-07,B001,ZM,Retail,App,2000-04-09,F,Active
C01013522,2025-05-15,B001,ZM,Retail,Web,1973-11-02,M,Dormant
C01013523,2024-02-13,B003,ZM,Retail,Agent,1997-10-27,M,Active
C01013524,2023-03-19,B004,ZM,SME,App,1996-06-07,F,Active
C01013525,2023-12-14,B010,ZM,SME,Agent,1961-06-09,M,Active
C01013526,2023-03-06,B005,ZM,SME,App,1971-10-05,F,Active
C01013527,2023-01-27,B015,ZM,Retail,App,1977-08-25,M,Dormant
C01013528,2025-10-23,B002,ZM,SME,Agent,1991-09-12,F,Active
C01013529,2025-03-27,B001,ZM,Retail,Branch,1965-08-22,M,Active
C01013530,2022-01-30,B010,ZM,Retail,Web,1992-10-31,F,Active
C01013531,2024-01-29,B005,ZM,Premium,ATM,2005-03-19,F,Dormant
C01013532,2024-01-16,B002,ZM,Retail,USSD,1992-10-04,F,Active
C01013533,2022-02-03,B010,ZM,Retail,App,1962-06-09,F,Closed
C01013534,2023-09-11,B004,ZM,Retail,Web,1966-05-15,M,Active
C01013535,2023-09-21,B004,ZM,Retail,USSD,1993-08-05,F,Active
C01013536,2024-10-25,B005,ZM,Retail,Web,1977-11-09,F,Active
C01013537,2022-09-13,B015,ZM,Premium,Agent,1960-05-23,M,Active
C01013538,2025-12-03,B020,ZM,Retail,USSD,1966-02-01,F,Active
C01013539,2024-10-19,B002,ZM,Retail,Web,1999-08-01,F,Active
C01013540,2025-08-21,B004,ZM,Retail,ATM,1980-09-01,F,Active
C01013541,2024-07-22,B020,ZM,SME,Web,1968-02-02,M,Dormant
C01013542,2024-04-27,B005,ZM,Retail,Web,1997-12-18,M,Active
C01013543,2024-04-20,B004,ZM,Retail,App,2004-08-04,M,Active
C01013544,2023-12-22,B004,ZM,Retail,App,1968-06-03,M,Active
C01013545,2023-12-23,B010,ZM,Retail,App,1988-05-08,F,Active
C01013546,2025-01-15,B020,ZM,Retail,Agent,1997-12-20,F,Active
C01013547,2024-05-22,B010,ZM,Retail,Web,1964-11-03,M,Active
C01013548,2024-12-07,B004,ZM,SME,ATM,1991-02-12,F,Active
C01013549,2023-11-19,B020,ZM,Premium,USSD,2007-03-29,M,Active
C01013550,2022-08-21,B003,ZM,Retail,App,1999-06-24,F,Closed
C01013551,2022-12-27,B020,ZM,Retail,Branch,2011-04-28,M,Active
C01013552,2024-07-28,B010,ZM,SME,Web,1965-07-19,M,Active
C01013553,2024-05-27,B002,ZM,Retail,ATM,1993-07-02,M,Active
C01013554,2024-02-04,B005,ZM,Retail,ATM,1971-07-27,M,Active
C01013555,2022-12-29,B005,ZM,Retail,App,1976-01-30,F,Active
C01013556,2025-02-06,B015,ZM,Retail,Agent,1982-12-08,M,Active
C01013557,2025-05-03,B002,ZM,Retail,App,1987-02-11,M,Active
C01013558,2022-11-30,B002,ZM,Retail,Agent,1966-09-25,F,Active
C01013559,2025-01-16,B002,ZM,Premium,Branch,1978-10-07,M,Active
C01013560,2024-06-11,B015,ZM,Retail,Branch,1982-01-02,M,Active
C01013561,2024-02-21,B002,ZM,Retail,App,2012-12-30,F,Dormant
C01013562,2023-08-07,B001,ZM,Retail,USSD,1989-04-13,F,Active
C01013563,2025-09-12,B015,ZM,Retail,App,1987-08-06,M,Active
C01013564,2025-11-11,B005,ZM,Retail,App,1999-09-07,F,Active
C01013565,2025-10-25,B001,ZM,Retail,ATM,2010-11-18,M,Active
C01013566,2024-06-14,B015,ZM,Retail,App,1983-10-21,M,Active
C01013567,2025-07-22,B004,ZM,Retail,App,1965-01-29,F,Active
C01013568,2023-08-04,B004,ZM,Retail,App,1993-09-04,M,Closed
C01013569,2025-12-08,B005,ZM,SME,USSD,1983-09-14,F,Active
C01013570,2025-06-24,B004,ZM,Retail,ATM,1992-10-11,F,Active
C01013571,2022-07-23,B002,ZM,Premium,Web,1979-03-07,F,Active
C01013572,2022-06-29,B015,ZM,Retail,Web,1968-09-15,M,Active
C01013573,2022-08-01,B001,ZM,Retail,Web,1988-09-11,M,Active
C01013574,2022-07-03,B002,ZM,Retail,Web,2001-12-11,F,Active
C01013575,2025-08-23,B004,ZM,Premium,ATM,2012-05-07,F,Active
C01013576,2022-02-03,B010,ZM,Retail,App,1964-11-18,F,Dormant
C01013577,2025-06-16,B020,ZM,Retail,Web,1988-08-24,F,Active
C01013578,2024-04-22,B001,ZM,Retail,App,2001-04-15,M,Active
C01013579,2022-08-01,B002,ZM,Retail,Web,1971-01-17,M,Closed
C01013580,2024-10-13,B015,ZM,Retail,USSD,2011-05-18,F,Dormant
C01013581,2025-07-01,B005,ZM,Retail,App,1967-03-04,M,Active
C01013582,2025-01-20,B002,ZM,SME,ATM,2007-01-27,F,Active
C01013583,2022-07-24,B010,ZM,Retail,Agent,2011-08-21,F,Active
C01013584,2025-07-21,B004,ZM,Retail,USSD,2007-09-07,M,Dormant
C01013585,2024-06-28,B001,ZM,Retail,Agent,1995-09-11,F,Active
C01013586,2024-10-27,B005,ZM,Retail,USSD,1999-01-01,F,Dormant
C01013587,2025-04-05,B001,ZM,Retail,ATM,1986-12-11,M,Active
C01013588,2022-03-08,B005,ZM,Retail,USSD,1996-04-19,F,Active
C01013589,2025-09-29,B020,ZM,Retail,App,2012-02-06,F,Active
C01013590,2023-08-17,B015,ZM,Premium,Branch,1979-04-09,M,Active
C01013591,2024-05-11,B001,ZM,Retail,Branch,1998-07-19,M,Active
C01013592,2023-03-10,B004,ZM,Retail,Web,1989-08-12,M,Closed
C01013593,2023-04-02,B015,ZM,Retail,Web,1994-11-03,M,Dormant
C01013594,2024-07-20,B015,ZM,Retail,App,1971-01-15,M,Dormant
C01013595,2025-02-03,B020,ZM,SME,ATM,2009-09-04,F,Active
C01013596,2024-02-20,B005,ZM,Retail,App,1981-02-01,F,Active
C01013597,2022-08-23,B003,ZM,SME,Web,1977-06-23,M,Dormant
C01013598,2023-02-05,B001,ZM,SME,USSD,1988-11-29,M,Active
C01013599,2024-08-19,B001,ZM,Retail,Agent,2014-06-25,M,Active
C01013600,2022-09-12,B002,ZM,Retail,App,2004-05-25,M,Active
C01013601,2023-12-20,B005,ZM,Retail,App,1983-09-02,M,Active
C01013602,2024-08-08,B010,ZM,Retail,ATM,2010-03-14,F,Active
C01013603,2024-04-25,B003,ZM,SME,Web,2001-04-08,M,Active
C01013604,2025-08-13,B004,ZM,Retail,App,1995-07-11,M,Active
C01013605,2025-12-12,B002,ZM,Retail,USSD,2009-01-25,F,Dormant
C01013606,2024-03-21,B020,ZM,Retail,Agent,1960-08-14,M,Active
C01013607,2022-01-16,B003,ZM,Retail,USSD,1993-07-29,F,Active
C01013608,2024-02-07,B005,ZM,Retail,Branch,2002-01-18,M,Active
C01013609,2023-04-04,B003,ZM,Retail,Web,1964-05-30,F,Active
C01013610,2024-11-05,B020,ZM,Retail,USSD,1976-08-30,M,Dormant
C01013611,2023-08-04,B015,ZM,Retail,ATM,1981-10-15,M,Active
C01013612,2023-07-03,B001,ZM,Retail,Agent,2002-11-27,F,Active
C01013613,2025-09-10,B015,ZM,Retail,Web,2002-07-12,F,Active
C01013614,2023-06-26,B001,ZM,SME,USSD,1967-12-16,M,Active
C01013615,2023-09-22,B002,ZM,Retail,App,2008-08-18,F,Active
C01013616,2024-04-29,B020,ZM,Retail,Web,1983-10-22,M,Active
C01013617,2025-10-10,B005,ZM,Retail,USSD,1981-12-03,F,Dormant
C01013618,2023-05-10,B005,ZM,Premium,App,1960-07-14,F,Active
C01013619,2022-01-09,B003,ZM,SME,Branch,1968-12-29,M,Active
C01013620,2024-04-29,B002,ZM,SME,Agent,2010-07-27,M,Active
C01013621,2022-03-08,B005,ZM,Retail,Web,1976-08-26,F,Active
C01013622,2022-02-01,B010,ZM,SME,Web,1974-09-16,M,Dormant
C01013623,2022-02-23,B010,ZM,SME,USSD,1962-04-16,F,Active
C01013624,2022-11-11,B015,ZM,Retail,Branch,2014-02-20,M,Active
C01013625,2024-02-06,B001,ZM,Retail,ATM,1992-04-14,M,Active
C01013626,2024-11-28,B003,ZM,Premium,USSD,1998-10-19,F,Active
C01013627,2025-05-13,B004,ZM,Retail,USSD,2003-11-10,M,Active
C01013628,2023-10-13,B020,ZM,Retail,ATM,1981-09-13,F,Active
C01013629,2023-11-18,B001,ZM,Retail,ATM,1979-06-21,F,Active
C01013630,2022-12-16,B002,ZM,Retail,ATM,1977-01-05,M,Active
C01013631,2025-03-17,B005,ZM,Retail,Agent,1972-11-20,M,Active
C01013632,2024-05-30,B001,ZM,Retail,ATM,2014-02-28,F,Active
C01013633,2023-05-11,B004,ZM,Retail,ATM,2002-12-23,F,Active
C01013634,2025-02-12,B004,ZM,SME,App,1979-01-30,F,Active
C01013635,2024-03-12,B010,ZM,Retail,App,1971-12-15,F,Active
C01013636,2023-01-30,B002,ZM,Retail,ATM,1978-11-14,F,Active
C01013637,2025-06-16,B001,ZM,Retail,Agent,2010-09-26,M,Active
C01013638,2025-08-12,B003,ZM,Retail,Agent,1996-04-27,F,Active
C01013639,2024-03-16,B001,ZM,Retail,Branch,1985-12-08,F,Active
C01013640,2022-04-16,B010,ZM,Retail,Agent,1983-03-30,F,Dormant
C01013641,2025-03-29,B015,ZM,SME,Branch,1963-08-01,F,Active
C01013642,2024-05-28,B004,ZM,Retail,ATM,1976-09-09,F,Dormant
C01013643,2022-09-21,B002,ZM,Retail,Agent,2010-04-20,F,Active
C01013644,2025-07-27,B002,ZM,Retail,App,1971-12-19,F,Active
C01013645,2024-03-10,B003,ZM,Retail,Branch,1988-11-25,F,Active
C01013646,2026-01-31,B002,ZM,Premium,App,1981-07-15,F,Dormant
C01013647,2022-12-22,B010,ZM,Premium,USSD,1974-09-13,F,Active
C01013648,2024-04-05,B010,ZM,Retail,App,1995-06-02,M,Dormant
C01013649,2023-10-14,B010,ZM,Retail,ATM,2001-04-14,M,Active
C01013650,2024-11-25,B002,ZM,Retail,Agent,1993-09-26,M,Dormant
C01013651,2022-11-21,B002,ZM,SME,Agent,2013-04-07,F,Active
C01013652,2024-06-14,B010,ZM,Retail,Web,1976-10-05,F,Active
C01013653,2023-04-19,B002,ZM,Retail,ATM,1983-03-04,F,Active
C01013654,2022-07-23,B020,ZM,Retail,USSD,1974-10-31,F,Active
C01013655,2025-12-25,B002,ZM,Retail,Agent,1999-05-30,F,Dormant
C01013656,2022-09-16,B020,ZM,Retail,App,2002-06-21,M,Closed
C01013657,2024-10-29,B004,ZM,Retail,Branch,1981-03-29,F,Active
C01013658,2022-08-31,B001,ZM,Retail,ATM,1974-04-21,F,Active
C01013659,2025-07-17,B005,ZM,Retail,Agent,1980-01-30,F,Active
C01013660,2025-03-27,B020,ZM,Premium,Branch,2007-12-28,F,Active
C01013661,2024-03-13,B020,ZM,Retail,App,1990-05-03,F,Active
C01013662,2025-07-08,B002,ZM,Retail,Agent,1972-08-15,F,Dormant
C01013663,2023-06-17,B005,ZM,Premium,USSD,1964-03-11,M,Active
C01013664,2025-02-06,B015,ZM,SME,ATM,1972-04-05,F,Active
C01013665,2022-11-22,B005,ZM,Retail,Branch,1981-05-18,M,Active
C01013666,2023-10-23,B004,ZM,Retail,Agent,1976-05-11,F,Active
C01013667,2023-02-22,B020,ZM,Retail,ATM,1961-12-11,F,Closed
C01013668,2022-07-10,B002,ZM,Retail,Agent,2011-08-10,F,Dormant
C01013669,2022-07-11,B010,ZM,Premium,ATM,1968-06-04,M,Active
C01013670,2022-02-22,B005,ZM,Retail,Branch,1982-07-20,F,Dormant
C01013671,2024-06-14,B002,ZM,Retail,USSD,1960-01-05,M,Active
C01013672,2022-01-24,B003,ZM,Retail,ATM,1965-11-08,F,Active
C01013673,2025-07-11,B015,ZM,Retail,USSD,1997-12-22,F,Dormant
C01013674,2025-04-30,B010,ZM,Retail,USSD,1976-12-11,F,Active
C01013675,2022-11-10,B003,ZM,Retail,App,1980-06-13,F,Active
C01013676,2022-02-26,B003,ZM,Retail,Agent,1975-09-19,M,Dormant
C01013677,2025-06-19,B005,ZM,Retail,Branch,2006-04-25,F,Active
C01013678,2025-12-20,B003,ZM,Retail,App,1985-01-08,M,Active
C01013679,2025-01-18,B004,ZM,Retail,Web,1986-04-26,M,Active
C01013680,2022-06-11,B004,ZM,Retail,Agent,1972-05-28,F,Closed
C01013681,2025-03-17,B005,ZM,Retail,App,1979-01-21,M,Closed
C01013682,2024-02-23,B002,ZM,Retail,ATM,1986-08-21,M,Active
C01013683,2022-02-21,B001,ZM,Retail,ATM,2004-05-17,F,Dormant
C01013684,2022-09-25,B002,ZM,SME,ATM,1966-05-02,M,Active
C01013685,2024-07-18,B002,ZM,Retail,Web,2014-03-31,M,Active
C01013686,2025-07-23,B002,ZM,SME,USSD,2013-01-07,F,Active
C01013687,2025-07-17,B002,ZM,Retail,ATM,2007-02-15,F,Active
C01013688,2024-01-04,B010,ZM,Retail,Agent,1973-05-25,M,Active
C01013689,2023-01-18,B001,ZM,Retail,Agent,2014-07-22,M,Active
C01013690,2023-05-06,B010,ZM,Retail,App,1960-10-24,M,Active
C01013691,2025-08-29,B003,ZM,Premium,USSD,2003-05-10,M,Closed
C01013692,2023-03-31,B015,ZM,Retail,App,1989-09-24,M,Active
C01013693,2023-09-01,B002,ZM,Retail,App,1988-10-21,F,Active
C01013694,2023-02-01,B015,ZM,Retail,ATM,1967-07-18,M,Active
C01013695,2025-01-01,B004,ZM,SME,App,1989-06-13,M,Active
C01013696,2023-05-18,B005,ZM,Retail,Web,1984-02-09,F,Dormant
C01013697,2026-01-27,B005,ZM,Retail,Agent,1990-09-09,F,Active
C01013698,2024-02-14,B010,ZM,Retail,Agent,1971-05-19,M,Dormant
C01013699,2023-06-18,B010,ZM,Retail,Agent,1994-11-24,F,Dormant
C01013700,2025-09-12,B004,ZM,Retail,USSD,1965-03-01,M,Dormant
C01013701,2022-04-16,B002,ZM,Retail,ATM,1999-09-14,F,Active
C01013702,2023-07-18,B015,ZM,SME,ATM,1989-01-11,F,Closed
C01013703,2022-06-19,B020,ZM,SME,App,1999-02-25,F,Active
C01013704,2022-10-22,B015,ZM,SME,App,2010-12-29,F,Dormant
C01013705,2025-07-08,B001,ZM,Retail,Branch,2014-09-01,F,Active
C01013706,2022-02-17,B003,ZM,SME,Branch,1966-03-25,M,Active
C01013707,2025-07-31,B005,ZM,Retail,ATM,1978-02-05,M,Active
C01013708,2025-04-01,B003,ZM,Retail,ATM,2009-06-10,F,Active
C01013709,2022-07-31,B001,ZM,Premium,App,1979-11-03,F,Active
C01013710,2022-08-16,B010,ZM,SME,Web,1971-02-25,F,Active
C01013711,2024-07-29,B015,ZM,Retail,Web,1962-08-23,F,Active
C01013712,2025-05-05,B005,ZM,SME,Agent,1960-05-03,M,Active
C01013713,2022-09-09,B003,ZM,Premium,App,1995-04-16,F,Active
C01013714,2022-08-08,B020,ZM,Retail,Branch,1985-07-05,F,Active
C01013715,2022-10-18,B010,ZM,Retail,Branch,1982-01-21,M,Active
C01013716,2023-08-02,B001,ZM,SME,Web,1979-02-24,F,Active
C01013717,2023-06-21,B020,ZM,Retail,ATM,1973-11-18,M,Active
C01013718,2023-01-05,B003,ZM,Retail,App,1976-07-14,F,Active
C01013719,2022-07-10,B020,ZM,SME,Agent,1998-10-20,F,Active
C01013720,2022-06-08,B015,ZM,Retail,Agent,1973-07-04,M,Dormant
C01013721,2024-10-09,B002,ZM,Retail,ATM,1971-07-05,F,Dormant
C01013722,2024-01-11,B020,ZM,Retail,Branch,2004-03-16,M,Closed
C01013723,2023-03-02,B010,ZM,Retail,Web,2000-04-25,M,Active
C01013724,2024-03-11,B001,ZM,Premium,ATM,2001-12-08,M,Active
C01013725,2022-07-26,B003,ZM,Retail,Branch,2001-11-19,M,Active
C01013726,2024-10-02,B015,ZM,Retail,Branch,1979-08-03,F,Dormant
C01013727,2022-02-14,B002,ZM,Premium,Agent,1978-04-12,F,Active
C01013728,2024-04-27,B002,ZM,SME,Branch,1966-10-07,M,Active
C01013729,2022-05-31,B001,ZM,Retail,ATM,1997-02-26,M,Active
C01013730,2024-09-23,B004,ZM,SME,USSD,2005-06-01,M,Active
C01013731,2025-07-05,B015,ZM,Retail,Web,1963-01-11,M,Active
C01013732,2022-06-06,B015,ZM,Retail,Branch,1995-09-29,M,Active
C01013733,2023-03-07,B005,ZM,Retail,ATM,1996-01-18,F,Active
C01013734,2025-11-08,B001,ZM,Retail,Agent,1986-10-20,F,Active
C01013735,2024-05-09,B002,ZM,Retail,App,2002-11-23,M,Active
C01013736,2024-02-08,B002,ZM,Retail,Agent,1962-07-15,F,Active
C01013737,2023-10-05,B020,ZM,Retail,Web,1999-09-27,F,Active
C01013738,2025-07-21,B001,ZM,Retail,App,1960-04-23,M,Active
C01013739,2024-07-12,B004,ZM,Retail,App,1978-08-07,F,Dormant
C01013740,2022-11-26,B005,ZM,Retail,Agent,2010-02-08,M,Active
C01013741,2023-01-04,B003,ZM,Retail,ATM,1992-06-06,M,Dormant
C01013742,2023-09-04,B001,ZM,Retail,Agent,1964-09-11,F,Active
C01013743,2022-01-21,B005,ZM,Retail,USSD,1981-05-10,F,Dormant
C01013744,2023-01-01,B015,ZM,Retail,ATM,1993-12-14,M,Active
C01013745,2025-09-12,B005,ZM,Retail,ATM,1963-02-06,F,Active
C01013746,2025-03-07,B020,ZM,Retail,Web,1990-01-22,M,Active
C01013747,2025-07-16,B010,ZM,SME,ATM,1988-02-05,M,Active
C01013748,2025-05-27,B002,ZM,Premium,Web,1975-03-16,M,Active
C01013749,2022-03-06,B020,ZM,SME,Branch,2005-03-01,M,Active
C01013750,2022-08-29,B003,ZM,Retail,Web,1987-04-18,M,Active
C01013751,2023-12-04,B001,ZM,Retail,ATM,1972-02-19,M,Active
C01013752,2023-12-12,B020,ZM,Retail,Branch,1985-10-22,M,Active
C01013753,2024-09-18,B002,ZM,Premium,Branch,1967-08-11,F,Dormant
C01013754,2025-06-11,B010,ZM,Retail,USSD,1963-05-16,F,Dormant
C01013755,2025-05-13,B020,ZM,Retail,Agent,2002-06-05,M,Active
C01013756,2025-01-24,B010,ZM,Retail,ATM,1986-09-09,F,Active
C01013757,2022-01-11,B020,ZM,Retail,App,1964-10-23,F,Active
C01013758,2022-11-21,B002,ZM,Retail,Agent,1971-11-13,M,Active
C01013759,2024-12-04,B004,ZM,Retail,ATM,2004-07-02,M,Active
C01013760,2023-06-06,B005,ZM,SME,App,1984-03-30,F,Closed
C01013761,2022-09-07,B001,ZM,Retail,Agent,1961-08-29,M,Closed
C01013762,2023-01-30,B001,ZM,Retail,USSD,1998-12-19,F,Active
C01013763,2025-05-26,B001,ZM,Retail,ATM,2002-06-16,M,Dormant
C01013764,2022-03-02,B002,ZM,Retail,Agent,1992-11-28,M,Active
C01013765,2025-01-02,B015,ZM,Retail,USSD,2005-06-04,M,Active
C01013766,2022-02-17,B004,ZM,Retail,App,1974-12-25,M,Active
C01013767,2024-11-26,B003,ZM,Retail,Web,1998-05-26,F,Active
C01013768,2024-11-14,B010,ZM,SME,ATM,2000-09-05,M,Dormant
C01013769,2022-11-09,B002,ZM,Retail,Branch,1997-09-13,M,Closed
C01013770,2023-03-19,B015,ZM,Retail,Branch,1972-05-09,M,Active
C01013771,2024-01-18,B003,ZM,Retail,USSD,1993-04-22,F,Dormant
C01013772,2022-08-24,B010,ZM,SME,Web,2011-01-23,F,Active
C01013773,2023-03-21,B010,ZM,Retail,Branch,1960-03-20,M,Active
C01013774,2022-03-02,B004,ZM,Retail,Branch,1998-07-20,M,Active
C01013775,2023-11-02,B005,ZM,Retail,ATM,1974-05-06,M,Dormant
C01013776,2022-10-11,B001,ZM,Retail,Branch,1961-03-27,M,Active
C01013777,2023-03-27,B020,ZM,Retail,App,1963-08-04,F,Dormant
C01013778,2022-06-20,B003,ZM,Retail,USSD,1981-12-27,F,Active
C01013779,2026-01-30,B002,ZM,Retail,Agent,1996-04-26,M,Active
C01013780,2025-11-17,B003,ZM,SME,Branch,1977-02-15,M,Active
C01013781,2022-09-17,B005,ZM,Retail,ATM,2005-08-09,F,Active
C01013782,2023-07-03,B001,ZM,SME,Agent,1992-01-05,M,Active
C01013783,2023-07-15,B003,ZM,Retail,App,1996-03-15,M,Active
C01013784,2024-09-13,B005,ZM,Retail,Agent,1983-07-16,F,Active
C01013785,2023-02-13,B002,ZM,Retail,Branch,1996-12-05,M,Active
C01013786,2022-07-08,B004,ZM,Retail,USSD,1966-05-14,F,Active
C01013787,2023-12-15,B015,ZM,SME,USSD,1985-05-13,M,Active
C01013788,2025-12-21,B010,ZM,Retail,USSD,2011-06-20,M,Active
C01013789,2025-02-03,B002,ZM,Retail,Branch,2000-03-05,F,Dormant
C01013790,2025-08-28,B001,ZM,Retail,App,1983-12-23,F,Active
C01013791,2023-08-26,B010,ZM,Retail,Web,1988-04-06,F,Dormant
C01013792,2024-08-14,B015,ZM,Retail,Agent,2013-05-19,F,Active
C01013793,2024-10-12,B002,ZM,SME,USSD,2003-07-29,F,Active
C01013794,2024-06-12,B020,ZM,SME,App,2012-08-03,F,Active
C01013795,2024-11-15,B002,ZM,SME,ATM,1978-09-27,M,Active
C01013796,2024-03-30,B002,ZM,Retail,ATM,1969-05-16,M,Active
C01013797,2023-01-31,B020,ZM,Retail,App,2006-11-23,F,Dormant
C01013798,2023-05-28,B002,ZM,Retail,ATM,1979-07-09,M,Active
C01013799,2022-12-21,B010,ZM,SME,ATM,2012-09-01,M,Active
C01013800,2023-02-10,B001,ZM,Retail,USSD,2011-03-15,F,Active
C01013801,2025-11-08,B015,ZM,Retail,Branch,2003-06-16,M,Active
C01013802,2026-01-09,B005,ZM,Retail,Branch,2011-07-11,F,Active
C01013803,2023-07-30,B003,ZM,Retail,Branch,2008-08-05,F,Dormant
C01013804,2024-03-15,B020,ZM,Retail,Branch,1984-12-02,F,Active
C01013805,2022-07-30,B004,ZM,Retail,App,2013-08-30,F,Dormant
C01013806,2025-04-10,B020,ZM,Premium,USSD,1966-12-10,F,Active
C01013807,2025-04-18,B015,ZM,SME,App,1983-02-12,F,Active
C01013808,2023-10-01,B003,ZM,Retail,Agent,2013-09-18,F,Active
C01013809,2022-12-06,B003,ZM,Premium,Agent,2005-05-27,F,Closed
C01013810,2023-02-26,B004,ZM,Retail,ATM,1998-05-01,M,Closed
C01013811,2026-01-18,B015,ZM,SME,USSD,1963-01-31,F,Active
C01013812,2024-09-26,B010,ZM,Retail,Web,2012-11-12,M,Active
C01013813,2024-06-06,B001,ZM,Retail,Branch,1988-04-04,F,Active
C01013814,2024-07-02,B004,ZM,Retail,Agent,1988-02-18,M,Active
C01013815,2024-05-17,B001,ZM,Retail,Agent,1961-04-10,F,Active
C01013816,2025-05-06,B010,ZM,Retail,ATM,1985-04-22,F,Dormant
C01013817,2023-07-11,B003,ZM,Retail,Branch,2013-07-30,M,Active
C01013818,2023-10-15,B001,ZM,Premium,Branch,1978-08-14,M,Dormant
C01013819,2025-06-29,B010,ZM,Retail,Branch,1972-10-27,F,Dormant
C01013820,2022-08-09,B010,ZM,Retail,Agent,1997-05-28,F,Active
C01013821,2025-05-28,B005,ZM,SME,Web,1999-02-28,M,Active
C01013822,2024-02-24,B004,ZM,Retail,ATM,1986-08-10,F,Active
C01013823,2024-05-29,B005,ZM,Retail,Branch,1979-06-03,M,Active
C01013824,2023-02-14,B020,ZM,Retail,Branch,1971-06-11,F,Active
C01013825,2025-03-07,B003,ZM,Retail,USSD,1971-10-28,F,Active
C01013826,2023-12-24,B004,ZM,SME,Branch,1979-12-15,M,Active
C01013827,2024-02-05,B003,ZM,Retail,USSD,2012-12-21,F,Active
C01013828,2025-07-19,B005,ZM,Retail,ATM,1983-01-29,F,Active
C01013829,2022-05-12,B015,ZM,Retail,ATM,1994-03-07,F,Active
C01013830,2024-07-09,B010,ZM,Retail,ATM,1969-02-05,M,Active
C01013831,2022-12-09,B003,ZM,SME,USSD,1971-09-24,F,Active
C01013832,2022-03-11,B004,ZM,SME,Agent,1969-01-17,M,Active
C01013833,2024-11-13,B020,ZM,Retail,Agent,1974-01-29,M,Dormant
C01013834,2023-06-03,B004,ZM,Retail,Web,2009-03-02,M,Active
C01013835,2025-04-16,B003,ZM,Retail,Web,2012-07-18,M,Active
C01013836,2024-04-19,B004,ZM,Retail,Agent,2007-11-17,F,Active
C01013837,2023-08-25,B020,ZM,Retail,Agent,1966-09-11,M,Active
C01013838,2025-05-21,B010,ZM,SME,Branch,1969-05-11,M,Active
C01013839,2025-08-14,B015,ZM,Retail,ATM,1989-07-25,F,Active
C01013840,2024-12-22,B010,ZM,Retail,Agent,1985-11-12,F,Active
C01013841,2023-12-23,B004,ZM,Retail,App,2010-06-15,M,Active
C01013842,2024-03-26,B020,ZM,Retail,Agent,1990-06-14,M,Active
C01013843,2022-03-03,B020,ZM,Retail,Branch,1980-06-14,F,Active
C01013844,2022-08-23,B003,ZM,Retail,Agent,1982-07-24,F,Active
C01013845,2023-01-04,B005,ZM,Retail,Web,1961-06-17,F,Closed
C01013846,2023-10-23,B004,ZM,Retail,Web,1960-05-13,M,Active
C01013847,2024-05-29,B004,ZM,SME,ATM,1966-07-27,M,Active
C01013848,2023-01-16,B004,ZM,Retail,USSD,1976-05-14,M,Active
C01013849,2024-01-03,B004,ZM,SME,Branch,2000-05-29,F,Active
C01013850,2023-05-18,B003,ZM,Retail,USSD,1999-03-14,M,Active
C01013851,2022-05-29,B005,ZM,SME,Web,1974-08-27,M,Active
C01013852,2023-03-17,B005,ZM,Retail,ATM,1972-05-01,F,Active
C01013853,2025-09-07,B001,ZM,Retail,Web,1977-04-28,M,Active
C01013854,2024-02-01,B004,ZM,SME,ATM,2013-01-26,F,Active
C01013855,2024-02-01,B004,ZM,Retail,Agent,2007-08-23,F,Active
C01013856,2022-10-25,B001,ZM,Retail,App,1987-04-16,F,Active
C01013857,2023-10-06,B005,ZM,Retail,USSD,2004-08-25,F,Active
C01013858,2022-09-08,B020,ZM,Retail,Branch,1986-12-06,M,Active
C01013859,2022-01-20,B020,ZM,Retail,ATM,1975-06-27,M,Dormant
C01013860,2023-10-15,B002,ZM,Retail,Agent,1974-07-01,F,Closed
C01013861,2025-11-10,B010,ZM,Retail,Agent,1990-08-05,M,Active
C01013862,2022-01-23,B002,ZM,Retail,App,1995-09-05,M,Active
C01013863,2026-01-08,B005,ZM,SME,Agent,2001-05-14,F,Active
C01013864,2023-11-05,B015,ZM,Retail,Agent,2005-03-20,M,Active
C01013865,2023-03-14,B004,ZM,Retail,App,2004-02-10,F,Active
C01013866,2024-08-11,B002,ZM,SME,USSD,1965-10-05,M,Active
C01013867,2025-03-08,B003,ZM,Retail,Agent,2006-01-21,M,Active
C01013868,2023-10-21,B020,ZM,Retail,ATM,2004-12-17,F,Active
C01013869,2023-04-22,B003,ZM,Retail,Branch,2007-03-22,F,Active
C01013870,2025-02-24,B001,ZM,Retail,Branch,1972-09-05,F,Active
C01013871,2022-05-16,B005,ZM,Retail,Branch,1971-07-21,M,Active
C01013872,2024-02-29,B005,ZM,Retail,Web,1978-05-24,M,Active
C01013873,2023-08-04,B002,ZM,Retail,Web,2000-05-23,M,Active
C01013874,2025-05-17,B004,ZM,Premium,ATM,2007-03-06,F,Active
C01013875,2023-03-11,B005,ZM,Retail,Agent,2008-12-26,M,Active
C01013876,2024-12-15,B002,ZM,Retail,Agent,2003-05-04,F,Active
C01013877,2023-03-22,B002,ZM,Retail,Branch,1965-03-09,F,Active
C01013878,2022-07-30,B010,ZM,Retail,App,1989-08-03,F,Active
C01013879,2025-02-22,B010,ZM,Retail,Agent,2009-01-15,M,Active
C01013880,2023-07-24,B005,ZM,Retail,Branch,1986-01-10,F,Active
C01013881,2026-01-06,B002,ZM,Retail,ATM,1966-01-17,M,Active
C01013882,2025-05-29,B001,ZM,Retail,Branch,1994-10-20,F,Active
C01013883,2025-10-06,B001,ZM,Retail,USSD,2006-11-05,F,Active
C01013884,2022-06-03,B010,ZM,Retail,Branch,1964-06-09,M,Active
C01013885,2025-03-21,B005,ZM,SME,Agent,1994-06-27,F,Active
C01013886,2025-08-16,B020,ZM,Premium,Agent,1966-11-29,M,Dormant
C01013887,2024-05-13,B004,ZM,Retail,App,1977-12-08,F,Active
C01013888,2025-10-29,B015,ZM,Retail,ATM,1982-11-30,M,Dormant
C01013889,2024-06-10,B020,ZM,Retail,ATM,2011-08-20,F,Active
C01013890,2023-10-13,B001,ZM,Retail,App,1993-03-14,F,Active
C01013891,2023-10-18,B001,ZM,Retail,ATM,1995-12-16,F,Active
C01013892,2023-02-10,B020,ZM,SME,Branch,1987-06-13,M,Active
C01013893,2023-02-08,B010,ZM,Retail,ATM,2001-12-11,F,Dormant
C01013894,2022-04-12,B010,ZM,Premium,Branch,2011-08-01,F,Active
C01013895,2024-10-08,B005,ZM,Retail,ATM,2013-10-12,M,Active
C01013896,2024-10-18,B010,ZM,Retail,Agent,2008-02-17,M,Active
C01013897,2022-04-06,B003,ZM,Retail,Branch,1984-04-24,M,Active
C01013898,2023-07-17,B015,ZM,SME,Branch,1995-02-11,M,Active
C01013899,2024-05-12,B020,ZM,Retail,Agent,1962-03-13,F,Active
C01013900,2022-09-02,B020,ZM,SME,App,1989-02-12,F,Active
C01013901,2022-09-12,B002,ZM,Retail,App,2006-03-25,F,Dormant
C01013902,2024-07-16,B001,ZM,Retail,Agent,1998-06-07,F,Closed
C01013903,2022-12-17,B020,ZM,SME,Web,1999-10-26,F,Active
C01013904,2025-05-16,B003,ZM,Retail,App,1984-02-29,M,Dormant
C01013905,2023-11-01,B020,ZM,SME,Branch,2010-11-25,F,Closed
C01013906,2025-04-25,B004,ZM,Retail,Branch,1994-09-14,M,Active
C01013907,2024-02-24,B003,ZM,SME,ATM,1977-04-18,F,Active
C01013908,2023-04-30,B005,ZM,Retail,ATM,2008-08-02,F,Active
C01013909,2025-03-26,B004,ZM,Retail,Web,1981-08-29,M,Active
C01013910,2022-02-13,B004,ZM,Retail,Branch,1960-05-01,M,Dormant
C01013911,2023-08-07,B020,ZM,Retail,Web,1999-11-26,F,Closed
C01013912,2022-02-06,B010,ZM,SME,Branch,1973-10-30,F,Dormant
C01013913,2025-08-11,B020,ZM,Retail,App,1978-01-23,F,Active
C01013914,2025-03-25,B003,ZM,Retail,ATM,1995-06-08,M,Active
C01013915,2022-01-10,B005,ZM,Retail,Agent,1970-09-15,F,Active
C01013916,2024-08-03,B001,ZM,Retail,Agent,1964-07-19,M,Active
C01013917,2023-08-06,B015,ZM,Retail,Web,2008-09-18,M,Active
C01013918,2022-09-26,B010,ZM,Retail,USSD,1965-04-28,M,Dormant
C01013919,2024-04-04,B003,ZM,Retail,Agent,2011-06-28,M,Closed
C01013920,2022-03-17,B001,ZM,SME,Branch,1972-08-15,M,Active
C01013921,2024-12-28,B003,ZM,Retail,App,1997-06-05,M,Active
C01013922,2024-12-16,B010,ZM,Premium,USSD,1967-07-04,M,Dormant
C01013923,2022-03-22,B001,ZM,Retail,App,1994-06-20,F,Active
C01013924,2023-11-22,B010,ZM,Retail,App,1995-12-15,M,Active
C01013925,2025-08-13,B003,ZM,Retail,Branch,1971-11-17,M,Active
C01013926,2022-02-03,B004,ZM,Retail,App,1960-08-30,F,Active
C01013927,2022-05-23,B015,ZM,Retail,Web,1968-11-16,F,Active
C01013928,2024-08-20,B002,ZM,SME,USSD,1997-07-24,M,Active
C01013929,2022-07-14,B015,ZM,Retail,App,1988-12-11,F,Active
C01013930,2024-04-30,B004,ZM,SME,Agent,1991-12-20,F,Active
C01013931,2026-01-21,B010,ZM,Retail,Agent,1988-08-02,M,Closed
C01013932,2023-09-09,B015,ZM,Retail,App,2000-05-03,F,Dormant
C01013933,2023-07-17,B010,ZM,Retail,ATM,2005-06-12,M,Dormant
C01013934,2023-10-12,B010,ZM,SME,ATM,1996-06-15,F,Active
C01013935,2023-12-10,B001,ZM,Retail,Web,1984-12-02,M,Active
C01013936,2024-03-30,B005,ZM,SME,Agent,1989-08-27,F,Active
C01013937,2022-06-13,B010,ZM,Retail,ATM,2004-10-15,M,Active
C01013938,2025-02-13,B015,ZM,Retail,App,2006-11-24,M,Dormant
C01013939,2023-10-04,B015,ZM,Retail,Agent,1995-10-05,M,Active
C01013940,2024-10-08,B015,ZM,SME,App,1988-12-05,M,Active
C01013941,2025-06-08,B004,ZM,Retail,USSD,1989-05-28,F,Dormant
C01013942,2022-04-07,B002,ZM,Retail,Agent,1992-02-28,M,Active
C01013943,2024-03-16,B010,ZM,SME,ATM,2004-04-11,F,Active
C01013944,2023-09-04,B020,ZM,Retail,Branch,1991-08-02,F,Active
C01013945,2025-11-27,B010,ZM,SME,ATM,1968-12-16,M,Active
C01013946,2024-07-19,B010,ZM,SME,App,1975-06-11,M,Active
C01013947,2024-10-07,B020,ZM,Retail,USSD,1982-11-09,F,Active
C01013948,2025-08-05,B001,ZM,SME,ATM,2002-03-10,F,Active
C01013949,2022-09-06,B010,ZM,Retail,USSD,1998-08-30,M,Active
C01013950,2024-02-05,B004,ZM,Retail,ATM,1984-08-20,M,Active
C01013951,2025-06-19,B003,ZM,Retail,Web,1960-07-06,M,Dormant
C01013952,2022-07-30,B005,ZM,Retail,App,1960-08-12,M,Active
C01013953,2022-03-01,B015,ZM,Retail,App,1964-09-09,F,Active
C01013954,2023-04-04,B010,ZM,Retail,Branch,1994-09-01,M,Active
C01013955,2022-04-08,B001,ZM,Retail,App,2006-12-28,M,Active
C01013956,2022-01-22,B004,ZM,Retail,Branch,2000-01-18,F,Dormant
C01013957,2022-10-12,B010,ZM,Retail,App,1990-04-14,M,Active
C01013958,2022-08-04,B020,ZM,Retail,ATM,2006-09-28,F,Active
C01013959,2023-10-24,B001,ZM,SME,ATM,1997-03-23,M,Active
C01013960,2025-11-09,B003,ZM,Retail,Web,2007-08-20,M,Active
C01013961,2026-01-23,B002,ZM,Retail,ATM,1971-11-30,M,Active
C01013962,2024-06-11,B010,ZM,Retail,USSD,1986-02-14,F,Active
C01013963,2023-04-09,B004,ZM,Retail,ATM,1965-02-26,M,Active
C01013964,2022-12-15,B001,ZM,Retail,Branch,1992-01-24,F,Active
C01013965,2022-06-30,B020,ZM,Retail,Agent,1966-05-25,M,Active
C01013966,2023-01-27,B001,ZM,Retail,Web,1997-03-16,M,Active
C01013967,2026-01-22,B010,ZM,Retail,Agent,1994-04-29,M,Active
C01013968,2024-01-26,B001,ZM,Retail,Agent,1991-08-29,F,Active
C01013969,2025-01-05,B002,ZM,Retail,USSD,1982-11-28,M,Active
C01013970,2022-01-11,B001,ZM,SME,USSD,1989-03-01,M,Active
C01013971,2025-11-10,B015,ZM,Retail,App,1969-07-22,M,Active
C01013972,2022-04-18,B005,ZM,Retail,Branch,1973-10-22,F,Active
C01013973,2023-06-16,B015,ZM,Retail,Agent,1975-09-17,F,Dormant
C01013974,2022-03-30,B005,ZM,Retail,ATM,1983-01-11,M,Dormant
C01013975,2022-08-15,B001,ZM,Premium,ATM,1987-02-21,F,Active
C01013976,2022-04-09,B020,ZM,Retail,App,1983-04-30,F,Active
C01013977,2023-09-16,B020,ZM,Retail,ATM,1966-03-01,M,Active
C01013978,2022-06-03,B010,ZM,Retail,USSD,2005-12-16,F,Active
C01013979,2023-06-25,B020,ZM,Retail,ATM,2012-10-25,F,Active
C01013980,2023-11-06,B005,ZM,Retail,Agent,2002-05-16,F,Active
C01013981,2025-11-09,B004,ZM,Premium,ATM,1986-07-25,F,Dormant
C01013982,2025-06-08,B005,ZM,Retail,USSD,1960-06-10,M,Active
C01013983,2024-02-17,B015,ZM,Retail,Branch,1972-11-22,F,Active
C01013984,2023-07-07,B001,ZM,Retail,Agent,1978-02-04,M,Active
C01013985,2025-12-01,B010,ZM,Retail,Branch,1978-01-31,M,Dormant
C01013986,2022-12-15,B003,ZM,Retail,USSD,2007-06-26,M,Active
C01013987,2022-10-10,B010,ZM,Retail,USSD,1996-06-21,M,Active
C01013988,2025-04-09,B010,ZM,Retail,Agent,2007-12-11,F,Active
C01013989,2024-08-01,B010,ZM,Retail,Web,1998-03-14,F,Closed
C01013990,2022-09-03,B004,ZM,Retail,Web,1961-07-10,M,Active
C01013991,2022-09-16,B002,ZM,Retail,ATM,2005-12-25,F,Active
C01013992,2023-10-16,B015,ZM,Retail,Agent,1980-12-08,F,Active
C01013993,2022-10-31,B001,ZM,Retail,Agent,1988-07-21,M,Active
C01013994,2025-04-11,B002,ZM,Retail,ATM,2002-02-28,M,Dormant
C01013995,2024-04-26,B003,ZM,Retail,Web,1963-10-04,M,Active
C01013996,2025-07-28,B002,ZM,SME,ATM,1965-09-12,F,Active
C01013997,2024-07-04,B001,ZM,SME,Branch,2000-08-09,M,Active
C01013998,2025-09-30,B015,ZM,Premium,Branch,1961-10-13,M,Closed
C01013999,2022-09-08,B015,ZM,Premium,App,1981-12-29,F,Active
C01014000,2024-12-04,B001,ZM,SME,Web,1996-08-15,M,Active
C01014001,2024-12-16,B003,ZM,Premium,Branch,1977-05-27,F,Active
C01014002,2023-05-08,B001,ZM,SME,App,1964-02-02,F,Active
C01014003,2025-03-29,B003,ZM,Retail,USSD,1986-10-05,M,Active
C01014004,2024-09-05,B003,ZM,Retail,Agent,1984-01-09,M,Active
C01014005,2025-09-16,B001,ZM,Retail,Branch,1973-10-21,M,Active
C01014006,2024-09-30,B005,ZM,SME,App,1979-01-13,M,Active
C01014007,2023-07-29,B015,ZM,Retail,ATM,2005-12-29,F,Dormant
C01014008,2023-10-22,B003,ZM,SME,Agent,1996-11-21,M,Active
C01014009,2026-02-05,B001,ZM,Retail,App,1965-06-14,M,Closed
C01014010,2024-09-15,B020,ZM,Retail,Branch,1975-07-21,F,Closed
C01014011,2023-04-08,B005,ZM,Retail,ATM,1964-01-21,M,Active
C01014012,2022-07-08,B015,ZM,SME,ATM,1989-11-08,M,Active
C01014013,2023-06-25,B003,ZM,Retail,App,1964-05-08,F,Active
C01014014,2023-08-30,B015,ZM,SME,App,2008-06-29,M,Active
C01014015,2025-12-27,B005,ZM,SME,Branch,2007-12-20,F,Active
C01014016,2022-06-19,B015,ZM,Retail,ATM,1980-01-14,M,Active
C01014017,2023-12-24,B004,ZM,Retail,Web,1962-09-23,M,Active
C01014018,2025-02-17,B010,ZM,Retail,App,2014-08-11,F,Active
C01014019,2023-05-12,B004,ZM,Retail,Web,1984-12-08,F,Active
C01014020,2025-09-12,B005,ZM,Retail,Web,1966-03-16,M,Active
C01014021,2025-08-18,B003,ZM,Retail,ATM,1979-01-27,M,Active
C01014022,2023-02-26,B001,ZM,Retail,Branch,1984-02-22,F,Active
C01014023,2025-11-24,B002,ZM,SME,Web,2011-11-21,M,Active
C01014024,2022-06-09,B001,ZM,Retail,Branch,1961-02-01,M,Active
C01014025,2022-06-03,B015,ZM,Retail,App,2012-05-19,M,Active
C01014026,2024-10-09,B002,ZM,Retail,ATM,1998-11-14,M,Active
C01014027,2022-05-04,B002,ZM,SME,USSD,1965-12-09,M,Active
C01014028,2023-03-12,B015,ZM,SME,ATM,2014-06-29,M,Active
C01014029,2022-01-27,B015,ZM,Retail,USSD,2002-09-02,F,Dormant
C01014030,2025-10-05,B003,ZM,SME,Agent,2013-07-03,M,Active
C01014031,2023-03-19,B005,ZM,SME,App,2003-06-29,M,Active
C01014032,2024-08-16,B020,ZM,Retail,Branch,2011-08-30,M,Active
C01014033,2024-02-28,B001,ZM,Retail,App,2003-09-09,M,Active
C01014034,2023-01-20,B005,ZM,Retail,ATM,1972-02-08,F,Active
C01014035,2024-09-25,B004,ZM,Retail,USSD,1984-06-20,M,Active
C01014036,2022-08-03,B003,ZM,Retail,Agent,1990-03-14,M,Dormant
C01014037,2023-11-29,B003,ZM,Retail,USSD,1973-09-17,M,Active
C01014038,2023-03-04,B020,ZM,Retail,ATM,2009-10-24,F,Active
C01014039,2025-04-24,B004,ZM,SME,ATM,1984-02-09,M,Active
C01014040,2024-12-16,B001,ZM,Retail,App,1969-10-28,M,Active
C01014041,2024-11-18,B010,ZM,Premium,Web,1978-10-25,F,Active
C01014042,2023-10-04,B004,ZM,Retail,USSD,1992-07-11,F,Active
C01014043,2023-10-01,B001,ZM,Retail,ATM,1994-12-02,F,Active
C01014044,2025-12-22,B002,ZM,Retail,App,2014-09-02,F,Active
C01014045,2024-07-18,B015,ZM,Retail,Web,1984-04-01,F,Active
C01014046,2025-09-04,B003,ZM,Premium,Branch,2007-03-31,M,Active
C01014047,2022-11-12,B001,ZM,SME,ATM,1961-03-07,M,Active
C01014048,2024-10-30,B005,ZM,Retail,Web,1986-10-22,M,Closed
C01014049,2022-08-05,B020,ZM,Premium,Branch,1988-07-04,F,Active
C01014050,2022-09-24,B015,ZM,Retail,Agent,1963-10-16,F,Active
C01014051,2023-03-25,B005,ZM,Retail,Branch,2001-08-18,M,Dormant
C01014052,2024-01-15,B015,ZM,Retail,App,1978-05-11,F,Dormant
C01014053,2024-02-29,B003,ZM,Retail,USSD,1991-10-02,F,Active
C01014054,2024-07-15,B004,ZM,Retail,ATM,1993-11-17,F,Active
C01014055,2025-06-24,B010,ZM,SME,Web,2004-02-25,M,Active
C01014056,2024-11-17,B004,ZM,Retail,Agent,1986-11-02,F,Active
C01014057,2023-02-20,B001,ZM,Retail,Agent,2005-09-14,M,Active
C01014058,2024-03-30,B020,ZM,Retail,Branch,1961-04-09,M,Active
C01014059,2023-01-20,B004,ZM,Premium,Agent,2011-05-30,F,Active
C01014060,2022-05-21,B003,ZM,SME,USSD,1988-11-15,M,Active
C01014061,2023-07-24,B020,ZM,Retail,Branch,2004-09-13,F,Active
C01014062,2024-05-16,B001,ZM,Retail,ATM,1979-12-26,F,Active
C01014063,2022-12-03,B002,ZM,Retail,ATM,2011-05-30,M,Active
C01014064,2025-11-06,B004,ZM,SME,Agent,1982-07-15,F,Active
C01014065,2023-09-22,B004,ZM,Retail,App,1961-09-09,M,Active
C01014066,2025-03-28,B010,ZM,SME,ATM,1990-03-19,F,Closed
C01014067,2025-08-20,B001,ZM,Premium,ATM,2012-06-08,M,Active
C01014068,2022-07-29,B005,ZM,Retail,ATM,2009-03-17,M,Active
C01014069,2022-10-29,B004,ZM,Retail,USSD,1964-01-19,F,Active
C01014070,2024-08-02,B003,ZM,Retail,Web,1972-08-04,M,Active
C01014071,2022-08-08,B004,ZM,Retail,Web,1998-10-10,M,Dormant
C01014072,2022-08-14,B010,ZM,Retail,Agent,1960-02-05,M,Active
C01014073,2023-05-08,B002,ZM,Retail,ATM,1975-02-15,F,Active
C01014074,2022-02-03,B010,ZM,Retail,Web,1982-07-07,M,Active
C01014075,2024-08-01,B004,ZM,Retail,Agent,1984-03-31,F,Active
C01014076,2023-01-19,B020,ZM,SME,ATM,1973-03-14,F,Active
C01014077,2023-07-01,B005,ZM,Retail,Web,1963-12-22,M,Active
C01014078,2022-02-28,B015,ZM,Retail,Web,1980-12-04,F,Closed
C01014079,2024-09-02,B004,ZM,SME,Agent,1968-01-28,F,Active
C01014080,2025-09-17,B001,ZM,Retail,Branch,1991-09-27,M,Dormant
C01014081,2024-12-23,B004,ZM,Retail,Agent,2007-08-03,F,Active
C01014082,2024-07-16,B005,ZM,SME,USSD,2013-11-14,F,Active
C01014083,2023-12-22,B001,ZM,Retail,Branch,1972-07-20,F,Active
C01014084,2023-06-28,B003,ZM,Retail,Branch,1989-10-18,M,Active
C01014085,2022-08-31,B020,ZM,Retail,Web,2006-09-14,F,Active
C01014086,2025-02-01,B001,ZM,Retail,App,1985-02-25,M,Active
C01014087,2022-06-22,B010,ZM,Retail,App,1961-07-29,M,Active
C01014088,2023-12-27,B002,ZM,Premium,USSD,2002-01-16,M,Active
C01014089,2024-06-02,B010,ZM,Retail,ATM,1977-02-25,M,Dormant
C01014090,2023-03-11,B015,ZM,Retail,Web,1988-01-03,F,Active
C01014091,2022-11-05,B001,ZM,SME,USSD,1973-10-11,M,Active
C01014092,2024-03-23,B003,ZM,Retail,Branch,1963-09-01,F,Dormant
C01014093,2024-10-25,B004,ZM,Retail,Web,1980-05-25,F,Dormant
C01014094,2024-06-01,B020,ZM,Retail,Branch,1968-08-23,M,Active
C01014095,2024-11-06,B001,ZM,Retail,USSD,2010-07-22,M,Closed
C01014096,2023-11-15,B010,ZM,Premium,App,1999-06-23,F,Active
C01014097,2022-04-19,B001,ZM,Retail,USSD,2001-04-02,M,Dormant
C01014098,2024-06-22,B001,ZM,SME,Agent,2002-04-09,M,Active
C01014099,2023-07-13,B001,ZM,Retail,Web,1985-08-18,M,Active
C01014100,2024-01-28,B003,ZM,SME,Web,2007-10-12,F,Active
C01014101,2022-07-20,B020,ZM,Retail,ATM,1999-03-09,F,Dormant
C01014102,2022-04-11,B005,ZM,Premium,App,2001-04-17,F,Active
C01014103,2025-08-21,B005,ZM,SME,Web,1992-07-11,F,Active
C01014104,2024-02-23,B001,ZM,Retail,App,2014-09-11,M,Dormant
C01014105,2026-02-08,B003,ZM,SME,Web,1992-10-09,F,Active
C01014106,2024-05-15,B003,ZM,SME,App,1970-03-14,F,Active
C01014107,2023-02-02,B015,ZM,SME,Agent,1987-09-13,F,Active
C01014108,2023-08-26,B001,ZM,Retail,USSD,1965-12-25,F,Active
C01014109,2023-01-23,B010,ZM,Retail,App,2006-01-24,F,Dormant
C01014110,2024-04-04,B010,ZM,SME,Branch,1998-02-28,M,Active
C01014111,2022-12-28,B002,ZM,SME,Agent,1983-12-25,F,Active
C01014112,2025-05-01,B020,ZM,Retail,USSD,2006-11-22,M,Active
C01014113,2023-07-20,B001,ZM,SME,Web,1974-04-06,F,Active
C01014114,2024-12-20,B002,ZM,Retail,Web,1978-01-27,F,Active
C01014115,2025-05-29,B010,ZM,SME,ATM,1960-05-01,M,Dormant
C01014116,2024-10-07,B010,ZM,Retail,Agent,2004-12-07,F,Active
C01014117,2024-11-28,B001,ZM,Retail,Branch,2006-10-30,M,Active
C01014118,2024-06-06,B002,ZM,Retail,Agent,1971-08-02,F,Closed
C01014119,2022-08-12,B002,ZM,Retail,ATM,2014-05-26,M,Active
C01014120,2025-10-27,B001,ZM,Retail,Agent,1988-09-15,F,Dormant
C01014121,2022-04-13,B020,ZM,Retail,USSD,2006-08-26,M,Active
C01014122,2025-08-16,B015,ZM,Retail,ATM,1995-07-26,F,Active
C01014123,2023-05-25,B002,ZM,Retail,USSD,2006-02-20,M,Active
C01014124,2022-08-16,B015,ZM,SME,ATM,1984-10-19,F,Active
C01014125,2023-03-26,B004,ZM,Retail,App,1969-07-06,F,Active
C01014126,2022-08-24,B020,ZM,Retail,USSD,2011-03-09,M,Closed
C01014127,2022-04-19,B010,ZM,Retail,USSD,1997-09-14,M,Dormant
C01014128,2022-03-15,B005,ZM,SME,App,1974-04-12,M,Closed
C01014129,2025-03-24,B020,ZM,Retail,App,1981-12-14,M,Active
C01014130,2023-06-30,B015,ZM,Retail,Branch,1979-09-19,F,Active
C01014131,2023-05-04,B015,ZM,SME,App,1975-02-06,M,Active
C01014132,2022-05-15,B015,ZM,Premium,ATM,1998-07-09,M,Active
C01014133,2024-12-25,B003,ZM,Retail,App,1962-10-17,F,Active
C01014134,2022-07-26,B020,ZM,Premium,App,1992-05-07,M,Dormant
C01014135,2023-07-19,B002,ZM,Retail,USSD,2009-03-21,M,Active
C01014136,2023-04-09,B002,ZM,Retail,USSD,1993-10-19,M,Active
C01014137,2025-06-24,B003,ZM,Retail,Agent,1985-02-11,F,Active
C01014138,2025-12-03,B002,ZM,Retail,App,1974-11-14,M,Active
C01014139,2026-01-06,B003,ZM,Retail,Branch,2001-03-14,F,Closed
C01014140,2024-04-08,B015,ZM,Retail,USSD,1997-09-05,F,Active
C01014141,2024-03-13,B001,ZM,Retail,ATM,2003-02-11,F,Active
C01014142,2024-03-15,B020,ZM,Retail,Agent,1986-03-30,F,Dormant
C01014143,2022-07-27,B004,ZM,Retail,ATM,2006-04-28,F,Active
C01014144,2023-03-27,B015,ZM,Retail,App,1978-10-27,F,Dormant
C01014145,2025-11-17,B004,ZM,Retail,App,1968-11-06,M,Active
C01014146,2023-07-04,B010,ZM,Premium,Branch,1999-10-14,M,Dormant
C01014147,2024-10-11,B015,ZM,Retail,App,1977-04-07,M,Active
C01014148,2023-02-26,B005,ZM,Retail,Agent,1960-03-22,F,Active
C01014149,2022-12-17,B002,ZM,Retail,Web,1994-06-12,M,Active
C01014150,2023-02-21,B005,ZM,Retail,Web,1996-02-21,F,Active
C01014151,2023-12-13,B001,ZM,Retail,App,1976-04-23,F,Active
C01014152,2025-07-28,B004,ZM,Retail,Agent,2012-12-17,M,Active
C01014153,2023-08-13,B020,ZM,SME,Web,1979-03-02,M,Active
C01014154,2025-12-16,B015,ZM,Retail,ATM,1967-10-03,M,Dormant
C01014155,2025-05-06,B020,ZM,Retail,Agent,1993-05-01,M,Active
C01014156,2023-08-13,B001,ZM,Retail,Agent,1968-04-11,M,Active
C01014157,2022-01-07,B001,ZM,SME,App,2007-07-07,F,Active
C01014158,2022-07-13,B002,ZM,SME,ATM,1968-02-07,F,Active
C01014159,2023-01-15,B001,ZM,Retail,ATM,2002-01-19,F,Active
C01014160,2024-10-27,B015,ZM,Retail,Web,2008-07-10,M,Active
C01014161,2025-12-05,B015,ZM,Premium,Branch,2004-11-30,F,Active
C01014162,2025-06-28,B020,ZM,Retail,ATM,1973-06-02,M,Active
C01014163,2024-09-03,B020,ZM,Retail,Web,1986-06-16,F,Active
C01014164,2023-09-18,B004,ZM,Retail,Branch,1973-02-27,M,Active
C01014165,2025-11-09,B015,ZM,Retail,Agent,1994-03-23,F,Active
C01014166,2023-05-04,B005,ZM,Premium,Web,1992-06-16,F,Dormant
C01014167,2022-12-15,B004,ZM,Premium,Web,1990-06-29,F,Active
C01014168,2023-10-08,B002,ZM,SME,App,2010-07-09,F,Active
C01014169,2025-10-27,B004,ZM,Retail,Agent,1988-01-11,M,Active
C01014170,2022-05-23,B003,ZM,Retail,Agent,1997-03-03,F,Dormant
C01014171,2022-12-08,B020,ZM,Retail,USSD,2009-03-25,F,Active
C01014172,2023-01-19,B005,ZM,Premium,Branch,2013-04-07,F,Active
C01014173,2023-11-12,B020,ZM,Retail,Web,1962-02-05,F,Active
C01014174,2024-07-21,B003,ZM,Retail,ATM,1997-09-18,F,Active
C01014175,2022-10-18,B003,ZM,Retail,ATM,1973-09-14,M,Active
C01014176,2022-01-27,B010,ZM,Retail,USSD,1981-02-18,F,Active
C01014177,2025-09-26,B015,ZM,Premium,Branch,1971-12-24,F,Active
C01014178,2024-08-29,B002,ZM,Retail,App,2001-04-13,F,Active
C01014179,2024-05-26,B001,ZM,Retail,Branch,1972-12-15,M,Active
C01014180,2023-11-16,B003,ZM,Retail,ATM,1979-09-29,F,Active
C01014181,2022-02-12,B004,ZM,Retail,ATM,2002-07-03,M,Active
C01014182,2022-12-30,B001,ZM,SME,App,1970-09-05,F,Active
C01014183,2023-06-25,B004,ZM,Premium,App,2000-05-25,M,Active
C01014184,2022-06-07,B020,ZM,Premium,ATM,2005-02-01,M,Active
C01014185,2022-12-16,B004,ZM,Retail,Web,2011-12-20,M,Closed
C01014186,2025-10-23,B001,ZM,Retail,Web,1962-06-02,M,Active
C01014187,2022-01-20,B001,ZM,Retail,App,1973-08-04,M,Active
C01014188,2025-05-01,B015,ZM,Retail,Agent,1975-05-13,M,Active
C01014189,2023-12-23,B004,ZM,Retail,Web,1980-06-15,F,Dormant
C01014190,2024-08-28,B002,ZM,Retail,App,2002-04-20,F,Active
C01014191,2025-04-09,B015,ZM,Retail,Branch,2011-06-04,M,Active
C01014192,2022-01-03,B005,ZM,Retail,Branch,1965-01-29,M,Active
C01014193,2024-09-27,B010,ZM,Retail,Branch,1963-03-22,F,Active
C01014194,2023-05-22,B005,ZM,SME,App,1998-06-08,M,Active
C01014195,2024-08-25,B002,ZM,SME,App,1988-05-19,F,Active
C01014196,2022-08-13,B015,ZM,Retail,Web,1984-06-19,M,Active
C01014197,2022-04-03,B010,ZM,Retail,Web,2008-08-21,F,Active
C01014198,2022-02-05,B015,ZM,SME,Web,2000-03-11,M,Active
C01014199,2025-03-07,B001,ZM,Retail,USSD,1964-12-27,M,Active
C01014200,2025-10-24,B010,ZM,Retail,App,2009-07-16,F,Active
C01014201,2023-08-19,B020,ZM,Retail,Agent,1985-03-03,F,Active
C01014202,2023-04-13,B004,ZM,Retail,Branch,2001-10-22,M,Active
C01014203,2024-12-11,B005,ZM,Retail,Branch,2000-01-26,F,Active
C01014204,2024-10-27,B010,ZM,SME,USSD,2012-02-12,M,Dormant
C01014205,2022-12-09,B004,ZM,Retail,USSD,1988-12-21,M,Active
C01014206,2022-10-28,B015,ZM,Retail,Branch,1983-04-12,M,Active
C01014207,2022-07-12,B002,ZM,Retail,App,1966-05-02,M,Active
C01014208,2022-07-24,B010,ZM,Retail,Branch,1999-12-09,F,Active
C01014209,2023-09-16,B004,ZM,Retail,Branch,1997-09-29,M,Dormant
C01014210,2023-11-19,B015,ZM,Retail,Agent,2004-07-14,M,Active
C01014211,2024-07-15,B015,ZM,Retail,USSD,1988-03-01,F,Active
C01014212,2024-10-01,B015,ZM,Retail,USSD,1988-02-28,F,Active
C01014213,2023-12-20,B002,ZM,Retail,Web,1978-03-03,M,Active
C01014214,2025-01-22,B001,ZM,Retail,USSD,2013-03-25,M,Dormant
C01014215,2023-06-12,B002,ZM,Retail,Agent,2007-01-31,M,Active
C01014216,2025-09-20,B002,ZM,Retail,Agent,1966-12-11,M,Closed
C01014217,2024-09-23,B020,ZM,Retail,Branch,2008-11-10,F,Active
C01014218,2023-06-04,B005,ZM,Retail,Agent,2008-07-07,M,Closed
C01014219,2024-01-17,B015,ZM,Premium,Web,1963-07-27,F,Active
C01014220,2024-07-28,B004,ZM,Premium,Branch,2000-08-03,M,Dormant
C01014221,2022-01-28,B010,ZM,Retail,App,1978-11-07,F,Active
C01014222,2023-12-24,B005,ZM,SME,App,2001-07-08,F,Active
C01014223,2023-09-09,B015,ZM,Retail,USSD,2006-02-16,M,Active
C01014224,2025-12-25,B003,ZM,Retail,Web,1965-12-12,F,Active
C01014225,2023-11-15,B002,ZM,Retail,Agent,1991-08-24,F,Closed
C01014226,2024-11-26,B003,ZM,Retail,ATM,2012-04-26,F,Active
C01014227,2025-09-21,B015,ZM,Retail,App,1965-10-24,F,Active
C01014228,2025-05-05,B005,ZM,Retail,Agent,1988-09-29,M,Active
C01014229,2024-09-18,B004,ZM,Retail,App,2004-04-30,F,Active
C01014230,2022-08-19,B005,ZM,Retail,App,2014-01-20,M,Active
C01014231,2023-07-07,B020,ZM,Retail,App,1965-03-18,F,Active
C01014232,2025-11-05,B004,ZM,Retail,USSD,2010-01-16,M,Active
C01014233,2024-11-29,B004,ZM,Retail,Web,2012-02-16,M,Active
C01014234,2026-01-31,B015,ZM,Premium,App,1987-02-20,F,Active
C01014235,2025-08-03,B001,ZM,SME,Agent,1993-02-26,M,Active
C01014236,2022-02-12,B015,ZM,Premium,Agent,2005-09-30,F,Dormant
C01014237,2022-10-30,B002,ZM,Retail,USSD,2014-08-05,M,Active
C01014238,2024-04-20,B005,ZM,Retail,Web,1995-01-16,F,Active
C01014239,2023-03-28,B004,ZM,Retail,Web,1975-01-15,F,Active
C01014240,2025-09-12,B015,ZM,Retail,ATM,1996-05-01,M,Active
C01014241,2022-10-18,B015,ZM,Retail,Branch,2009-05-03,M,Active
C01014242,2024-01-02,B005,ZM,SME,App,1978-11-06,F,Dormant
C01014243,2024-10-16,B005,ZM,Retail,USSD,2005-05-09,F,Active
C01014244,2022-03-05,B020,ZM,Retail,Web,1983-08-24,F,Active
C01014245,2023-05-16,B004,ZM,SME,ATM,2009-05-21,F,Active
C01014246,2025-03-28,B010,ZM,SME,Branch,2005-11-28,M,Dormant
C01014247,2025-11-26,B020,ZM,Retail,Web,1999-10-08,M,Active
C01014248,2024-06-01,B003,ZM,Retail,Web,1996-11-15,M,Active
C01014249,2024-01-07,B002,ZM,Retail,App,1978-06-04,M,Active
C01014250,2023-02-27,B002,ZM,Retail,Branch,2007-02-10,F,Active
C01014251,2022-07-02,B010,ZM,Retail,Branch,1962-01-18,F,Active
C01014252,2023-02-01,B001,ZM,Retail,USSD,1973-12-15,M,Dormant
C01014253,2024-02-13,B020,ZM,Retail,ATM,1961-07-07,F,Active
C01014254,2025-08-01,B010,ZM,Retail,Agent,2002-12-21,F,Active
C01014255,2022-08-10,B001,ZM,Retail,USSD,1995-10-05,M,Active
C01014256,2023-07-15,B001,ZM,SME,ATM,1967-02-10,M,Dormant
C01014257,2025-07-07,B010,ZM,Retail,USSD,1973-07-16,M,Active
C01014258,2025-10-22,B002,ZM,Retail,ATM,1981-05-02,M,Active
C01014259,2025-01-20,B003,ZM,Retail,Agent,2013-04-05,M,Active
C01014260,2024-07-09,B002,ZM,Retail,App,1995-10-23,M,Active
C01014261,2024-12-15,B015,ZM,Retail,ATM,1969-10-04,M,Active
C01014262,2022-12-25,B002,ZM,Retail,Agent,1976-03-08,F,Dormant
C01014263,2023-06-28,B002,ZM,Retail,USSD,1970-04-10,F,Active
C01014264,2025-10-22,B020,ZM,SME,Branch,2014-01-23,F,Dormant
C01014265,2023-12-16,B010,ZM,Retail,Web,1962-07-01,M,Active
C01014266,2023-11-10,B010,ZM,Premium,Agent,1989-12-09,M,Active
C01014267,2024-03-11,B015,ZM,Retail,Agent,1967-11-30,M,Active
C01014268,2025-04-21,B015,ZM,Retail,Agent,2009-02-02,F,Active
C01014269,2024-05-04,B020,ZM,Retail,ATM,2009-01-21,M,Active
C01014270,2023-07-20,B010,ZM,Retail,ATM,1968-12-13,F,Active
C01014271,2023-09-26,B002,ZM,Retail,Branch,1973-11-16,M,Active
C01014272,2023-01-26,B003,ZM,Retail,App,2010-11-15,F,Active
C01014273,2022-03-26,B001,ZM,Retail,USSD,2008-06-12,F,Active
C01014274,2025-04-01,B005,ZM,Retail,App,2006-12-02,M,Dormant
C01014275,2024-12-01,B001,ZM,Retail,ATM,1994-09-19,M,Active
C01014276,2025-12-08,B015,ZM,Retail,ATM,1968-10-25,F,Active
C01014277,2023-12-05,B015,ZM,Retail,Agent,2005-10-27,F,Active
C01014278,2025-06-08,B001,ZM,SME,Agent,1972-01-02,M,Active
C01014279,2022-09-09,B005,ZM,Premium,App,1962-05-20,M,Closed
C01014280,2024-06-06,B002,ZM,Retail,USSD,2003-10-27,M,Active
C01014281,2024-07-20,B003,ZM,Retail,ATM,1960-08-18,M,Active
C01014282,2025-03-06,B003,ZM,Retail,ATM,1996-01-17,F,Active
C01014283,2023-12-12,B001,ZM,SME,App,1994-10-23,M,Active
C01014284,2023-08-14,B005,ZM,Retail,Web,2013-06-20,F,Active
C01014285,2022-08-14,B020,ZM,Retail,Agent,1963-04-15,M,Active
C01014286,2022-01-18,B015,ZM,Retail,Branch,1970-08-16,F,Active
C01014287,2024-10-18,B004,ZM,Retail,ATM,1964-03-22,M,Closed
C01014288,2025-11-04,B002,ZM,Retail,USSD,2000-10-16,F,Active
C01014289,2022-10-29,B020,ZM,SME,Web,2012-08-01,M,Active
C01014290,2024-08-13,B001,ZM,Retail,App,1971-11-02,M,Active
C01014291,2025-10-26,B003,ZM,Premium,App,1979-09-08,M,Active
C01014292,2022-11-04,B015,ZM,Retail,USSD,2003-02-26,M,Closed
C01014293,2024-12-07,B020,ZM,Premium,Agent,1973-03-01,F,Active
C01014294,2023-08-17,B020,ZM,SME,Agent,2012-11-19,M,Active
C01014295,2025-07-01,B010,ZM,Retail,Web,2009-10-10,M,Active
C01014296,2025-02-17,B010,ZM,Retail,USSD,1972-11-30,M,Active
C01014297,2025-09-22,B005,ZM,Retail,ATM,1994-10-10,M,Active
C01014298,2022-11-30,B005,ZM,Retail,Web,2009-08-20,F,Dormant
C01014299,2023-09-14,B001,ZM,Retail,Branch,2014-06-06,M,Active
C01014300,2024-09-24,B020,ZM,Retail,Branch,1980-09-20,F,Active
C01014301,2023-08-14,B004,ZM,Retail,USSD,1980-02-01,M,Active
C01014302,2022-05-13,B003,ZM,Retail,Branch,1984-08-29,M,Active
C01014303,2023-08-27,B001,ZM,SME,USSD,2005-11-16,F,Active
C01014304,2022-02-01,B004,ZM,Retail,ATM,1999-03-05,M,Active
C01014305,2024-07-18,B015,ZM,Retail,Agent,1987-04-03,M,Dormant
C01014306,2022-03-25,B005,ZM,Retail,ATM,2014-07-01,M,Active
C01014307,2023-03-22,B010,ZM,Retail,USSD,2000-09-27,M,Dormant
C01014308,2023-08-03,B002,ZM,Retail,ATM,1964-02-23,M,Active
C01014309,2025-04-29,B020,ZM,Retail,Branch,1981-10-06,F,Active
C01014310,2022-09-10,B015,ZM,SME,ATM,1988-05-13,M,Active
C01014311,2022-04-19,B010,ZM,Retail,Branch,1963-12-20,M,Active
C01014312,2024-09-27,B003,ZM,Retail,Agent,1997-09-29,M,Active
C01014313,2023-09-19,B003,ZM,SME,Agent,2004-01-13,F,Active
C01014314,2022-01-11,B010,ZM,Retail,Branch,1989-06-01,F,Active
C01014315,2024-05-31,B015,ZM,Retail,App,2001-04-16,F,Active
C01014316,2023-12-23,B010,ZM,Retail,ATM,2005-11-05,M,Active
C01014317,2025-09-14,B004,ZM,Retail,ATM,1997-02-13,M,Active
C01014318,2022-01-02,B001,ZM,SME,USSD,2006-07-10,M,Active
C01014319,2022-04-13,B005,ZM,SME,USSD,1980-03-18,M,Active
C01014320,2023-05-30,B004,ZM,Retail,Web,1977-02-18,M,Active
C01014321,2022-10-10,B002,ZM,Retail,Branch,1990-05-09,F,Active
C01014322,2023-12-19,B010,ZM,SME,Agent,1991-10-15,M,Dormant
C01014323,2023-08-04,B002,ZM,Retail,Agent,2000-01-08,F,Dormant
C01014324,2024-10-25,B002,ZM,Retail,App,1961-03-10,F,Closed
C01014325,2025-09-24,B004,ZM,Retail,Branch,2003-09-04,F,Active
C01014326,2025-02-22,B005,ZM,Retail,ATM,1999-09-04,M,Active
C01014327,2022-11-14,B015,ZM,Retail,Web,1981-03-08,M,Active
C01014328,2022-06-26,B003,ZM,SME,Branch,1969-02-09,F,Active
C01014329,2025-12-31,B001,ZM,Retail,Web,1975-04-29,F,Active
C01014330,2023-07-09,B020,ZM,Retail,Branch,1979-07-24,F,Active
C01014331,2022-10-20,B003,ZM,Retail,ATM,1968-12-25,F,Active
C01014332,2023-02-07,B005,ZM,SME,ATM,1988-12-19,F,Active
C01014333,2024-06-03,B020,ZM,Retail,Branch,1989-07-16,M,Active
C01014334,2025-04-13,B003,ZM,Retail,Agent,1990-07-11,F,Active
C01014335,2022-06-15,B010,ZM,SME,Agent,1963-10-31,F,Active
C01014336,2023-08-19,B010,ZM,Retail,App,1988-07-21,M,Active
C01014337,2023-03-25,B004,ZM,Retail,ATM,1999-06-22,F,Active
C01014338,2022-03-07,B002,ZM,Retail,USSD,1962-12-08,F,Dormant
C01014339,2024-08-27,B020,ZM,Retail,App,1992-01-26,F,Active
C01014340,2023-12-28,B005,ZM,SME,Branch,1971-05-23,F,Dormant
C01014341,2023-05-25,B005,ZM,Retail,App,1968-05-25,M,Active
C01014342,2025-10-21,B003,ZM,SME,USSD,2007-01-30,M,Active
C01014343,2025-07-28,B004,ZM,SME,ATM,2002-12-03,F,Dormant
C01014344,2024-03-02,B003,ZM,Retail,ATM,2014-02-21,F,Active
C01014345,2024-05-15,B003,ZM,Retail,Agent,1979-12-22,F,Active
C01014346,2024-03-28,B005,ZM,Retail,ATM,2006-05-06,F,Closed
C01014347,2022-07-20,B003,ZM,Premium,Agent,1984-07-26,M,Active
C01014348,2023-06-20,B002,ZM,Retail,USSD,1985-02-18,M,Active
C01014349,2023-09-11,B003,ZM,Retail,App,1983-08-19,M,Active
C01014350,2025-05-07,B020,ZM,Retail,Branch,1964-01-05,F,Dormant
C01014351,2023-09-29,B002,ZM,Retail,Branch,1987-12-01,M,Dormant
C01014352,2022-12-21,B005,ZM,SME,App,1992-12-24,F,Active
C01014353,2025-02-28,B004,ZM,Retail,ATM,2005-09-03,F,Active
C01014354,2024-06-11,B010,ZM,SME,Agent,2008-03-18,M,Active
C01014355,2025-10-22,B020,ZM,Retail,Branch,1978-10-09,F,Active
C01014356,2023-10-23,B002,ZM,Retail,ATM,1969-05-22,M,Closed
C01014357,2025-03-30,B004,ZM,SME,Web,1966-11-06,M,Closed
C01014358,2022-10-13,B004,ZM,Retail,Web,1987-12-07,F,Active
C01014359,2025-10-31,B002,ZM,Retail,Branch,1965-09-24,M,Active
C01014360,2023-02-13,B005,ZM,Premium,App,1987-09-07,F,Active
C01014361,2023-05-28,B001,ZM,Retail,App,2003-05-14,F,Active
C01014362,2022-10-05,B004,ZM,Retail,App,1964-08-11,M,Dormant
C01014363,2024-05-02,B004,ZM,Retail,ATM,1969-03-09,M,Active
C01014364,2025-02-09,B005,ZM,Retail,Web,1973-09-02,M,Dormant
C01014365,2023-02-13,B005,ZM,SME,ATM,1980-05-07,M,Active
C01014366,2023-09-09,B003,ZM,Premium,USSD,1988-12-13,M,Closed
C01014367,2023-09-17,B005,ZM,Retail,USSD,1964-05-31,F,Active
C01014368,2022-06-25,B004,ZM,SME,Branch,1977-10-20,F,Active
C01014369,2023-09-01,B002,ZM,SME,USSD,1995-12-09,M,Dormant
C01014370,2025-03-06,B001,ZM,Retail,App,2008-01-24,M,Active
C01014371,2025-07-10,B015,ZM,Retail,Branch,1999-10-30,M,Closed
C01014372,2024-08-02,B003,ZM,Retail,Web,1970-03-19,F,Active
C01014373,2025-01-22,B015,ZM,Premium,Agent,1989-02-03,F,Active
C01014374,2023-01-11,B002,ZM,Premium,Web,1995-04-22,F,Active
C01014375,2024-02-09,B001,ZM,Retail,USSD,2007-11-22,M,Active
C01014376,2024-06-13,B001,ZM,SME,USSD,2013-12-25,F,Active
C01014377,2022-07-16,B001,ZM,Retail,Web,1966-09-12,M,Active
C01014378,2022-10-11,B010,ZM,Retail,USSD,1963-05-12,M,Closed
C01014379,2024-12-14,B002,ZM,Premium,USSD,2012-04-13,M,Active
C01014380,2024-06-24,B020,ZM,Retail,ATM,1999-04-15,F,Dormant
C01014381,2025-11-22,B003,ZM,Retail,Agent,2000-05-26,F,Closed
C01014382,2023-10-04,B003,ZM,Retail,Agent,2000-01-18,M,Active
C01014383,2024-10-28,B001,ZM,Retail,Web,2008-03-29,M,Active
C01014384,2025-11-04,B002,ZM,Retail,Web,1964-10-17,M,Active
C01014385,2025-12-30,B010,ZM,Retail,USSD,1972-10-01,F,Active
C01014386,2024-01-03,B001,ZM,SME,App,1980-10-28,F,Active
C01014387,2024-08-17,B005,ZM,SME,ATM,1987-02-22,M,Active
C01014388,2023-12-27,B020,ZM,Retail,App,1983-12-15,M,Active
C01014389,2024-05-25,B015,ZM,Retail,USSD,1992-01-16,M,Active
C01014390,2024-08-13,B003,ZM,Retail,Web,1998-04-01,M,Active
C01014391,2024-05-11,B015,ZM,Retail,App,2005-12-19,F,Active
C01014392,2024-04-20,B004,ZM,Retail,Agent,1986-03-10,F,Active
C01014393,2024-08-02,B001,ZM,Retail,Branch,1983-08-19,F,Dormant
C01014394,2022-02-26,B005,ZM,Retail,App,1996-12-17,M,Active
C01014395,2025-02-18,B003,ZM,Retail,Web,2002-06-09,F,Active
C01014396,2022-02-24,B015,ZM,Retail,Agent,2011-07-17,F,Dormant
C01014397,2024-05-12,B020,ZM,Retail,USSD,1986-04-29,F,Active
C01014398,2022-07-01,B010,ZM,Retail,App,1962-03-21,M,Active
C01014399,2022-10-15,B002,ZM,SME,USSD,1980-10-20,F,Active
C01014400,2025-06-13,B003,ZM,Retail,ATM,1997-12-21,F,Active
C01014401,2023-09-12,B020,ZM,SME,Branch,1998-05-01,M,Active
C01014402,2023-05-12,B015,ZM,Retail,Web,1986-10-01,M,Active
C01014403,2025-04-03,B002,ZM,Retail,Web,1961-12-10,M,Active
C01014404,2024-11-14,B015,ZM,SME,USSD,1965-12-15,M,Active
C01014405,2024-02-04,B002,ZM,Retail,Branch,1998-10-03,F,Active
C01014406,2022-09-18,B010,ZM,Retail,Agent,1979-07-21,M,Active
C01014407,2025-06-25,B010,ZM,Retail,Web,1972-02-01,F,Active
C01014408,2025-01-17,B001,ZM,SME,App,1988-08-23,M,Active
C01014409,2025-03-04,B001,ZM,Retail,Web,2003-01-15,M,Active
C01014410,2023-08-24,B003,ZM,SME,App,1979-08-13,F,Dormant
C01014411,2022-04-20,B010,ZM,Premium,Web,2004-09-24,M,Dormant
C01014412,2024-03-15,B005,ZM,Retail,App,2005-05-25,M,Active
C01014413,2022-09-15,B015,ZM,Retail,ATM,1978-09-08,F,Active
C01014414,2024-04-05,B015,ZM,Retail,USSD,1970-09-05,F,Active
C01014415,2025-10-04,B015,ZM,Retail,Agent,1991-11-08,M,Active
C01014416,2022-01-13,B003,ZM,Retail,Agent,2012-03-28,M,Closed
C01014417,2024-08-05,B015,ZM,SME,ATM,2004-09-11,M,Active
C01014418,2024-11-26,B004,ZM,Retail,Agent,1992-11-02,F,Active
C01014419,2024-07-31,B002,ZM,Premium,App,2000-08-22,F,Dormant
C01014420,2022-04-22,B015,ZM,Retail,Agent,1974-05-15,M,Dormant
C01014421,2022-06-23,B020,ZM,Retail,USSD,2013-12-15,F,Active
C01014422,2022-04-23,B002,ZM,Retail,Branch,1973-03-19,F,Active
C01014423,2023-07-08,B001,ZM,Retail,App,1999-05-27,M,Closed
C01014424,2025-08-23,B015,ZM,SME,Agent,1980-12-13,M,Active
C01014425,2022-08-08,B020,ZM,Retail,Web,1969-05-15,M,Active
C01014426,2023-11-14,B005,ZM,Retail,Web,2005-09-01,M,Active
C01014427,2025-05-02,B020,ZM,Retail,Branch,1995-04-21,F,Active
C01014428,2022-07-19,B010,ZM,Retail,ATM,2010-03-14,M,Active
C01014429,2023-08-19,B010,ZM,SME,App,1978-09-11,M,Active
C01014430,2025-03-04,B001,ZM,Premium,Web,1963-05-21,F,Active
C01014431,2024-09-13,B004,ZM,Retail,USSD,1972-04-06,F,Dormant
C01014432,2025-11-15,B003,ZM,Retail,Branch,2010-09-06,F,Active
C01014433,2023-11-10,B003,ZM,Retail,ATM,1967-12-17,F,Active
C01014434,2022-05-05,B005,ZM,Premium,ATM,1989-09-25,F,Active
C01014435,2022-09-06,B001,ZM,Premium,USSD,2010-03-03,F,Active
C01014436,2025-04-12,B001,ZM,Retail,Agent,1993-01-15,F,Closed
C01014437,2025-10-13,B004,ZM,Retail,USSD,1987-04-20,M,Active
C01014438,2024-11-12,B015,ZM,Retail,Agent,1974-09-07,M,Active
C01014439,2026-01-08,B003,ZM,Retail,Branch,1980-05-05,F,Active
C01014440,2022-04-19,B015,ZM,Retail,USSD,1980-05-01,M,Active
C01014441,2025-12-07,B001,ZM,Retail,Web,1975-09-15,F,Active
C01014442,2023-02-24,B015,ZM,Retail,ATM,1986-12-03,M,Dormant
C01014443,2024-11-23,B010,ZM,Retail,Agent,1968-02-12,F,Active
C01014444,2022-10-23,B005,ZM,Retail,USSD,1993-09-21,F,Dormant
C01014445,2025-02-25,B003,ZM,Retail,App,1993-06-13,F,Active
C01014446,2024-10-11,B004,ZM,Retail,USSD,1966-03-10,F,Active
C01014447,2022-10-07,B005,ZM,Retail,Agent,2009-05-05,F,Active
C01014448,2023-04-03,B002,ZM,Retail,ATM,1991-02-16,F,Active
C01014449,2025-10-15,B010,ZM,SME,Web,1982-10-24,M,Closed
C01014450,2025-08-03,B004,ZM,Retail,USSD,2008-03-23,M,Dormant
C01014451,2022-11-13,B020,ZM,SME,Web,1982-03-14,M,Dormant
C01014452,2023-09-09,B005,ZM,Retail,App,2012-04-23,M,Active
C01014453,2025-07-10,B001,ZM,Retail,Agent,1998-10-31,M,Active
C01014454,2023-09-29,B002,ZM,SME,ATM,1994-11-26,M,Active
C01014455,2026-01-12,B004,ZM,Retail,Branch,1962-02-24,F,Dormant
C01014456,2022-01-14,B001,ZM,Retail,ATM,2001-11-09,F,Active
C01014457,2024-09-20,B010,ZM,Retail,Agent,1978-08-06,M,Active
C01014458,2025-07-01,B020,ZM,SME,Branch,1986-11-26,F,Active
C01014459,2025-11-09,B002,ZM,Retail,Branch,1986-03-01,M,Active
C01014460,2023-02-16,B003,ZM,Retail,ATM,1994-06-23,M,Active
C01014461,2022-08-23,B020,ZM,Retail,Agent,2002-04-01,F,Active
C01014462,2022-05-18,B001,ZM,Retail,Branch,1982-11-03,F,Active
C01014463,2022-01-01,B005,ZM,Retail,Agent,1994-11-17,M,Active
C01014464,2022-11-10,B015,ZM,Retail,Web,1975-11-07,F,Active
C01014465,2025-05-21,B004,ZM,Retail,App,1970-12-22,F,Active
C01014466,2022-09-05,B002,ZM,Retail,USSD,1990-12-26,M,Active
C01014467,2024-11-30,B001,ZM,SME,Agent,2011-05-06,M,Active
C01014468,2022-07-18,B003,ZM,SME,Agent,1992-01-02,M,Closed
C01014469,2023-05-22,B015,ZM,SME,Branch,2008-11-15,M,Active
C01014470,2023-02-23,B004,ZM,Retail,Agent,1985-06-05,F,Active
C01014471,2022-08-01,B004,ZM,Retail,Agent,1967-05-21,M,Active
C01014472,2024-08-28,B001,ZM,SME,Branch,2003-09-11,F,Active
C01014473,2022-02-20,B003,ZM,Retail,ATM,1984-01-08,F,Active
C01014474,2024-11-01,B010,ZM,Retail,Agent,2014-09-14,M,Dormant
C01014475,2024-06-27,B015,ZM,SME,Web,1970-04-23,F,Active
C01014476,2024-03-11,B010,ZM,Retail,USSD,1998-02-06,M,Dormant
C01014477,2022-04-24,B002,ZM,Retail,Agent,1965-09-16,F,Active
C01014478,2022-09-07,B001,ZM,Retail,Branch,1999-08-25,F,Active
C01014479,2023-09-07,B015,ZM,SME,Web,1960-04-06,F,Active
C01014480,2024-04-08,B002,ZM,Retail,USSD,1990-03-16,M,Dormant
C01014481,2024-09-17,B020,ZM,SME,ATM,1961-03-06,F,Active
C01014482,2023-01-12,B010,ZM,Retail,Agent,1974-06-30,M,Active
C01014483,2023-04-27,B020,ZM,Retail,Branch,1974-11-08,F,Active
C01014484,2025-01-24,B020,ZM,Retail,ATM,1966-11-25,M,Closed
C01014485,2023-06-18,B015,ZM,Retail,Agent,2006-01-29,F,Active
C01014486,2025-06-08,B004,ZM,Retail,ATM,1968-06-08,F,Closed
C01014487,2025-10-27,B002,ZM,Retail,Branch,1996-04-15,F,Active
C01014488,2024-06-18,B020,ZM,SME,Web,2010-08-24,M,Active
C01014489,2025-09-09,B003,ZM,Retail,Web,2009-07-03,F,Active
C01014490,2025-06-17,B005,ZM,Retail,ATM,1966-06-10,M,Active
C01014491,2022-09-10,B010,ZM,Retail,ATM,1985-09-19,F,Active
C01014492,2024-06-04,B010,ZM,SME,Agent,1968-11-14,M,Active
C01014493,2022-10-27,B003,ZM,Retail,App,1980-06-12,F,Dormant
C01014494,2025-07-26,B015,ZM,Retail,USSD,1986-11-25,F,Active
C01014495,2022-02-14,B015,ZM,SME,Agent,1984-07-13,F,Dormant
C01014496,2023-01-14,B015,ZM,Retail,ATM,2003-01-07,M,Active
C01014497,2022-10-18,B002,ZM,Retail,ATM,1994-09-07,M,Dormant
C01014498,2025-09-08,B001,ZM,Retail,USSD,1965-04-03,F,Active
C01014499,2023-05-08,B020,ZM,Retail,Branch,2013-01-01,M,Dormant
C01014500,2022-12-16,B004,ZM,Retail,Web,1982-11-21,M,Active
C01014501,2024-11-13,B005,ZM,Retail,Branch,2010-06-17,F,Active
C01014502,2025-12-03,B001,ZM,SME,USSD,1978-03-31,F,Active
C01014503,2025-01-24,B001,ZM,Retail,USSD,2003-09-05,F,Active
C01014504,2023-02-15,B003,ZM,Retail,App,2000-05-07,F,Active
C01014505,2024-09-02,B002,ZM,Retail,Agent,1985-10-26,M,Active
C01014506,2024-09-10,B010,ZM,Retail,Agent,1962-04-26,M,Active
C01014507,2023-08-17,B010,ZM,Retail,Agent,1971-07-11,F,Closed
C01014508,2023-08-16,B003,ZM,Retail,Agent,2013-01-23,M,Active
C01014509,2025-09-29,B002,ZM,Retail,App,1971-04-01,M,Active
C01014510,2022-07-24,B003,ZM,Retail,Web,2008-02-02,M,Active
C01014511,2025-04-20,B010,ZM,Retail,Agent,1996-05-04,F,Dormant
C01014512,2024-10-06,B001,ZM,Premium,ATM,1985-11-22,F,Active
C01014513,2024-01-23,B004,ZM,Retail,USSD,1981-08-27,F,Active
C01014514,2025-09-29,B020,ZM,SME,App,1978-01-21,F,Active
C01014515,2023-07-18,B015,ZM,SME,Branch,1962-07-28,F,Active
C01014516,2024-03-12,B002,ZM,Premium,Agent,1973-08-06,M,Active
C01014517,2024-03-01,B020,ZM,SME,App,1998-02-08,F,Active
C01014518,2025-11-29,B005,ZM,Retail,Branch,1991-03-18,F,Active
C01014519,2022-08-08,B005,ZM,Premium,App,1962-08-26,M,Active
C01014520,2024-08-08,B001,ZM,SME,Branch,2011-08-07,F,Dormant
C01014521,2024-05-03,B003,ZM,SME,App,2012-06-29,M,Dormant
C01014522,2024-05-20,B003,ZM,Retail,App,1994-06-29,M,Active
C01014523,2022-10-31,B010,ZM,Premium,Agent,1976-10-16,F,Active
C01014524,2022-02-27,B001,ZM,SME,Web,1970-06-16,M,Active
C01014525,2023-08-04,B010,ZM,SME,ATM,2010-01-16,M,Active
C01014526,2024-07-25,B010,ZM,Retail,USSD,1976-12-02,M,Active
C01014527,2022-09-04,B005,ZM,Retail,ATM,1997-04-14,F,Active
C01014528,2025-03-01,B010,ZM,Premium,Web,1993-10-31,M,Active
C01014529,2024-03-08,B020,ZM,Retail,Agent,2000-08-02,M,Active
C01014530,2022-01-23,B015,ZM,Retail,Branch,2001-03-28,M,Active
C01014531,2025-04-03,B010,ZM,SME,ATM,1971-01-17,M,Active
C01014532,2023-09-13,B005,ZM,Retail,USSD,2013-10-22,M,Active
C01014533,2022-03-11,B015,ZM,Retail,Agent,1993-11-14,F,Active
C01014534,2025-08-14,B003,ZM,Retail,USSD,1997-04-10,M,Active
C01014535,2025-08-25,B002,ZM,Retail,Branch,1997-02-16,M,Active
C01014536,2025-09-07,B004,ZM,Retail,USSD,1999-01-26,F,Active
C01014537,2025-06-23,B010,ZM,Retail,Web,1966-12-29,M,Active
C01014538,2024-06-29,B020,ZM,Retail,ATM,1960-02-19,M,Active
C01014539,2022-03-29,B015,ZM,Retail,USSD,1972-07-08,M,Active
C01014540,2023-12-28,B002,ZM,SME,ATM,1988-02-14,F,Active
C01014541,2022-10-13,B005,ZM,Retail,App,1995-05-12,F,Active
C01014542,2024-08-16,B002,ZM,Retail,ATM,1981-07-30,F,Active
C01014543,2026-01-20,B004,ZM,Retail,Branch,1984-12-05,M,Closed
C01014544,2024-07-27,B020,ZM,SME,Web,1975-08-08,M,Active
C01014545,2023-07-22,B002,ZM,Premium,Agent,1962-11-16,F,Active
C01014546,2022-01-19,B020,ZM,Retail,USSD,1972-01-22,F,Closed
C01014547,2022-11-21,B015,ZM,Retail,Agent,1971-06-26,F,Active
C01014548,2024-01-03,B002,ZM,Retail,Web,1971-12-28,F,Active
C01014549,2024-10-22,B020,ZM,SME,ATM,1979-10-02,F,Active
C01014550,2024-10-27,B002,ZM,Retail,USSD,1984-02-07,M,Dormant
C01014551,2023-03-08,B002,ZM,Retail,Web,2012-10-14,M,Active
C01014552,2023-12-16,B001,ZM,Retail,Branch,2008-10-27,M,Active
C01014553,2025-12-17,B010,ZM,Premium,App,1963-07-22,M,Active
C01014554,2024-12-11,B005,ZM,Retail,App,1966-06-29,M,Active
C01014555,2024-03-10,B004,ZM,Premium,Branch,1978-09-23,M,Active
C01014556,2024-11-16,B005,ZM,Retail,Agent,1999-04-09,M,Active
C01014557,2022-05-09,B001,ZM,Retail,App,1997-12-25,M,Active
C01014558,2022-12-24,B001,ZM,Retail,Branch,2009-09-04,M,Active
C01014559,2025-09-05,B015,ZM,Retail,ATM,1979-10-20,F,Dormant
C01014560,2022-11-07,B001,ZM,Retail,Agent,1997-10-07,M,Active
C01014561,2023-12-22,B010,ZM,Retail,Agent,2003-10-20,M,Active
C01014562,2025-09-05,B001,ZM,Retail,Branch,1992-02-15,M,Active
C01014563,2026-01-12,B002,ZM,Retail,App,1961-06-13,F,Active
C01014564,2025-02-27,B005,ZM,Retail,ATM,1968-05-31,F,Active
C01014565,2023-11-26,B003,ZM,Retail,Agent,2002-07-22,M,Active
C01014566,2024-07-30,B004,ZM,Premium,Branch,2000-07-31,M,Active
C01014567,2026-01-04,B001,ZM,Retail,Branch,1966-06-22,M,Active
C01014568,2022-10-14,B005,ZM,Retail,Agent,1989-05-16,M,Active
C01014569,2023-07-25,B015,ZM,Retail,Agent,1973-06-07,F,Active
C01014570,2025-09-10,B001,ZM,Retail,ATM,1987-04-24,F,Active
C01014571,2023-09-13,B010,ZM,Retail,Agent,1984-10-07,M,Active
C01014572,2024-03-17,B001,ZM,Retail,USSD,1996-03-17,F,Active
C01014573,2022-05-20,B001,ZM,Retail,App,1970-10-16,F,Active
C01014574,2025-08-14,B020,ZM,Retail,Agent,1984-08-11,F,Active
C01014575,2024-09-17,B020,ZM,SME,USSD,1986-05-10,F,Active
C01014576,2024-02-11,B001,ZM,Retail,ATM,1962-05-31,M,Active
C01014577,2024-08-24,B015,ZM,Retail,ATM,1974-09-24,F,Active
C01014578,2025-05-25,B020,ZM,Retail,Web,1978-12-15,F,Active
C01014579,2025-09-11,B001,ZM,SME,Web,1982-01-03,M,Active
C01014580,2023-01-05,B004,ZM,Retail,ATM,1991-06-10,M,Active
C01014581,2025-03-25,B005,ZM,Premium,Web,1965-08-15,M,Active
C01014582,2025-12-22,B020,ZM,Retail,Branch,2001-01-30,M,Active
C01014583,2024-11-04,B020,ZM,Retail,USSD,1987-04-11,F,Active
C01014584,2025-09-11,B010,ZM,Retail,ATM,1995-06-24,M,Closed
C01014585,2024-12-12,B001,ZM,SME,Branch,1992-05-04,F,Active
C01014586,2023-06-15,B001,ZM,Retail,App,1998-12-17,M,Active
C01014587,2022-09-23,B001,ZM,Retail,App,1987-07-23,F,Active
C01014588,2025-11-30,B001,ZM,Retail,Web,1972-07-27,M,Active
C01014589,2023-10-26,B020,ZM,SME,Web,1993-10-24,M,Active
C01014590,2025-04-20,B002,ZM,Retail,Branch,1964-09-17,F,Active
C01014591,2025-04-04,B002,ZM,Retail,App,1969-11-14,M,Active
C01014592,2023-12-14,B003,ZM,Retail,Agent,2009-04-21,M,Active
C01014593,2025-04-12,B001,ZM,Retail,ATM,1994-06-05,M,Active
C01014594,2025-06-18,B003,ZM,Retail,Agent,1982-02-05,M,Active
C01014595,2024-04-06,B004,ZM,Retail,USSD,2003-12-04,M,Active
C01014596,2022-05-19,B003,ZM,Retail,Web,1971-07-04,M,Active
C01014597,2022-04-03,B005,ZM,Retail,Branch,1994-01-21,M,Active
C01014598,2022-03-02,B002,ZM,Retail,Agent,1979-07-29,M,Active
C01014599,2026-02-09,B002,ZM,Retail,Web,1965-12-18,M,Active
C01014600,2022-11-22,B001,ZM,Retail,Branch,2010-12-03,M,Active
C01014601,2023-04-20,B020,ZM,Retail,App,2012-06-10,F,Dormant
C01014602,2022-07-17,B001,ZM,Retail,Web,1992-01-01,F,Active
C01014603,2025-09-24,B004,ZM,Retail,Agent,1994-03-20,F,Active
C01014604,2022-08-06,B010,ZM,SME,Branch,1990-01-15,F,Active
C01014605,2024-10-19,B004,ZM,Retail,Branch,1991-12-09,M,Active
C01014606,2025-10-23,B005,ZM,Retail,Agent,2012-04-09,F,Dormant
C01014607,2024-09-02,B001,ZM,Retail,Web,1974-03-03,M,Active
C01014608,2023-10-25,B001,ZM,Retail,USSD,1976-05-22,M,Active
C01014609,2023-04-20,B004,ZM,Retail,ATM,2003-08-07,F,Active
C01014610,2026-02-09,B004,ZM,Retail,App,1999-05-10,M,Active
C01014611,2023-04-30,B004,ZM,Retail,Agent,1993-09-12,F,Active
C01014612,2022-08-04,B002,ZM,Retail,Agent,1983-07-27,F,Active
C01014613,2022-12-23,B003,ZM,Retail,Web,1968-04-24,F,Active
C01014614,2026-01-31,B003,ZM,Retail,Web,1986-10-16,F,Active
C01014615,2024-02-26,B001,ZM,SME,USSD,2014-07-14,M,Active
C01014616,2024-05-10,B002,ZM,Premium,App,1964-01-13,F,Active
C01014617,2022-05-12,B004,ZM,Retail,Web,1962-05-12,F,Active
C01014618,2022-05-07,B001,ZM,Retail,USSD,1979-05-29,M,Active
C01014619,2025-06-07,B002,ZM,Retail,Agent,2009-02-14,F,Active
C01014620,2023-05-28,B005,ZM,Premium,ATM,1989-01-04,M,Dormant
C01014621,2022-08-23,B010,ZM,Retail,Branch,1960-03-22,F,Active
C01014622,2022-03-18,B002,ZM,Retail,ATM,1976-01-19,F,Active
C01014623,2022-05-30,B015,ZM,Retail,ATM,1990-01-04,M,Active
C01014624,2024-06-23,B001,ZM,Retail,ATM,1990-10-18,M,Closed
C01014625,2024-02-06,B020,ZM,Retail,ATM,1965-09-13,M,Dormant
C01014626,2025-05-27,B003,ZM,SME,Branch,1978-09-08,F,Active
C01014627,2025-07-16,B015,ZM,SME,Agent,1984-04-26,F,Active
C01014628,2022-03-02,B004,ZM,Retail,App,1985-11-20,F,Active
C01014629,2022-12-23,B010,ZM,Retail,App,1982-12-13,M,Active
C01014630,2023-10-20,B020,ZM,Retail,Agent,2009-04-13,M,Active
C01014631,2022-08-09,B005,ZM,Retail,USSD,1995-10-29,F,Active
C01014632,2025-12-01,B020,ZM,Retail,USSD,2003-03-01,M,Active
C01014633,2024-07-09,B010,ZM,Retail,Web,1972-08-14,F,Dormant
C01014634,2024-02-13,B020,ZM,SME,ATM,1976-03-13,F,Active
C01014635,2022-09-30,B010,ZM,Retail,ATM,2007-11-09,M,Active
C01014636,2025-07-29,B002,ZM,Retail,Branch,2008-01-30,M,Active
C01014637,2025-03-21,B001,ZM,SME,ATM,1980-07-07,F,Active
C01014638,2025-02-13,B020,ZM,SME,Branch,2011-05-18,M,Active
C01014639,2023-02-14,B020,ZM,SME,Web,1960-01-27,F,Active
C01014640,2023-02-05,B001,ZM,Retail,USSD,1986-12-23,M,Active
C01014641,2023-06-02,B010,ZM,SME,USSD,2002-01-22,M,Active
C01014642,2024-10-02,B004,ZM,Retail,Web,1981-08-21,M,Active
C01014643,2024-06-15,B001,ZM,SME,Web,1980-12-09,F,Active
C01014644,2025-10-22,B010,ZM,Retail,Agent,1965-12-06,F,Dormant
C01014645,2023-08-09,B001,ZM,SME,ATM,1982-09-02,F,Dormant
C01014646,2023-04-07,B004,ZM,Retail,USSD,1992-05-27,F,Active
C01014647,2023-02-17,B005,ZM,Retail,App,1984-10-04,M,Active
C01014648,2022-11-28,B015,ZM,SME,Web,1993-11-28,M,Closed
C01014649,2024-06-07,B010,ZM,SME,USSD,1967-07-05,F,Active
C01014650,2024-12-18,B003,ZM,Retail,USSD,1993-07-14,F,Active
C01014651,2023-01-29,B003,ZM,Premium,Branch,2003-04-05,F,Active
C01014652,2022-06-26,B010,ZM,Retail,USSD,1986-03-26,M,Active
C01014653,2025-04-07,B002,ZM,Retail,Web,2012-01-21,M,Dormant
C01014654,2022-02-19,B005,ZM,Retail,ATM,1977-10-05,M,Active
C01014655,2025-07-12,B002,ZM,Retail,USSD,1973-05-08,F,Active
C01014656,2025-10-01,B015,ZM,Retail,App,1992-01-30,F,Dormant
C01014657,2022-07-17,B003,ZM,SME,Web,1968-04-28,M,Active
C01014658,2023-02-21,B004,ZM,Retail,ATM,1970-04-08,F,Active
C01014659,2022-03-10,B010,ZM,Retail,Agent,1983-05-23,F,Dormant
C01014660,2022-10-15,B015,ZM,SME,ATM,2012-10-13,M,Active
C01014661,2022-01-11,B020,ZM,SME,Web,2001-02-01,F,Active
C01014662,2024-01-07,B020,ZM,Retail,Agent,2007-03-10,M,Active
C01014663,2024-04-15,B001,ZM,Retail,ATM,2006-05-21,F,Active
C01014664,2025-03-09,B003,ZM,Retail,App,2001-11-09,F,Closed
C01014665,2025-01-24,B005,ZM,Retail,USSD,2012-11-24,F,Active
C01014666,2022-05-28,B003,ZM,Retail,Web,1988-06-03,M,Active
C01014667,2023-11-29,B005,ZM,Retail,USSD,1979-03-03,M,Active
C01014668,2023-01-15,B005,ZM,SME,USSD,1965-09-12,F,Active
C01014669,2025-10-29,B010,ZM,Retail,ATM,1972-01-09,F,Active
C01014670,2026-02-03,B005,ZM,Retail,Web,1960-09-21,M,Dormant
C01014671,2026-01-31,B002,ZM,Premium,USSD,1985-12-21,F,Active
C01014672,2025-08-08,B020,ZM,Retail,Branch,1961-04-02,F,Dormant
C01014673,2024-12-17,B015,ZM,Retail,App,2012-04-26,M,Active
C01014674,2024-10-13,B004,ZM,Premium,Agent,1988-11-27,F,Active
C01014675,2023-01-25,B003,ZM,Premium,ATM,1985-08-09,F,Active
C01014676,2023-03-01,B004,ZM,Retail,Web,1981-11-16,F,Active
C01014677,2025-03-14,B015,ZM,Retail,Web,1999-07-19,F,Active
C01014678,2024-08-28,B001,ZM,Premium,ATM,2004-06-16,M,Active
C01014679,2024-10-22,B015,ZM,Retail,USSD,1999-01-24,M,Active
C01014680,2023-12-23,B003,ZM,Retail,ATM,1998-02-13,M,Active
C01014681,2024-01-01,B020,ZM,Retail,Web,1968-07-02,F,Closed
C01014682,2025-06-20,B004,ZM,Retail,Branch,2006-02-05,M,Active
C01014683,2025-02-18,B004,ZM,SME,USSD,1977-06-07,F,Active
C01014684,2022-10-10,B010,ZM,Retail,Agent,1964-08-23,F,Active
C01014685,2022-05-18,B010,ZM,SME,ATM,2007-05-26,F,Active
C01014686,2024-06-17,B015,ZM,SME,Web,1993-07-20,M,Active
C01014687,2024-05-25,B015,ZM,SME,Agent,2005-01-15,F,Active
C01014688,2025-07-04,B001,ZM,Retail,Web,1964-08-17,F,Active
C01014689,2024-02-10,B005,ZM,SME,Web,1965-05-12,F,Dormant
C01014690,2022-05-26,B003,ZM,Retail,Branch,1968-12-17,M,Active
C01014691,2025-03-11,B010,ZM,Retail,USSD,2008-01-29,F,Active
C01014692,2022-06-10,B003,ZM,SME,ATM,2003-02-06,M,Active
C01014693,2022-09-18,B001,ZM,Retail,USSD,1981-10-26,M,Active
C01014694,2024-11-25,B010,ZM,Retail,Web,1967-09-11,F,Active
C01014695,2023-09-03,B010,ZM,Retail,Branch,1987-12-29,F,Dormant
C01014696,2022-07-26,B005,ZM,Retail,Agent,1978-06-29,M,Active
C01014697,2022-08-30,B003,ZM,SME,Branch,2012-03-28,M,Active
C01014698,2024-10-18,B020,ZM,Retail,Web,1967-07-25,M,Active
C01014699,2023-04-18,B003,ZM,Retail,USSD,1989-02-12,M,Active
C01014700,2022-04-16,B003,ZM,SME,Agent,1968-04-05,F,Active
C01014701,2025-05-16,B005,ZM,Retail,USSD,1965-10-28,F,Dormant
C01014702,2025-01-12,B010,ZM,SME,Branch,1982-06-11,M,Active
C01014703,2023-11-09,B001,ZM,Retail,Agent,1980-07-12,M,Active
C01014704,2022-02-16,B003,ZM,Retail,App,1998-11-09,M,Active
C01014705,2023-04-04,B004,ZM,Retail,Branch,2003-03-09,F,Active
C01014706,2023-08-17,B020,ZM,Retail,Agent,2007-12-26,M,Active
C01014707,2023-05-30,B020,ZM,SME,Branch,1997-01-04,M,Active
C01014708,2024-03-10,B005,ZM,Retail,ATM,1975-04-29,M,Active
C01014709,2025-12-11,B002,ZM,Premium,Branch,1969-04-27,M,Active
C01014710,2024-01-03,B001,ZM,Retail,App,1961-04-29,M,Active
C01014711,2022-05-20,B004,ZM,Retail,Agent,2003-08-04,M,Active
C01014712,2022-11-20,B003,ZM,Retail,Agent,2009-03-17,M,Active
C01014713,2023-08-13,B002,ZM,Retail,Branch,1966-12-18,M,Active
C01014714,2022-06-03,B001,ZM,Retail,USSD,2009-03-26,F,Active
C01014715,2024-12-30,B005,ZM,Premium,ATM,2000-12-01,F,Active
C01014716,2025-03-24,B002,ZM,Retail,ATM,1968-09-23,F,Active
C01014717,2023-05-10,B010,ZM,Retail,Branch,1964-01-25,M,Active
C01014718,2024-11-26,B015,ZM,Retail,ATM,1996-05-14,F,Active
C01014719,2025-06-05,B002,ZM,Retail,ATM,2007-01-20,M,Active
C01014720,2024-10-21,B015,ZM,Retail,Branch,1988-09-18,F,Active
C01014721,2023-10-02,B020,ZM,Retail,App,1997-12-20,M,Dormant
C01014722,2024-03-28,B004,ZM,Premium,Agent,1987-01-08,F,Active
C01014723,2025-06-20,B001,ZM,Retail,Branch,1971-07-24,F,Active
C01014724,2022-04-27,B004,ZM,Retail,USSD,1989-08-31,M,Active
C01014725,2025-01-23,B004,ZM,Retail,Web,2000-09-28,F,Active
C01014726,2025-11-29,B003,ZM,Retail,App,1964-09-28,F,Closed
C01014727,2022-08-16,B005,ZM,Retail,Branch,1996-06-21,F,Active
C01014728,2025-04-08,B002,ZM,Retail,App,2009-02-26,F,Active
C01014729,2024-08-22,B001,ZM,Retail,Web,1960-03-16,M,Active
C01014730,2023-06-23,B020,ZM,SME,ATM,1972-10-22,M,Active
C01014731,2025-08-30,B010,ZM,SME,ATM,1998-05-19,M,Dormant
C01014732,2022-03-03,B005,ZM,Retail,Web,2011-11-15,M,Active
C01014733,2022-03-08,B005,ZM,Retail,ATM,1977-10-03,M,Dormant
C01014734,2023-11-24,B001,ZM,SME,App,1981-12-04,F,Dormant
C01014735,2024-05-13,B005,ZM,Premium,ATM,1966-06-20,M,Active
C01014736,2023-06-19,B003,ZM,Premium,Web,1993-05-26,M,Active
C01014737,2023-02-15,B005,ZM,SME,Web,1983-08-15,M,Active
C01014738,2023-11-17,B020,ZM,Retail,Agent,1976-01-29,M,Active
C01014739,2022-05-02,B020,ZM,SME,Web,1977-08-07,M,Active
C01014740,2022-10-13,B003,ZM,SME,USSD,1961-02-04,M,Active
C01014741,2023-02-23,B002,ZM,Retail,App,1996-04-07,F,Active
C01014742,2025-01-25,B002,ZM,Retail,Web,1962-12-25,F,Active
C01014743,2023-11-07,B004,ZM,Retail,Agent,1964-09-25,M,Active
C01014744,2025-09-20,B020,ZM,Retail,App,1976-07-26,M,Dormant
C01014745,2022-05-08,B003,ZM,Retail,Agent,1977-07-07,M,Active
C01014746,2023-04-28,B010,ZM,Retail,USSD,1964-11-12,F,Active
C01014747,2024-10-07,B002,ZM,Retail,App,1976-08-06,M,Dormant
C01014748,2022-05-30,B005,ZM,Retail,Branch,2005-01-20,F,Active
C01014749,2025-02-28,B001,ZM,Retail,USSD,1998-09-25,F,Active
C01014750,2025-06-03,B001,ZM,SME,USSD,1990-01-28,M,Active
C01014751,2025-12-10,B015,ZM,Retail,ATM,1990-01-24,F,Active
C01014752,2022-03-14,B020,ZM,SME,Web,1961-09-10,F,Active
C01014753,2023-12-10,B003,ZM,SME,USSD,1989-04-14,M,Active
C01014754,2022-05-25,B010,ZM,SME,App,1972-05-22,F,Active
C01014755,2024-05-02,B004,ZM,Retail,Branch,1975-02-02,F,Active
C01014756,2025-05-10,B005,ZM,Retail,App,1985-11-12,M,Dormant
C01014757,2025-06-08,B003,ZM,Retail,App,1968-07-28,M,Active
C01014758,2022-06-15,B015,ZM,Retail,Branch,1968-08-06,F,Active
C01014759,2025-02-03,B001,ZM,Premium,Agent,1985-12-13,M,Active
C01014760,2024-09-07,B003,ZM,Retail,ATM,1973-10-05,M,Active
C01014761,2022-09-23,B005,ZM,Retail,Web,1962-06-13,M,Active
C01014762,2023-07-09,B010,ZM,SME,USSD,1996-03-20,M,Dormant
C01014763,2026-01-21,B020,ZM,SME,Web,1996-09-05,F,Active
C01014764,2022-03-27,B010,ZM,SME,ATM,2003-02-05,M,Active
C01014765,2022-08-02,B002,ZM,Retail,Agent,1963-04-16,M,Active
C01014766,2022-03-14,B005,ZM,Retail,Branch,1969-04-01,M,Dormant
C01014767,2024-10-14,B015,ZM,Retail,Web,1988-04-06,M,Active
C01014768,2024-11-05,B002,ZM,Retail,App,1966-10-06,F,Dormant
C01014769,2023-04-07,B002,ZM,SME,USSD,1982-12-22,F,Active
C01014770,2025-08-24,B002,ZM,Retail,USSD,1988-09-07,F,Dormant
C01014771,2023-12-19,B003,ZM,Retail,Agent,2012-10-28,F,Active
C01014772,2024-06-02,B015,ZM,SME,ATM,2010-10-24,F,Active
C01014773,2024-09-05,B001,ZM,Retail,ATM,1972-09-16,M,Active
C01014774,2023-09-14,B010,ZM,SME,Branch,1961-09-17,F,Closed
C01014775,2023-04-12,B020,ZM,SME,ATM,1968-07-24,M,Active
C01014776,2022-02-13,B003,ZM,SME,Web,1996-01-18,F,Active
C01014777,2022-04-24,B001,ZM,Retail,USSD,1998-01-28,M,Active
C01014778,2022-02-23,B010,ZM,Retail,Branch,1982-06-01,F,Active
C01014779,2023-02-06,B020,ZM,SME,ATM,1978-06-18,M,Active
C01014780,2024-12-30,B015,ZM,SME,App,2006-08-03,F,Active
C01014781,2025-05-30,B020,ZM,Retail,USSD,1972-08-13,M,Active
C01014782,2024-02-16,B015,ZM,Retail,Branch,1971-07-20,F,Active
C01014783,2025-10-28,B005,ZM,Retail,USSD,1972-03-04,M,Active
C01014784,2025-11-01,B020,ZM,Premium,Web,1972-04-04,F,Active
C01014785,2022-02-07,B010,ZM,Retail,Agent,1984-12-05,M,Active
C01014786,2025-02-05,B010,ZM,Retail,ATM,1963-05-09,M,Active
C01014787,2024-09-14,B015,ZM,Retail,Agent,1962-10-29,F,Active
C01014788,2022-04-17,B010,ZM,Retail,ATM,1988-08-30,M,Active
C01014789,2024-03-03,B004,ZM,Premium,ATM,1980-10-27,F,Active
C01014790,2024-02-12,B005,ZM,Retail,App,2012-09-02,M,Active
C01014791,2025-11-25,B003,ZM,Retail,Web,1971-09-15,M,Dormant
C01014792,2022-09-14,B020,ZM,Retail,App,1976-07-10,F,Dormant
C01014793,2024-05-30,B003,ZM,Retail,Web,1975-10-19,M,Active
C01014794,2025-12-07,B001,ZM,Retail,Web,1964-03-26,M,Active
C01014795,2024-05-24,B003,ZM,Retail,Web,1993-05-31,M,Active
C01014796,2025-01-30,B002,ZM,Retail,ATM,1993-11-22,F,Active
C01014797,2022-10-10,B010,ZM,SME,ATM,1972-07-18,F,Active
C01014798,2022-08-25,B003,ZM,Retail,ATM,1962-06-21,M,Active
C01014799,2024-06-15,B001,ZM,Premium,App,1968-07-29,F,Active
C01014800,2022-08-30,B001,ZM,Retail,Branch,1964-02-28,F,Active
C01014801,2025-06-14,B002,ZM,Retail,Agent,1966-10-10,F,Active
C01014802,2024-01-24,B001,ZM,Retail,Web,1970-03-20,M,Active
C01014803,2023-12-22,B015,ZM,Retail,App,1978-08-21,F,Active
C01014804,2023-02-01,B004,ZM,Retail,ATM,1982-12-20,M,Active
C01014805,2023-12-04,B015,ZM,Retail,Agent,2007-12-04,F,Active
C01014806,2024-06-13,B010,ZM,Retail,ATM,1987-07-09,M,Dormant
C01014807,2022-04-29,B010,ZM,Retail,Branch,1978-10-03,M,Active
C01014808,2023-05-03,B010,ZM,Retail,ATM,1980-01-23,M,Active
C01014809,2023-04-21,B005,ZM,Retail,Web,2011-08-31,M,Dormant
C01014810,2022-07-08,B003,ZM,Retail,USSD,1969-01-23,F,Active
C01014811,2025-04-20,B004,ZM,SME,Agent,1977-04-06,F,Active
C01014812,2022-01-21,B003,ZM,Retail,ATM,1980-06-09,F,Active
C01014813,2023-04-11,B004,ZM,SME,Branch,1975-08-21,F,Active
C01014814,2024-04-25,B003,ZM,Retail,Agent,1992-08-15,F,Active
C01014815,2025-01-03,B002,ZM,Premium,USSD,1976-04-14,M,Dormant
C01014816,2025-03-09,B020,ZM,Retail,Agent,2006-05-20,M,Active
C01014817,2022-04-04,B015,ZM,Premium,Web,1993-12-26,F,Active
C01014818,2022-01-31,B001,ZM,Retail,Web,1970-06-22,F,Closed
C01014819,2026-01-14,B001,ZM,Retail,Web,1979-04-05,F,Active
C01014820,2023-05-27,B015,ZM,Retail,Branch,1974-03-15,M,Active
C01014821,2022-04-27,B002,ZM,Retail,USSD,1981-10-28,M,Closed
C01014822,2022-06-06,B004,ZM,Premium,Web,2013-08-15,M,Active
C01014823,2022-04-27,B015,ZM,Retail,ATM,1982-10-20,F,Active
C01014824,2022-09-17,B005,ZM,Retail,USSD,1990-02-06,M,Active
C01014825,2024-06-17,B004,ZM,Retail,Web,1996-12-08,F,Active
C01014826,2023-01-05,B001,ZM,Retail,USSD,1985-06-01,F,Active
C01014827,2023-08-02,B005,ZM,Retail,Agent,1989-11-24,M,Active
C01014828,2022-03-31,B003,ZM,Retail,ATM,1971-04-29,F,Active
C01014829,2023-10-06,B005,ZM,Retail,App,1979-06-06,F,Active
C01014830,2023-12-18,B004,ZM,Retail,Web,1987-04-19,M,Active
C01014831,2025-05-18,B002,ZM,Retail,ATM,1976-08-28,M,Active
C01014832,2025-09-03,B003,ZM,Retail,Branch,2004-11-28,F,Dormant
C01014833,2023-05-16,B004,ZM,Retail,Agent,1995-11-11,F,Active
C01014834,2023-08-22,B003,ZM,Retail,Web,1986-10-09,F,Dormant
C01014835,2022-09-23,B005,ZM,Retail,App,1986-09-24,F,Active
C01014836,2025-05-26,B001,ZM,SME,Agent,2014-09-03,F,Active
C01014837,2024-03-25,B004,ZM,Retail,ATM,1999-09-19,F,Active
C01014838,2024-09-07,B020,ZM,Premium,Agent,1998-06-01,F,Active
C01014839,2025-09-08,B002,ZM,Retail,ATM,1960-06-12,F,Active
C01014840,2022-09-08,B020,ZM,SME,USSD,1975-07-18,F,Active
C01014841,2025-09-06,B020,ZM,Retail,Web,1983-08-29,M,Dormant
C01014842,2022-06-07,B015,ZM,Retail,App,2012-05-12,F,Active
C01014843,2022-06-06,B005,ZM,Retail,Branch,2005-12-07,M,Active
C01014844,2023-05-28,B004,ZM,Retail,USSD,1998-07-31,F,Active
C01014845,2025-01-18,B002,ZM,SME,Web,1998-07-10,M,Dormant
C01014846,2023-02-26,B004,ZM,Retail,App,1977-05-05,M,Active
C01014847,2024-10-10,B005,ZM,Retail,USSD,1984-01-04,F,Active
C01014848,2025-12-15,B004,ZM,Retail,App,1975-08-07,M,Active
C01014849,2024-01-02,B003,ZM,Premium,Agent,1964-11-21,M,Active
C01014850,2023-03-28,B005,ZM,Retail,App,2012-05-01,M,Active
C01014851,2024-06-27,B004,ZM,Retail,USSD,1991-12-29,M,Active
C01014852,2025-12-31,B015,ZM,Retail,USSD,1982-03-16,F,Active
C01014853,2023-09-12,B001,ZM,Retail,Web,1999-03-25,M,Dormant
C01014854,2024-01-22,B004,ZM,SME,USSD,2000-09-17,F,Active
C01014855,2025-02-03,B003,ZM,SME,Agent,2002-06-26,M,Active
C01014856,2023-08-23,B002,ZM,Retail,Web,1981-10-03,M,Active
C01014857,2025-08-31,B015,ZM,Retail,App,1984-10-28,F,Closed
C01014858,2023-05-16,B002,ZM,Premium,USSD,2011-05-24,M,Active
C01014859,2024-12-14,B020,ZM,Retail,Web,2009-05-10,F,Active
C01014860,2023-07-02,B015,ZM,Premium,Web,1992-05-05,F,Active
C01014861,2023-10-16,B002,ZM,Retail,Branch,1975-11-29,F,Active
C01014862,2025-11-30,B001,ZM,SME,Web,2002-05-03,M,Active
C01014863,2025-01-13,B003,ZM,SME,Web,1980-10-25,M,Active
C01014864,2024-10-28,B020,ZM,Retail,Branch,1991-12-16,F,Active
C01014865,2022-08-02,B005,ZM,Premium,ATM,1996-04-24,F,Active
C01014866,2022-04-21,B002,ZM,Retail,Agent,1968-04-06,M,Active
C01014867,2023-12-11,B015,ZM,SME,USSD,1990-01-07,M,Active
C01014868,2024-04-21,B003,ZM,Premium,Branch,1975-12-06,F,Closed
C01014869,2025-12-15,B004,ZM,Retail,Web,1994-06-02,M,Closed
C01014870,2025-06-27,B001,ZM,Retail,Web,1996-04-08,F,Active
C01014871,2024-09-22,B003,ZM,Retail,USSD,1993-04-11,M,Dormant
C01014872,2023-07-27,B003,ZM,SME,Agent,1989-10-30,F,Dormant
C01014873,2022-06-10,B005,ZM,SME,App,2010-06-26,M,Dormant
C01014874,2023-02-21,B003,ZM,Retail,Branch,1965-12-13,M,Active
C01014875,2022-10-08,B005,ZM,SME,ATM,1983-12-31,M,Active
C01014876,2024-12-02,B001,ZM,Retail,USSD,2003-10-10,M,Active
C01014877,2023-04-18,B001,ZM,Retail,USSD,1994-12-30,F,Active
C01014878,2023-09-17,B004,ZM,Retail,Branch,1974-02-23,M,Active
C01014879,2025-02-06,B005,ZM,Retail,Web,1993-03-03,F,Active
C01014880,2023-03-08,B005,ZM,Retail,Web,1982-02-04,F,Active
C01014881,2022-09-09,B002,ZM,Retail,ATM,2005-11-01,F,Active
C01014882,2024-02-02,B002,ZM,Retail,Branch,1965-06-08,M,Dormant
C01014883,2026-01-24,B004,ZM,SME,USSD,1997-05-15,F,Active
C01014884,2022-10-18,B001,ZM,Retail,Branch,1997-05-13,F,Active
C01014885,2022-03-15,B010,ZM,Retail,App,1986-12-05,F,Active
C01014886,2023-04-27,B002,ZM,Retail,USSD,1969-06-10,F,Active
C01014887,2025-12-01,B003,ZM,Premium,ATM,1983-12-01,F,Closed
C01014888,2024-06-20,B001,ZM,Retail,ATM,2002-05-30,M,Active
C01014889,2025-08-24,B010,ZM,SME,USSD,1993-02-22,M,Active
C01014890,2024-07-18,B020,ZM,SME,Web,1979-08-30,M,Active
C01014891,2022-08-22,B003,ZM,Retail,USSD,1982-05-11,M,Active
C01014892,2022-02-13,B015,ZM,Retail,USSD,1996-04-09,M,Active
C01014893,2024-10-18,B005,ZM,SME,App,2012-03-06,M,Active
C01014894,2022-03-11,B001,ZM,Retail,USSD,1993-04-09,F,Active
C01014895,2023-07-08,B015,ZM,Retail,Agent,1974-04-15,F,Active
C01014896,2023-07-24,B004,ZM,Retail,Agent,1985-11-19,F,Active
C01014897,2025-04-19,B005,ZM,SME,Branch,1999-08-12,M,Active
C01014898,2024-02-26,B005,ZM,Premium,Branch,1984-04-17,F,Closed
C01014899,2023-09-08,B003,ZM,Premium,ATM,1995-05-01,F,Active
C01014900,2022-06-23,B015,ZM,Retail,Web,1998-12-18,M,Active
C01014901,2022-05-03,B005,ZM,Retail,ATM,1988-07-05,M,Closed
C01014902,2023-07-26,B002,ZM,Retail,App,1980-12-06,M,Dormant
C01014903,2025-06-02,B001,ZM,Retail,USSD,1990-04-30,M,Active
C01014904,2024-02-26,B002,ZM,SME,ATM,1978-09-11,M,Active
C01014905,2024-10-11,B003,ZM,Retail,USSD,2010-05-07,F,Active
C01014906,2022-02-08,B010,ZM,Retail,ATM,2012-01-31,F,Closed
C01014907,2024-02-23,B020,ZM,Retail,USSD,1996-07-30,M,Active
C01014908,2024-02-27,B003,ZM,SME,ATM,1971-06-02,M,Active
C01014909,2024-06-28,B001,ZM,Retail,Agent,2011-09-23,M,Active
C01014910,2022-04-01,B005,ZM,Retail,Agent,2009-06-21,M,Active
C01014911,2023-04-05,B015,ZM,Retail,Agent,1990-06-03,M,Active
C01014912,2023-02-26,B015,ZM,Retail,Branch,1982-05-31,F,Active
C01014913,2024-02-16,B004,ZM,Premium,App,1973-10-28,F,Active
C01014914,2023-01-13,B003,ZM,SME,ATM,1985-12-25,M,Active
C01014915,2025-09-13,B001,ZM,Retail,Branch,1978-03-04,M,Active
C01014916,2024-06-01,B004,ZM,SME,Web,1994-10-31,M,Active
C01014917,2024-12-26,B005,ZM,Retail,ATM,2004-04-21,M,Active
C01014918,2022-04-18,B010,ZM,SME,USSD,2013-02-22,F,Active
C01014919,2025-09-14,B003,ZM,Retail,App,1973-07-10,M,Active
C01014920,2023-09-17,B010,ZM,SME,Branch,1986-09-19,M,Active
C01014921,2022-03-06,B001,ZM,Retail,Branch,1969-04-06,M,Active
C01014922,2025-01-14,B010,ZM,Retail,App,1990-05-23,F,Dormant
C01014923,2023-12-14,B010,ZM,Retail,ATM,2002-08-06,F,Dormant
C01014924,2022-02-23,B001,ZM,Retail,USSD,1967-05-04,M,Active
C01014925,2025-05-31,B001,ZM,Retail,Web,1974-01-20,M,Active
C01014926,2023-11-20,B003,ZM,Retail,ATM,2001-01-21,F,Dormant
C01014927,2023-06-22,B010,ZM,Retail,App,1997-07-13,M,Active
C01014928,2025-04-25,B004,ZM,Retail,ATM,1977-08-18,F,Active
C01014929,2023-03-20,B020,ZM,Retail,ATM,2009-01-28,M,Active
C01014930,2022-02-26,B001,ZM,SME,App,1980-02-24,F,Active
C01014931,2023-11-30,B005,ZM,Retail,App,1989-01-24,F,Active
C01014932,2026-01-26,B010,ZM,Retail,Web,1984-05-08,M,Active
C01014933,2025-06-26,B001,ZM,Premium,App,1979-01-24,M,Active
C01014934,2024-06-07,B004,ZM,Retail,App,1985-09-17,F,Active
C01014935,2024-05-25,B015,ZM,Retail,App,1996-11-08,M,Active
C01014936,2026-02-02,B003,ZM,Retail,Branch,2009-03-18,M,Active
C01014937,2022-04-27,B010,ZM,Retail,App,1989-06-22,M,Active
C01014938,2022-08-12,B015,ZM,Retail,App,2004-11-15,M,Active
C01014939,2025-02-07,B001,ZM,SME,App,1998-07-02,F,Active
C01014940,2024-03-05,B001,ZM,Retail,Web,1982-02-06,F,Active
C01014941,2026-01-17,B005,ZM,SME,ATM,2011-10-31,F,Active
C01014942,2025-10-20,B005,ZM,Retail,App,1962-05-06,M,Dormant
C01014943,2023-08-12,B010,ZM,Retail,App,1997-01-17,M,Active
C01014944,2024-12-31,B015,ZM,SME,Web,1969-01-31,M,Closed
C01014945,2024-08-07,B020,ZM,SME,ATM,1995-04-14,M,Active
C01014946,2024-05-18,B015,ZM,SME,Web,2008-04-20,F,Active
C01014947,2025-03-18,B001,ZM,Premium,Agent,1973-03-13,M,Active
C01014948,2026-01-12,B020,ZM,Retail,USSD,1986-07-23,F,Active
C01014949,2025-03-09,B010,ZM,Retail,USSD,2010-09-25,M,Active
C01014950,2024-11-28,B001,ZM,Retail,USSD,2002-03-14,F,Dormant
C01014951,2023-06-17,B005,ZM,Retail,App,2012-12-13,M,Active
C01014952,2022-11-29,B004,ZM,Retail,Web,1981-03-16,F,Active
C01014953,2024-02-20,B002,ZM,Retail,App,2014-08-01,M,Active
C01014954,2024-08-15,B020,ZM,Retail,USSD,2009-01-06,F,Active
C01014955,2023-05-03,B002,ZM,SME,ATM,1966-12-03,M,Active
C01014956,2022-09-28,B001,ZM,Retail,ATM,1997-04-03,M,Active
C01014957,2022-02-01,B015,ZM,Retail,Agent,1968-08-17,M,Active
C01014958,2023-07-29,B005,ZM,Retail,Web,1991-10-20,M,Dormant
C01014959,2025-10-29,B003,ZM,Retail,Agent,1980-02-24,F,Active
C01014960,2023-07-16,B003,ZM,Retail,ATM,2004-11-12,F,Active
C01014961,2022-06-25,B002,ZM,SME,USSD,1967-06-22,F,Active
C01014962,2023-05-27,B004,ZM,Retail,Agent,1969-02-08,M,Active
C01014963,2025-01-16,B002,ZM,SME,Agent,1995-04-26,M,Active
C01014964,2023-08-29,B001,ZM,Retail,Agent,2006-03-24,M,Active
C01014965,2023-11-23,B004,ZM,Retail,Web,1977-08-25,M,Active
C01014966,2025-03-15,B003,ZM,SME,Web,2001-06-09,F,Active
C01014967,2024-03-19,B015,ZM,Retail,USSD,1967-12-06,F,Active
C01014968,2022-03-21,B005,ZM,Retail,USSD,1962-08-15,F,Active
C01014969,2025-06-14,B020,ZM,Retail,USSD,1981-12-19,F,Active
C01014970,2023-07-16,B005,ZM,Retail,Agent,1962-01-27,F,Active
C01014971,2024-01-11,B001,ZM,Retail,USSD,2004-08-06,M,Active
C01014972,2023-07-05,B002,ZM,Premium,Web,1978-09-05,F,Active
C01014973,2025-09-12,B001,ZM,Retail,ATM,2002-07-10,F,Active
C01014974,2023-05-29,B020,ZM,Retail,USSD,1971-09-26,F,Active
C01014975,2025-08-30,B005,ZM,Retail,Branch,1994-01-18,F,Active
C01014976,2025-05-30,B020,ZM,Retail,Web,1965-04-15,M,Active
C01014977,2022-01-26,B003,ZM,Retail,App,2002-04-21,M,Active
C01014978,2022-09-12,B005,ZM,Retail,ATM,1974-11-24,M,Active
C01014979,2023-09-21,B004,ZM,Retail,Web,1960-05-13,F,Active
C01014980,2025-03-10,B015,ZM,Retail,USSD,1968-07-23,F,Active
C01014981,2025-09-15,B020,ZM,Retail,Agent,1984-07-27,F,Dormant
C01014982,2023-10-20,B015,ZM,SME,Branch,2008-02-11,M,Active
C01014983,2023-06-26,B010,ZM,Retail,App,1998-01-01,M,Active
C01014984,2023-01-02,B005,ZM,SME,ATM,2003-03-29,M,Active
C01014985,2024-06-27,B005,ZM,Retail,USSD,2009-09-09,F,Active
C01014986,2024-08-05,B015,ZM,Retail,Web,1961-09-17,M,Dormant
C01014987,2022-02-05,B010,ZM,Retail,Web,2009-11-15,M,Active
C01014988,2024-06-19,B004,ZM,Retail,ATM,1972-07-21,M,Active
C01014989,2022-01-19,B002,ZM,Retail,Branch,1994-09-07,F,Active
C01014990,2024-08-13,B020,ZM,Premium,Agent,1984-09-05,F,Active
C01014991,2022-03-17,B020,ZM,Retail,USSD,2011-06-25,M,Active
C01014992,2024-01-05,B005,ZM,Premium,ATM,1978-08-29,M,Closed
C01014993,2024-09-10,B015,ZM,Retail,ATM,1970-07-27,M,Active
C01014994,2025-07-30,B001,ZM,Retail,Web,1971-10-29,M,Active
C01014995,2025-02-13,B005,ZM,Retail,ATM,1970-12-27,F,Active
C01014996,2023-03-23,B001,ZM,Retail,App,1985-08-11,F,Active
C01014997,2024-04-16,B004,ZM,SME,App,1995-09-23,M,Active
C01014998,2022-04-30,B005,ZM,SME,USSD,1977-08-16,M,Closed
C01014999,2025-04-01,B020,ZM,Retail,ATM,2013-02-14,M,Active
C01015000,2022-06-12,B015,ZM,Retail,Web,1986-09-20,M,Active
C01015001,2023-07-21,B004,ZM,Retail,Agent,1999-08-28,M,Active
C01015002,2025-06-03,B004,ZM,Premium,USSD,1995-08-09,F,Dormant
C01015003,2025-02-03,B002,ZM,Retail,Branch,1976-07-02,F,Active
C01015004,2023-10-06,B005,ZM,SME,Web,1989-01-02,F,Active
C01015005,2022-05-12,B001,ZM,Retail,Branch,1984-12-08,M,Active
C01015006,2024-06-21,B001,ZM,Premium,USSD,1972-12-06,M,Dormant
C01015007,2023-01-04,B005,ZM,SME,App,2011-11-13,F,Active
C01015008,2023-06-13,B010,ZM,Premium,Web,1974-10-02,M,Active
C01015009,2023-07-20,B002,ZM,Retail,Agent,1994-11-11,F,Active
C01015010,2023-06-16,B002,ZM,Retail,Web,1986-08-08,M,Active
C01015011,2024-10-10,B002,ZM,Retail,USSD,1990-11-26,F,Active
C01015012,2022-09-18,B001,ZM,Retail,Web,1996-05-17,F,Active
C01015013,2023-04-11,B004,ZM,SME,Web,1978-05-27,M,Active
C01015014,2025-07-14,B015,ZM,Retail,USSD,1977-02-27,M,Dormant
C01015015,2022-12-24,B010,ZM,Retail,ATM,2013-08-20,M,Active
C01015016,2022-10-28,B020,ZM,Retail,USSD,1969-10-07,F,Active
C01015017,2025-06-19,B002,ZM,SME,Web,2001-04-08,F,Active
C01015018,2025-09-05,B001,ZM,Retail,Agent,1972-06-10,M,Dormant
C01015019,2022-04-12,B001,ZM,Retail,Agent,2012-06-27,F,Closed
C01015020,2023-04-22,B020,ZM,Retail,USSD,2012-10-22,F,Active
C01015021,2022-08-23,B004,ZM,Retail,Web,1986-12-19,F,Active
C01015022,2025-09-02,B020,ZM,Premium,Branch,1961-01-06,M,Active
C01015023,2022-03-20,B005,ZM,Retail,Branch,1979-04-23,F,Dormant
C01015024,2023-01-13,B005,ZM,Retail,App,1995-06-22,M,Active
C01015025,2025-11-02,B015,ZM,Retail,USSD,2011-05-17,M,Active
C01015026,2024-11-03,B020,ZM,Retail,USSD,1983-07-12,F,Active
C01015027,2024-06-20,B015,ZM,Retail,Branch,2005-05-12,F,Dormant
C01015028,2025-04-02,B002,ZM,Retail,Branch,1967-03-03,M,Dormant
C01015029,2023-10-12,B015,ZM,Retail,Branch,1969-11-08,F,Active
C01015030,2022-03-27,B002,ZM,Retail,Agent,1976-04-14,F,Closed
C01015031,2025-02-07,B010,ZM,SME,Agent,1997-02-08,M,Active
C01015032,2026-01-09,B015,ZM,SME,App,1994-05-20,M,Active
C01015033,2023-04-12,B004,ZM,Premium,App,1986-03-17,F,Dormant
C01015034,2022-05-05,B002,ZM,Premium,ATM,2010-11-18,F,Active
C01015035,2026-01-03,B004,ZM,Retail,Agent,2001-04-13,M,Active
C01015036,2023-06-15,B001,ZM,Retail,USSD,1967-12-07,F,Closed
C01015037,2023-06-12,B002,ZM,Retail,App,1996-10-12,M,Active
C01015038,2022-02-03,B001,ZM,Retail,Web,2000-07-03,M,Dormant
C01015039,2025-10-21,B003,ZM,Retail,USSD,1962-04-18,M,Dormant
C01015040,2023-12-25,B004,ZM,Retail,ATM,1996-12-07,M,Active
C01015041,2025-01-11,B003,ZM,Retail,Branch,2009-05-28,M,Dormant
C01015042,2026-01-11,B002,ZM,Retail,ATM,1980-02-11,F,Active
C01015043,2022-04-02,B001,ZM,Retail,USSD,1979-08-07,F,Active
C01015044,2025-05-14,B002,ZM,Retail,Branch,1989-06-25,M,Active
C01015045,2023-04-26,B003,ZM,Retail,ATM,1979-10-19,M,Active
C01015046,2023-12-18,B020,ZM,Retail,ATM,2013-11-01,M,Dormant
C01015047,2022-08-12,B020,ZM,Premium,USSD,1969-12-14,M,Active
C01015048,2022-06-08,B002,ZM,Retail,App,1962-12-12,M,Active
C01015049,2024-11-04,B010,ZM,Retail,Web,1969-05-29,M,Dormant
C01015050,2024-06-27,B005,ZM,Retail,ATM,1994-12-15,F,Active
C01015051,2022-08-20,B003,ZM,Retail,Web,1969-08-21,M,Active
C01015052,2024-11-12,B002,ZM,Retail,Agent,1975-03-27,M,Dormant
C01015053,2022-06-08,B001,ZM,Retail,Agent,1991-05-23,F,Active
C01015054,2023-05-01,B002,ZM,SME,USSD,2011-03-31,F,Active
C01015055,2023-02-22,B020,ZM,Retail,USSD,1962-06-21,M,Active
C01015056,2023-10-30,B001,ZM,Retail,App,1970-03-11,M,Active
C01015057,2025-03-14,B005,ZM,Retail,Branch,1996-01-03,M,Active
C01015058,2024-01-31,B002,ZM,Retail,Web,1982-02-24,M,Active
C01015059,2025-10-26,B015,ZM,Retail,ATM,2010-12-05,M,Active
C01015060,2024-05-01,B020,ZM,Retail,Branch,2013-12-22,M,Active
C01015061,2022-05-27,B015,ZM,Premium,Agent,1984-05-30,F,Active
C01015062,2025-08-07,B005,ZM,Retail,Agent,2012-06-28,M,Active
C01015063,2024-05-23,B003,ZM,Retail,Web,1963-01-15,M,Active
C01015064,2023-08-03,B001,ZM,Retail,Web,1967-04-18,F,Active
C01015065,2022-10-21,B015,ZM,SME,Branch,1977-06-19,M,Active
C01015066,2022-02-20,B010,ZM,Retail,Branch,1980-04-24,F,Dormant
C01015067,2023-10-31,B003,ZM,SME,App,1980-10-11,F,Active
C01015068,2025-05-28,B001,ZM,SME,ATM,1984-06-01,F,Active
C01015069,2024-01-08,B020,ZM,Retail,ATM,1984-05-23,M,Dormant
C01015070,2023-11-18,B020,ZM,Retail,ATM,1979-04-30,F,Active
C01015071,2024-04-15,B020,ZM,Premium,Agent,2002-09-22,F,Dormant
C01015072,2025-08-28,B005,ZM,SME,Agent,1997-08-12,M,Closed
C01015073,2024-02-07,B015,ZM,Retail,Branch,2003-03-31,F,Active
C01015074,2024-08-21,B020,ZM,Retail,App,1978-05-27,F,Active
C01015075,2023-08-26,B004,ZM,Retail,USSD,1984-07-19,F,Dormant
C01015076,2025-06-27,B020,ZM,Retail,App,2007-11-11,M,Dormant
C01015077,2022-03-05,B002,ZM,Retail,Agent,1969-01-02,F,Active
C01015078,2022-11-25,B005,ZM,Retail,Branch,1985-04-01,F,Dormant
C01015079,2024-01-25,B001,ZM,Retail,App,1964-02-02,M,Dormant
C01015080,2022-04-02,B001,ZM,SME,Branch,2010-07-16,F,Active
C01015081,2023-08-19,B001,ZM,SME,Web,2008-12-08,M,Active
C01015082,2022-11-04,B001,ZM,Retail,Web,1983-10-20,F,Active
C01015083,2025-04-25,B002,ZM,SME,USSD,1967-12-13,M,Active
C01015084,2022-02-22,B003,ZM,Retail,Agent,1965-07-27,M,Active
C01015085,2022-08-06,B010,ZM,Retail,Web,1966-05-20,F,Active
C01015086,2025-06-01,B004,ZM,SME,USSD,1998-12-13,F,Active
C01015087,2023-03-10,B002,ZM,Retail,ATM,2004-04-14,M,Active
C01015088,2023-10-04,B001,ZM,Retail,Branch,2013-11-15,F,Dormant
C01015089,2024-11-12,B002,ZM,Retail,ATM,1979-06-04,M,Active
C01015090,2026-01-05,B005,ZM,Retail,ATM,1963-05-20,F,Active
C01015091,2024-11-06,B010,ZM,SME,USSD,1966-08-18,F,Active
C01015092,2025-04-05,B001,ZM,Premium,Branch,1982-07-10,M,Closed
C01015093,2025-12-30,B004,ZM,SME,USSD,2008-11-03,F,Active
C01015094,2023-12-06,B001,ZM,SME,App,1968-03-05,F,Active
C01015095,2023-03-17,B010,ZM,Retail,ATM,1969-04-22,F,Active
C01015096,2024-02-15,B004,ZM,SME,Branch,1995-12-05,F,Active
C01015097,2025-04-08,B010,ZM,Retail,ATM,1960-12-07,M,Dormant
C01015098,2022-03-08,B004,ZM,SME,App,1985-05-19,M,Active
C01015099,2025-09-07,B003,ZM,Retail,Agent,2011-11-20,M,Dormant
C01015100,2026-01-27,B015,ZM,SME,App,2012-12-16,M,Active
C01015101,2022-11-04,B003,ZM,Retail,Agent,1967-06-13,F,Active
C01015102,2024-02-20,B002,ZM,Retail,Branch,1962-03-27,M,Active
C01015103,2025-08-22,B002,ZM,Retail,Branch,1964-04-07,M,Dormant
C01015104,2022-06-10,B020,ZM,Premium,App,1987-12-13,M,Dormant
C01015105,2022-06-08,B004,ZM,SME,ATM,1974-06-29,F,Active
C01015106,2023-04-05,B020,ZM,Retail,Web,1963-06-20,F,Active
C01015107,2025-03-03,B020,ZM,Retail,ATM,1973-07-03,M,Active
C01015108,2024-10-28,B001,ZM,Retail,Web,2007-07-08,F,Active
C01015109,2025-03-22,B015,ZM,Retail,USSD,2010-05-27,F,Dormant
C01015110,2025-07-14,B005,ZM,Retail,Branch,1997-06-06,M,Active
C01015111,2025-01-27,B005,ZM,Retail,App,1997-05-30,M,Active
C01015112,2024-05-06,B001,ZM,Retail,USSD,1970-09-06,M,Active
C01015113,2025-01-08,B001,ZM,SME,ATM,1996-04-05,F,Active
C01015114,2022-09-06,B003,ZM,SME,Web,2008-10-30,M,Active
C01015115,2024-12-16,B005,ZM,Retail,Agent,1962-12-16,F,Dormant
C01015116,2022-04-16,B004,ZM,Retail,Branch,1966-06-28,F,Dormant
C01015117,2025-05-28,B010,ZM,Retail,Web,2014-01-10,M,Active
C01015118,2024-08-25,B020,ZM,Retail,ATM,1963-07-20,F,Active
C01015119,2025-09-12,B002,ZM,Retail,ATM,1982-02-09,F,Active
C01015120,2024-12-10,B020,ZM,Retail,App,1986-03-12,M,Active
C01015121,2024-12-01,B020,ZM,Retail,USSD,1972-12-14,F,Active
C01015122,2024-06-22,B010,ZM,Retail,Branch,1970-12-11,F,Active
C01015123,2023-10-12,B003,ZM,Retail,App,1977-12-29,F,Active
C01015124,2023-07-06,B005,ZM,Retail,Web,1983-02-17,F,Active
C01015125,2023-02-04,B020,ZM,Retail,USSD,2005-01-11,F,Active
C01015126,2025-03-24,B015,ZM,SME,Branch,1989-07-11,F,Active
C01015127,2023-08-24,B001,ZM,Retail,Web,1987-02-15,M,Active
C01015128,2023-05-15,B015,ZM,Retail,Branch,2009-08-28,M,Active
C01015129,2023-11-05,B015,ZM,Retail,Branch,1983-06-05,M,Active
C01015130,2023-05-13,B005,ZM,Retail,Agent,1973-12-27,M,Active
C01015131,2024-01-12,B004,ZM,Retail,Agent,1965-05-17,F,Active
C01015132,2023-04-18,B003,ZM,Retail,USSD,1978-10-18,M,Active
C01015133,2024-07-22,B020,ZM,Retail,Agent,1988-08-22,M,Active
C01015134,2023-10-07,B020,ZM,Retail,Web,1977-09-19,M,Closed
C01015135,2022-08-25,B020,ZM,Retail,Agent,1966-09-13,M,Dormant
C01015136,2025-11-20,B001,ZM,Retail,App,1998-03-03,M,Active
C01015137,2023-05-09,B010,ZM,Retail,App,1965-07-04,M,Active
C01015138,2024-06-30,B004,ZM,Retail,App,2002-11-20,M,Dormant
C01015139,2026-02-09,B010,ZM,Retail,Branch,2010-09-24,M,Active
C01015140,2024-04-19,B002,ZM,SME,ATM,1968-08-17,M,Active
C01015141,2024-01-12,B003,ZM,Retail,USSD,2003-07-28,M,Active
C01015142,2022-06-13,B004,ZM,Retail,App,2013-01-30,M,Active
C01015143,2023-12-22,B004,ZM,Retail,USSD,1968-12-10,F,Active
C01015144,2025-02-21,B020,ZM,Retail,Agent,1978-06-05,M,Active
C01015145,2024-11-01,B010,ZM,Retail,Branch,2008-10-05,F,Dormant
C01015146,2022-06-06,B001,ZM,Retail,USSD,1994-04-14,M,Active
C01015147,2024-01-12,B002,ZM,SME,App,1965-04-09,M,Active
C01015148,2025-08-31,B020,ZM,Retail,App,1967-03-01,F,Active
C01015149,2024-09-18,B020,ZM,Retail,Branch,1989-01-22,F,Active
C01015150,2025-05-24,B020,ZM,Retail,Branch,2003-02-10,F,Active
C01015151,2023-04-17,B010,ZM,SME,Web,1968-11-14,F,Active
C01015152,2024-07-08,B004,ZM,SME,Branch,1967-10-02,F,Active
C01015153,2024-05-07,B003,ZM,SME,ATM,2004-06-14,F,Active
C01015154,2023-04-16,B004,ZM,SME,ATM,1970-05-29,F,Active
C01015155,2025-03-12,B005,ZM,Premium,App,1978-03-28,M,Dormant
C01015156,2022-09-14,B003,ZM,Retail,Agent,1972-02-18,F,Active
C01015157,2025-01-06,B020,ZM,SME,Branch,1968-10-08,F,Active
C01015158,2023-05-17,B003,ZM,Premium,ATM,2012-04-19,F,Active
C01015159,2024-04-14,B004,ZM,Retail,ATM,1987-10-05,F,Active
C01015160,2025-10-12,B001,ZM,Retail,Web,1961-06-15,M,Active
C01015161,2025-04-12,B020,ZM,Retail,Agent,1972-02-22,F,Active
C01015162,2025-09-25,B003,ZM,SME,Agent,1987-03-23,F,Active
C01015163,2022-10-10,B005,ZM,SME,Branch,2001-08-15,F,Active
C01015164,2025-05-25,B010,ZM,SME,Web,1960-05-21,F,Active
C01015165,2023-06-18,B001,ZM,Premium,Agent,1974-06-30,F,Dormant
C01015166,2023-08-11,B001,ZM,Retail,Agent,2006-09-20,M,Closed
C01015167,2023-12-01,B001,ZM,Retail,USSD,2009-11-06,M,Active
C01015168,2023-10-05,B003,ZM,Retail,Web,1967-12-02,M,Active
C01015169,2022-08-30,B001,ZM,Retail,Agent,1985-12-15,F,Dormant
C01015170,2022-06-16,B004,ZM,Retail,USSD,1968-04-03,F,Dormant
C01015171,2024-04-16,B001,ZM,Retail,USSD,1970-09-11,M,Active
C01015172,2024-05-12,B005,ZM,Retail,Agent,1971-11-21,M,Active
C01015173,2024-10-31,B020,ZM,SME,Branch,2007-11-15,M,Active
C01015174,2022-10-31,B020,ZM,Retail,USSD,2001-03-18,M,Dormant
C01015175,2025-03-25,B002,ZM,SME,USSD,1986-10-31,M,Dormant
C01015176,2024-10-09,B005,ZM,SME,Web,1988-06-13,M,Active
C01015177,2025-07-19,B003,ZM,Retail,Branch,1972-04-06,M,Dormant
C01015178,2023-02-10,B001,ZM,Retail,Branch,2003-06-22,M,Active
C01015179,2023-01-04,B001,ZM,SME,USSD,1966-09-26,M,Active
C01015180,2024-07-18,B004,ZM,Retail,Web,2014-07-04,M,Active
C01015181,2022-02-01,B010,ZM,Retail,Web,1979-02-13,M,Active
C01015182,2022-12-08,B001,ZM,Retail,Web,1999-02-16,F,Dormant
C01015183,2022-09-05,B015,ZM,Retail,Web,2002-09-28,M,Dormant
C01015184,2024-05-07,B005,ZM,Retail,App,2005-10-05,F,Active
C01015185,2023-06-24,B003,ZM,Retail,Agent,1993-01-22,F,Active
C01015186,2025-02-09,B020,ZM,Retail,USSD,2004-01-14,F,Active
C01015187,2025-12-27,B002,ZM,Retail,USSD,1994-02-21,F,Active
C01015188,2024-08-20,B001,ZM,Premium,USSD,1986-06-05,F,Dormant
C01015189,2022-07-26,B002,ZM,Retail,Branch,1998-06-17,M,Active
C01015190,2022-09-16,B001,ZM,SME,Branch,1976-10-27,F,Active
C01015191,2022-03-11,B003,ZM,SME,Web,2014-04-18,M,Active
C01015192,2024-06-02,B010,ZM,Retail,Agent,1966-06-09,M,Active
C01015193,2022-02-19,B005,ZM,Retail,Branch,1981-06-05,M,Active
C01015194,2025-11-14,B020,ZM,Retail,ATM,2009-09-17,M,Active
C01015195,2022-12-08,B003,ZM,SME,USSD,1967-02-24,F,Active
C01015196,2022-05-30,B002,ZM,SME,USSD,1963-05-14,F,Active
C01015197,2022-09-29,B001,ZM,Retail,App,2004-10-17,F,Active
C01015198,2024-11-20,B002,ZM,Retail,App,1987-01-23,M,Active
C01015199,2024-12-20,B005,ZM,SME,ATM,1969-12-22,F,Active
C01015200,2024-03-05,B015,ZM,Retail,App,1993-12-30,M,Active
