tree
version=v4
num_class=1
num_tree_per_iteration=1
label_index=0
max_feature_idx=18
objective=regression
feature_names=Column_0 Column_1 Column_2 Column_3 Column_4 Column_5 Column_6 Column_7 Column_8 Column_9 Column_10 Column_11 Column_12 Column_13 Column_14 Column_15 Column_16 Column_17 Column_18
feature_infos=[26.899999618530273:62.599998474121094] [0.13930000364780426:0.54919999837875366] [0.0070000002160668373:0.55199998617172241] none none none [38:289] [0:998022.375] none none none [0:1] [0:1] [0:1] [0:1] [0:1] [0:1] [0:1] [0:1]
tree_sizes=1848 1770 2031 1684 1682 1599 1590 1777 1777 1873 2133 2225 2033 2119 2038 2220 1953 2228 1873 2145 2056 2230 1959 2141 1960 2225 2237 1964 2407 1961 1970 2325 2421 2331 2598 2247 2423 2236 2241 2332 2329 2693 2679 2690 2235 2237 2957 2342 2616 2244 2879 2611 2534 2437 2356 2456 2615 2274 2273 2454 2462 2276 2278 2372 2180 2281 2275 2277 2369 2090 2188 2371 2282 2373 2197 2287 2104 2108 2197 2192 2375 2200 2201 2294 2291 2009 2203 1924 2016 1923 2018 1552 1549 1552 1557 1278 1554 1278 1373 1363

Tree=0
num_leaves=20
num_cat=0
split_feature=14 15 11 18 13 16 1 13 0 16 12 0 0 1 0 0 1 1 0
split_gain=45.587 9.62799 12.6652 6.08057 1.76399 1.80483 1.55867 0.694943 0.700459 0.553522 0.141655 0.0503315 3.55271e-15 3.55271e-15 1.77636e-15 8.88178e-16 8.88178e-16 8.88178e-16 1.11022e-16
threshold=1.0000000180025095e-35 1.0000000180025095e-35 1.0000000180025095e-35 1.0000000180025095e-35 1.0000000180025095e-35 1.0000000180025095e-35 0.49865001440048223 1.0000000180025095e-35 40.050001144409187 1.0000000180025095e-35 1.0000000180025095e-35 55.049999237060554 35.250000000000007 0.42755000293254858 36.300001144409187 50.549999237060554 0.38910000026226049 0.34874999523162847 43.750000000000007
decision_type=2 2 2 2 2 2 2 2 2 2 2 2 2 2 2 2 2 2 2
left_child=1 3 13 4 9 -6 7 8 12 -1 -8 -4 -2 16 -12 -10 -3 -5 -11
right_child=6 2 11 17 5 -7 10 -9 15 18 14 -13 -14 -15 -16 -17 -18 -19 -20
leaf_value=0.50572424691262008 0.52072424750866653 0.49072424631657358 0.50572424691262008 0.4957242475086665 0.50572424691262008 0.48822424721064328 0.52137641989272121 0.50953377163040514 0.51572424631657354 0.50822424750866646 0.52572424572052712 0.50834924649538749 0.52072424750866653 0.49072424631657358 0.52572424572052712 0.51572424631657354 0.49072424631657358 0.4957242475086665 0.50822424750866646
leaf_weight=434 38 39 210 31 34 26 23 21 83 405 79 20 158 253 22 26 44 123 47
leaf_count=434 38 39 210 31 34 26 23 21 83 405 79 20 158 253 22 26 44 123 47
internal_value=0.506026 0.502211 0.496912 0.504938 0.506438 0.498141 0.520146 0.518332 0.518937 0.507 0.524918 0.505953 0.520724 0.490724 0.525724 0.515724 0.490724 0.495724 0.508224
internal_weight=2116 1666 566 1100 946 60 450 326 305 886 124 230 196 336 101 109 83 154 452
internal_count=2116 1666 566 1100 946 60 450 326 305 886 124 230 196 336 101 109 83 154 452
is_linear=0
shrinkage=1


Tree=1
num_leaves=18
num_cat=0
split_feature=14 15 11 18 13 16 1 13 0 16 12 0 0 0 0 0 1
split_gain=41.1422 8.68926 11.4303 5.48772 1.592 1.62886 1.4067 0.627186 0.632165 0.499553 0.127844 0.0454242 3.55271e-15 3.55271e-15 1.11022e-16 8.67362e-19 8.67362e-19
threshold=1.0000000180025095e-35 1.0000000180025095e-35 1.0000000180025095e-35 1.0000000180025095e-35 1.0000000180025095e-35 1.0000000180025095e-35 0.49865001440048223 1.0000000180025095e-35 40.050001144409187 1.0000000180025095e-35 1.0000000180025095e-35 55.049999237060554 39.300001144409187 42.649999618530281 47.350000381469734 45.20000076293946 0.38700000941753393
decision_type=2 2 2 2 2 2 2 2 2 2 2 2 2 2 2 2 2
left_child=1 3 13 4 9 -6 7 8 12 -1 -8 15 -2 -3 -11 16 -4
right_child=6 2 11 -5 5 -7 10 -9 -10 14 -12 -13 -14 -15 -16 -17 -18
leaf_value=-0.00028621235396713017 0.013963788747787476 -0.014536212384700776 -0.00028621235396713017 -0.0097862116992473609 -0.00028621235396713017 -0.016911211609840392 0.014583351754623912 0.0033328361875776739 0.0092137873172760017 0.002088788151741028 0.018713787198066711 0.0022075373795814811 0.013963788747787476 -0.014536212384700776 0.002088788151741028 -0.00028621235396713017 -0.00028621235396713017
leaf_weight=434 167 316 65 154 34 26 23 21 109 421 101 20 29 20 31 24 121
leaf_count=434 167 316 65 154 34 26 23 21 109 421 101 20 29 20 31 24 121
internal_value=5.71073e-11 -0.00362347 -0.00865746 -0.00103326 0.000391642 -0.00749038 0.0134149 0.0116908 0.0122662 0.000925413 0.0179477 -6.93646e-05 0.0139638 -0.0145362 0.00208879 -0.000286212 -0.000286212
internal_weight=2116 1666 566 1100 946 60 450 326 305 886 124 230 196 336 452 210 186
internal_count=2116 1666 566 1100 946 60 450 326 305 886 124 230 196 336 452 210 186
is_linear=0
shrinkage=0.05


Tree=2
num_leaves=21
num_cat=0
split_feature=14 15 11 18 13 16 1 13 0 16 12 0 1 0 1 1 0 0 0 0
split_gain=37.1309 7.84206 10.3159 4.95266 1.43678 1.47005 1.26955 0.566035 0.570529 0.450847 0.115379 0.0409953 3.55271e-15 1.77636e-15 8.88178e-16 8.88178e-16 4.44089e-16 1.11022e-16 1.73472e-18 8.67362e-19
threshold=1.0000000180025095e-35 1.0000000180025095e-35 1.0000000180025095e-35 1.0000000180025095e-35 1.0000000180025095e-35 1.0000000180025095e-35 0.49865001440048223 1.0000000180025095e-35 40.050001144409187 1.0000000180025095e-35 1.0000000180025095e-35 55.049999237060554 0.50725001096725475 36.149999618530281 0.48175001144409185 0.53509998321533214 52.949998855590827 34.449998855590827 45.20000076293946 45.20000076293946
decision_type=2 2 2 2 2 2 2 2 2 2 2 2 2 2 2 2 2 2 2 2
left_child=1 3 12 4 9 -6 7 8 -2 18 -8 19 -3 -12 -5 -14 -10 -11 -1 -4
right_child=6 2 11 14 5 -7 10 -9 16 17 13 -13 15 -15 -16 -17 -18 -19 -20 -21
leaf_value=-0.00027190172113478184 0.013265599310398103 -0.013809402287006379 -0.00027190172113478184 -0.009296901524066925 -0.00027190172113478184 -0.016065651178359987 0.013854184293228648 0.0031661942889470427 0.00875309780240059 0.0019843488931655883 0.017778097093105318 0.0020971603412181139 -0.013809402287006379 0.017778097093105318 -0.009296901524066925 -0.013809402287006379 0.00875309780240059 0.0019843488931655883 -0.00027190172113478184 -0.00027190172113478184
leaf_weight=396 196 233 186 99 34 26 23 21 89 45 69 20 60 32 55 43 20 407 38 24
leaf_count=396 196 233 186 99 34 26 23 21 89 45 69 20 60 32 55 43 20 407 38 24
internal_value=-6.78906e-11 -0.0034423 -0.00822459 -0.000981595 0.00037206 -0.00711586 0.0127442 0.0111062 0.0116529 0.000879143 0.0170503 -6.58963e-05 -0.0138094 0.0177781 -0.0092969 -0.0138094 0.0087531 0.00198435 -0.000271902 -0.000271902
internal_weight=2116 1666 566 1100 946 60 450 326 305 886 124 230 336 101 154 103 109 452 434 210
internal_count=2116 1666 566 1100 946 60 450 326 305 886 124 230 336 101 154 103 109 452 434 210
is_linear=0
shrinkage=0.05


Tree=3
num_leaves=17
num_cat=0
split_feature=14 15 11 18 13 16 1 13 0 16 12 0 0 0 1 0
split_gain=33.5106 7.07746 9.31007 4.46978 1.2967 1.32672 1.14577 0.510847 0.514902 0.406889 0.104129 0.0369983 8.88178e-16 4.44089e-16 1.11022e-16 1.73472e-18
threshold=1.0000000180025095e-35 1.0000000180025095e-35 1.0000000180025095e-35 1.0000000180025095e-35 1.0000000180025095e-35 1.0000000180025095e-35 0.49865001440048223 1.0000000180025095e-35 40.050001144409187 1.0000000180025095e-35 1.0000000180025095e-35 55.049999237060554 39.649999618530281 36.45000076293946 0.51150000095367443 47.350000381469734
decision_type=2 2 2 2 2 2 2 2 2 2 2 2 2 2 2 2
left_child=1 3 -3 4 9 -6 7 8 -2 15 -8 -4 13 -5 -11 -1
right_child=6 2 11 12 5 -7 10 -9 -10 14 -12 -13 -14 -15 -16 -17
leaf_value=-0.00025830664671957495 0.012602318823337556 -0.013118931651115419 -0.00025830664671957495 -0.008832056075334549 -0.00025830664671957495 -0.015262368321418763 0.013161475178988084 0.0030078846916911147 0.0083154425024986271 0.0018851313740015031 0.016889192163944244 0.0019923023297451436 -0.008832056075334549 -0.008832056075334549 0.0018851313740015031 -0.00025830664671957495
leaf_weight=402 196 336 210 54 34 26 23 21 109 373 101 20 45 55 79 32
leaf_count=402 196 336 210 54 34 26 23 21 109 373 101 20 45 55 79 32
internal_value=-4.12185e-11 -0.00327018 -0.00781336 -0.000932515 0.000353457 -0.00676007 0.0121069 0.0105509 0.0110703 0.000835185 0.0161978 -6.26015e-05 -0.00883206 -0.00883206 0.00188513 -0.000258307
internal_weight=2116 1666 566 1100 946 60 450 326 305 886 124 230 154 109 452 434
internal_count=2116 1666 566 1100 946 60 450 326 305 886 124 230 154 109 452 434
is_linear=0
shrinkage=0.05


Tree=4
num_leaves=17
num_cat=0
split_feature=14 15 11 18 13 16 1 13 0 16 12 0 0 0 0 0
split_gain=30.2433 6.3874 8.40234 4.03398 1.17027 1.19736 1.03405 0.461039 0.464699 0.367218 0.0939768 0.033391 3.55271e-15 3.55271e-15 4.44089e-16 1.73472e-18
threshold=1.0000000180025095e-35 1.0000000180025095e-35 1.0000000180025095e-35 1.0000000180025095e-35 1.0000000180025095e-35 1.0000000180025095e-35 0.49865001440048223 1.0000000180025095e-35 40.050001144409187 1.0000000180025095e-35 1.0000000180025095e-35 55.049999237060554 39.100000381469734 36.300001144409187 42.899999618530281 52.949998855590827
decision_type=2 2 2 2 2 2 2 2 2 2 2 2 2 2 2 2
left_child=1 3 12 4 9 -6 7 8 -2 15 -8 -4 13 -3 -10 -1
right_child=6 2 11 -5 5 -7 10 -9 14 -11 -12 -13 -14 -15 -16 -17
leaf_value=-0.00024539129808545115 0.011972203105688096 -0.012462984770536423 -0.00024539129808545115 -0.0083904534578323371 -0.00024539129808545115 -0.014499250054359437 0.012503401157648667 0.0028574902963425432 0.0078996710479259501 0.0017908748239278795 0.016044732928276063 0.0018926872615702452 -0.012462984770536423 -0.012462984770536423 0.0078996710479259501 -0.00024539129808545115
leaf_weight=412 196 129 210 154 34 26 23 21 54 452 101 20 69 138 55 22
leaf_count=412 196 129 210 154 34 26 23 21 54 452 101 20 69 138 55 22
internal_value=7.10155e-11 -0.00310667 -0.00742269 -0.000885889 0.000335784 -0.00642206 0.0115016 0.0100234 0.0105168 0.000793426 0.0153879 -5.94714e-05 -0.012463 -0.012463 0.00789967 -0.000245391
internal_weight=2116 1666 566 1100 946 60 450 326 305 886 124 230 336 267 109 434
internal_count=2116 1666 566 1100 946 60 450 326 305 886 124 230 336 267 109 434
is_linear=0
shrinkage=0.05


Tree=5
num_leaves=16
num_cat=0
split_feature=14 15 11 18 13 16 1 13 0 16 12 0 1 0 0
split_gain=27.2946 5.76463 7.58311 3.64066 1.05617 1.08062 0.933234 0.416088 0.419391 0.331414 0.084814 0.0301353 3.55271e-15 4.44089e-16 8.67362e-19
threshold=1.0000000180025095e-35 1.0000000180025095e-35 1.0000000180025095e-35 1.0000000180025095e-35 1.0000000180025095e-35 1.0000000180025095e-35 0.49865001440048223 1.0000000180025095e-35 40.050001144409187 1.0000000180025095e-35 1.0000000180025095e-35 55.049999237060554 0.38910000026226049 39.500000000000007 45.20000076293946
decision_type=2 2 2 2 2 2 2 2 2 2 2 2 2 2 2
left_child=1 3 12 4 9 -6 7 8 -2 -1 -8 14 -3 -5 -4
right_child=6 2 11 13 5 -7 10 -9 -10 -11 -12 -13 -14 -15 -16
leaf_value=-0.00023312175180763007 0.011373592913150788 -0.011839835345745087 -0.00023312175180763007 -0.0079709306359291073 -0.00023312175180763007 -0.013774287700653077 0.011878231718488362 0.0027146157498160999 0.0075046874582767494 0.00170133113861084 0.015242496132850648 0.0017980529367923736 -0.011839835345745087 -0.0079709306359291073 -0.00023312175180763007
leaf_weight=434 196 39 186 106 34 26 23 21 109 452 101 20 297 48 24
leaf_count=434 196 39 186 106 34 26 23 21 109 452 101 20 297 48 24
internal_value=1.06314e-10 -0.00295134 -0.00705155 -0.000841595 0.000318995 -0.00610096 0.0109265 0.00952221 0.00999093 0.000753755 0.0146185 -5.64979e-05 -0.0118398 -0.00797093 -0.000233122
internal_weight=2116 1666 566 1100 946 60 450 326 305 886 124 230 336 154 210
internal_count=2116 1666 566 1100 946 60 450 326 305 886 124 230 336 154 210
is_linear=0
shrinkage=0.05


Tree=6
num_leaves=16
num_cat=0
split_feature=14 15 11 18 13 16 1 13 0 16 12 0 0 0 0
split_gain=24.6334 5.20258 6.84376 3.2857 0.953191 0.97526 0.842244 0.375519 0.3785 0.299101 0.0765447 0.0271971 1.77636e-15 5.55112e-17 1.73472e-18
threshold=1.0000000180025095e-35 1.0000000180025095e-35 1.0000000180025095e-35 1.0000000180025095e-35 1.0000000180025095e-35 1.0000000180025095e-35 0.49865001440048223 1.0000000180025095e-35 40.050001144409187 1.0000000180025095e-35 1.0000000180025095e-35 55.049999237060554 36.300001144409187 44.500000000000007 45.20000076293946
decision_type=2 2 2 2 2 2 2 2 2 2 2 2 2 2 2
left_child=1 3 -3 4 9 -6 7 8 -2 14 -8 -4 -12 -11 -1
right_child=6 2 11 -5 5 -7 10 -9 -10 13 12 -13 -14 -15 -16
leaf_value=-0.00022146566770970822 0.010804913192987443 -0.011247843503952026 -0.00022146566770970822 -0.0075723841786384588 -0.00022146566770970822 -0.01308557391166687 0.011284319440955702 0.0025788851037976289 0.0071294531226158142 0.0016162645071744919 0.014480371773242951 0.0017081503244116903 0.014480371773242951 0.0016162645071744919 -0.00022146566770970822
leaf_weight=396 196 336 210 154 34 26 23 21 109 411 79 20 22 41 38
leaf_count=396 196 336 210 154 34 26 23 21 109 411 79 20 22 41 38
internal_value=9.36164e-11 -0.00280377 -0.00669898 -0.000799515 0.000303045 -0.00579591 0.0103802 0.0090461 0.00949139 0.000716067 0.0138876 -5.3673e-05 0.0144804 0.00161626 -0.000221466
internal_weight=2116 1666 566 1100 946 60 450 326 305 886 124 230 101 452 434
internal_count=2116 1666 566 1100 946 60 450 326 305 886 124 230 101 452 434
is_linear=0
shrinkage=0.05


Tree=7
num_leaves=18
num_cat=0
split_feature=14 15 11 18 13 16 1 13 0 16 12 0 0 0 0 0 0
split_gain=22.2316 4.69533 6.17649 2.96534 0.860255 0.880172 0.760125 0.338906 0.341596 0.269939 0.0690816 0.0245454 3.55271e-15 1.77636e-15 8.88178e-16 5.55112e-17 4.33681e-19
threshold=1.0000000180025095e-35 1.0000000180025095e-35 1.0000000180025095e-35 1.0000000180025095e-35 1.0000000180025095e-35 1.0000000180025095e-35 0.49865001440048223 1.0000000180025095e-35 40.050001144409187 1.0000000180025095e-35 1.0000000180025095e-35 55.049999237060554 37.750000000000007 39.500000000000007 37.649999618530281 50.549999237060554 33.399999618530281
decision_type=2 2 2 2 2 2 2 2 2 2 2 2 2 2 2 2 2
left_child=1 3 12 4 9 -6 7 8 13 -1 -8 16 -3 14 -2 -11 -4
right_child=6 2 11 -5 5 -7 10 -9 -10 15 -12 -13 -14 -15 -16 -17 -18
leaf_value=-0.00021039238199591637 0.010264667123556137 -0.010685451328754425 -0.00021039238199591637 -0.0071937650442123417 -0.00021039238199591637 -0.012431295216083528 0.010720103525597116 0.0024499408856389071 0.0067729800939559937 0.0015354513190686703 0.013756352663040162 0.001622742828913033 -0.010685451328754425 0.010264667123556137 0.010264667123556137 0.0015354513190686703 -0.00021039238199591637
leaf_weight=434 133 218 27 154 34 26 23 21 109 426 101 20 118 25 38 26 183
leaf_count=434 133 218 27 154 34 26 23 21 109 426 101 20 118 25 38 26 183
internal_value=1.13554e-11 -0.00266358 -0.00636403 -0.000759539 0.000287893 -0.00550612 0.00986118 0.0085938 0.00901682 0.000680264 0.0131932 -5.09893e-05 -0.0106855 0.0102647 0.0102647 0.00153545 -0.000210392
internal_weight=2116 1666 566 1100 946 60 450 326 305 886 124 230 336 196 171 452 210
internal_count=2116 1666 566 1100 946 60 450 326 305 886 124 230 336 196 171 452 210
is_linear=0
shrinkage=0.05


Tree=8
num_leaves=18
num_cat=0
split_feature=14 15 11 18 13 16 1 13 0 16 12 0 0 0 0 0 0
split_gain=20.064 4.23753 5.57428 2.67622 0.77638 0.794355 0.686013 0.305863 0.308291 0.24362 0.0623461 0.0221522 1.77636e-15 8.88178e-16 2.22045e-16 5.55112e-17 1.73472e-18
threshold=1.0000000180025095e-35 1.0000000180025095e-35 1.0000000180025095e-35 1.0000000180025095e-35 1.0000000180025095e-35 1.0000000180025095e-35 0.49865001440048223 1.0000000180025095e-35 40.050001144409187 1.0000000180025095e-35 1.0000000180025095e-35 55.049999237060554 37.649999618530281 38.500000000000007 43.750000000000007 52.949998855590827 45.20000076293946
decision_type=2 2 2 2 2 2 2 2 2 2 2 2 2 2 2 2 2
left_child=1 3 12 4 9 -6 7 8 13 16 -8 -4 -3 -2 -10 -11 -1
right_child=6 2 11 -5 5 -7 10 -9 14 15 -12 -13 -14 -15 -16 -17 -18
leaf_value=-0.00019987274426966906 0.0097514338791370395 -0.010151179134845735 -0.00019987274426966906 -0.0068340763449668889 -0.00019987274426966906 -0.011809730529785158 0.010184098326641581 0.0023274436992193974 0.0064343310892581943 0.001458678673952818 0.013068534433841705 0.0015416055638343097 -0.010151179134845735 0.0097514338791370395 0.0064343310892581943 0.001458678673952818 -0.00019987274426966906
leaf_weight=396 157 211 210 154 34 26 23 21 64 432 101 20 125 39 45 20 38
leaf_count=396 157 211 210 154 34 26 23 21 64 432 101 20 125 39 45 20 38
internal_value=-4.86127e-11 -0.00253041 -0.00604583 -0.000721562 0.000273498 -0.00523081 0.00936812 0.00816411 0.00856598 0.000646251 0.0125335 -4.84398e-05 -0.0101512 0.00975143 0.00643433 0.00145868 -0.000199873
internal_weight=2116 1666 566 1100 946 60 450 326 305 886 124 230 336 196 109 452 434
internal_count=2116 1666 566 1100 946 60 450 326 305 886 124 230 336 196 109 452 434
is_linear=0
shrinkage=0.05


Tree=9
num_leaves=19
num_cat=0
split_feature=14 15 11 18 13 16 1 13 0 16 12 0 0 1 0 0 0 2
split_gain=18.1078 3.82437 5.03079 2.41529 0.700683 0.716906 0.619127 0.276041 0.278233 0.219867 0.0562674 0.0199924 1.77636e-15 8.88178e-16 4.44089e-16 2.22045e-16 5.55112e-17 4.33681e-19
threshold=1.0000000180025095e-35 1.0000000180025095e-35 1.0000000180025095e-35 1.0000000180025095e-35 1.0000000180025095e-35 1.0000000180025095e-35 0.49865001440048223 1.0000000180025095e-35 40.050001144409187 1.0000000180025095e-35 1.0000000180025095e-35 55.049999237060554 36.649999618530281 0.44699999690055853 42.899999618530281 45.20000076293946 50.549999237060554 0.22999999672174457
decision_type=2 2 2 2 2 2 2 2 2 2 2 2 2 2 2 2 2 2
left_child=1 3 12 4 9 -6 7 8 13 -1 -8 17 -3 -2 -5 -10 -11 -4
right_child=6 2 11 14 5 -7 10 -9 15 16 -12 -13 -14 -15 -16 -17 -18 -19
leaf_value=-0.00018987911753356459 0.0092638626694679267 -0.0096436202526092533 -0.00018987911753356459 -0.00649237260222435 -0.00018987911753356459 -0.011219243705272676 0.0096748938703018691 0.0022110715685855777 0.0061126146465539932 0.0013857447542250157 0.012415108084678651 0.0014645253401249648 -0.0096436202526092533 0.0092638626694679267 -0.00649237260222435 0.0061126146465539932 0.0013857447542250157 -0.00018987911753356459
leaf_weight=434 106 169 97 133 34 26 23 21 72 426 101 20 167 90 21 37 26 113
leaf_count=434 106 169 97 133 34 26 23 21 72 426 101 20 167 90 21 37 26 113
internal_value=1.43043e-11 -0.00240389 -0.00574353 -0.000685484 0.000259823 -0.00496927 0.00889972 0.0077559 0.00813768 0.000613938 0.0119068 -4.60179e-05 -0.00964362 0.00926386 -0.00649237 0.00611261 0.00138574 -0.000189879
internal_weight=2116 1666 566 1100 946 60 450 326 305 886 124 230 336 196 154 109 452 210
internal_count=2116 1666 566 1100 946 60 450 326 305 886 124 230 336 196 154 109 452 210
is_linear=0
shrinkage=0.05


Tree=10
num_leaves=22
num_cat=0
split_feature=14 15 11 18 13 16 1 0 16 12 0 0 12 7 2 0 0 0 0 0 0
split_gain=16.3423 3.4515 4.54029 2.1798 0.632366 0.647007 0.558762 0.250683 0.19843 0.0507813 0.0180431 0.0176408 0.0167363 0.0385137 0.00578564 1.77636e-15 4.44089e-16 1.11022e-16 5.55112e-17 8.67362e-19 4.33681e-19
threshold=1.0000000180025095e-35 1.0000000180025095e-35 1.0000000180025095e-35 1.0000000180025095e-35 1.0000000180025095e-35 1.0000000180025095e-35 0.49865001440048223 40.050001144409187 1.0000000180025095e-35 1.0000000180025095e-35 55.049999237060554 52.949998855590827 1.0000000180025095e-35 66252.466796875015 0.23249999433755877 39.100000381469734 38.000000000000007 40.300001144409187 52.949998855590827 47.350000381469734 43.750000000000007
decision_type=2 2 2 2 2 2 2 2 2 2 2 2 2 2 2 2 2 2 2 2 2
left_child=1 3 15 4 8 -6 7 12 19 -8 20 -9 13 -2 -15 -3 -5 -18 -10 -1 -4
right_child=6 2 10 16 5 -7 9 11 18 -11 -12 -13 -14 14 -16 -17 17 -19 -20 -21 -22
leaf_value=-0.00018038515700027349 0.0062577422994833723 -0.0091614387929439545 -0.00018038515700027349 -0.0061677541583776479 -0.00018038515700027349 -0.010658281296491623 0.0091911488577075626 0.0058069840073585515 0.0013164575211703777 0.011794352531433107 0.0013912989804521205 0.0043037858605384826 0.0088006690144538883 0.0088006690144538883 0.0078424647450447086 -0.0091614387929439545 -0.0061677541583776479 -0.0061677541583776479 0.0013164575211703777 -0.00018038515700027349 -0.00018038515700027349
leaf_weight=402 26 267 173 93 34 26 23 89 432 101 20 25 113 50 23 69 24 37 20 32 37
leaf_count=402 26 267 173 93 34 26 23 89 432 101 20 25 113 50 23 69 24 37 20 32 37
internal_value=2.12915e-11 -0.00228369 -0.00545636 -0.00065121 0.000246832 -0.00472081 0.00845473 0.00736811 0.000583241 0.0113115 -4.3717e-05 0.00547734 0.00838484 0.00791022 0.00849877 -0.00916144 -0.00616775 -0.00616775 0.00131646 -0.000180385 -0.000180385
internal_weight=2116 1666 566 1100 946 60 450 326 886 124 230 114 212 99 73 336 154 61 452 434 210
internal_count=2116 1666 566 1100 946 60 450 326 886 124 230 114 212 99 73 336 154 61 452 434 210
is_linear=0
shrinkage=0.05


Tree=11
num_leaves=23
num_cat=0
split_feature=14 15 11 18 13 16 1 13 0 16 12 0 2 0 7 1 0 0 0 0 0 0
split_gain=14.7489 3.11498 4.09761 1.96727 0.570711 0.583924 0.504283 0.243139 0.226612 0.179083 0.0458301 0.0162839 5.04835e-05 3.69e-05 8.1608e-06 1.77636e-15 8.88178e-16 4.44089e-16 2.22045e-16 5.55112e-17 8.67362e-19 4.33681e-19
threshold=1.0000000180025095e-35 1.0000000180025095e-35 1.0000000180025095e-35 1.0000000180025095e-35 1.0000000180025095e-35 1.0000000180025095e-35 0.49865001440048223 1.0000000180025095e-35 40.050001144409187 1.0000000180025095e-35 1.0000000180025095e-35 55.049999237060554 0.098500002175569548 52.949998855590827 170927.75781250003 0.40715000033378607 36.149999618530281 42.250000000000007 42.899999618530281 50.549999237060554 43.750000000000007 44.500000000000007
decision_type=2 2 2 2 2 2 2 2 2 2 2 2 2 2 2 2 2 2 2 2 2 2
left_child=1 3 15 4 9 -6 7 8 12 20 -8 21 -2 18 -14 -3 -12 -5 -10 -11 -1 -4
right_child=6 2 11 17 5 -7 10 -9 13 19 16 -13 14 -15 -16 -17 -18 -19 -20 -21 -22 -23
leaf_value=-0.00017136590322479607 0.0084496379643678662 -0.0087033674120903012 -0.00017136590322479607 -0.0058593664318323142 -0.00017136590322479607 -0.010125367343425751 0.0087315912479939677 0.0017957996665721851 0.0055166345089673998 0.0012506346218287947 0.011204635351896287 0.0013217340270057323 0.0083606354892253876 0.0055917944759130483 0.0083882201575871673 -0.0087033674120903012 0.011204635351896287 -0.0058593664318323142 0.0055166345089673998 0.0012506346218287947 -0.00017136590322479607 -0.00017136590322479607
leaf_weight=385 20 55 179 129 34 26 23 21 54 426 69 20 143 20 33 281 32 25 35 26 49 31
leaf_count=385 20 55 179 129 34 26 23 21 54 426 69 20 143 20 33 281 32 25 35 26 49 31
internal_value=-7.66383e-11 -0.00216951 -0.00518354 -0.000618649 0.000234491 -0.00448477 0.008032 0.0069997 0.007358 0.000554079 0.0107459 -4.15311e-05 0.00837436 0.00553043 0.00836581 -0.00870337 0.0112046 -0.00585937 0.00551663 0.00125063 -0.000171366 -0.000171366
internal_weight=2116 1666 566 1100 946 60 450 326 305 886 124 230 196 109 176 336 101 154 89 452 434 210
internal_count=2116 1666 566 1100 946 60 450 326 305 886 124 230 196 109 176 336 101 154 89 452 434 210
is_linear=0
shrinkage=0.05


Tree=12
num_leaves=21
num_cat=0
split_feature=14 15 11 18 13 16 0 13 1 16 7 0 0 6 2 7 1 0 1 0
split_gain=13.3109 2.81127 3.69809 1.77546 0.515066 0.526991 0.458176 0.307762 0.238559 0.161622 0.0358474 0.0233432 0.0146962 0.00888082 4.63176e-05 4.72143e-06 1.77636e-15 1.11022e-16 1.11022e-16 5.55112e-17
threshold=1.0000000180025095e-35 1.0000000180025095e-35 1.0000000180025095e-35 1.0000000180025095e-35 1.0000000180025095e-35 1.0000000180025095e-35 39.649999618530281 1.0000000180025095e-35 0.49865001440048223 1.0000000180025095e-35 299261.06250000006 40.300001144409187 55.049999237060554 99.000000000000014 0.098500002175569548 170927.75781250003 0.53649997711181652 44.500000000000007 0.36879999935626989 36.750000000000007
decision_type=2 2 2 2 2 2 2 2 2 2 2 2 2 2 2 2 2 2 2 2
left_child=1 3 16 4 9 -6 7 8 14 -1 11 -8 -4 -10 -2 -16 -3 18 -13 -11
right_child=6 2 12 -5 5 -7 10 -9 13 19 -12 17 -14 -15 15 -17 -18 -19 -20 -21
leaf_value=-0.00016279760748147965 0.008027156516909599 -0.0082681991159915934 -0.00016279760748147965 -0.0055663980543613437 -0.00016279760748147965 -0.0096190989017486579 0.007143696434795857 0.0028147774349365916 0.011726889045288166 0.0011881029233336449 0.0036462785676121714 0.0052408028393983843 0.0012556473771110179 0.010644403845071794 0.0079426042735576633 0.0079651795327663425 -0.0082681991159915934 0.0052408028393983843 0.0052408028393983843 0.0011881029233336449
leaf_weight=434 20 298 210 154 34 26 20 21 24 209 30 33 20 90 134 28 38 21 29 243
leaf_count=434 20 298 210 154 34 26 20 21 24 209 30 33 20 90 134 28 38 21 29 243
internal_value=-1.09593e-11 -0.00206103 -0.00492436 -0.000587717 0.000222766 -0.00426053 0.0076304 0.00866381 0.00907878 0.000526375 0.00516729 0.0056103 -3.94546e-05 0.0108723 0.00795537 0.00794651 -0.0082682 0.0052408 0.0052408 0.0011881
internal_weight=2116 1666 566 1100 946 60 450 317 296 886 133 103 230 114 182 162 336 83 62 452
internal_count=2116 1666 566 1100 946 60 450 317 296 886 133 103 230 114 182 162 336 83 62 452
is_linear=0
shrinkage=0.05


Tree=13
num_leaves=22
num_cat=0
split_feature=14 15 11 18 13 16 0 13 1 16 7 0 0 6 2 7 0 0 0 0 0
split_gain=12.0131 2.53717 3.33753 1.60235 0.464847 0.47561 0.413504 0.277756 0.215299 0.145864 0.0323523 0.0210672 0.0132634 0.00801493 4.18017e-05 4.26138e-06 4.44089e-16 4.44089e-16 2.22045e-16 2.77556e-17 4.33681e-19
threshold=1.0000000180025095e-35 1.0000000180025095e-35 1.0000000180025095e-35 1.0000000180025095e-35 1.0000000180025095e-35 1.0000000180025095e-35 39.649999618530281 1.0000000180025095e-35 0.49865001440048223 1.0000000180025095e-35 299261.06250000006 40.300001144409187 55.049999237060554 99.000000000000014 0.098500002175569548 170927.75781250003 38.000000000000007 36.049999237060554 43.750000000000007 42.649999618530281 35.250000000000007
decision_type=2 2 2 2 2 2 2 2 2 2 2 2 2 2 2 2 2 2 2 2 2
left_child=1 3 -3 4 9 -6 7 8 14 -1 11 -8 20 -10 -2 -16 -5 -15 -13 -11 -4
right_child=6 2 12 16 5 -7 10 -9 13 19 -12 18 -14 17 15 -17 -18 -19 -20 -21 -22
leaf_value=-0.00015465773176401854 0.0076257982105016713 -0.007854788750410081 -0.00015465773176401854 -0.0052880782634019859 -0.00015465773176401854 -0.0091381438076496135 0.006786511428654194 0.0026740385751639097 0.011140544402102631 0.0011286977678537369 0.0034639646920065085 0.0049787629395723343 0.0011928649991750718 0.010112183541059494 0.0075454734265804294 0.0075669206678867342 -0.0052880782634019859 0.010112183541059494 0.0049787629395723343 0.0011286977678537369 -0.00015465773176401854
leaf_weight=434 20 336 46 93 34 26 20 21 24 389 30 58 20 55 134 28 61 35 25 63 164
leaf_count=434 20 336 46 93 34 26 20 21 24 389 30 58 20 55 134 28 61 35 25 63 164
internal_value=3.32301e-12 -0.00195798 -0.00467814 -0.000558331 0.000211628 -0.0040475 0.00724888 0.00823062 0.00862484 0.000500056 0.00490892 0.00532978 -3.74818e-05 0.0103287 0.0075576 0.00754918 -0.00528808 0.0101122 0.00497876 0.0011287 -0.000154658
internal_weight=2116 1666 566 1100 946 60 450 317 296 886 133 103 230 114 182 162 154 90 83 452 210
internal_count=2116 1666 566 1100 946 60 450 317 296 886 133 103 230 114 182 162 154 90 83 452 210
is_linear=0
shrinkage=0.05


Tree=14
num_leaves=21
num_cat=0
split_feature=14 15 11 18 13 16 0 13 1 16 7 0 0 6 2 7 0 0 0 0
split_gain=10.8418 2.28979 3.01212 1.44612 0.419525 0.429238 0.373187 0.250674 0.194308 0.131642 0.0291979 0.0190132 0.0119702 0.00723347 3.77264e-05 3.84598e-06 8.88178e-16 2.22045e-16 5.55112e-17 4.33681e-19
threshold=1.0000000180025095e-35 1.0000000180025095e-35 1.0000000180025095e-35 1.0000000180025095e-35 1.0000000180025095e-35 1.0000000180025095e-35 39.649999618530281 1.0000000180025095e-35 0.49865001440048223 1.0000000180025095e-35 299261.06250000006 40.300001144409187 55.049999237060554 99.000000000000014 0.098500002175569548 170927.75781250003 39.800001144409187 38.850000381469734 52.949998855590827 52.949998855590827
decision_type=2 2 2 2 2 2 2 2 2 2 2 2 2 2 2 2 2 2 2 2
left_child=1 3 16 4 9 -6 7 8 14 19 11 -8 -4 -10 -2 -16 -3 -5 -11 -1
right_child=6 2 12 17 5 -7 10 -9 13 18 -12 -13 -14 -15 15 -17 -18 -19 -20 -21
leaf_value=-0.0001469248440116644 0.0072445087879896165 -0.0074620492756366733 -0.0001469248440116644 -0.0050236742943525316 -0.0001469248440116644 -0.0086812369525432597 0.0064471859112381937 0.0025403366025005068 0.010583516986419758 0.00107226287946105 0.0032907665707170965 0.0047298245131969455 0.0011332217324525118 0.009606574475765229 0.0071681998670101166 0.0071885749697685247 -0.0074620492756366733 -0.0050236742943525316 0.00107226287946105 -0.0001469248440116644
leaf_weight=412 20 293 210 101 34 26 20 21 24 432 30 83 20 90 134 28 43 53 20 22
leaf_count=412 20 293 210 101 34 26 20 21 24 432 30 83 20 90 134 28 43 53 20 22
internal_value=1.86176e-11 -0.00186008 -0.00444424 -0.000530415 0.000201046 -0.00384513 0.00688643 0.00781909 0.0081936 0.000475054 0.00466347 0.00506329 -3.56078e-05 0.00981225 0.00717972 0.00717172 -0.00746205 -0.00502367 0.00107226 -0.000146925
internal_weight=2116 1666 566 1100 946 60 450 317 296 886 133 103 230 114 182 162 336 154 452 434
internal_count=2116 1666 566 1100 946 60 450 317 296 886 133 103 230 114 182 162 336 154 452 434
is_linear=0
shrinkage=0.05


Tree=15
num_leaves=23
num_cat=0
split_feature=14 15 11 18 13 16 0 13 1 16 7 1 0 6 6 2 7 0 0 6 0 1
split_gain=9.78473 2.06654 2.71844 1.30513 0.378621 0.387387 0.336802 0.226234 0.175363 0.118807 0.0263511 0.017217 0.0108031 0.00652822 3.74136e-05 3.40474e-05 3.47083e-06 4.44089e-16 2.22045e-16 2.77556e-17 4.33681e-19 2.1684e-19
threshold=1.0000000180025095e-35 1.0000000180025095e-35 1.0000000180025095e-35 1.0000000180025095e-35 1.0000000180025095e-35 1.0000000180025095e-35 39.649999618530281 1.0000000180025095e-35 0.49865001440048223 1.0000000180025095e-35 299261.06250000006 0.40349999070167547 55.049999237060554 99.000000000000014 50.500000000000007 0.098500002175569548 170927.75781250003 35.149999618530281 42.899999618530281 42.500000000000007 52.949998855590827 0.47834999859333044
decision_type=2 2 2 2 2 2 2 2 2 2 2 2 2 2 2 2 2 2 2 2 2 2
left_child=1 3 -3 4 9 -6 7 8 15 20 11 14 21 -10 -8 -2 -17 -15 -5 -11 -1 -4
right_child=6 2 12 18 5 -7 10 -9 13 19 -12 -13 -14 17 -16 16 -18 -19 -20 -21 -22 -23
leaf_value=-0.00013957859482616186 0.0068822831660509112 -0.0070889472961425783 -0.00013957859482616186 -0.00477249063551426 -0.00013957859482616186 -0.0082471750676631934 0.0044157905238015318 0.0024133198495422093 0.010054340989639362 0.0010186497122049332 0.0031262280419468882 0.0060505274683237079 0.0010765606909990311 0.0091262452304363261 0.0044933333992958069 0.0068097904324531562 0.0068291462957859039 0.0091262452304363261 -0.00477249063551426 0.0010186497122049332 -0.00013957859482616186 -0.00013957859482616186
leaf_weight=412 20 336 180 133 34 26 21 21 24 29 30 22 20 27 60 134 28 63 21 423 22 30
leaf_count=412 20 336 180 133 34 26 21 21 24 29 30 22 20 27 60 134 28 63 21 423 22 30
internal_value=-4.97571e-11 -0.00176708 -0.00422203 -0.000503894 0.000190994 -0.00365287 0.00654211 0.00742814 0.00778392 0.000451301 0.0044303 0.00481013 -3.38274e-05 0.00932163 0.00447323 0.00682073 0.00681314 0.00912625 -0.00477249 0.00101865 -0.000139579 -0.000139579
internal_weight=2116 1666 566 1100 946 60 450 317 296 886 133 103 230 114 81 182 162 90 154 452 434 210
internal_count=2116 1666 566 1100 946 60 450 317 296 886 133 103 230 114 81 182 162 90 154 452 434 210
is_linear=0
shrinkage=0.05


Tree=16
num_leaves=20
num_cat=0
split_feature=14 15 11 18 13 16 13 1 0 16 0 6 0 0 0 2 0 0 0
split_gain=8.83072 1.86505 2.45339 1.17788 0.341706 0.349617 0.304113 0.327649 0.132527 0.107224 0.00974979 0.00589172 0.00100148 6.05509e-05 5.26765e-05 3.02697e-05 2.77556e-17 4.33681e-19 2.1684e-19
threshold=1.0000000180025095e-35 1.0000000180025095e-35 1.0000000180025095e-35 1.0000000180025095e-35 1.0000000180025095e-35 1.0000000180025095e-35 1.0000000180025095e-35 0.49865001440048223 40.050001144409187 1.0000000180025095e-35 55.049999237060554 99.000000000000014 52.949998855590827 39.500000000000007 41.000000000000007 0.098500002175569548 52.949998855590827 52.949998855590827 45.20000076293946
decision_type=2 2 2 2 2 2 2 2 2 2 2 2 2 2 2 2 2 2 2
left_child=1 3 -3 4 9 -6 7 8 13 17 18 -9 14 15 -10 -2 -11 -1 -4
right_child=6 2 10 -5 5 -7 -8 11 12 16 -12 -13 -14 -15 -16 -17 -18 -19 -20
leaf_value=-0.00013259967090561986 0.0065381691604852674 -0.006734499335289002 -0.00013259967090561986 -0.0045338660478591924 -0.00013259967090561986 -0.0078348159790039059 0.0014363346260882195 0.009551624239732822 0.0041728378459811215 0.00096771726384758949 0.0010227326024323702 0.0086699329316616055 0.0046358428895473484 0.006563674896955491 0.0042649960118359411 0.0064727102289136671 0.00096771726384758949 -0.00013259967090561986 -0.00013259967090561986
leaf_weight=412 20 336 186 154 34 26 31 24 20 432 20 90 20 25 69 151 20 22 24
leaf_count=412 20 336 186 154 34 26 31 24 20 432 20 90 20 25 69 151 20 22 24
internal_value=3.48256e-11 -0.00167872 -0.00401092 -0.000478699 0.000181444 -0.00347023 0.006215 0.00656856 0.00571375 0.000428736 -3.2136e-05 0.00885555 0.00431613 0.00649099 0.00424429 0.00648037 0.000967717 -0.0001326 -0.0001326
internal_weight=2116 1666 566 1100 946 60 450 419 305 886 230 114 109 196 89 171 452 434 210
internal_count=2116 1666 566 1100 946 60 450 419 305 886 230 114 109 196 89 171 452 434 210
is_linear=0
shrinkage=0.05


Tree=17
num_leaves=23
num_cat=0
split_feature=14 15 11 18 13 16 0 13 1 16 7 0 0 6 2 1 7 6 0 0 2 0
split_gain=7.96973 1.68321 2.21418 1.06303 0.308389 0.315529 0.276164 0.181014 0.14287 0.0967692 0.0223326 0.0146038 0.00879919 0.00531727 2.80174e-05 4.24819e-06 3.26103e-06 2.77672e-08 2.22045e-16 1.11022e-16 2.77556e-17 4.33681e-19
threshold=1.0000000180025095e-35 1.0000000180025095e-35 1.0000000180025095e-35 1.0000000180025095e-35 1.0000000180025095e-35 1.0000000180025095e-35 39.649999618530281 1.0000000180025095e-35 0.49865001440048223 1.0000000180025095e-35 299261.06250000006 40.300001144409187 55.049999237060554 99.000000000000014 0.098500002175569548 0.38130000233650213 170927.75781250003 52.500000000000007 42.899999618530281 38.500000000000007 0.20549999922513965 43.750000000000007
decision_type=2 2 2 2 2 2 2 2 2 2 2 2 2 2 2 2 2 2 2 2 2 2
left_child=1 3 -3 4 9 -6 7 8 14 21 11 -8 -4 -10 -2 17 -16 -13 19 -5 -11 -1
right_child=6 2 12 18 5 -7 10 -9 13 20 -12 15 -14 -15 16 -17 -18 -19 -20 -21 -22 -23
leaf_value=-0.00012596969027072193 0.0062112604081630707 -0.0063977748155593876 -0.00012596969027072193 -0.0043071728199720388 -0.00012596969027072193 -0.0074430756270885473 0.0055545002594590189 0.0022208370800529207 0.0090740427685280633 0.00091933142393827447 0.0027914497690896198 0.004058324918150902 0.00097159604541957384 0.0082364365458488468 0.006145291689282923 0.0040321606695652009 0.0061640534549951553 0.0040560232475399969 -0.0043071728199720388 -0.0043071728199720388 0.00091933142393827447 -0.00012596969027072193
leaf_weight=385 20 336 210 100 34 26 20 21 24 81 30 20 20 90 134 25 28 38 21 33 371 49
leaf_count=385 20 336 210 100 34 26 20 21 24 81 30 20 20 90 134 25 28 38 21 33 371 49
internal_value=-2.92029e-11 -0.00159479 -0.00381038 -0.000454764 0.000172372 -0.00329672 0.00590425 0.00670657 0.00702481 0.000407299 0.00399198 0.00434164 -3.05292e-05 0.00841277 0.00615543 0.00404939 0.00614853 0.00405682 -0.00430717 -0.00430717 0.000919331 -0.00012597
internal_weight=2116 1666 566 1100 946 60 450 317 296 886 133 103 230 114 182 83 162 58 154 133 452 434
internal_count=2116 1666 566 1100 946 60 450 317 296 886 133 103 230 114 182 83 162 58 154 133 452 434
is_linear=0
shrinkage=0.05


Tree=18
num_leaves=19
num_cat=0
split_feature=14 15 11 18 13 16 13 1 0 16 0 6 0 0 0 2 1 0
split_gain=7.19268 1.5191 1.9983 0.959388 0.278321 0.284765 0.253713 0.265878 0.107149 0.0873342 0.00794126 0.00479884 0.00126433 8.07818e-05 7.46843e-05 2.4642e-05 8.88178e-16 4.33681e-19
threshold=1.0000000180025095e-35 1.0000000180025095e-35 1.0000000180025095e-35 1.0000000180025095e-35 1.0000000180025095e-35 1.0000000180025095e-35 1.0000000180025095e-35 0.49865001440048223 40.050001144409187 1.0000000180025095e-35 55.049999237060554 99.000000000000014 52.949998855590827 39.500000000000007 41.000000000000007 0.098500002175569548 0.54450002312660228 41.850000381469734
decision_type=2 2 2 2 2 2 2 2 2 2 2 2 2 2 2 2 2 2
left_child=1 3 16 4 9 -6 7 8 13 17 -4 -9 14 15 -10 -2 -3 -1
right_child=6 2 10 -5 5 -7 -8 11 12 -11 -12 -13 -14 -15 -16 -17 -18 -19
leaf_value=-0.00011967120226472617 0.0059006974846124646 -0.0060778860002756122 -0.00011967120226472617 -0.0040918141603469849 -0.00011967120226472617 -0.0070709213614463806 0.001244272562044282 0.0086203411531945075 0.0037394546158611777 0.00087336478754878048 0.00092301614582538608 0.0078246146440505981 0.0042644783854484556 0.0059447687417268757 0.0038491883139679401 0.0058416362605150174 -0.0060778860002756122 -0.00011967120226472617
leaf_weight=363 20 311 210 154 34 26 31 24 20 452 20 90 20 25 69 151 25 71
leaf_count=363 20 311 210 154 34 26 31 24 20 452 20 90 20 25 69 151 25 71
internal_value=-2.27329e-11 -0.00151505 -0.00361986 -0.000432026 0.000163753 -0.00313188 0.00560904 0.00593197 0.00516194 0.000386934 -2.90027e-05 0.00799214 0.00390525 0.00586082 0.00382453 0.00584854 -0.00607789 -0.000119671
internal_weight=2116 1666 566 1100 946 60 450 419 305 886 230 114 109 196 89 171 336 434
internal_count=2116 1666 566 1100 946 60 450 419 305 886 230 114 109 196 89 171 336 434
is_linear=0
shrinkage=0.05


Tree=19
num_leaves=22
num_cat=0
split_feature=14 15 11 18 13 16 13 1 0 16 0 6 0 0 0 2 0 0 0 0 0
split_gain=6.49139 1.37098 1.80347 0.865847 0.251185 0.257001 0.228976 0.239955 0.0967017 0.0788191 0.00716699 0.00433095 0.00114105 7.29055e-05 6.74024e-05 2.22394e-05 8.88178e-16 2.22045e-16 1.11022e-16 1.38778e-17 4.33681e-19
threshold=1.0000000180025095e-35 1.0000000180025095e-35 1.0000000180025095e-35 1.0000000180025095e-35 1.0000000180025095e-35 1.0000000180025095e-35 1.0000000180025095e-35 0.49865001440048223 40.050001144409187 1.0000000180025095e-35 55.049999237060554 99.000000000000014 52.949998855590827 39.500000000000007 41.000000000000007 0.098500002175569548 36.049999237060554 36.049999237060554 39.500000000000007 47.350000381469734 44.500000000000007
decision_type=2 2 2 2 2 2 2 2 2 2 2 2 2 2 2 2 2 2 2 2 2
left_child=1 3 16 4 9 -6 7 8 13 20 -4 -9 14 15 -10 -2 -3 -13 -5 -11 -1
right_child=6 2 10 18 5 -7 -8 11 12 19 -12 17 -14 -15 -16 -17 -18 -19 -20 -21 -22
leaf_value=-0.00011368764098733664 0.0056056626886129383 -0.0057739917188882831 -0.00011368764098733664 -0.003887223452329636 -0.00011368764098733664 -0.0067173756659030916 0.0011820590123534204 0.0081893235755463433 0.0035524819232523445 0.00082969656214118006 0.00087686538696289066 0.0074333839118480684 0.0040512543171644213 0.0056475303024053581 0.0036567288086466164 0.0055495545021350817 -0.0057739917188882831 0.0074333839118480684 -0.003887223452329636 0.00082969656214118006 -0.00011368764098733664
leaf_weight=391 20 100 210 106 34 26 31 24 20 421 20 55 20 25 69 151 236 35 48 31 43
leaf_count=391 20 100 210 106 34 26 31 24 20 421 20 55 20 25 69 151 236 35 48 31 43
internal_value=-2.94229e-11 -0.00143929 -0.00343887 -0.000410425 0.000155566 -0.00297529 0.00532859 0.00563537 0.00490385 0.000367587 -2.75526e-05 0.00759253 0.00370999 0.00556778 0.0036333 0.00555612 -0.00577399 0.00743338 -0.00388722 0.000829697 -0.000113688
internal_weight=2116 1666 566 1100 946 60 450 419 305 886 230 114 109 196 89 171 336 90 154 452 434
internal_count=2116 1666 566 1100 946 60 450 419 305 886 230 114 109 196 89 171 336 90 154 452 434
is_linear=0
shrinkage=0.05


Tree=20
num_leaves=21
num_cat=0
split_feature=14 15 11 18 13 16 13 1 0 16 0 6 0 0 0 2 0 0 0 0
split_gain=5.85848 1.23731 1.62763 0.781427 0.226694 0.231943 0.206651 0.216559 0.0872732 0.0711343 0.00646821 0.00390868 0.0010298 6.57974e-05 6.08308e-05 2.0071e-05 8.88178e-16 1.11022e-16 1.38778e-17 4.33681e-19
threshold=1.0000000180025095e-35 1.0000000180025095e-35 1.0000000180025095e-35 1.0000000180025095e-35 1.0000000180025095e-35 1.0000000180025095e-35 1.0000000180025095e-35 0.49865001440048223 40.050001144409187 1.0000000180025095e-35 55.049999237060554 99.000000000000014 52.949998855590827 39.500000000000007 41.000000000000007 0.098500002175569548 41.000000000000007 42.899999618530281 47.350000381469734 35.750000000000007
decision_type=2 2 2 2 2 2 2 2 2 2 2 2 2 2 2 2 2 2 2 2
left_child=1 3 16 4 9 -6 7 8 13 19 -4 -9 14 15 -10 -2 -3 -5 -11 -1
right_child=6 2 10 17 5 -7 -8 11 12 18 -12 -13 -14 -15 -16 -17 -18 -19 -20 -21
leaf_value=-0.00010800325544551015 0.0053253794088959699 -0.0054852921515703206 -0.00010800325544551015 -0.0036928623914718631 -0.00010800325544551015 -0.0063815072178840639 0.0011229560079593812 0.0077798575473328434 0.0033748578466475014 0.00078821172937750819 0.00083302207291126263 0.0070617146790027622 0.0038486916571855547 0.0053651538044214254 0.0034738925110170808 0.0052720766958614064 -0.0054852921515703206 -0.0036928623914718631 0.00078821172937750819 -0.00010800325544551015
leaf_weight=106 20 303 210 133 34 26 31 24 20 421 20 90 20 25 69 151 33 21 31 328
leaf_count=106 20 303 210 133 34 26 31 24 20 421 20 90 20 25 69 151 33 21 31 328
internal_value=-4.57189e-11 -0.00136733 -0.00326692 -0.000389903 0.000147788 -0.00282652 0.00506216 0.0053536 0.00465865 0.000349208 -2.6175e-05 0.0072129 0.00352449 0.00528939 0.00345164 0.00527831 -0.00548529 -0.00369286 0.000788212 -0.000108003
internal_weight=2116 1666 566 1100 946 60 450 419 305 886 230 114 109 196 89 171 336 154 452 434
internal_count=2116 1666 566 1100 946 60 450 419 305 886 230 114 109 196 89 171 336 154 452 434
is_linear=0
shrinkage=0.05


Tree=21
num_leaves=23
num_cat=0
split_feature=14 15 11 18 13 16 0 13 1 16 7 1 0 6 6 2 7 0 0 7 0 0
split_gain=5.28728 1.11668 1.46894 0.705238 0.204592 0.209329 0.187515 0.112596 0.0948815 0.0641987 0.0169556 0.00984712 0.00583756 0.00352759 5.3899e-05 1.93772e-05 3.35524e-06 4.34723e-07 4.44089e-16 2.77556e-17 4.33681e-19 1.0842e-19
threshold=1.0000000180025095e-35 1.0000000180025095e-35 1.0000000180025095e-35 1.0000000180025095e-35 1.0000000180025095e-35 1.0000000180025095e-35 39.649999618530281 1.0000000180025095e-35 0.49865001440048223 1.0000000180025095e-35 299261.06250000006 0.40349999070167547 55.049999237060554 99.000000000000014 50.500000000000007 0.098500002175569548 170927.75781250003 41.649999618530281 40.300001144409187 124243.87500000001 42.649999618530281 45.20000076293946
decision_type=2 2 2 2 2 2 2 2 2 2 2 2 2 2 2 2 2 2 2 2 2 2
left_child=1 3 18 4 9 -6 7 8 15 20 11 14 21 -10 -8 -2 -17 -16 -3 -11 -1 -4
right_child=6 2 12 -5 5 -7 10 -9 13 19 -12 -13 -14 -15 17 16 -18 -19 -20 -21 -22 -23
leaf_value=-0.00010260309791192413 0.0050591104477643971 -0.0052110273391008377 -0.00010260309791192413 -0.0035082191228866578 -0.00010260309791192413 -0.006062431633472443 0.0032142585941723418 0.0019323308553014483 0.0073908649695416289 0.00074880118481814863 0.0021872415517767271 0.0044760605151003057 0.00079137109220027934 0.006708628684282303 0.0033121971700053945 0.0050036562467688948 0.0050226870924234392 0.0033036085064796841 -0.0052110273391008377 0.00074880118481814863 -0.00010260309791192413 -0.00010260309791192413
leaf_weight=372 20 299 186 154 34 26 21 21 24 290 30 22 20 90 26 134 28 34 37 162 62 24
leaf_count=372 20 299 186 154 34 26 21 21 24 290 30 22 20 90 26 134 28 34 37 162 62 24
internal_value=5.17157e-13 -0.00129896 -0.00310358 -0.000370408 0.000140398 -0.0026852 0.00480905 0.00547017 0.00572116 0.000331748 0.00323331 0.00353799 -2.48662e-05 0.00685226 0.0032832 0.00501268 0.00500695 0.00330733 -0.00521103 0.000748801 -0.000102603 -0.000102603
internal_weight=2116 1666 566 1100 946 60 450 317 296 886 133 103 230 114 81 182 162 60 336 452 434 210
internal_count=2116 1666 566 1100 946 60 450 317 296 886 133 103 230 114 81 182 162 60 336 452 434 210
is_linear=0
shrinkage=0.05


Tree=22
num_leaves=20
num_cat=0
split_feature=14 15 11 18 13 16 13 1 0 16 0 6 0 0 0 0 0 0 0
split_gain=4.77177 1.0078 1.32571 0.636477 0.184644 0.188919 0.172835 0.175653 0.0705143 0.0579393 0.0052684 0.00318365 0.00124949 8.33687e-05 6.47249e-05 1.71494e-05 1.11022e-16 1.38778e-17 2.1684e-19
threshold=1.0000000180025095e-35 1.0000000180025095e-35 1.0000000180025095e-35 1.0000000180025095e-35 1.0000000180025095e-35 1.0000000180025095e-35 1.0000000180025095e-35 0.49865001440048223 40.050001144409187 1.0000000180025095e-35 55.049999237060554 99.000000000000014 52.949998855590827 39.500000000000007 41.000000000000007 32.949998855590827 42.899999618530281 47.350000381469734 52.949998855590827
decision_type=2 2 2 2 2 2 2 2 2 2 2 2 2 2 2 2 2 2 2
left_child=1 3 -3 4 9 -6 7 8 13 18 -4 -9 14 15 -10 -2 -5 -11 -1
right_child=6 2 10 16 5 -7 -8 11 12 17 -12 -13 -14 -15 -16 -17 -18 -19 -20
leaf_value=-9.7472942434251317e-05 0.0048060512968472078 -0.0049504760652780535 -9.7472942434251317e-05 -0.0033328082412481309 -9.7472942434251317e-05 -0.0057593099772930145 0.00096608025111979056 0.0070213213873406254 0.0030303353443741801 0.00071136113256216056 0.00075180254876613625 0.0063731975853443153 0.0035468950867652894 0.0048614859580993659 0.0031324906895558039 0.0047578079998493198 -0.0033328082412481309 0.00071136113256216056 -9.7472942434251317e-05
leaf_weight=412 21 336 210 133 34 26 31 24 20 421 20 90 20 25 69 150 21 31 22
leaf_count=412 21 336 210 133 34 26 31 24 20 421 20 90 20 25 69 150 21 31 22
internal_value=8.29652e-12 -0.00123402 -0.0029484 -0.000351888 0.000133378 -0.00255094 0.0045686 0.00483513 0.00420925 0.00031516 -2.36229e-05 0.00650964 0.00318978 0.0047762 0.00310953 0.00476373 -0.00333281 0.000711361 -9.74729e-05
internal_weight=2116 1666 566 1100 946 60 450 419 305 886 230 114 109 196 89 171 154 452 434
internal_count=2116 1666 566 1100 946 60 450 419 305 886 230 114 109 196 89 171 154 452 434
is_linear=0
shrinkage=0.05


Tree=23
num_leaves=22
num_cat=0
split_feature=14 15 11 18 13 16 13 1 0 16 0 6 0 0 0 0 0 0 0 0 0
split_gain=4.30652 0.909539 1.19646 0.574421 0.166641 0.170499 0.155984 0.158526 0.0636392 0.0522902 0.00475473 0.00287324 0.00112767 7.52402e-05 5.8414e-05 1.54772e-05 4.44089e-16 1.11022e-16 5.55112e-17 1.38778e-17 2.1684e-19
threshold=1.0000000180025095e-35 1.0000000180025095e-35 1.0000000180025095e-35 1.0000000180025095e-35 1.0000000180025095e-35 1.0000000180025095e-35 1.0000000180025095e-35 0.49865001440048223 40.050001144409187 1.0000000180025095e-35 55.049999237060554 99.000000000000014 52.949998855590827 39.500000000000007 41.000000000000007 32.949998855590827 39.649999618530281 42.899999618530281 41.350000381469734 47.350000381469734 45.20000076293946
decision_type=2 2 2 2 2 2 2 2 2 2 2 2 2 2 2 2 2 2 2 2 2
left_child=1 3 16 4 9 -6 7 8 13 20 -4 -9 14 15 -10 -2 -3 -5 -18 -11 -1
right_child=6 2 10 17 5 -7 -8 11 12 19 -12 -13 -14 -15 -16 -17 18 -19 -20 -21 -22
leaf_value=-9.2599296476691964e-05 0.0045657486787864139 -0.0047029521316289905 -9.2599296476691964e-05 -0.003166167810559273 -9.2599296476691964e-05 -0.0054713442921638491 0.00091777624442212049 0.0066702552450199921 0.0028788186609745026 0.00067579308524727826 0.00071421238593757149 0.0060545377433300022 0.003369550406932831 0.0046184116452932357 0.0029758660851613335 0.0045199176669120785 -0.0047029521316289905 -0.003166167810559273 -0.0047029521316289905 0.00067579308524727826 -9.2599296476691964e-05
leaf_weight=396 21 283 210 133 34 26 31 24 20 421 20 90 20 25 69 150 27 21 26 31 38
leaf_count=396 21 283 210 133 34 26 31 24 20 421 20 90 20 25 69 150 27 21 26 31 38
internal_value=3.76204e-11 -0.00117231 -0.00280098 -0.000334293 0.000126709 -0.00242339 0.00434017 0.00459338 0.00399879 0.000299402 -2.24418e-05 0.00618416 0.00303029 0.00453739 0.00295406 0.00452555 -0.00470295 -0.00316617 -0.00470295 0.000675793 -9.25993e-05
internal_weight=2116 1666 566 1100 946 60 450 419 305 886 230 114 109 196 89 171 336 154 53 452 434
internal_count=2116 1666 566 1100 946 60 450 419 305 886 230 114 109 196 89 171 336 154 53 452 434
is_linear=0
shrinkage=0.05


Tree=24
num_leaves=20
num_cat=0
split_feature=14 15 11 18 13 16 13 1 0 16 0 6 0 0 0 2 0 0 6
split_gain=3.88664 0.820859 1.0798 0.518415 0.150394 0.153876 0.140776 0.14307 0.0574344 0.0471919 0.00429114 0.0025931 0.00101772 6.79042e-05 5.27186e-05 1.46245e-05 1.11022e-16 1.38778e-17 2.1684e-19
threshold=1.0000000180025095e-35 1.0000000180025095e-35 1.0000000180025095e-35 1.0000000180025095e-35 1.0000000180025095e-35 1.0000000180025095e-35 1.0000000180025095e-35 0.49865001440048223 40.050001144409187 1.0000000180025095e-35 55.049999237060554 99.000000000000014 52.949998855590827 39.500000000000007 41.000000000000007 0.098500002175569548 39.649999618530281 39.800001144409187 41.500000000000007
decision_type=2 2 2 2 2 2 2 2 2 2 2 2 2 2 2 2 2 2 2
left_child=1 3 -3 4 9 -6 7 8 13 18 -4 -9 14 15 -10 -2 -5 -11 -1
right_child=6 2 10 16 5 -7 -8 11 12 17 -12 -13 -14 -15 -16 -17 -18 -19 -20
leaf_value=-8.796933107078076e-05 0.0043394464999437334 -0.0044678047299385069 -8.796933107078076e-05 -0.003007859364151955 -8.796933107078076e-05 -0.0051977772265672691 0.00087188740351027056 0.0063367426705857113 0.0027348777279257775 0.00064200339838862421 0.00067850175313651558 0.0057518109679222107 0.0032010726630687714 0.0043874910324811943 0.0028270727752343471 0.0042939471981383315 -0.003007859364151955 0.00064200339838862421 -8.796933107078076e-05
leaf_weight=23 20 336 210 109 34 26 31 24 20 328 20 90 20 25 69 151 45 124 411
leaf_count=23 20 336 210 109 34 26 31 24 20 328 20 90 20 25 69 151 45 124 411
internal_value=3.87318e-12 -0.0011137 -0.00266093 -0.000317579 0.000120374 -0.00230222 0.00412316 0.00436371 0.00379885 0.000284432 -2.13197e-05 0.00587495 0.00287878 0.00431052 0.00280635 0.00429927 -0.00300786 0.000642003 -8.79693e-05
internal_weight=2116 1666 566 1100 946 60 450 419 305 886 230 114 109 196 89 171 154 452 434
internal_count=2116 1666 566 1100 946 60 450 419 305 886 230 114 109 196 89 171 154 452 434
is_linear=0
shrinkage=0.05


Tree=25
num_leaves=23
num_cat=0
split_feature=14 15 11 18 13 16 0 13 1 16 2 0 6 0 0 6 0 0 0 0 0 0
split_gain=3.50769 0.740825 0.974522 0.467869 0.13573 0.138873 0.128049 0.0871809 0.0636825 0.0425907 0.0106835 0.00387276 0.00234027 0.000875547 6.12836e-05 4.63587e-05 1.32222e-05 4.44089e-16 1.11022e-16 1.38778e-17 2.1684e-19 1.0842e-19
threshold=1.0000000180025095e-35 1.0000000180025095e-35 1.0000000180025095e-35 1.0000000180025095e-35 1.0000000180025095e-35 1.0000000180025095e-35 40.050001144409187 1.0000000180025095e-35 0.49865001440048223 1.0000000180025095e-35 0.54949998855590831 55.049999237060554 99.000000000000014 52.949998855590827 39.500000000000007 52.500000000000007 32.949998855590827 40.300001144409187 40.500000000000007 35.149999618530281 36.049999237060554 37.850000381469734
decision_type=2 2 2 2 2 2 2 2 2 2 2 2 2 2 2 2 2 2 2 2 2 2
left_child=1 3 17 4 9 -6 7 8 14 20 13 21 -10 15 16 -8 -2 -3 -5 -11 -1 -4
right_child=6 2 11 18 5 -7 10 -9 12 19 -12 -13 -14 -15 -16 -17 -18 -19 -20 -21 -22 -23
leaf_value=-8.3570863353088498e-05 0.0041214639587061749 -0.00424441434442997 -8.3570863353088498e-05 -0.0028574664145708086 -8.3570863353088498e-05 -0.0049378883093595506 0.0026171002226571243 0.0016272629575374035 0.0060199054113278787 0.0006099032238125802 0.0016403251038543112 0.00064457665197551253 0.0054642204195261002 0.0030410191044211391 0.0041681165099143984 0.0027018030041030478 0.0040791030575831732 -0.00424441434442997 -0.0028574664145708086 0.0006099032238125802 -8.3570863353088498e-05 -8.3570863353088498e-05
leaf_weight=122 21 299 102 118 34 26 30 26 24 85 29 20 90 20 25 35 150 37 36 367 312 108
leaf_count=122 21 299 102 118 34 26 30 26 24 85 29 20 90 20 25 35 150 37 36 367 312 108
internal_value=1.99436e-11 -0.00105801 -0.00252788 -0.0003017 0.000114355 -0.00218711 0.003917 0.00440829 0.00464154 0.00027021 0.002469 -2.02537e-05 0.00558121 0.00275172 0.004095 0.00266271 0.00408431 -0.00424441 -0.00285747 0.000609903 -8.35709e-05 -8.35709e-05
internal_weight=2116 1666 566 1100 946 60 450 336 310 886 114 230 114 85 196 65 171 336 154 452 434 210
internal_count=2116 1666 566 1100 946 60 450 336 310 886 114 230 114 85 196 65 171 336 154 452 434 210
is_linear=0
shrinkage=0.05


Tree=26
num_leaves=23
num_cat=0
split_feature=14 15 11 18 13 16 13 1 0 16 0 6 0 6 0 2 0 0 0 0 0 0
split_gain=3.16569 0.668595 0.879506 0.422252 0.122497 0.125333 0.117814 0.116026 0.0459595 0.0384381 0.00349516 0.0021121 0.000765281 6.61283e-05 5.53085e-05 1.25089e-05 4.44089e-16 1.11022e-16 1.11022e-16 6.93889e-18 2.1684e-19 1.0842e-19
threshold=1.0000000180025095e-35 1.0000000180025095e-35 1.0000000180025095e-35 1.0000000180025095e-35 1.0000000180025095e-35 1.0000000180025095e-35 1.0000000180025095e-35 0.49865001440048223 40.050001144409187 1.0000000180025095e-35 55.049999237060554 99.000000000000014 52.949998855590827 52.500000000000007 39.500000000000007 0.098500002175569548 36.049999237060554 36.149999618530281 35.750000000000007 41.850000381469734 40.699998855590827 41.649999618530281
decision_type=2 2 2 2 2 2 2 2 2 2 2 2 2 2 2 2 2 2 2 2 2 2
left_child=1 3 16 4 9 -6 7 8 14 20 21 -9 13 -10 15 -2 -3 -5 -13 -11 -1 -4
right_child=6 2 10 17 5 -7 -8 11 12 19 -12 18 -14 -15 -16 -17 -18 -19 -20 -21 -22 -23
leaf_value=-7.9392321640625607e-05 0.0039172481745481493 -0.0040321934968233107 -7.9392321640625607e-05 -0.0027145931497216226 -7.9392321640625607e-05 -0.0046909939497709278 0.00074682448419832422 0.0057189101508508125 0.0024862452348073326 0.00057940809056162841 0.00061234779655933386 0.0051910091191530233 0.002888968214392662 0.0025774194243348252 0.0039597106575965883 0.0038751683759176178 -0.0040321934968233107 -0.0027145931497216226 0.0051910091191530233 0.00057940809056162841 -7.9392321640625607e-05 -7.9392321640625607e-05
leaf_weight=336 20 100 149 46 34 26 31 24 30 378 20 46 20 59 25 151 236 108 44 74 98 61
leaf_count=336 20 100 149 46 34 26 31 24 30 378 20 46 20 59 25 151 236 108 44 74 98 61
internal_value=2.90763e-11 -0.00100511 -0.00240149 -0.000286615 0.000108637 -0.00207775 0.00372115 0.00394121 0.00343253 0.0002567 -1.9241e-05 0.00530215 0.00260949 0.00254669 0.00389025 0.00388009 -0.00403219 -0.00271459 0.00519101 0.000579408 -7.93923e-05 -7.93923e-05
internal_weight=2116 1666 566 1100 946 60 450 419 305 886 230 114 109 89 196 171 336 154 90 452 434 210
internal_count=2116 1666 566 1100 946 60 450 419 305 886 230 114 109 89 196 171 336 154 90 452 434 210
is_linear=0
shrinkage=0.05


Tree=27
num_leaves=20
num_cat=0
split_feature=14 15 11 18 13 16 13 1 0 16 6 0 6 0 6 0 0 6 0
split_gain=2.85703 0.603407 0.793754 0.381083 0.110553 0.113113 0.106327 0.104713 0.0414784 0.0346904 0.00330188 0.0129976 0.00190617 0.000690665 5.96806e-05 4.99162e-05 1.12955e-05 6.66134e-16 6.93889e-18
threshold=1.0000000180025095e-35 1.0000000180025095e-35 1.0000000180025095e-35 1.0000000180025095e-35 1.0000000180025095e-35 1.0000000180025095e-35 1.0000000180025095e-35 0.49865001440048223 40.050001144409187 1.0000000180025095e-35 42.500000000000007 52.949998855590827 99.000000000000014 52.949998855590827 52.500000000000007 39.500000000000007 32.949998855590827 146.00000000000003 52.949998855590827
decision_type=2 2 2 2 2 2 2 2 2 2 2 2 2 2 2 2 2 2 2
left_child=1 3 17 4 9 -6 7 8 15 -1 -4 -12 -9 14 -10 16 -2 -3 -11
right_child=6 2 10 -5 5 -7 -8 12 13 18 11 -13 -14 -15 -16 -17 -18 -19 -20
leaf_value=-7.5422704685479413e-05 0.0037204299654279441 -0.003830584138631821 -0.00045805952362974902 -0.0025788635015487672 -7.5422704685479413e-05 -0.004456444084644318 0.00070948326779950058 0.0054329647216945888 0.0023619330177704497 0.00055043767206370837 -7.5422704685479413e-05 0.0012704766547540205 0.0049314588308334356 0.0027445197105407716 0.0024485484207585708 0.0037617251276969911 0.0036812770068645482 -0.003830584138631821 0.00055043767206370837
leaf_weight=434 21 221 36 154 34 26 31 24 30 432 174 20 90 20 59 25 150 115 20
leaf_count=434 21 221 36 154 34 26 31 24 30 432 174 20 90 20 59 25 150 115 20
internal_value=-3.54197e-11 -0.000954858 -0.00228141 -0.000272284 0.000103206 -0.00197387 0.0035351 0.00374415 0.00326091 0.000243865 -1.8279e-05 6.33298e-05 0.00503704 0.00247902 0.00241935 0.00369573 0.00368609 -0.00383058 0.000550438
internal_weight=2116 1666 566 1100 946 60 450 419 305 886 230 194 114 109 89 196 171 336 452
internal_count=2116 1666 566 1100 946 60 450 419 305 886 230 194 114 109 89 196 171 336 452
is_linear=0
shrinkage=0.05


Tree=28
num_leaves=25
num_cat=0
split_feature=14 15 11 18 13 16 0 13 1 16 2 6 0 6 0 0 6 2 0 0 1 6 0 0
split_gain=2.57847 0.544575 0.716363 0.343927 0.0997743 0.102084 0.0968418 0.0602803 0.0468125 0.0313081 0.00901701 0.00297994 0.0117303 0.00172032 0.00064584 4.50492e-05 3.31053e-05 1.06996e-05 2.22045e-16 1.11022e-16 1.11022e-16 5.55112e-17 1.38778e-17 1.0842e-19
threshold=1.0000000180025095e-35 1.0000000180025095e-35 1.0000000180025095e-35 1.0000000180025095e-35 1.0000000180025095e-35 1.0000000180025095e-35 40.050001144409187 1.0000000180025095e-35 0.49865001440048223 1.0000000180025095e-35 0.54949998855590831 42.500000000000007 52.949998855590827 99.000000000000014 52.949998855590827 39.500000000000007 52.500000000000007 0.098500002175569548 38.500000000000007 36.049999237060554 0.38130000233650213 160.50000000000003 43.299999237060554 52.949998855590827
decision_type=2 2 2 2 2 2 2 2 2 2 2 2 2 2 2 2 2 2 2 2 2 2 2 2
left_child=1 3 18 4 9 -6 7 8 15 23 14 -4 -13 -10 16 17 -8 -2 -3 -15 -5 -20 -11 -1
right_child=6 2 11 20 5 -7 10 -9 13 22 -12 12 -14 19 -16 -17 -18 -19 21 -21 -22 -23 -24 -25
leaf_value=-7.1651570033282047e-05 0.003536147251725197 -0.0036390546709299089 -0.00043515652796486396 -0.00244992021471262 -7.1651570033282047e-05 -0.0042336221784353258 0.0022438363110025726 0.0014730844718332473 0.0051613165531307461 0.0005229157861322165 0.0013377834239910388 -7.1651570033282047e-05 0.0012069528835127131 0.0046848859637975693 0.0026072937995195392 0.0035736389458179475 0.0023154145638857571 0.0034972294005534508 -0.0036390546709299089 0.0046848859637975693 -0.00244992021471262 -0.0036390546709299089 0.0005229157861322165 -7.1651570033282047e-05
leaf_weight=412 20 261 36 38 34 26 30 26 24 400 29 174 20 55 20 25 35 151 39 35 116 36 52 22
leaf_count=412 20 261 36 38 34 26 30 26 24 400 29 174 20 55 20 25 35 151 39 35 116 36 52 22
internal_value=3.48283e-11 -0.000907115 -0.00216734 -0.00025867 9.80453e-05 -0.00187517 0.00335834 0.00378559 0.00397954 0.000231672 0.00209909 -1.7365e-05 6.01633e-05 0.00478519 0.00235883 0.00351095 0.00228238 0.00350178 -0.00363905 0.00468489 -0.00244992 -0.00363905 0.000522916 -7.16516e-05
internal_weight=2116 1666 566 1100 946 60 450 336 310 886 114 230 194 114 85 196 65 171 336 90 154 75 452 434
internal_count=2116 1666 566 1100 946 60 450 336 310 886 114 230 194 114 85 196 65 171 336 90 154 75 452 434
is_linear=0
shrinkage=0.05


Tree=29
num_leaves=20
num_cat=0
split_feature=14 15 11 18 13 16 13 1 0 16 6 0 6 0 6 0 2 0 0
split_gain=2.32707 0.491479 0.646518 0.310394 0.0900463 0.0921311 0.0892641 0.0848697 0.0331078 0.0282556 0.0026894 0.0105866 0.00155258 0.000511852 8.20689e-05 4.06568e-05 9.6565e-06 6.93889e-18 1.0842e-19
threshold=1.0000000180025095e-35 1.0000000180025095e-35 1.0000000180025095e-35 1.0000000180025095e-35 1.0000000180025095e-35 1.0000000180025095e-35 1.0000000180025095e-35 0.49865001440048223 40.050001144409187 1.0000000180025095e-35 42.500000000000007 52.949998855590827 99.000000000000014 52.949998855590827 71.500000000000014 39.500000000000007 0.098500002175569548 52.949998855590827 52.949998855590827
decision_type=2 2 2 2 2 2 2 2 2 2 2 2 2 2 2 2 2 2 2
left_child=1 3 -3 4 9 -6 7 8 15 18 -4 -12 -9 14 -10 16 -2 -11 -1
right_child=6 2 10 -5 5 -7 -8 12 13 17 11 -13 -14 -15 -16 -17 -18 -19 -20
leaf_value=-6.8068987457081678e-05 0.0033593401312828064 -0.0034571021795272829 -0.00041339871572240055 -0.0023274242877960208 -6.8068987457081678e-05 -0.004021940752863884 0.00060144606977701191 0.0049032505912085383 0.0021636216870198647 0.00049677002243697643 -6.8068987457081678e-05 0.0011466051684692502 0.0044506415724754333 0.0024769291281700138 0.00226606409996748 0.0033949570208787918 0.003322367999233947 0.00049677002243697643 -6.8068987457081678e-05
leaf_weight=412 20 336 36 154 34 26 31 24 60 432 174 20 90 20 29 25 151 20 22
leaf_count=412 20 336 36 154 34 26 31 24 60 432 174 20 90 20 29 25 151 20 22
internal_value=8.11496e-14 -0.000861759 -0.00205898 -0.000245736 9.3143e-05 -0.00178141 0.00319042 0.00338197 0.00294692 0.000220088 -1.64968e-05 5.71552e-05 0.00454593 0.00224836 0.002197 0.0033354 0.00332669 0.00049677 -6.8069e-05
internal_weight=2116 1666 566 1100 946 60 450 419 305 886 230 194 114 109 89 196 171 452 434
internal_count=2116 1666 566 1100 946 60 450 419 305 886 230 194 114 109 89 196 171 452 434
is_linear=0
shrinkage=0.05


Tree=30
num_leaves=20
num_cat=0
split_feature=14 15 11 18 13 16 13 1 0 16 6 0 6 0 6 0 0 2 0
split_gain=2.10018 0.443559 0.583482 0.280131 0.0812668 0.0831483 0.0805608 0.0765949 0.0298797 0.0255006 0.00242718 0.00955442 0.00140121 0.000461946 7.40672e-05 3.66929e-05 9.14501e-06 2.22045e-16 6.93889e-18
threshold=1.0000000180025095e-35 1.0000000180025095e-35 1.0000000180025095e-35 1.0000000180025095e-35 1.0000000180025095e-35 1.0000000180025095e-35 1.0000000180025095e-35 0.49865001440048223 40.050001144409187 1.0000000180025095e-35 42.500000000000007 52.949998855590827 99.000000000000014 52.949998855590827 71.500000000000014 39.500000000000007 32.949998855590827 0.35349999368190771 40.300001144409187
decision_type=2 2 2 2 2 2 2 2 2 2 2 2 2 2 2 2 2 2 2
left_child=1 3 17 4 9 -6 7 8 15 -1 -4 -12 -9 14 -10 16 -2 -3 -11
right_child=6 2 10 -5 5 -7 -8 12 13 18 11 -13 -14 -15 -16 -17 -18 -19 -20
leaf_value=-6.4665538957342505e-05 0.003191260461296354 -0.0032842468470335008 -0.00039272877499267156 -0.0022110531106591226 -6.4665538957342505e-05 -0.0038208439946174622 0.00057137374195360372 0.0046580881190796701 0.0020554406382143498 0.00047193150967359546 -6.4665538957342505e-05 0.0010892749018967152 0.0042281094938516617 0.002353082597255707 0.0021527608856558799 0.0032252091094851494 0.0031560310895244283 -0.0032842468470335008 0.00047193150967359546
leaf_weight=434 21 31 36 154 34 26 31 24 60 343 174 20 90 20 29 25 150 305 109
leaf_count=434 21 31 36 154 34 26 31 24 60 343 174 20 90 20 29 25 150 305 109
internal_value=1.75214e-11 -0.000818671 -0.00195603 -0.00023345 8.84859e-05 -0.00169234 0.0030309 0.00321287 0.00279957 0.000209084 -1.56719e-05 5.42974e-05 0.00431863 0.00213595 0.00208715 0.00316863 0.00316036 -0.00328425 0.000471932
internal_weight=2116 1666 566 1100 946 60 450 419 305 886 230 194 114 109 89 196 171 336 452
internal_count=2116 1666 566 1100 946 60 450 419 305 886 230 194 114 109 89 196 171 336 452
is_linear=0
shrinkage=0.05


Tree=31
num_leaves=24
num_cat=0
split_feature=14 15 11 18 0 13 16 13 1 16 6 6 0 0 6 2 6 0 0 0 0 0 0
split_gain=1.89541 0.400312 0.526593 0.252818 0.0735469 0.0733433 0.0750414 0.041161 0.0344115 0.0230143 0.00798725 0.00219757 0.00948344 0.00296232 0.00126459 0.000169579 3.58415e-05 3.31155e-05 8.25335e-06 6.70529e-06 2.22045e-16 5.55112e-17 2.71051e-20
threshold=1.0000000180025095e-35 1.0000000180025095e-35 1.0000000180025095e-35 1.0000000180025095e-35 40.050001144409187 1.0000000180025095e-35 1.0000000180025095e-35 1.0000000180025095e-35 0.49865001440048223 1.0000000180025095e-35 50.500000000000007 54.500000000000007 44.500000000000007 47.350000381469734 99.000000000000014 0.43549999594688421 42.500000000000007 39.500000000000007 32.949998855590827 41.850000381469734 38.500000000000007 42.649999618530281 33.899999618530281
decision_type=2 2 2 2 2 2 2 2 2 2 2 2 2 2 2 2 2 2 2 2 2 2 2
left_child=1 3 20 5 7 9 -7 8 17 -1 -6 13 22 16 -10 19 -4 18 -2 -12 -3 -22 -13
right_child=4 2 11 -5 10 6 -8 -9 14 -11 15 12 -14 -15 -16 -17 -18 -19 -20 -21 21 -23 -24
leaf_value=-6.1432266375049951e-05 0.0030316973371165143 -0.0031200345605611802 9.5444731414318095e-06 -0.0021005004644393923 0.0011120031762402506 -6.1432266375049951e-05 -0.0036298017948865891 0.0013407892189346829 0.0044251837146778907 0.00044833491556346418 0.0019970152881883438 -6.1432266375049951e-05 0.0011221907308208757 -0.00066245946031995122 0.0040167041122913362 0.0021207815428313458 -6.1432266375049951e-05 0.0030639487430453305 0.0029982294738292695 0.0019579373462044673 -0.0031200345605611802 -0.0031200345605611802 -6.1432266375049951e-05
leaf_weight=434 21 261 29 154 32 34 26 26 24 452 21 27 20 25 90 38 46 25 150 23 55 20 83
leaf_count=434 21 261 29 154 32 34 26 26 24 452 21 27 20 25 90 38 46 25 150 23 55 20 83
internal_value=-1.00681e-12 -0.000777738 -0.00185823 -0.000221777 0.00287936 8.40616e-05 -0.00160773 0.00325169 0.00341196 0.00019863 0.00178196 -1.48883e-05 0.000120664 -0.000191106 0.0041027 0.00204341 -3.39879e-05 0.0030102 0.00300234 0.00197659 -0.00312003 -0.00312003 -6.14323e-05
internal_weight=2116 1666 566 1100 450 946 60 336 310 886 114 230 130 100 114 82 75 196 171 44 336 75 110
internal_count=2116 1666 566 1100 450 946 60 336 310 886 114 230 130 100 114 82 75 196 171 44 336 75 110
is_linear=0
shrinkage=0.05


Tree=32
num_leaves=25
num_cat=0
split_feature=14 15 11 18 13 13 16 1 0 16 6 0 6 0 0 0 2 1 6 0 0 0 0 0
split_gain=1.71061 0.361282 0.47525 0.228168 0.0678864 0.0661923 0.0677248 0.0620355 0.0237753 0.0207704 0.00212605 0.00819615 0.00114129 0.000415804 5.66665e-05 2.98866e-05 7.81824e-06 2.26276e-06 2.22045e-16 1.11022e-16 2.77556e-17 2.77556e-17 6.93889e-18 1.0842e-19
threshold=1.0000000180025095e-35 1.0000000180025095e-35 1.0000000180025095e-35 1.0000000180025095e-35 1.0000000180025095e-35 1.0000000180025095e-35 1.0000000180025095e-35 0.49865001440048223 40.050001144409187 1.0000000180025095e-35 42.500000000000007 52.949998855590827 99.000000000000014 52.949998855590827 41.000000000000007 39.500000000000007 0.098500002175569548 0.28354999423027044 84.500000000000014 36.049999237060554 42.899999618530281 36.45000076293946 47.350000381469734 45.20000076293946
decision_type=2 2 2 2 2 2 2 2 2 2 2 2 2 2 2 2 2 2 2 2 2 2 2 2
left_child=1 3 18 5 7 9 -7 8 15 23 -4 17 -9 14 -10 16 -2 -12 -3 -14 21 -5 -11 -1
right_child=4 2 10 20 -6 6 -8 12 13 22 11 -13 19 -15 -16 -17 -18 -19 -20 -21 -22 -23 -24 -25
leaf_value=-5.8360648108646276e-05 0.0028815990872681145 -0.0029640328139066696 -0.00036703618580860272 -0.0019954754039645194 0.0004776106546482732 -5.8360648108646276e-05 -0.0034483116120100025 0.0042039245677491033 0.0018181156646460295 0.00042591816745698454 -4.4587109005078677e-05 0.0010099331045057625 0.0038158688694238663 0.002144521027803421 0.0019137004093415498 0.0029107512086629871 0.0028483316758709243 -6.1122435339105627e-05 -0.0029640328139066696 0.0038158688694238663 -0.0019954754039645194 -0.0019954754039645194 0.00042591816745698454 -5.8360648108646276e-05
leaf_weight=396 20 51 36 54 31 34 26 24 20 421 24 20 55 20 69 25 151 150 285 35 21 79 31 38
leaf_count=396 20 51 36 54 31 34 26 24 20 421 24 20 55 20 69 25 151 150 285 35 21 79 31 38
internal_value=8.29136e-12 -0.000738851 -0.00176531 -0.000210688 0.00273539 7.98585e-05 -0.00152734 0.00290243 0.00253048 0.000188698 -1.41439e-05 5.13413e-05 0.00389756 0.00193851 0.00189222 0.00285969 0.00285222 -5.88417e-05 -0.00296403 0.00381587 -0.00199548 -0.00199548 0.000425918 -5.83606e-05
internal_weight=2116 1666 566 1100 450 946 60 419 305 886 230 194 114 109 89 196 171 174 336 90 154 133 452 434
internal_count=2116 1666 566 1100 450 946 60 419 305 886 230 194 114 109 89 196 171 174 336 90 154 133 452 434
is_linear=0
shrinkage=0.05


Tree=33
num_leaves=24
num_cat=0
split_feature=14 15 11 18 13 13 16 1 0 16 6 1 6 0 0 0 0 2 0 0 0 0 0
split_gain=1.54383 0.326057 0.428913 0.205922 0.0612675 0.0597385 0.0611216 0.0559871 0.0214572 0.0187453 0.00191876 0.00763107 0.00103002 0.000375264 9.53882e-05 5.11414e-05 2.69726e-05 7.0559e-06 2.22045e-16 5.55112e-17 5.55112e-17 2.77556e-17 3.46945e-18
threshold=1.0000000180025095e-35 1.0000000180025095e-35 1.0000000180025095e-35 1.0000000180025095e-35 1.0000000180025095e-35 1.0000000180025095e-35 1.0000000180025095e-35 0.49865001440048223 40.050001144409187 1.0000000180025095e-35 42.500000000000007 0.25009999424219137 99.000000000000014 52.949998855590827 44.500000000000007 41.000000000000007 39.500000000000007 0.098500002175569548 41.350000381469734 42.899999618530281 36.300001144409187 35.149999618530281 41.000000000000007
decision_type=2 2 2 2 2 2 2 2 2 2 2 2 2 2 2 2 2 2 2 2 2 2 2
left_child=1 3 18 5 7 9 -7 8 16 -1 -4 -12 -9 15 -13 -10 17 -2 -3 21 -14 -5 -11
right_child=4 2 10 19 -6 6 -8 12 13 22 11 14 20 -15 -16 -17 -18 -19 -20 -21 -22 -23 -24
leaf_value=-5.5442616576328875e-05 0.0027375190332531931 -0.0028158312663435939 -0.00034868439534976566 -0.0018957016989588739 0.0004537300957787422 -5.5442616576328875e-05 -0.0032758958637714389 0.003993728330048422 0.0017272099386900664 0.00040462226606905464 0.00088337843359719654 -5.5376183435631295e-05 0.0036250755190849306 0.0020372950658202171 -0.0001716230023885146 0.0018180153967029809 0.0027652136161923409 0.0027059151316123297 -0.0028158312663435939 -0.0018957016989588739 0.0036250755190849306 -0.0018957016989588739 0.00040462226606905464
leaf_weight=434 20 310 36 25 31 34 26 24 20 358 24 150 68 20 20 69 25 151 26 21 22 108 94
leaf_count=434 20 310 36 25 31 34 26 24 20 358 24 150 68 20 20 69 25 151 26 21 22 108 94
internal_value=-2.48538e-12 -0.000701908 -0.00167705 -0.000200154 0.00259862 7.58656e-05 -0.00145097 0.00275731 0.00240396 0.000179263 -1.34367e-05 4.87742e-05 0.00370269 0.00184159 -6.90523e-05 0.00179761 0.0027167 0.00270961 -0.00281583 -0.0018957 0.00362508 -0.0018957 0.000404622
internal_weight=2116 1666 566 1100 450 946 60 419 305 886 230 194 114 109 170 89 196 171 336 154 90 133 452
internal_count=2116 1666 566 1100 450 946 60 419 305 886 230 194 114 109 170 89 196 171 336 154 90 133 452
is_linear=0
shrinkage=0.05


Tree=34
num_leaves=27
num_cat=0
split_feature=14 15 11 18 0 13 16 13 1 16 2 6 1 0 6 0 6 0 6 0 0 0 0 0 0 1
split_gain=1.3933 0.294266 0.387094 0.185844 0.0561174 0.053914 0.0551623 0.0276697 0.0252956 0.0169176 0.00742144 0.00182126 0.00793939 0.00302507 0.000929591 0.000376402 6.64334e-05 3.59466e-05 3.05239e-05 2.43429e-05 6.68206e-06 2.34481e-06 1.11022e-16 2.77556e-17 3.46945e-18 1.0842e-19
threshold=1.0000000180025095e-35 1.0000000180025095e-35 1.0000000180025095e-35 1.0000000180025095e-35 40.050001144409187 1.0000000180025095e-35 1.0000000180025095e-35 1.0000000180025095e-35 0.49865001440048223 1.0000000180025095e-35 0.54949998855590831 54.500000000000007 0.27414999902248388 47.350000381469734 99.000000000000014 52.949998855590827 42.500000000000007 43.750000000000007 66.000000000000014 39.500000000000007 32.949998855590827 41.350000381469734 41.350000381469734 42.899999618530281 42.649999618530281 0.42049999535083776
decision_type=2 2 2 2 2 2 2 2 2 2 2 2 2 2 2 2 2 2 2 2 2 2 2 2 2 2
left_child=1 3 22 5 7 9 -7 8 19 25 15 13 -13 16 -10 17 -4 18 -6 20 -2 -14 -3 -5 -11 -1
right_child=4 2 11 23 10 6 -8 -9 14 24 -12 12 21 -15 -16 -17 -18 -19 -20 -21 -22 -23 -24 -25 -26 -27
leaf_value=-5.2670488366857176e-05 0.0026005466069493974 -0.0026750396937131882 4.4853278086520736e-05 -0.0018009165301918985 0.001614309959113598 -5.2670488366857176e-05 -0.0031121011823415758 0.0012271827337546992 0.0037940419667089977 0.0003843911457806826 0.00081943389156769071 0.0010270114280865527 -5.2535720169544223e-05 -0.00064950611488893625 0.0034438215196132662 0.0019354301691055298 -5.1777588795749071e-05 0.0017344162240624428 0.0017016654368489982 0.0026269529685378074 0.0025704326455791796 -7.1462833438999958e-05 -0.0026750396937131882 -0.0018009165301918985 0.0003843911457806826 -5.2670488366857176e-05
leaf_weight=185 21 310 29 133 20 34 26 26 24 389 29 20 90 25 90 20 46 25 20 25 150 20 26 21 63 249
leaf_count=185 21 310 29 133 20 34 26 26 24 389 29 20 90 25 90 20 46 25 20 25 150 20 26 21 63 249
internal_value=-1.38738e-11 -0.000666813 -0.0015932 -0.000190146 0.00246869 7.20723e-05 -0.00137842 0.00279392 0.00292533 0.0001703 0.00151011 -1.27649e-05 0.000110637 -0.000173187 0.00351755 0.00174575 -1.44137e-05 0.00168738 0.00165799 0.00258087 0.00257413 -5.5977e-05 -0.00267504 -0.00180092 0.000384391 -5.26705e-05
internal_weight=2116 1666 566 1100 450 946 60 336 310 886 114 230 130 100 114 85 75 65 40 196 171 110 336 154 452 434
internal_count=2116 1666 566 1100 450 946 60 336 310 886 114 230 130 100 114 85 75 65 40 196 171 110 336 154 452 434
is_linear=0
shrinkage=0.05


Tree=35
num_leaves=23
num_cat=0
split_feature=14 15 11 18 13 13 16 1 0 16 6 0 6 2 0 0 0 6 1 0 0 6
split_gain=1.25746 0.265575 0.349352 0.167725 0.0518034 0.0486574 0.049784 0.0453134 0.0170204 0.0152682 0.00168985 0.00668097 0.000838956 0.000310268 5.95275e-05 3.24418e-05 2.19694e-05 6.18138e-06 3.58217e-06 1.11022e-16 2.77556e-17 5.42101e-20
threshold=1.0000000180025095e-35 1.0000000180025095e-35 1.0000000180025095e-35 1.0000000180025095e-35 1.0000000180025095e-35 1.0000000180025095e-35 1.0000000180025095e-35 0.49865001440048223 40.050001144409187 1.0000000180025095e-35 42.500000000000007 52.949998855590827 99.000000000000014 0.43549999594688421 52.949998855590827 43.750000000000007 39.500000000000007 79.500000000000014 0.30030000209808355 36.049999237060554 42.899999618530281 47.500000000000007
decision_type=2 2 2 2 2 2 2 2 2 2 2 2 2 2 2 2 2 2 2 2 2 2
left_child=1 3 19 5 7 9 -7 8 16 21 -4 18 -9 15 -15 -10 17 -2 -12 -3 -5 -1
right_child=4 2 10 20 -6 6 -8 12 13 -11 11 -13 -14 14 -16 -17 -18 -19 -20 -21 -22 -23
leaf_value=-5.0036964239552617e-05 0.0024568433101688114 -0.0025412876158952716 -0.00032674211284352671 -0.0017108706757426263 0.00037297277801459834 -5.0036964239552617e-05 -0.0029564961791038514 0.0036043398392697178 0.0015750883053988218 0.00036517160478979351 -6.7519769654609266e-05 0.00091171843931078908 0.0032716304063797001 0.0017218608719607193 0.0018386586755514145 0.0016476953774690628 0.0024956053793430328 0.0024375102344420876 -4.9622929713641895e-05 -0.0025412876158952716 -0.0017108706757426263 -5.0036964239552617e-05
leaf_weight=46 70 100 36 133 31 34 26 24 40 452 35 20 90 24 20 25 25 101 139 236 21 388
leaf_count=46 70 100 36 133 31 34 26 24 40 452 35 20 90 24 20 25 25 101 139 236 21 388
internal_value=7.46439e-12 -0.000633472 -0.00151354 -0.000180639 0.00234525 6.84687e-05 -0.0013095 0.00249118 0.00217328 0.000161785 -1.21266e-05 4.62556e-05 0.00334167 0.00167242 0.00177495 0.00160301 0.00245182 0.00244542 -5.32229e-05 -0.00254129 -0.00171087 -5.0037e-05
internal_weight=2116 1666 566 1100 450 946 60 419 305 886 230 194 114 109 44 65 196 171 174 336 154 434
internal_count=2116 1666 566 1100 450 946 60 419 305 886 230 194 114 109 44 65 196 171 174 336 154 434
is_linear=0
shrinkage=0.05


Tree=36
num_leaves=25
num_cat=0
split_feature=14 15 11 18 13 13 16 1 0 16 6 0 2 6 2 6 0 0 0 0 0 0 0 0
split_gain=1.13485 0.239682 0.31529 0.151371 0.0467525 0.0439133 0.04493 0.0408954 0.0153609 0.0137795 0.00156702 0.00675239 0.00290872 0.000757157 0.000280017 7.64597e-05 5.37236e-05 2.92786e-05 1.98274e-05 5.95546e-06 2.18542e-06 2.77556e-17 3.46945e-18 5.42101e-20
threshold=1.0000000180025095e-35 1.0000000180025095e-35 1.0000000180025095e-35 1.0000000180025095e-35 1.0000000180025095e-35 1.0000000180025095e-35 1.0000000180025095e-35 0.49865001440048223 40.050001144409187 1.0000000180025095e-35 54.500000000000007 44.500000000000007 0.39699999988079077 99.000000000000014 0.43549999594688421 42.500000000000007 52.949998855590827 43.750000000000007 39.500000000000007 32.949998855590827 41.350000381469734 42.649999618530281 50.549999237060554 43.299999237060554
decision_type=2 2 2 2 2 2 2 2 2 2 2 2 2 2 2 2 2 2 2 2 2 2 2 2
left_child=1 3 -3 5 7 9 -7 8 18 23 12 20 15 -9 17 -4 -16 -10 19 -2 -12 -5 -11 -1
right_child=4 2 10 21 -6 6 -8 13 14 22 11 -13 -14 -15 16 -17 -18 -19 -20 -21 -22 -23 -24 -25
leaf_value=-4.7535114572383466e-05 0.0023480913734861782 -0.0024142233654856683 5.8947718935087329e-05 -0.0016253272071480751 0.00035432416404927931 -4.7535114572383466e-05 -0.0028086712583899501 0.0034241228752459087 0.0014963339292444289 0.00034691302571445706 -4.7388017539762788e-05 0.00094804516760632401 -0.00062739415420219298 0.0031080489978194238 0.0016357678764810164 -4.4718933476479323e-05 0.0017467257753014565 0.0015653105825185775 0.0023708251044154169 0.0023196617861588795 -6.5660482214298092e-05 -0.0016253272071480751 0.00034691302571445706 -4.7535114572383466e-05
leaf_weight=381 21 336 29 131 31 34 26 24 40 426 90 20 25 90 24 46 20 25 25 150 20 23 26 53
leaf_count=381 21 336 29 131 31 34 26 24 40 426 90 20 25 90 24 46 20 25 25 150 20 23 26 53
internal_value=-9.3047e-12 -0.000601799 -0.00143786 -0.000171607 0.00222799 6.50452e-05 -0.00124403 0.00236662 0.00206462 0.000153696 -1.15203e-05 0.000102944 -0.000160324 0.00317459 0.0015888 -4.63449e-06 0.0016862 0.00152286 0.00232923 0.00232315 -5.07103e-05 -0.00162533 0.000346913 -4.75351e-05
internal_weight=2116 1666 566 1100 450 946 60 419 305 886 230 130 100 114 109 75 44 65 196 171 110 154 452 434
internal_count=2116 1666 566 1100 450 946 60 419 305 886 230 130 100 114 109 75 44 65 196 171 110 154 452 434
is_linear=0
shrinkage=0.05


Tree=37
num_leaves=23
num_cat=0
split_feature=14 15 11 18 0 13 16 13 1 16 6 6 1 6 2 0 0 0 6 0 0 0
split_gain=1.02421 0.216313 0.28455 0.136613 0.0430402 0.0396318 0.0405493 0.0182372 0.0185946 0.012436 0.00665633 0.00149312 0.00598946 0.000683335 0.000144696 0.000106079 1.78942e-05 9.56461e-06 5.5079e-06 2.77556e-17 3.46945e-18 5.42101e-20
threshold=1.0000000180025095e-35 1.0000000180025095e-35 1.0000000180025095e-35 1.0000000180025095e-35 40.050001144409187 1.0000000180025095e-35 1.0000000180025095e-35 1.0000000180025095e-35 0.49865001440048223 1.0000000180025095e-35 50.500000000000007 42.500000000000007 0.25009999424219137 99.000000000000014 0.43549999594688421 44.500000000000007 39.500000000000007 41.850000381469734 79.500000000000014 42.899999618530281 52.949998855590827 47.350000381469734
decision_type=2 2 2 2 2 2 2 2 2 2 2 2 2 2 2 2 2 2 2 2 2 2
left_child=1 3 -3 5 7 9 -7 8 16 21 -6 -4 -13 -10 17 -14 18 -12 -2 -5 -11 -1
right_child=4 2 11 19 10 6 -8 -9 13 20 14 12 15 -15 -16 -17 -18 -19 -20 -21 -22 -23
leaf_value=-4.5158358989283447e-05 0.0022177744124616899 -0.002293512225151062 -0.00030667962661633892 -0.0015440608374774458 0.00066549745097290727 -4.5158358989283447e-05 -0.0026682376861572269 0.0011294587586934749 0.003252916728767256 0.00032956737559288742 0.0014784421283929121 0.00078333823312277679 -4.6029854614365226e-05 0.0029526464641094208 0.0015872399371705558 -0.00016861796961165965 0.002252283796668053 0.0014317701287243677 0.0021995248918486115 -0.0015440608374774458 0.00032956737559288742 -4.5158358989283447e-05
leaf_weight=402 70 336 36 133 32 34 26 26 24 432 21 24 150 90 38 20 25 23 101 21 20 32
leaf_count=402 70 336 36 133 32 34 26 26 24 432 21 24 150 90 38 20 25 23 101 21 20 32
internal_value=-1.82875e-11 -0.000571709 -0.00136597 -0.000163027 0.00211659 6.1793e-05 -0.00118183 0.00240142 0.0025081 0.000146011 0.0012771 -1.09443e-05 4.39344e-05 0.00301586 0.00151577 -6.0452e-05 0.00221277 0.00145405 0.002207 -0.00154406 0.000329567 -4.51584e-05
internal_weight=2116 1666 566 1100 450 946 60 336 310 886 114 230 194 114 82 170 196 44 171 154 452 434
internal_count=2116 1666 566 1100 450 946 60 336 310 886 114 230 194 114 82 170 196 44 171 154 452 434
is_linear=0
shrinkage=0.05


Tree=38
num_leaves=23
num_cat=0
split_feature=14 15 11 18 13 13 16 1 0 16 6 1 0 6 0 6 2 0 0 0 0 0
split_gain=0.924346 0.195222 0.256806 0.123293 0.0397144 0.0357677 0.0365958 0.0330673 0.0121321 0.0112235 0.0013611 0.0059998 0.0028462 0.00061671 0.000219722 8.34033e-05 5.41241e-05 1.61495e-05 6.75283e-06 5.30795e-06 2.77556e-17 5.42101e-20
threshold=1.0000000180025095e-35 1.0000000180025095e-35 1.0000000180025095e-35 1.0000000180025095e-35 1.0000000180025095e-35 1.0000000180025095e-35 1.0000000180025095e-35 0.49865001440048223 40.050001144409187 1.0000000180025095e-35 54.500000000000007 0.27414999902248388 47.350000381469734 99.000000000000014 52.949998855590827 42.500000000000007 0.55149999260902416 39.500000000000007 41.350000381469734 32.949998855590827 40.500000000000007 44.500000000000007
decision_type=2 2 2 2 2 2 2 2 2 2 2 2 2 2 2 2 2 2 2 2 2 2
left_child=1 3 -3 5 7 9 -7 8 17 21 12 -12 15 -9 16 -4 -10 19 -13 -2 -5 -1
right_child=4 2 10 20 -6 6 -8 13 14 -11 11 18 -14 -15 -16 -17 -18 -19 -20 -21 -22 -23
leaf_value=-4.2900440166704361e-05 0.0021201892090695249 -0.0021788366138935089 7.1334314998239276e-05 -0.001466857735067606 0.00028387660070532757 -4.2900440166704361e-05 -0.0025348259136080743 0.003090270926865439 0.0013867560659463589 0.00031308899633586407 0.00089289615716552366 -4.2717123417080278e-05 -0.00061110207298770548 0.0028050141409039497 0.0015938537195324899 -3.6937237145257711e-05 0.0014746174604321519 0.0021396695747971537 -7.4836935818893839e-05 0.0020933496033151947 -0.001466857735067606 -4.2900440166704361e-05
leaf_weight=391 21 336 29 118 31 34 26 24 65 452 20 90 25 90 20 46 24 25 20 150 36 43
leaf_count=391 21 336 29 118 31 34 26 24 65 452 20 90 25 90 20 46 24 25 20 150 36 43
internal_value=-1.54171e-11 -0.000543123 -0.00129767 -0.000154875 0.00201076 5.87033e-05 -0.00112273 0.00213853 0.00186697 0.00013871 -1.03971e-05 9.62819e-05 -0.00014908 0.00286507 0.0014441 4.92776e-06 0.00141045 0.00210213 -4.85571e-05 0.00209665 -0.00146686 -4.29004e-05
internal_weight=2116 1666 566 1100 450 946 60 419 305 886 230 130 100 114 109 75 89 196 110 171 154 434
internal_count=2116 1666 566 1100 450 946 60 419 305 886 230 130 100 114 109 75 89 196 110 171 154 434
is_linear=0
shrinkage=0.05


Tree=39
num_leaves=24
num_cat=0
split_feature=14 15 11 18 0 13 16 13 1 16 2 6 1 6 0 1 0 6 0 2 6 0 0
split_gain=0.834223 0.176188 0.231767 0.111272 0.0358942 0.0322803 0.0330277 0.0139272 0.0151454 0.0101292 0.00647653 0.00132321 0.00524926 0.00055658 0.0002368 9.14935e-05 4.34155e-05 2.03786e-05 1.45749e-05 4.94588e-06 1.11022e-16 3.46945e-18 5.42101e-20
threshold=1.0000000180025095e-35 1.0000000180025095e-35 1.0000000180025095e-35 1.0000000180025095e-35 40.050001144409187 1.0000000180025095e-35 1.0000000180025095e-35 1.0000000180025095e-35 0.49865001440048223 1.0000000180025095e-35 0.54949998855590831 42.500000000000007 0.25009999424219137 99.000000000000014 52.949998855590827 0.30030000209808355 43.750000000000007 66.000000000000014 39.500000000000007 0.098500002175569548 224.50000000000003 43.299999237060554 50.549999237060554
decision_type=2 2 2 2 2 2 2 2 2 2 2 2 2 2 2 2 2 2 2 2 2 2 2
left_child=1 3 20 5 7 9 -7 8 18 22 14 -4 -13 -10 16 -14 17 -6 19 -2 -3 -11 -1
right_child=4 2 11 -5 10 6 -8 -9 13 21 -12 12 15 -15 -16 -17 -18 -19 -20 -21 -22 -23 -24
leaf_value=-4.0755418012849987e-05 0.0020151785388588905 -0.0020698947831988336 -0.00028827756743541818 -0.0013935148715972902 0.0012494243634864689 -4.0755418012849987e-05 -0.0024080846458673479 0.0010587919843741335 0.0029357573483139278 0.00029743455816060309 0.00049837423038893731 0.0007339932144532213 -0.00013361135253592605 0.002664763480424881 0.001514161005616188 -3.8616200691263241e-05 0.0013691069930791857 0.0013208012469112873 0.0020326861292123796 0.0019887187376322335 -0.0020698947831988336 0.00029743455816060309 -4.0755418012849987e-05
leaf_weight=406 20 315 36 154 20 34 26 26 24 400 29 24 31 90 20 139 25 20 25 151 21 52 28
leaf_count=406 20 315 36 154 20 34 26 26 24 400 29 24 31 90 20 139 25 20 25 151 21 52 28
internal_value=-8.60599e-12 -0.000515967 -0.00123279 -0.000147131 0.00191022 5.57682e-05 -0.0010666 0.00217034 0.00226356 0.000131775 0.00114358 -9.87721e-06 4.17847e-05 0.00272181 0.00136371 -5.59388e-05 0.00131742 0.00128511 0.00199703 0.00199181 -0.00206989 0.000297435 -4.07554e-05
internal_weight=2116 1666 566 1100 450 946 60 336 310 886 114 230 194 114 85 170 65 40 196 171 336 452 434
internal_count=2116 1666 566 1100 450 946 60 336 310 886 114 230 194 114 85 170 65 40 196 171 336 452 434
is_linear=0
shrinkage=0.05


Tree=40
num_leaves=24
num_cat=0
split_feature=14 15 11 18 13 13 16 1 0 16 6 0 1 0 1 2 0 1 0 7 7 0 0
split_gain=0.752886 0.15901 0.20917 0.100423 0.0338141 0.029133 0.0298075 0.0267216 0.00955381 0.00914162 0.0011942 0.00494068 0.000522111 0.000545385 0.000954693 0.000245119 3.91825e-05 2.32218e-05 1.70373e-05 1.41887e-05 1.37106e-05 1.73472e-18 5.42101e-20
threshold=1.0000000180025095e-35 1.0000000180025095e-35 1.0000000180025095e-35 1.0000000180025095e-35 1.0000000180025095e-35 1.0000000180025095e-35 1.0000000180025095e-35 0.49865001440048223 40.050001144409187 1.0000000180025095e-35 42.500000000000007 52.949998855590827 0.53999999165534984 35.250000000000007 0.50910001993179332 0.43549999594688421 43.750000000000007 0.30030000209808355 52.949998855590827 170927.75781250003 66252.466796875015 43.299999237060554 42.250000000000007
decision_type=2 2 2 2 2 2 2 2 2 2 2 2 2 2 2 2 2 2 2 2 2 2 2
left_child=1 3 -3 5 7 9 -7 8 19 22 -4 17 13 -9 -15 16 -10 -12 -17 20 -2 -11 -1
right_child=4 2 10 -5 -6 6 -8 12 15 21 11 -13 -14 14 -16 18 -18 -19 -20 -21 -22 -23 -24
leaf_value=-3.8717649294994773e-05 0.0019027817919097766 -0.0019663998857140544 -0.00027386368827946072 -0.0013238390907645227 0.00022126270998870177 -3.8717649294994773e-05 -0.0022876802831888199 0.0027662039548158649 0.0012208571610972285 0.00028256282676011326 -8.2252512386600892e-05 0.00078395141521468757 0.0028109046497515272 0.0026879777386784555 0.0023204682654766151 0.0013759679161012173 0.0013006516173481942 -3.6685391387436544e-05 0.0014384529553353787 0.0019270740223653389 0.0018730867246631534 0.00028256282676011326 -3.8717649294994773e-05
leaf_weight=368 99 336 36 154 31 34 26 20 40 400 35 20 21 30 43 24 25 139 20 33 64 52 66
leaf_count=368 99 336 36 154 31 34 26 20 40 400 35 20 21 30 43 24 25 139 20 33 64 52 66
internal_value=1.97957e-11 -0.000490169 -0.00117115 -0.000139775 0.00181471 5.29798e-05 -0.00101327 0.00193261 0.00168849 0.000125186 -9.38336e-06 3.96955e-05 0.00258572 0.00253488 0.0024715 0.00131324 0.00125155 -4.58512e-05 0.00140437 0.00189718 0.00189112 0.000282563 -3.87176e-05
internal_weight=2116 1666 566 1100 450 946 60 419 305 886 230 194 114 93 73 109 65 174 44 196 163 452 434
internal_count=2116 1666 566 1100 450 946 60 419 305 886 230 194 114 93 73 109 65 174 44 196 163 452 434
is_linear=0
shrinkage=0.05


Tree=41
num_leaves=28
num_cat=0
split_feature=14 15 11 18 13 13 16 1 0 16 6 0 0 6 2 6 0 0 0 0 6 0 0 1 0 1 0
split_gain=0.67948 0.143506 0.188776 0.0906317 0.0305172 0.0262925 0.0269013 0.0241163 0.00862231 0.00825031 0.00113644 0.00485107 0.00282727 0.000509143 0.000221219 0.000115114 3.53622e-05 1.53762e-05 1.29787e-05 5.2913e-06 5.01564e-06 1.89756e-06 1.93744e-06 1.11022e-16 1.38778e-17 1.73472e-18 2.71051e-20
threshold=1.0000000180025095e-35 1.0000000180025095e-35 1.0000000180025095e-35 1.0000000180025095e-35 1.0000000180025095e-35 1.0000000180025095e-35 1.0000000180025095e-35 0.49865001440048223 40.050001144409187 1.0000000180025095e-35 54.500000000000007 44.500000000000007 47.350000381469734 99.000000000000014 0.43549999594688421 42.500000000000007 43.750000000000007 52.949998855590827 39.500000000000007 41.350000381469734 79.500000000000014 35.250000000000007 36.149999618530281 0.54280000925064098 40.050001144409187 0.53325000405311596 43.750000000000007
decision_type=2 2 2 2 2 2 2 2 2 2 2 2 2 2 2 2 2 2 2 2 2 2 2 2 2 2 2
left_child=1 3 23 5 7 9 -7 8 18 26 12 19 15 -9 16 -4 -10 -16 20 -12 -2 -15 -23 -3 -5 -11 -1
right_child=4 2 10 24 -6 6 -8 13 14 25 11 -13 -14 21 17 -17 -18 -19 -20 -21 -22 22 -24 -25 -26 -27 -28
leaf_value=-3.6781764356419445e-05 0.0018076830942715919 -0.0018680799752473832 9.5874664839357149e-05 -0.0012576472014188768 0.00021019955766537498 -3.6781764356419445e-05 -0.0021732963621616365 0.0026610602857545019 0.0011598142958246173 0.00026843468658626078 -3.6503827367495329e-05 0.00080487014958634988 -0.00059612005413509908 0.0023920976556837561 0.0013071694799388449 -3.1325294548878448e-05 0.0012356190383434296 0.001366530265659094 0.0018359667733311655 -6.4936094131553548e-05 0.0017902681733121966 0.0024155018851161007 0.0023971265181899071 -0.0018680799752473832 -0.0012576472014188768 0.00026843468658626078 -3.6781764356419445e-05
leaf_weight=385 70 308 29 115 31 34 26 24 40 408 90 20 25 32 24 46 25 20 25 20 101 32 26 28 39 44 49
leaf_count=385 70 308 29 115 31 34 26 24 40 408 90 20 25 32 24 46 25 20 25 20 101 32 26 28 39 44 49
internal_value=1.65807e-12 -0.00046566 -0.00111259 -0.000132786 0.00172398 5.03308e-05 -0.000962605 0.00183598 0.00160406 0.000118927 -8.91419e-06 8.85641e-05 -0.000135636 0.00245644 0.00124758 1.78587e-05 0.00118897 0.00133415 0.00180232 -4.16733e-05 0.0017974 0.00240187 0.00240726 -0.00186808 -0.00125765 0.000268435 -3.67818e-05
internal_weight=2116 1666 566 1100 450 946 60 419 305 886 230 130 100 114 109 75 65 44 196 110 171 90 58 336 154 452 434
internal_count=2116 1666 566 1100 450 946 60 419 305 886 230 130 100 114 109 75 65 44 196 110 171 90 58 336 154 452 434
is_linear=0
shrinkage=0.05


Tree=42
num_leaves=28
num_cat=0
split_feature=14 15 11 18 0 13 16 1 16 0 1 6 6 1 11 6 6 1 2 0 2 6 1 0 0 1 0
split_gain=0.61323 0.129514 0.17037 0.0817951 0.0278049 0.023729 0.0242784 0.00919667 0.00744591 0.00628544 0.00116082 0.00219082 0.00106503 0.00437482 0.000156851 0.000518283 0.000112499 0.000102033 8.84043e-05 3.19144e-05 2.34199e-05 1.83917e-05 1.0977e-05 7.32146e-07 5.55112e-17 1.38778e-17 3.46945e-18
threshold=1.0000000180025095e-35 1.0000000180025095e-35 1.0000000180025095e-35 1.0000000180025095e-35 40.050001144409187 1.0000000180025095e-35 1.0000000180025095e-35 0.49865001440048223 1.0000000180025095e-35 52.949998855590827 0.53999999165534984 99.000000000000014 42.500000000000007 0.25009999424219137 1.0000000180025095e-35 82.500000000000014 103.50000000000001 0.30030000209808355 0.55149999260902416 43.750000000000007 0.22999999672174457 66.000000000000014 0.41884998977184301 36.149999618530281 38.199998855590827 0.42270000278949743 43.299999237060554
decision_type=2 2 2 2 2 2 2 2 2 2 2 2 2 2 2 2 2 2 2 2 2 2 2 2 2 2 2
left_child=1 3 24 5 7 8 -7 14 -1 18 11 -9 -4 -14 15 -2 -17 -15 19 21 22 -6 -16 -13 -3 -26 -10
right_child=4 2 12 -5 9 6 -8 10 26 -11 -12 23 13 17 20 16 -18 -19 -20 -21 -22 -23 -24 -25 25 -27 -28
leaf_value=-3.4942678757943214e-05 0.001398185696452856 -0.0017746759578585625 -0.00025823648757068441 -0.0011947648599743843 0.0010679195588454604 -3.4942678757943214e-05 -0.0020646315068006517 0.0017713118778092082 0.0002550129545852542 0.00026252768933773043 0.0025475526139849707 0.0022876879821221037 0.00066980899221865309 -0.00013335767003046648 0.0016860372360263554 0.0016042248119373581 0.0017114977119490505 -3.304002647834207e-05 0.001241811007882158 0.0011738380789756775 0.0017644945193420758 0.0011357276141643524 0.0017289272294594691 0.0022772701457142832 -0.0017746759578585625 -0.0017746759578585625 0.0002550129545852542
leaf_weight=434 20 249 36 154 20 34 26 29 400 25 21 48 24 31 35 37 72 139 24 25 22 20 26 26 47 40 52
leaf_count=434 20 249 36 154 20 34 26 29 400 25 21 48 24 31 35 37 72 139 24 25 22 20 26 26 47 40 52
internal_value=4.34357e-12 -0.000442377 -0.00105696 -0.000126147 0.00163778 4.78142e-05 -0.000914475 0.00186671 0.000112981 0.000963031 0.00220875 0.00213967 -8.46847e-06 3.78802e-05 0.00166665 0.00163215 0.00167508 -5.13332e-05 0.0011598 0.00112952 0.00172027 0.00110182 0.00170432 0.00228403 -0.00177468 -0.00177468 0.000255013
internal_weight=2116 1666 566 1100 450 946 60 336 886 114 124 103 230 194 212 129 109 170 89 65 83 40 61 74 336 87 452
internal_count=2116 1666 566 1100 450 946 60 336 886 114 124 103 230 194 212 129 109 170 89 65 83 40 61 74 336 87 452
is_linear=0
shrinkage=0.05


Tree=43
num_leaves=28
num_cat=0
split_feature=14 15 11 18 13 13 16 1 0 16 6 1 0 6 2 6 0 0 7 7 0 0 0 0 0 6 0
split_gain=0.55344 0.116887 0.153759 0.0738201 0.0270413 0.0214154 0.0219113 0.0196412 0.00680015 0.00671993 0.000995742 0.00430823 0.00268687 0.000536745 0.000250738 0.000124153 4.84367e-05 2.88028e-05 1.34772e-05 1.1164e-05 8.97067e-06 3.68603e-06 1.64575e-06 5.55112e-17 1.38778e-17 1.73472e-18 2.71051e-20
threshold=1.0000000180025095e-35 1.0000000180025095e-35 1.0000000180025095e-35 1.0000000180025095e-35 1.0000000180025095e-35 1.0000000180025095e-35 1.0000000180025095e-35 0.49865001440048223 40.050001144409187 1.0000000180025095e-35 54.500000000000007 0.27414999902248388 47.350000381469734 99.000000000000014 0.43549999594688421 42.500000000000007 52.949998855590827 43.750000000000007 170927.75781250003 66252.466796875015 41.350000381469734 35.250000000000007 36.149999618530281 38.199998855590827 41.350000381469734 208.50000000000003 52.949998855590827
decision_type=2 2 2 2 2 2 2 2 2 2 2 2 2 2 2 2 2 2 2 2 2 2 2 2 2 2 2
left_child=1 3 23 5 7 9 -7 8 18 26 12 -12 15 -9 17 -4 -16 -10 19 -2 -13 -15 -23 -3 -25 -11 -1
right_child=4 2 10 -5 -6 6 -8 13 14 25 11 20 -14 21 16 -17 -18 -19 -20 -21 -22 22 -24 24 -26 -27 -28
leaf_value=-3.3195543801411985e-05 0.0016327095095707914 -0.0016859421506524087 0.00010399275925010443 -0.0011350265704095364 0.00013092673804250457 -3.3195543801411985e-05 -0.0019613999873399736 0.0024313557931842904 0.0010467324219644071 0.00024226228706538679 0.0007582388818264008 -3.2803704638758472e-05 -0.00057556750578805806 0.0021516116335988044 0.0011797204768906038 -2.8107029855005831e-05 0.0012850773800164462 0.0011151462234556676 0.0016572270711714574 0.0016059137895354072 -6.9824216916458687e-05 0.0021803423762321475 0.0021634066477417948 -0.0016859421506524087 -0.0016859421506524087 0.00024226228706538679 -3.3195543801411985e-05
leaf_weight=412 99 249 29 154 31 34 26 24 40 414 20 90 25 32 24 46 20 25 33 64 20 32 26 61 26 38 22
leaf_count=412 99 249 29 154 31 34 26 24 40 414 20 90 25 32 24 46 20 25 33 64 20 32 26 61 26 38 22
internal_value=9.03133e-13 -0.000420258 -0.00100411 -0.00011984 0.00155589 4.54235e-05 -0.000868751 0.00166132 0.00145203 0.000107331 -8.04505e-06 8.31997e-05 -0.000126663 0.00222126 0.00113544 2.29716e-05 0.00122761 0.00107305 0.00162809 0.00162219 -3.95347e-05 0.00216523 0.00217275 -0.00168594 -0.00168594 0.000242262 -3.31955e-05
internal_weight=2116 1666 566 1100 450 946 60 419 305 886 230 130 100 114 109 75 44 65 196 163 110 90 58 336 87 452 434
internal_count=2116 1666 566 1100 450 946 60 419 305 886 230 130 100 114 109 75 44 65 196 163 110 90 58 336 87 452 434
is_linear=0
shrinkage=0.05


Tree=44
num_leaves=23
num_cat=0
split_feature=14 15 11 18 13 13 16 1 0 16 6 0 6 2 0 1 0 7 7 0 0 0
split_gain=0.49948 0.10549 0.138768 0.0666226 0.0244048 0.0193274 0.0197749 0.0177262 0.00613714 0.00606474 0.000953066 0.00387148 0.000484412 0.000226291 4.37141e-05 2.6504e-05 2.59945e-05 1.21632e-05 1.00754e-05 3.32663e-06 1.48529e-06 2.71051e-20
threshold=1.0000000180025095e-35 1.0000000180025095e-35 1.0000000180025095e-35 1.0000000180025095e-35 1.0000000180025095e-35 1.0000000180025095e-35 1.0000000180025095e-35 0.49865001440048223 40.050001144409187 1.0000000180025095e-35 42.500000000000007 52.949998855590827 99.000000000000014 0.43549999594688421 52.949998855590827 0.30030000209808355 43.750000000000007 170927.75781250003 66252.466796875015 35.250000000000007 36.149999618530281 52.949998855590827
decision_type=2 2 2 2 2 2 2 2 2 2 2 2 2 2 2 2 2 2 2 2 2 2
left_child=1 3 -3 5 7 9 -7 8 17 21 -4 15 -9 16 -15 -12 -10 18 -2 -14 -21 -1
right_child=4 2 10 -5 -6 6 -8 12 13 -11 11 -13 19 14 -16 -17 -18 -19 -20 20 -22 -23
leaf_value=-3.153576690237969e-05 0.0015510739852683713 -0.0016016449779272081 -0.00024391748787214361 -0.0010782752186059951 0.00012438038153754128 -3.153576690237969e-05 -0.0018633300438523294 0.002309787979659935 0.00099439579527825137 0.00023014917969703676 -7.8413314435497994e-05 0.00069502233644016089 0.0020440311171114446 0.0011207344165692727 0.0012208234798163178 -2.9732337317399333e-05 0.0010593888722360135 0.0015743657720811441 0.0015256181286531501 0.0020713252946734429 0.0020552363246679308 -3.153576690237969e-05
leaf_weight=412 99 336 36 154 31 34 26 24 40 452 35 20 32 24 20 139 25 33 64 32 26 22
leaf_count=412 99 336 36 154 31 34 26 24 40 452 35 20 32 24 20 139 25 33 64 32 26 22
internal_value=1.25803e-11 -0.000399245 -0.000953906 -0.000113848 0.0014781 4.31523e-05 -0.000825313 0.00157825 0.00137942 0.000101965 -7.6428e-06 3.6202e-05 0.0021102 0.00107867 0.00116623 -3.95245e-05 0.00101939 0.00154668 0.00154108 0.00205697 0.00206411 -3.15358e-05
internal_weight=2116 1666 566 1100 450 946 60 419 305 886 230 194 114 109 44 174 65 196 163 90 58 434
internal_count=2116 1666 566 1100 450 946 60 419 305 886 230 194 114 109 44 174 65 196 163 90 58 434
is_linear=0
shrinkage=0.05


Tree=45
num_leaves=23
num_cat=0
split_feature=14 15 11 18 13 13 16 1 0 16 6 1 6 2 1 0 0 7 7 0 0 0
split_gain=0.450781 0.095205 0.125238 0.0601269 0.0220253 0.017443 0.0178469 0.0159979 0.00553877 0.00547343 0.000860142 0.00365435 0.000437182 0.000204227 0.000108909 3.9452e-05 2.346e-05 1.09773e-05 9.09309e-06 3.00227e-06 1.3405e-06 2.71051e-20
threshold=1.0000000180025095e-35 1.0000000180025095e-35 1.0000000180025095e-35 1.0000000180025095e-35 1.0000000180025095e-35 1.0000000180025095e-35 1.0000000180025095e-35 0.49865001440048223 40.050001144409187 1.0000000180025095e-35 42.500000000000007 0.25009999424219137 99.000000000000014 0.43549999594688421 0.30030000209808355 52.949998855590827 43.750000000000007 170927.75781250003 66252.466796875015 35.250000000000007 36.149999618530281 44.500000000000007
decision_type=2 2 2 2 2 2 2 2 2 2 2 2 2 2 2 2 2 2 2 2 2 2
left_child=1 3 -3 5 7 9 -7 8 17 21 -4 -12 -9 16 -13 -15 -10 18 -2 -14 -21 -1
right_child=4 2 10 -5 -6 6 -8 12 13 -11 11 14 19 15 -16 -17 -18 -19 -20 20 -22 -23
leaf_value=-2.995897666551173e-05 0.0014735203198712283 -0.0015215627849102021 -0.00023172161373723714 -0.0010243615135550499 0.00011816138191328895 -2.995897666551173e-05 -0.0017701635137200356 0.0021942986175417902 0.00094467598712071792 0.00021864173468202355 0.00061194637661780393 -0.00013188818359800104 0.0019418295472860337 0.0010646977617094914 -2.8245719587051378e-05 0.0011597823351621628 0.0010064194351434709 0.0014956474614640078 0.0014493372218566947 0.0019677590578794481 0.0019524743780493738 -2.995897666551173e-05
leaf_weight=391 99 336 36 154 31 34 26 24 40 452 24 31 32 24 139 20 25 33 64 32 26 43
leaf_count=391 99 336 36 154 31 34 26 24 40 452 24 31 32 24 139 20 25 33 64 32 26 43
internal_value=3.0009e-12 -0.000379283 -0.00090621 -0.000108155 0.00140419 4.09947e-05 -0.000784048 0.00149934 0.00131045 9.68667e-05 -7.26067e-06 3.43919e-05 0.00200469 0.00102473 -4.71452e-05 0.00110792 0.000968423 0.00146935 0.00146403 0.00195412 0.00196091 -2.9959e-05
internal_weight=2116 1666 566 1100 450 946 60 419 305 886 230 194 114 109 170 44 65 196 163 90 58 434
internal_count=2116 1666 566 1100 450 946 60 419 305 886 230 194 114 109 170 44 65 196 163 90 58 434
is_linear=0
shrinkage=0.05


Tree=46
num_leaves=31
num_cat=0
split_feature=14 15 11 18 0 13 16 1 0 16 1 6 6 0 0 6 11 6 2 6 0 1 6 0 1 0 0 0 0 0
split_gain=0.40683 0.0859225 0.113027 0.0542645 0.0201749 0.0157423 0.0161068 0.0060125 0.00558268 0.00493977 0.000899583 0.00141106 0.000832235 0.00347726 0.00263335 0.000152442 6.93938e-05 0.00019009 5.86492e-05 5.31431e-05 2.11727e-05 1.8159e-05 1.65985e-05 6.7031e-06 3.69631e-06 5.28054e-07 5.55112e-17 6.93889e-18 1.73472e-18 2.71051e-20
threshold=1.0000000180025095e-35 1.0000000180025095e-35 1.0000000180025095e-35 1.0000000180025095e-35 40.050001144409187 1.0000000180025095e-35 1.0000000180025095e-35 0.49865001440048223 52.949998855590827 1.0000000180025095e-35 0.53999999165534984 99.000000000000014 54.500000000000007 44.500000000000007 47.350000381469734 42.500000000000007 1.0000000180025095e-35 82.500000000000014 0.55149999260902416 114.50000000000001 43.750000000000007 0.41359999775886541 66.000000000000014 41.350000381469734 0.4423500001430512 36.149999618530281 41.350000381469734 42.899999618530281 42.649999618530281 52.949998855590827
decision_type=2 2 2 2 2 2 2 2 2 2 2 2 2 2 2 2 2 2 2 2 2 2 2 2 2 2 2 2 2 2
left_child=1 3 26 5 7 9 -7 16 18 29 11 -9 14 23 15 -4 17 -2 20 -19 22 -18 -6 -14 -23 -13 -3 -5 -11 -1
right_child=4 2 12 27 8 6 -8 10 -10 28 -12 25 13 -15 -16 -17 21 19 -20 -21 -22 24 -24 -25 -26 -27 -28 -29 -30 -31
leaf_value=-2.8461028705351055e-05 0.0012025883002206685 -0.0014454846270382405 0.00012257506605237723 -0.0009731434285640717 0.00086523339152336134 -2.8461028705351055e-05 -0.0016816552728414536 0.001449111641930609 9.9039249122142808e-05 0.00020770963747054341 0.0021038016747860684 0.0018636981646219892 -2.7926122226441902e-05 0.00068297451187390842 -0.00055975179816596219 -2.380277453045457e-05 0.0013755035905965737 0.0013350475062098768 0.0010114628278339902 0.0014048753357069059 0.00095609849318861967 0.0014100991332760225 0.00092965100891888135 -5.9927443089691224e-05 0.0014379460364580155 0.0018548507243394852 -0.0014454846270382405 -0.0009731434285640717 0.00020770963747054341 -2.8461028705351055e-05
leaf_weight=412 20 310 29 133 20 34 26 29 25 389 21 48 90 20 25 46 35 54 24 55 25 26 20 20 22 26 26 21 63 22
leaf_count=412 20 310 29 133 20 34 26 29 25 389 21 48 90 20 25 46 35 54 24 55 25 26 20 20 22 26 26 21 63 22
internal_value=6.30001e-12 -0.000360319 -0.0008609 -0.000102747 0.00133398 3.8945e-05 -0.000744845 0.00152899 0.000759221 9.20233e-05 0.00180555 0.00174474 -6.89763e-06 7.65199e-05 -0.00011534 3.27967e-05 0.00136723 0.00134428 0.000944666 0.00137028 0.000920002 0.00140289 0.000897442 -3.37445e-05 0.00142286 0.00186059 -0.00144548 -0.000973143 0.00020771 -2.8461e-05
internal_weight=2116 1666 566 1100 450 946 60 336 114 886 124 103 230 130 100 75 212 129 89 109 65 83 40 110 48 74 336 154 452 434
internal_count=2116 1666 566 1100 450 946 60 336 114 886 124 103 230 130 100 75 212 129 89 109 65 83 40 110 48 74 336 154 452 434
is_linear=0
shrinkage=0.05


Tree=47
num_leaves=24
num_cat=0
split_feature=14 15 11 18 13 13 16 1 16 0 6 1 6 0 1 2 7 7 1 0 0 0 0
split_gain=0.367164 0.0775451 0.102007 0.0489737 0.0195469 0.0142074 0.0145364 0.0130085 0.00445814 0.00432807 0.000775113 0.0032265 0.000451523 0.000259742 0.000101031 5.29309e-05 1.04429e-05 7.73271e-06 5.5684e-06 6.45693e-07 5.55112e-17 6.93889e-18 2.71051e-20
threshold=1.0000000180025095e-35 1.0000000180025095e-35 1.0000000180025095e-35 1.0000000180025095e-35 1.0000000180025095e-35 1.0000000180025095e-35 1.0000000180025095e-35 0.49865001440048223 1.0000000180025095e-35 40.050001144409187 42.500000000000007 0.25009999424219137 99.000000000000014 52.949998855590827 0.30030000209808355 0.55149999260902416 170927.75781250003 66252.466796875015 0.53709998726844799 36.149999618530281 41.000000000000007 42.649999618530281 52.949998855590827
decision_type=2 2 2 2 2 2 2 2 2 2 2 2 2 2 2 2 2 2 2 2 2 2 2
left_child=1 3 20 5 7 8 -7 9 22 16 -4 -12 -9 15 -13 -11 17 -2 19 -14 -3 -5 -1
right_child=4 2 10 21 -6 6 -8 12 -10 13 11 14 18 -15 -16 -17 -18 -19 -20 -21 -22 -23 -24
leaf_value=-2.7037976542487742e-05 0.0013306143411406966 -0.0013732104562222958 -0.00021963053441140801 -0.0009244862012565136 5.5765440206854576e-05 -2.7037976542487742e-05 -0.0015975724905729295 0.0020053083969590563 0.00019732415676116944 0.00087400217612202357 0.00057567954536352772 -0.00012524828478842296 0.0017721340947207951 0.0010968412552028895 -2.5424776680888141e-05 0.00096088968372593322 0.0013527011865693513 0.0013083134530461394 0.0017393611710179936 0.0017621081322431566 -0.0013732104562222958 -0.0009244862012565136 -2.7037976542487742e-05
leaf_weight=412 99 303 36 131 31 34 26 24 452 65 24 31 42 20 139 24 33 64 22 26 33 23 22
leaf_count=412 99 303 36 131 31 34 26 24 452 65 24 31 42 20 139 24 33 64 22 26 33 23 22
internal_value=4.55607e-14 -0.000342303 -0.000817855 -9.761e-05 0.00126728 3.69977e-05 -0.000707603 0.00135692 8.74222e-05 0.00118659 -6.55274e-06 3.29875e-05 0.00181261 0.000934021 -4.36279e-05 0.000897433 0.00132705 0.00132186 0.00176123 0.0017683 -0.00137321 -0.000924486 -2.7038e-05
internal_weight=2116 1666 566 1100 450 946 60 419 886 305 230 194 114 109 170 89 196 163 90 68 336 154 434
internal_count=2116 1666 566 1100 450 946 60 419 886 305 230 194 114 109 170 89 196 163 90 68 336 154 434
is_linear=0
shrinkage=0.05


Tree=48
num_leaves=27
num_cat=0
split_feature=14 15 11 18 13 13 16 1 16 0 6 1 0 6 0 6 2 6 0 1 0 0 0 1 0 1
split_gain=0.331365 0.0699845 0.0920614 0.0441988 0.0176411 0.0128222 0.0131191 0.0117402 0.00402347 0.00390608 0.000729629 0.0030932 0.00248645 0.0004075 0.000234417 0.000157464 4.77702e-05 1.11895e-05 9.53875e-06 5.02547e-06 4.99683e-06 5.82722e-07 2.77556e-17 6.93889e-18 8.67362e-19 1.35525e-20
threshold=1.0000000180025095e-35 1.0000000180025095e-35 1.0000000180025095e-35 1.0000000180025095e-35 1.0000000180025095e-35 1.0000000180025095e-35 1.0000000180025095e-35 0.49865001440048223 1.0000000180025095e-35 40.050001144409187 54.500000000000007 0.27414999902248388 47.350000381469734 99.000000000000014 52.949998855590827 42.500000000000007 0.55149999260902416 63.000000000000007 39.500000000000007 0.53709998726844799 32.949998855590827 36.149999618530281 36.049999237060554 0.34874999523162847 42.250000000000007 0.47834999859333044
decision_type=2 2 2 2 2 2 2 2 2 2 2 2 2 2 2 2 2 2 2 2 2 2 2 2 2 2
left_child=1 3 22 5 7 8 -7 9 25 18 12 -12 15 -9 16 -4 -11 -13 20 21 -2 -15 -3 -5 -10 -1
right_child=4 2 10 23 -6 6 -8 13 24 14 11 17 -14 19 -16 -17 -18 -19 -20 -21 -22 -23 -24 -25 -26 -27
leaf_value=-2.568607742432505e-05 0.0012793241334812981 -0.0013045499101281167 0.00012742783874273301 -0.0008782619610428811 5.2977164065645595e-05 -2.568607742432505e-05 -0.0015176938846707345 0.0019050429963196319 0.00018745794659480453 0.00083030207655750794 0.00064386495912913241 -5.5958209422362205e-05 -0.000539600842865184 0.0016835273199138187 0.0010419992078095676 -2.1341396895086686e-05 0.00091284524338940782 -2.1449710522191661e-05 0.0012895465679466725 0.0016523931006138975 0.0012532829816142719 0.0016740027815103531 -0.0013045499101281167 -0.0008782619610428811 0.00018745794659480453 -2.568607742432505e-05
leaf_weight=273 21 100 29 31 31 34 26 24 383 65 20 34 25 42 20 46 24 76 25 22 150 26 236 123 69 161
leaf_count=273 21 100 29 31 31 34 26 24 383 65 20 34 25 42 20 46 24 76 25 22 150 26 236 123 69 161
internal_value=-2.80577e-12 -0.000325188 -0.000776962 -9.27295e-05 0.00120392 3.51479e-05 -0.000672223 0.00128907 8.30511e-05 0.00112726 -6.22511e-06 7.18811e-05 -0.000107763 0.00172198 0.00088732 3.61827e-05 0.000852561 -3.2116e-05 0.0012607 0.00167317 0.00125648 0.00167989 -0.00130455 -0.000878262 0.000187458 -2.56861e-05
internal_weight=2116 1666 566 1100 450 946 60 419 886 305 230 130 100 114 109 75 89 110 196 90 171 68 336 154 452 434
internal_count=2116 1666 566 1100 450 946 60 419 886 305 230 130 100 114 109 75 89 110 196 90 171 68 336 154 452 434
is_linear=0
shrinkage=0.05


Tree=49
num_leaves=23
num_cat=0
split_feature=14 15 11 18 13 13 16 1 16 0 6 0 6 0 1 1 7 7 1 6 0 0
split_gain=0.299057 0.063161 0.0830854 0.0398894 0.0159211 0.011572 0.01184 0.0105955 0.00363118 0.00352524 0.000700906 0.0029041 0.000367768 0.000211561 4.43968e-05 3.43821e-05 9.49912e-06 6.90794e-06 4.53549e-06 5.46116e-07 2.77556e-17 1.35525e-20
threshold=1.0000000180025095e-35 1.0000000180025095e-35 1.0000000180025095e-35 1.0000000180025095e-35 1.0000000180025095e-35 1.0000000180025095e-35 1.0000000180025095e-35 0.49865001440048223 1.0000000180025095e-35 40.050001144409187 42.500000000000007 52.949998855590827 99.000000000000014 52.949998855590827 0.32389999926090246 0.30030000209808355 170927.75781250003 66252.466796875015 0.53709998726844799 174.50000000000003 39.649999618530281 52.949998855590827
decision_type=2 2 2 2 2 2 2 2 2 2 2 2 2 2 2 2 2 2 2 2 2 2
left_child=1 3 20 5 7 8 -7 9 21 16 -4 15 -9 14 -11 -12 17 -2 19 -14 -3 -1
right_child=4 2 10 -5 -6 6 -8 12 -10 13 11 -13 18 -15 -16 -17 -18 -19 -20 -21 -22 -23
leaf_value=-2.440177486278117e-05 0.0012009869310816732 -0.0012393224053084851 -0.0002085353901040637 -0.0008343487977981568 5.0328333952253868e-05 -2.440177486278117e-05 -0.0014418091624975205 0.0018097908410709353 0.00017808504635468127 0.00076606833775128642 -7.8193564279769952e-05 0.00060228955931961546 0.0015989901093037232 0.00098989922553300853 0.00083836357937090928 -2.2747690939945806e-05 0.0012221272470373098 0.0011799088839325124 0.0015697734769095075 0.0015894120728427716 -0.0012393224053084851 -2.440177486278117e-05
leaf_weight=412 99 283 36 154 31 34 26 24 452 35 35 20 46 20 54 139 33 64 22 22 53 22
leaf_count=412 99 283 36 154 31 34 26 24 452 35 35 20 46 20 54 139 33 64 22 22 53 22
internal_value=5.4721e-12 -0.000308928 -0.000738114 -8.8093e-05 0.00114372 3.33905e-05 -0.000638612 0.00122462 7.88985e-05 0.0010709 -5.91385e-06 3.1686e-05 0.00163588 0.000842954 0.000809933 -3.39006e-05 0.00119766 0.00119271 0.00158951 0.00159589 -0.00123932 -2.44018e-05
internal_weight=2116 1666 566 1100 450 946 60 419 886 305 230 194 114 109 89 174 196 163 90 68 336 434
internal_count=2116 1666 566 1100 450 946 60 419 886 305 230 194 114 109 89 174 196 163 90 68 336 434
is_linear=0
shrinkage=0.05


Tree=50
num_leaves=30
num_cat=0
split_feature=14 15 11 18 0 13 16 2 1 16 12 6 6 1 0 1 11 6 0 0 6 1 1 2 1 0 0 0 0
split_gain=0.269899 0.0570028 0.0749846 0.0360002 0.0148431 0.0104438 0.0106856 0.00536523 0.00391451 0.00327714 0.000760902 0.00128363 0.000632568 0.00270825 0.000224557 0.00010414 2.32147e-05 4.71993e-05 5.65032e-05 1.9357e-05 1.56964e-05 1.54375e-05 1.51593e-05 5.19538e-06 3.88385e-06 2.77556e-17 6.93889e-18 8.67362e-19 1.35525e-20
threshold=1.0000000180025095e-35 1.0000000180025095e-35 1.0000000180025095e-35 1.0000000180025095e-35 40.050001144409187 1.0000000180025095e-35 1.0000000180025095e-35 0.54949998855590831 0.49865001440048223 1.0000000180025095e-35 1.0000000180025095e-35 102.00000000000001 42.500000000000007 0.25009999424219137 52.949998855590827 0.30030000209808355 1.0000000180025095e-35 114.50000000000001 37.750000000000007 43.750000000000007 66.000000000000014 0.41884998977184301 0.45634999871253973 0.17949999868869784 0.53709998726844799 40.300001144409187 36.049999237060554 50.549999237060554 47.350000381469734
decision_type=2 2 2 2 2 2 2 2 2 2 2 2 2 2 2 2 2 2 2 2 2 2 2 2 2 2 2 2 2
left_child=1 3 25 5 8 9 -7 14 16 28 -10 -12 -4 -14 19 -15 17 18 -2 20 -6 23 -19 -18 -13 -3 -5 -11 -1
right_child=4 2 12 26 7 6 -8 -9 10 27 11 24 13 15 -16 -17 21 22 -20 -21 -22 -23 -24 -25 -26 -27 -28 -29 -30
leaf_value=-2.31816855375655e-05 0.0011132758037716735 -0.0011773562990128996 -0.00019810862819819399 -0.00079263141378760338 0.00069592273561283949 -2.31816855375655e-05 -0.0013697187416255475 6.2905187750684803e-06 0.0017365017804600623 0.00016918079927563667 0.0010699387617586623 0.0015159576874354791 0.00052730326970049644 -0.00012295849047668821 0.00094040427356958391 -2.16103057158657e-05 0.0011061301793564449 0.0011798160010948779 0.0010188754728954771 0.00078332901000976562 0.00075856540584936746 0.0011662656324915588 0.0011252475902438165 0.0011408991446452482 0.0014912847514179622 -0.0011773562990128996 -0.00079263141378760338 0.00016918079927563667 -2.31816855375655e-05
leaf_weight=402 51 299 36 40 20 34 26 29 23 426 21 58 24 31 20 139 22 20 23 25 20 40 35 21 22 37 114 26 32
leaf_count=402 51 299 36 40 20 34 26 29 23 426 21 58 24 31 20 139 22 20 23 25 20 40 35 21 22 37 114 26 32
internal_value=-1.93607e-12 -0.000293482 -0.000701208 -8.36884e-05 0.00108654 3.17209e-05 -0.000606681 0.000593539 0.0012538 7.49536e-05 0.00147695 0.00141785 -5.61816e-06 3.01017e-05 0.000793895 -4.00914e-05 0.00112328 0.00111001 0.00108394 0.000748815 0.000727244 0.00114391 0.00114509 0.00112311 0.00150917 -0.00117736 -0.000792631 0.000169181 -2.31817e-05
internal_weight=2116 1666 566 1100 450 946 60 114 336 886 124 101 230 194 85 170 212 129 74 65 40 83 55 43 80 336 154 452 434
internal_count=2116 1666 566 1100 450 946 60 114 336 886 124 101 230 194 85 170 212 129 74 65 40 83 55 43 80 336 154 452 434
is_linear=0
shrinkage=0.05


Tree=51
num_leaves=27
num_cat=0
split_feature=14 15 11 18 13 13 16 1 16 0 6 0 0 1 0 1 2 6 0 0 7 0 7 1 0 0
split_gain=0.243584 0.051445 0.0676736 0.0324902 0.0143948 0.0094255 0.00964373 0.00868057 0.00295762 0.00271959 0.000610054 0.00248899 0.00241214 0.000343479 0.000479233 0.000876753 0.000219733 0.000180874 2.04238e-05 1.74697e-05 8.67362e-06 7.9232e-06 6.2994e-06 2.77556e-17 8.67362e-19 1.35525e-20
threshold=1.0000000180025095e-35 1.0000000180025095e-35 1.0000000180025095e-35 1.0000000180025095e-35 1.0000000180025095e-35 1.0000000180025095e-35 1.0000000180025095e-35 0.49865001440048223 1.0000000180025095e-35 40.050001144409187 54.500000000000007 44.500000000000007 47.350000381469734 0.53999999165534984 35.250000000000007 0.50910001993179332 0.43549999594688421 42.500000000000007 52.949998855590827 43.750000000000007 170927.75781250003 41.350000381469734 66252.466796875015 0.53649997711181652 50.549999237060554 41.850000381469734
decision_type=2 2 2 2 2 2 2 2 2 2 2 2 2 2 2 2 2 2 2 2 2 2 2 2 2 2
left_child=1 3 23 5 7 8 -7 9 25 20 12 21 17 14 -9 -16 19 -4 -18 -11 22 -12 -2 -3 -10 -1
right_child=4 2 10 -5 -6 6 -8 13 24 16 11 -13 -14 -15 15 -17 18 -19 -20 -21 -22 -23 -24 -25 -26 -27
leaf_value=-2.2022602206561717e-05 0.0010845052031329785 -0.0011184885166585447 0.0001413886551745236 -0.00075299981981515887 -7.4540865757772997e-06 -2.2022602206561717e-05 -0.0013012328185141087 0.0016569820884615183 0.00016072175931185486 0.00069088188349269335 -2.0880302521012103e-05 0.00057917013589758426 -0.0005235188705846668 0.0016640206355424153 0.0015881815676887833 0.001235993071134354 0.00082497023977339272 -1.8056427056169766e-05 0.00089338405989110477 0.00074416253715753561 0.00110471122192614 -5.5672383386990982e-05 0.001064376965223346 -0.0011184885166585447 0.00016072175931185486 -2.2022602206561717e-05
leaf_weight=363 99 298 29 154 31 34 26 20 426 40 90 20 25 21 30 43 24 46 20 25 33 20 64 38 26 71
leaf_count=363 99 298 29 154 31 34 26 20 426 40 90 20 25 21 30 43 24 46 20 25 33 20 64 38 26 71
internal_value=-6.56401e-12 -0.000278808 -0.000666148 -7.9504e-05 0.00103221 3.01349e-05 -0.000576347 0.00110913 7.12059e-05 0.000969993 -5.33725e-06 6.60825e-05 -9.8183e-05 0.00148138 0.00144014 0.00138073 0.000769783 4.35957e-05 0.000856067 0.000711374 0.00108133 -2.72061e-05 0.0010766 -0.00111849 0.000160722 -2.20226e-05
internal_weight=2116 1666 566 1100 450 946 60 419 886 305 230 130 100 114 93 73 109 75 44 65 196 110 163 336 452 434
internal_count=2116 1666 566 1100 450 946 60 419 886 305 230 130 100 114 93 73 109 75 44 65 196 110 163 336 452 434
is_linear=0
shrinkage=0.05


Tree=52
num_leaves=26
num_cat=0
split_feature=14 15 11 18 13 13 16 1 16 0 6 1 6 2 1 0 0 0 0 0 0 6 0 0 0
split_gain=0.219834 0.0464291 0.0610754 0.0293224 0.0129913 0.00850651 0.00870346 0.00783422 0.00266925 0.00245443 0.00057635 0.00240177 0.000342142 0.000198309 9.47913e-05 1.84325e-05 1.57664e-05 1.18837e-05 8.56636e-06 5.02485e-06 4.43363e-06 2.77556e-17 6.93889e-18 8.67362e-19 1.35525e-20
threshold=1.0000000180025095e-35 1.0000000180025095e-35 1.0000000180025095e-35 1.0000000180025095e-35 1.0000000180025095e-35 1.0000000180025095e-35 1.0000000180025095e-35 0.49865001440048223 1.0000000180025095e-35 40.050001144409187 42.500000000000007 0.25009999424219137 99.000000000000014 0.43549999594688421 0.30030000209808355 52.949998855590827 43.750000000000007 35.250000000000007 39.500000000000007 36.149999618530281 32.949998855590827 224.50000000000003 41.850000381469734 40.300001144409187 50.549999237060554
decision_type=2 2 2 2 2 2 2 2 2 2 2 2 2 2 2 2 2 2 2 2 2 2 2 2 2
left_child=1 3 21 5 7 8 -7 9 24 18 -4 -12 -9 16 -13 -15 -11 -14 20 -19 -2 -3 -5 -10 -1
right_child=4 2 10 22 -6 6 -8 12 23 13 11 14 17 15 -16 -17 -18 19 -20 -21 -22 -23 -24 -25 -26
leaf_value=-2.0921471877954902e-05 0.0010447885042854719 -0.0010625640861690044 -0.00018880826957886005 -0.00071534984745085244 -7.0813487494184131e-06 -2.0921471877954902e-05 -0.0012361711822450163 0.0015750502255590011 0.00015268566785380246 0.000656337778782472 0.00049724957874180595 -0.00011613685543829156 0.0013381191645748915 0.00078372174563507238 -1.9444895669229148e-05 0.00084871484898030769 0.00070695441216230394 0.0013893405761336909 0.001054606106132269 0.0013597479197554865 0.001020258800437053 -0.0010625640861690044 -0.00071534984745085244 0.00015268566785380246 -2.0921471877954902e-05
leaf_weight=406 21 315 36 127 31 34 26 24 343 40 24 31 32 24 139 20 25 32 25 26 150 21 27 109 28
leaf_count=406 21 315 36 127 31 34 26 24 343 40 24 31 32 24 139 20 25 32 25 26 150 21 27 109 28
internal_value=-7.15578e-12 -0.000264868 -0.000632841 -7.55288e-05 0.000980599 2.86281e-05 -0.00054753 0.00105367 6.76456e-05 0.000921494 -5.07039e-06 2.90253e-05 0.00140731 0.000731293 -3.7077e-05 0.000813264 0.000675806 0.00136258 0.00102727 0.00137607 0.00102327 -0.00106256 -0.00071535 0.000152686 -2.09215e-05
internal_weight=2116 1666 566 1100 450 946 60 419 886 305 230 194 114 109 170 44 65 90 196 58 171 336 154 452 434
internal_count=2116 1666 566 1100 450 946 60 419 886 305 230 194 114 109 170 44 65 90 196 58 171 336 154 452 434
is_linear=0
shrinkage=0.05


Tree=53
num_leaves=25
num_cat=0
split_feature=14 15 11 18 7 13 16 1 16 0 6 0 1 6 1 6 2 1 6 0 0 6 0 0
split_gain=0.198401 0.0419023 0.0551205 0.0264635 0.0123271 0.00767713 0.00785487 0.00617293 0.002409 0.0022572 0.000534908 0.00226607 0.00221884 0.000433783 0.000194126 0.000182001 7.36909e-05 1.43626e-05 1.37949e-05 1.17379e-05 9.60638e-06 3.855e-06 8.67362e-19 1.35525e-20
threshold=1.0000000180025095e-35 1.0000000180025095e-35 1.0000000180025095e-35 1.0000000180025095e-35 299261.06250000006 1.0000000180025095e-35 1.0000000180025095e-35 0.49865001440048223 1.0000000180025095e-35 40.050001144409187 54.500000000000007 47.350000381469734 0.27414999902248388 95.500000000000014 0.53649997711181652 42.500000000000007 0.55149999260902416 0.33605000376701361 63.000000000000007 39.500000000000007 37.750000000000007 174.50000000000003 43.299999237060554 44.500000000000007
decision_type=2 2 2 2 2 2 2 2 2 2 2 2 2 2 2 2 2 2 2 2 2 2 2 2
left_child=1 3 -3 5 7 8 -7 9 23 19 11 15 -12 -9 21 -4 17 -11 -14 20 -2 -15 -10 -1
right_child=4 2 10 -5 -6 6 -8 13 22 16 12 -13 18 14 -16 -17 -18 -19 -20 -21 -22 -23 -24 -25
leaf_value=-1.9875398720614612e-05 0.00097168302619373879 -0.0010094358585774899 0.00014375963946804406 -0.00067958235740661621 -4.7601681823531791e-05 -1.9875398720614612e-05 -0.0011743625625967981 0.0014962976837220292 0.00014505138387903573 0.00062025559400873532 0.00054650314385071405 -0.00050401318096555774 -5.249371486784452e-05 0.0013116586447247992 0.0011449592722648824 -1.6181361586305961e-05 0.00074453564981619526 0.00066740192007273434 -1.4177829947776015e-05 0.0010018758103251457 0.00094496672126379879 0.001286211076446555 0.00014505138387903573 -1.9875398720614612e-05
leaf_weight=391 143 336 29 154 30 34 26 24 400 35 20 25 34 46 27 46 24 30 76 25 44 22 52 43
leaf_count=391 143 336 29 154 30 34 26 24 400 35 20 25 34 46 27 46 24 30 76 25 44 22 52 43
internal_value=-9.37003e-13 -0.000251624 -0.000601198 -7.17523e-05 0.000931569 2.71967e-05 -0.000520153 0.00100151 6.42633e-05 0.000880983 -4.81687e-06 -9.17564e-05 6.20597e-05 0.00130637 0.00125839 4.56625e-05 0.000669661 0.000642015 -2.60209e-05 0.000969699 0.000965397 0.00130343 0.000145051 -1.98754e-05
internal_weight=2116 1666 566 1100 450 946 60 420 886 301 230 100 130 119 95 75 89 65 110 212 187 68 452 434
internal_count=2116 1666 566 1100 450 946 60 420 886 301 230 100 130 119 95 75 89 65 110 212 187 68 452 434
is_linear=0
shrinkage=0.05


Tree=54
num_leaves=24
num_cat=0
split_feature=14 15 11 18 13 13 16 1 16 0 6 0 1 0 1 2 0 1 0 7 7 0 0
split_gain=0.179057 0.0378168 0.0497463 0.0238833 0.0113905 0.00692861 0.00708902 0.00632915 0.00217412 0.00188725 0.000526918 0.00219819 0.000327675 0.000499771 0.00127197 0.000216011 4.48228e-05 3.76967e-05 1.43691e-05 7.81687e-06 5.69707e-06 2.77556e-17 4.33681e-19
threshold=1.0000000180025095e-35 1.0000000180025095e-35 1.0000000180025095e-35 1.0000000180025095e-35 1.0000000180025095e-35 1.0000000180025095e-35 1.0000000180025095e-35 0.49865001440048223 1.0000000180025095e-35 40.050001144409187 42.500000000000007 52.949998855590827 0.53999999165534984 36.149999618530281 0.52449998259544384 0.43549999594688421 52.949998855590827 0.30030000209808355 43.750000000000007 170927.75781250003 66252.466796875015 40.300001144409187 41.649999618530281
decision_type=2 2 2 2 2 2 2 2 2 2 2 2 2 2 2 2 2 2 2 2 2 2 2
left_child=1 3 21 5 7 8 -7 9 -1 19 -4 17 13 14 -9 18 -17 -12 -11 20 -2 -3 -10
right_child=4 2 10 -5 -6 6 -8 12 22 15 11 -13 -14 -15 -16 16 -18 -19 -20 -21 -22 -23 -24
leaf_value=-1.8881628056988121e-05 0.00093038256345975281 -0.00095896404236555104 -0.00018025803534934919 -0.00064560323953628547 -3.9837848875791794e-05 -1.8881628056988121e-05 -0.0011156444437801839 0.0015798469575551842 0.00013779881410300732 0.00059132945025339731 -7.5415540736035587e-05 0.0005244587518973276 0.0014496624558454469 0.001070959641947411 0.0011181541040007558 0.00070730887042979402 0.00080865919589996344 -1.7358475028061502e-05 0.00063965099863708022 0.00094955156021045916 0.00091124079335713759 -0.00095896404236555104 0.00013779881410300732
leaf_weight=434 99 299 36 154 31 34 26 26 372 40 35 20 21 32 35 24 20 139 25 33 64 37 80
leaf_count=434 99 299 36 154 31 34 26 26 372 40 35 20 21 32 35 24 20 139 25 33 64 37 80
internal_value=1.69176e-13 -0.000239043 -0.000571139 -6.81647e-05 0.00088499 2.58369e-05 -0.000494146 0.000953414 6.10502e-05 0.000834608 -4.57603e-06 2.80248e-05 0.00127127 0.00123099 0.00131494 0.000667826 0.000753377 -2.90366e-05 0.000609915 0.00092736 0.000922867 -0.000958964 0.000137799
internal_weight=2116 1666 566 1100 450 946 60 419 886 305 230 194 114 93 61 109 44 174 65 196 163 336 452
internal_count=2116 1666 566 1100 450 946 60 419 886 305 230 194 114 93 61 109 44 174 65 196 163 336 452
is_linear=0
shrinkage=0.05


Tree=55
num_leaves=25
num_cat=0
split_feature=14 15 11 18 0 13 16 1 16 0 12 6 6 1 1 2 1 0 2 1 1 0 0 0
split_gain=0.161599 0.0341297 0.044896 0.0215546 0.0108049 0.00625307 0.00639784 0.00435428 0.00196215 0.00188417 0.00110715 0.00113284 0.000475544 0.00202598 9.44149e-05 6.00217e-05 1.30957e-05 8.12264e-06 9.5741e-06 6.15038e-06 2.77556e-17 3.46945e-18 8.67362e-19 6.77626e-21
threshold=1.0000000180025095e-35 1.0000000180025095e-35 1.0000000180025095e-35 1.0000000180025095e-35 52.949998855590827 1.0000000180025095e-35 1.0000000180025095e-35 0.49865001440048223 1.0000000180025095e-35 40.050001144409187 1.0000000180025095e-35 102.00000000000001 42.500000000000007 0.25009999424219137 0.30030000209808355 0.55149999260902416 0.33605000376701361 39.500000000000007 0.083999998867511763 0.53709998726844799 0.51020002365112316 40.699998855590827 43.299999237060554 45.20000076293946
decision_type=2 2 2 2 2 2 2 2 2 2 2 2 2 2 2 2 2 2 2 2 2 2 2 2
left_child=1 3 20 5 7 8 -7 9 23 17 -9 -12 -4 -14 -15 16 -11 18 -2 -13 -3 -5 -10 -1
right_child=4 2 12 21 -6 6 -8 10 22 15 11 19 13 14 -16 -17 -18 -19 -20 -21 -22 -23 -24 -25
leaf_value=-1.793754636310041e-05 0.00090760898776352415 -0.00091101583093404774 -0.00017124514237770605 -0.00061332304030656823 -0.00016943859681487085 -1.793754636310041e-05 -0.0010598622262477876 0.0014625931482600131 0.00013090887805446982 0.00055864087572055207 0.00075138051373263202 0.0011725475497800729 0.0004566604126011953 -0.00011299039019391903 -1.6490550850569975e-05 0.00067194343234101936 0.00060365999272714061 0.00090526258945465088 0.00087100178293303811 0.0011414990421723236 -0.00091101583093404774 -0.00061332304030656823 0.00013090887805446982 -1.793754636310041e-05
leaf_weight=396 20 245 36 119 25 34 26 23 400 35 21 58 24 31 139 24 30 25 167 22 91 35 52 38
leaf_count=396 20 245 36 119 25 34 26 23 400 35 21 58 24 31 139 24 30 25 167 22 91 35 52 38
internal_value=5.74409e-12 -0.000227091 -0.000542582 -6.47565e-05 0.000840741 2.45451e-05 -0.000469438 0.000900163 5.79976e-05 0.000797442 0.00114951 0.00107822 -4.34723e-06 2.66235e-05 -3.40876e-05 0.000604369 0.000579419 0.000878495 0.000874917 0.00116401 -0.000911016 -0.000613323 0.000130909 -1.79375e-05
internal_weight=2116 1666 566 1100 450 946 60 425 886 301 124 101 230 194 170 89 65 212 187 80 336 154 452 434
internal_count=2116 1666 566 1100 450 946 60 425 886 301 124 101 230 194 170 89 65 212 187 80 336 154 452 434
is_linear=0
shrinkage=0.05


Tree=56
num_leaves=27
num_cat=0
split_feature=14 15 11 18 13 13 16 1 16 0 6 0 0 0 0 6 0 6 2 2 7 7 0 0 0 6
split_gain=0.145843 0.030802 0.0405187 0.0194531 0.0103507 0.00564339 0.00577405 0.00518427 0.00177084 0.00142824 0.000446943 0.00218095 0.00177795 0.000317447 0.000358062 0.00027062 0.000267982 0.00020039 5.41696e-05 1.01411e-05 7.11487e-06 4.92643e-06 1.38778e-17 3.46945e-18 4.33681e-19 1.35525e-20
threshold=1.0000000180025095e-35 1.0000000180025095e-35 1.0000000180025095e-35 1.0000000180025095e-35 1.0000000180025095e-35 1.0000000180025095e-35 1.0000000180025095e-35 0.49865001440048223 1.0000000180025095e-35 40.050001144409187 54.500000000000007 47.350000381469734 44.500000000000007 36.300001144409187 34.949998855590827 102.00000000000001 52.949998855590827 42.500000000000007 0.55149999260902416 0.22249999642372134 170927.75781250003 66252.466796875015 36.649999618530281 39.100000381469734 34.649999618530281 69.500000000000014
decision_type=2 2 2 2 2 2 2 2 2 2 2 2 2 2 2 2 2 2 2 2 2 2 2 2 2 2
left_child=1 3 22 5 7 8 -7 9 25 20 11 17 19 14 -9 -16 18 -4 -11 -12 21 -2 -3 -5 -10 -1
right_child=4 2 10 23 -6 6 -8 13 24 16 12 -13 -14 -15 15 -17 -18 -19 -20 -21 -22 -23 -24 -25 -26 -27
leaf_value=-1.7040669627022e-05 0.0008397949530244476 -0.00086546503007411957 0.00015414680819958448 -0.00058265691623091696 -8.2901435633820871e-05 -1.7040669627022e-05 -0.0010068691335618496 0.001290782429277897 0.0001243634382262826 0.00055044797750619743 -3.9751723259383732e-05 -0.0004880394169595093 0.00049065133440308274 0.0013013782773028922 0.0008956606383435429 0.0011152560941557934 0.00077669816091656689 -1.367984224761249e-05 0.0006383462498585384 -8.9737118287303019e-06 0.00085826433461272356 0.00082199485259479852 -0.00086546503007411957 -0.00058265691623091696 0.0001243634382262826 -1.7040669627022e-05
leaf_weight=145 99 169 29 103 31 34 26 20 51 65 46 25 20 27 20 47 20 46 24 64 33 64 167 51 401 289
leaf_count=145 99 169 29 103 31 34 26 20 51 65 46 25 20 27 20 47 20 46 24 64 33 64 167 51 401 289
internal_value=4.54541e-12 -0.000215736 -0.000515453 -6.15187e-05 0.000798704 2.33178e-05 -0.000445966 0.00086393 5.50978e-05 0.000756405 -4.12987e-06 -8.36e-05 5.7001e-05 0.00115161 0.00110513 0.00104971 0.000611316 5.12131e-05 0.000574151 -2.18445e-05 0.000837092 0.000832806 -0.000865465 -0.000582657 0.000124363 -1.70407e-05
internal_weight=2116 1666 566 1100 450 946 60 419 886 305 230 100 130 114 87 67 109 75 89 110 196 163 336 154 452 434
internal_count=2116 1666 566 1100 450 946 60 419 886 305 230 100 130 114 87 67 109 75 89 110 196 163 336 154 452 434
is_linear=0
shrinkage=0.05


Tree=57
num_leaves=23
num_cat=0
split_feature=14 15 11 18 0 13 16 1 16 0 12 6 6 0 2 1 0 2 2 1 0 0
split_gain=0.131623 0.0277988 0.0365681 0.0175564 0.00955536 0.00509316 0.00521108 0.00353862 0.00159818 0.00157646 0.00114705 0.000971483 0.000438269 0.00182357 4.8888e-05 3.62738e-05 1.30956e-05 1.26826e-05 9.59058e-06 7.01166e-06 1.38778e-17 8.67362e-19
threshold=1.0000000180025095e-35 1.0000000180025095e-35 1.0000000180025095e-35 1.0000000180025095e-35 52.949998855590827 1.0000000180025095e-35 1.0000000180025095e-35 0.49865001440048223 1.0000000180025095e-35 40.050001144409187 1.0000000180025095e-35 102.00000000000001 42.500000000000007 52.949998855590827 0.55149999260902416 0.30030000209808355 43.750000000000007 0.083999998867511763 0.15650000423192981 0.53709998726844799 39.800001144409187 52.949998855590827
decision_type=2 2 2 2 2 2 2 2 2 2 2 2 2 2 2 2 2 2 2 2 2 2
left_child=1 3 20 5 7 8 -7 9 -1 17 -9 -12 -4 15 16 -14 -11 -2 -19 -13 -3 -10
right_child=4 2 12 -5 -6 6 -8 10 21 14 11 19 13 -15 -16 -17 -18 18 -20 -21 -22 -23
leaf_value=-1.6188636072911323e-05 0.0008340792451053858 -0.00082219177857041365 -0.00016414674108899716 -0.00055352407507598407 -0.00019120554253458977 -1.6188636072911323e-05 -0.00095652565360069284 0.0013581077234171655 0.00011814526515081526 0.00050518306088633837 0.00066419850502695359 0.0010554297249121913 -7.1658507887540114e-05 0.00047796612896490844 0.00060642894047002001 -1.4707688921635383e-05 0.00055131360888481138 0.00076519588141569074 0.0007968581534308814 0.001022278458218683 -0.00082219177857041365 0.00011814526515081526
leaf_weight=434 20 293 36 154 25 34 26 23 432 40 21 58 35 20 24 139 25 28 164 22 43 20
leaf_count=434 20 293 36 154 25 34 26 23 432 40 21 58 35 20 24 139 25 28 164 22 43 20
internal_value=5.27163e-12 -0.000204949 -0.00048968 -5.84427e-05 0.000758768 2.21519e-05 -0.000423668 0.000814649 5.23429e-05 0.000722047 0.00103943 0.000966864 -3.92338e-06 2.58088e-05 0.000545443 -2.61633e-05 0.000522926 0.000796188 0.000792241 0.00104631 -0.000822192 0.000118145
internal_weight=2116 1666 566 1100 450 946 60 425 886 301 124 101 230 194 89 174 65 212 192 80 336 452
internal_count=2116 1666 566 1100 450 946 60 425 886 301 124 101 230 194 89 174 65 212 192 80 336 452
is_linear=0
shrinkage=0.05


Tree=58
num_leaves=23
num_cat=0
split_feature=14 15 11 18 13 13 16 1 16 0 6 1 0 0 0 1 0 6 7 1 0 0
split_gain=0.11879 0.0250884 0.0330027 0.0158446 0.00941633 0.00459658 0.004703 0.00424807 0.00144236 0.00106816 0.000395537 0.00171712 0.000343306 0.000280975 0.000307771 0.000232242 9.30835e-05 4.48545e-05 6.36178e-06 4.90369e-06 1.38778e-17 6.77626e-21
threshold=1.0000000180025095e-35 1.0000000180025095e-35 1.0000000180025095e-35 1.0000000180025095e-35 1.0000000180025095e-35 1.0000000180025095e-35 1.0000000180025095e-35 0.49865001440048223 1.0000000180025095e-35 40.050001144409187 42.500000000000007 0.25009999424219137 52.949998855590827 36.300001144409187 35.45000076293946 0.53709998726844799 44.500000000000007 71.500000000000014 170927.75781250003 0.42270000278949743 41.350000381469734 43.299999237060554
decision_type=2 2 2 2 2 2 2 2 2 2 2 2 2 2 2 2 2 2 2 2 2 2
left_child=1 3 20 5 7 8 -7 9 21 18 -4 -12 17 14 15 -9 -13 -11 19 -2 -3 -1
right_child=4 2 10 -5 -6 6 -8 13 -10 12 11 16 -14 -15 -16 -17 -18 -19 -20 -21 -22 -23
leaf_value=-1.5379204705823215e-05 0.00076250371057540178 -0.00078108222223818304 -0.00015593939590164359 -0.00052584786899387834 -0.00012004363816231489 -1.5379204705823215e-05 -0.00090869944542646417 0.0011960711873446903 0.00011223800247535111 0.00049349365600695212 0.00042042052579442202 -1.7863829673539538e-05 0.00074742352589964869 0.0011843578648512011 0.00090011061260067838 0.00097116458822380414 -0.00013269774237414822 0.0005692281294614077 0.00077550821006298074 0.00074464012177126242 -0.00078108222223818304 -1.5379204705823215e-05
leaf_weight=381 62 310 36 154 31 34 26 24 452 60 24 150 20 27 41 22 20 29 33 101 26 53
leaf_count=381 62 310 36 154 31 34 26 24 452 60 24 150 20 27 41 22 20 29 33 101 26 53
internal_value=1.58207e-12 -0.000194702 -0.000465196 -5.55206e-05 0.00072083 2.10443e-05 -0.000402485 0.000783043 4.97257e-05 0.000685709 -3.7272e-06 2.45184e-05 0.000560236 0.00104345 0.000999723 0.00108851 -3.13737e-05 0.000518171 0.000755488 0.000751435 -0.000781082 -1.53792e-05
internal_weight=2116 1666 566 1100 450 946 60 419 886 305 230 194 109 114 87 46 170 89 196 163 336 434
internal_count=2116 1666 566 1100 450 946 60 419 886 305 230 194 109 114 87 46 170 89 196 163 336 434
is_linear=0
shrinkage=0.05


Tree=59
num_leaves=25
num_cat=0
split_feature=14 15 11 18 13 13 16 1 16 0 6 0 2 0 6 6 0 6 6 0 6 0 0 0
split_gain=0.107208 0.0226423 0.0297849 0.0142998 0.00849824 0.00414841 0.00424446 0.00383389 0.00130173 0.000964011 0.000368404 0.00209058 0.00148863 0.000309833 0.000281568 0.000213088 6.02498e-05 4.04812e-05 1.26934e-05 5.91784e-06 3.49234e-06 3.15369e-06 1.38778e-17 6.77626e-21
threshold=1.0000000180025095e-35 1.0000000180025095e-35 1.0000000180025095e-35 1.0000000180025095e-35 1.0000000180025095e-35 1.0000000180025095e-35 1.0000000180025095e-35 0.49865001440048223 1.0000000180025095e-35 40.050001144409187 54.500000000000007 47.350000381469734 0.37999999523162847 52.949998855590827 99.000000000000014 42.500000000000007 41.850000381469734 71.500000000000014 111.00000000000001 39.500000000000007 80.500000000000014 35.250000000000007 37.149999618530281 52.949998855590827
decision_type=2 2 2 2 2 2 2 2 2 2 2 2 2 2 2 2 2 2 2 2 2 2 2 2
left_child=1 3 22 5 7 8 -7 9 23 19 11 15 16 17 -9 -4 -12 -11 -16 20 -2 -20 -3 -1
right_child=4 2 10 -5 -6 6 -8 14 -10 13 12 -13 -14 -15 18 -17 -18 -19 21 -21 -22 -23 -24 -25
leaf_value=-1.4610243670176715e-05 0.00072219398839829061 -0.0007420280948281289 0.00016244377475231888 -0.00049955546855926512 -0.00011404145944623216 -1.4610243670176715e-05 -0.00086326440796256074 0.0011434478893837272 0.00010662609711289407 0.00046881897297377389 -1.2227899629472044e-05 -0.00047166276420466599 0.00039870998679543846 0.00071005235891789201 0.00098473819504891124 -1.0618357060079492e-05 -0.00010868136887438596 0.00054076672531664369 0.00092778787787618311 0.00074043588899075992 0.00070784776922195192 0.00094944370677694687 -0.0007420280948281289 -1.4610243670176715e-05
leaf_weight=412 78 201 29 154 31 34 26 24 452 60 85 25 25 20 21 46 20 29 29 25 93 40 135 22
leaf_count=412 78 201 29 154 31 34 26 24 452 60 85 25 25 20 21 46 20 29 29 25 93 40 135 22
internal_value=3.00952e-12 -0.000184967 -0.000441936 -5.27446e-05 0.000684789 1.99921e-05 -0.00038236 0.000743891 4.72394e-05 0.000651424 -3.54084e-06 -7.56914e-05 5.19596e-05 0.000532224 0.000991279 5.6299e-05 -3.06e-05 0.000492263 0.000950701 0.000717714 0.000714392 0.000940342 -0.000742028 -1.46102e-05
internal_weight=2116 1666 566 1100 450 946 60 419 886 305 230 100 130 109 114 75 105 89 90 196 171 69 336 434
internal_count=2116 1666 566 1100 450 946 60 419 886 305 230 100 130 109 114 75 105 89 90 196 171 69 336 434
is_linear=0
shrinkage=0.05


Tree=60
num_leaves=25
num_cat=0
split_feature=14 0 15 2 18 11 0 0 13 16 1 12 0 16 6 6 2 2 1 2 0 0 1 0
split_gain=0.096755 0.0214011 0.0270108 0.0214358 0.0127286 0.00894478 0.00835216 0.00775614 0.00374244 0.00383063 0.00258385 0.00128278 0.0012303 0.00116016 0.000907002 0.000335109 3.68651e-05 2.68361e-05 1.25338e-05 1.23187e-05 5.19543e-06 6.93889e-18 3.46945e-18 4.33681e-19
threshold=1.0000000180025095e-35 60.399999618530281 1.0000000180025095e-35 0.47249999642372137 1.0000000180025095e-35 1.0000000180025095e-35 52.949998855590827 55.049999237060554 1.0000000180025095e-35 1.0000000180025095e-35 0.49865001440048223 1.0000000180025095e-35 40.050001144409187 1.0000000180025095e-35 102.00000000000001 42.500000000000007 0.55149999260902416 0.083999998867511763 0.33605000376701361 0.15650000423192981 35.250000000000007 35.350000381469734 0.49865001440048223 36.049999237060554
decision_type=2 2 2 2 2 2 2 2 2 2 2 2 2 2 2 2 2 2 2 2 2 2 2 2
left_child=1 2 4 5 8 -4 10 21 13 -10 12 -12 17 -1 -13 -7 18 -2 -14 -19 -16 -5 -6 -24
right_child=6 -3 3 7 22 15 -8 -9 9 -11 11 14 16 -15 20 -17 -18 19 -20 -21 -22 -23 23 -25
leaf_value=-1.3879731704946608e-05 0.00074427941115573059 0.0014500201940245462 -0.00070492671802639966 -0.00070492671802639966 -0.00047457767650485041 0.00015432159416377546 -0.0002376035116612911 -0.0017252541705965998 -1.3879731704946608e-05 -0.00082010123878717422 0.0012318752169528085 0.00052568220666476665 0.00042776827700436121 0.00010129478760063649 0.00087929223082028329 -2.8755619422860963e-05 0.00052060775148371865 0.000652768391384078 0.00047181097014496726 0.00068865246707346377 0.00090530162754779071 -0.00070492671802639966 -0.00047457767650485041 -0.00047457767650485041
leaf_weight=428 20 20 58 53 110 29 25 20 34 26 23 21 35 447 32 181 24 28 30 164 48 218 22 20
leaf_count=428 20 20 58 53 110 29 25 20 34 26 23 21 35 447 32 181 24 28 30 164 48 218 22 20
internal_value=-2.36787e-12 -0.000175719 -0.000195472 -0.000477917 -5.02227e-05 -0.000155281 0.000650549 -0.000775052 1.87633e-05 -0.000363242 0.000702793 0.000894873 0.000623664 4.4958e-05 0.00081813 -3.47353e-06 0.000467649 0.000689161 0.000448096 0.000683419 0.000894898 -0.000704927 -0.000474578 -0.000474578
internal_weight=2116 1666 1646 559 1087 268 450 291 935 60 425 124 301 875 101 210 89 212 65 192 80 271 152 42
internal_count=2116 1666 1646 559 1087 268 450 291 935 60 425 124 301 875 101 210 89 212 65 192 80 271 152 42
is_linear=0
shrinkage=0.05


Tree=61
num_leaves=23
num_cat=0
split_feature=14 0 15 2 18 11 13 0 13 16 1 16 0 0 6 6 6 7 0 1 0 0
split_gain=0.0873214 0.0193145 0.0243773 0.0193458 0.0114875 0.00807267 0.00774535 0.00699991 0.00337755 0.00345714 0.00314336 0.00104704 0.000706128 0.000383062 0.000302436 0.000250273 3.36633e-05 5.67195e-06 4.68888e-06 4.44114e-06 3.15455e-06 6.93889e-18
threshold=1.0000000180025095e-35 60.399999618530281 1.0000000180025095e-35 0.47249999642372137 1.0000000180025095e-35 1.0000000180025095e-35 1.0000000180025095e-35 55.049999237060554 1.0000000180025095e-35 1.0000000180025095e-35 0.49865001440048223 1.0000000180025095e-35 40.050001144409187 52.949998855590827 42.500000000000007 102.00000000000001 71.500000000000014 170927.75781250003 35.250000000000007 0.42270000278949743 36.149999618530281 39.800001144409187
decision_type=2 2 2 2 2 2 2 2 2 2 2 2 2 2 2 2 2 2 2 2 2 2
left_child=1 2 4 5 8 -4 10 21 11 -10 12 -1 17 16 -7 -12 -14 19 -17 -2 -20 -5
right_child=6 -3 3 7 -6 14 -8 -9 9 -11 15 -13 13 -15 -16 18 -18 -19 20 -21 -22 -23
leaf_value=-1.3185745046939701e-05 0.00065415973339470171 0.0013775192377215718 -0.00066968039609491834 -0.00066968039609491834 -0.00045084878802299501 0.00014660550514236095 -0.00014460218184056783 -0.0016389914136379958 -1.3185745046939701e-05 -0.00077909613028168687 0.0010120894564726553 9.6230051713064324e-05 0.00042288854174936814 0.00068642992060631526 -2.7317837973203105e-05 0.00083532763528637588 0.0004884983380806857 0.00066635658484742505 0.00087134091666451216 0.00063715950530575643 0.00084550237903992329 -0.00066968039609491834
leaf_weight=428 62 20 58 235 152 29 31 20 34 26 34 447 60 20 181 32 29 33 27 101 21 36
leaf_count=428 62 20 58 235 152 29 31 20 34 26 34 447 60 20 181 32 29 33 27 101 21 36
internal_value=-1.26212e-12 -0.000166933 -0.000185699 -0.000454021 -4.77116e-05 -0.000147517 0.000618022 -0.0007363 1.78252e-05 -0.00034508 0.000674445 4.27101e-05 0.000590719 0.000488701 -3.29985e-06 0.00089845 0.000444267 0.000647453 0.000850153 0.000643626 0.000860037 -0.00066968
internal_weight=2116 1666 1646 559 1087 268 450 291 935 60 419 875 305 109 210 114 89 196 80 163 48 271
internal_count=2116 1666 1646 559 1087 268 450 291 935 60 419 875 305 109 210 114 89 196 80 163 48 271
is_linear=0
shrinkage=0.05


Tree=62
num_leaves=23
num_cat=0
split_feature=14 0 15 2 18 0 11 0 13 16 1 12 0 16 6 6 2 1 1 0 0 1
split_gain=0.0788075 0.0174314 0.0220005 0.0174596 0.0103675 0.00745071 0.00728558 0.00631742 0.00304824 0.00312007 0.00209476 0.00127069 0.00103597 0.000944954 0.000856797 0.000272948 3.32577e-05 3.20802e-05 1.5068e-05 1.308e-05 4.2317e-06 1.38778e-17
threshold=1.0000000180025095e-35 60.399999618530281 1.0000000180025095e-35 0.47249999642372137 1.0000000180025095e-35 52.949998855590827 1.0000000180025095e-35 55.049999237060554 1.0000000180025095e-35 1.0000000180025095e-35 0.49865001440048223 1.0000000180025095e-35 40.050001144409187 1.0000000180025095e-35 102.00000000000001 42.500000000000007 0.083999998867511763 0.32389999926090246 0.38130000233650213 37.750000000000007 35.250000000000007 0.49679999053478247
decision_type=2 2 2 2 2 2 2 2 2 2 2 2 2 2 2 2 2 2 2 2 2 2
left_child=1 2 4 6 8 10 -4 21 13 -10 12 -12 16 -1 -13 -8 -2 -14 -19 -18 -16 -5
right_child=5 -3 3 7 -6 -7 15 -9 9 -11 11 14 17 -15 20 -17 19 18 -20 -21 -22 -23
leaf_value=-1.2526457430794836e-05 0.00068667887011542917 0.0013086432107957081 -0.00063619636930525305 -0.00063619636930525305 -0.000428306357935071 -0.00025173450633883478 0.00013927522813901306 -0.0015570418699644506 -1.2526457430794836e-05 -0.00074014132842421538 0.0011448224884984285 0.00044879364113079479 0.00038476678542792797 9.1418548254296194e-05 0.00079356126370839781 -2.5951946320257266e-05 0.0006091529151379336 0.00047074395777850318 0.00041777456551790241 0.00063635157353744134 0.00081703470981058987 -0.00063619636930525305
leaf_weight=428 20 20 58 133 152 25 29 20 34 26 23 21 35 447 32 181 123 29 25 69 48 138
leaf_count=428 20 20 58 133 152 25 29 20 34 26 23 21 35 447 32 181 123 29 25 69 48 138
internal_value=-1.92301e-12 -0.000158586 -0.000176414 -0.00043132 -4.5326e-05 0.000587121 -0.000140141 -0.000699485 1.69339e-05 -0.000327826 0.000636465 0.000809413 0.000565217 4.05746e-05 0.000733033 -3.13486e-06 0.000625319 0.000422054 0.000446221 0.000618927 0.000807645 -0.000636196
internal_weight=2116 1666 1646 559 1087 450 268 291 935 60 425 124 301 875 101 210 212 89 54 192 80 271
internal_count=2116 1666 1646 559 1087 450 268 291 935 60 425 124 301 875 101 210 212 89 54 192 80 271
is_linear=0
shrinkage=0.05


Tree=63
num_leaves=24
num_cat=0
split_feature=14 0 15 2 18 13 11 0 13 16 1 16 0 0 6 0 0 1 6 7 1 0 0
split_gain=0.0711238 0.0157318 0.0198554 0.0157573 0.00935668 0.00706734 0.00657524 0.00570147 0.00275104 0.00281586 0.00257809 0.000852821 0.000507553 0.00045438 0.000246336 0.000240659 0.000283536 0.000199859 2.92636e-05 5.30029e-06 4.06269e-06 6.93889e-18 1.73472e-18
threshold=1.0000000180025095e-35 60.399999618530281 1.0000000180025095e-35 0.47249999642372137 1.0000000180025095e-35 1.0000000180025095e-35 1.0000000180025095e-35 55.049999237060554 1.0000000180025095e-35 1.0000000180025095e-35 0.49865001440048223 1.0000000180025095e-35 40.050001144409187 52.949998855590827 42.500000000000007 36.300001144409187 35.45000076293946 0.53709998726844799 71.500000000000014 170927.75781250003 0.42270000278949743 39.649999618530281 38.199998855590827
decision_type=2 2 2 2 2 2 2 2 2 2 2 2 2 2 2 2 2 2 2 2 2 2 2
left_child=1 2 4 6 8 10 -4 21 11 -10 12 -1 19 18 -8 16 17 -12 -14 20 -2 -5 -6
right_child=5 -3 3 7 22 -7 14 -9 9 -11 15 -13 13 -15 -16 -17 -18 -19 -20 -21 -22 -23 -24
leaf_value=-1.1900134995812551e-05 0.00059031189209030532 0.0012432110606459901 -0.00060438653454184541 -0.00060438653454184541 -0.00040689106099307538 -0.00017071587161251133 0.00013231147313490512 -0.0014791898056864738 -1.1900134995812551e-05 -0.00070313429459929473 0.00095905776058013243 8.6847622878849509e-05 0.0003810184611938894 0.00066469513345509775 -2.4654348861639648e-05 0.00094493349876116823 0.00067844747462048678 0.0007504195948554712 0.00044219066581592477 0.00060221021289400987 0.00057405212313158091 -0.00060438653454184541 -0.00040689106099307538
leaf_weight=428 62 20 58 231 97 31 29 20 34 26 24 447 60 20 181 27 41 22 29 33 101 40 55
leaf_count=428 62 20 58 231 97 31 29 20 34 26 24 447 60 20 181 27 41 22 29 33 101 40 55
internal_value=-1.13059e-12 -0.000150657 -0.000167593 -0.000409754 -4.30597e-05 0.000557765 -0.000133134 -0.00066451 1.60872e-05 -0.000311435 0.000611662 3.85459e-05 0.000535836 0.000449344 -2.97812e-06 0.000814528 0.000774057 0.000859274 0.000400951 0.000583936 0.000580237 -0.000604387 -0.000406891
internal_weight=2116 1666 1646 559 1087 450 268 291 935 60 419 875 305 109 210 114 87 46 89 196 163 271 152
internal_count=2116 1666 1646 559 1087 450 268 291 935 60 419 875 305 109 210 114 87 46 89 196 163 271 152
is_linear=0
shrinkage=0.05


Tree=64
num_leaves=22
num_cat=0
split_feature=14 0 15 2 18 0 11 0 13 16 0 7 16 6 1 0 6 0 1 1 6
split_gain=0.0641892 0.0141979 0.0179195 0.0142209 0.0084444 0.0066736 0.00593415 0.00514558 0.00248281 0.00254132 0.00175279 0.0018843 0.000769671 0.000640737 0.000936657 0.000482125 0.000222318 0.000152346 2.80447e-05 1.34623e-05 6.93889e-18
threshold=1.0000000180025095e-35 60.399999618530281 1.0000000180025095e-35 0.47249999642372137 1.0000000180025095e-35 52.949998855590827 1.0000000180025095e-35 55.049999237060554 1.0000000180025095e-35 1.0000000180025095e-35 39.500000000000007 234707.55468750003 1.0000000180025095e-35 99.000000000000014 0.48175001144409185 36.649999618530281 42.500000000000007 40.050001144409187 0.32389999926090246 0.38130000233650213 224.50000000000003
decision_type=2 2 2 2 2 2 2 2 2 2 2 2 2 2 2 2 2 2 2 2 2
left_child=1 2 4 6 8 10 -4 20 12 -10 11 13 -1 14 -2 -15 -8 -12 -19 -20 -5
right_child=5 -3 3 7 -6 -7 16 -9 9 -11 17 -13 -14 15 -16 -17 -18 18 19 -21 -22
leaf_value=-1.1305128282401711e-05 0.00057438125291450336 0.0011810505087487401 -0.00057416721247136591 -0.00057416721247136591 -0.00038654650561511519 -0.00026402844861149786 0.00012569589307531714 -0.0014052303053904325 -1.1305128282401711e-05 -0.00066797756589949138 0.0005111912249897917 0.00099676686875296372 8.250524406321347e-05 0.00073749944205499371 0.00020392318024061665 0.00056323356218111341 -2.3421632126054102e-05 0.00034604056738317011 0.00042667924426496032 0.00037661147117614747 -0.00057416721247136591
leaf_weight=428 91 20 58 250 152 25 29 20 34 26 30 33 447 90 21 71 181 35 29 25 21
leaf_count=428 91 20 58 250 152 25 29 20 34 26 30 33 447 90 21 71 181 35 29 25 21
internal_value=-1.73148e-12 -0.000143124 -0.000159213 -0.000389266 -4.09067e-05 0.000529876 -0.000126477 -0.000631285 1.52828e-05 -0.000295863 0.000576577 0.000639898 3.66186e-05 0.00059676 0.00050492 0.000660649 -2.82921e-06 0.000413749 0.000380903 0.0004035 -0.000574167
internal_weight=2116 1666 1646 559 1087 450 268 291 935 60 425 306 875 273 112 161 210 119 89 54 271
internal_count=2116 1666 1646 559 1087 450 268 291 935 60 425 306 875 273 112 161 210 119 89 54 271
is_linear=0
shrinkage=0.05


Tree=65
num_leaves=23
num_cat=0
split_feature=14 0 15 2 18 13 11 0 13 16 1 16 0 0 6 6 6 0 7 0 6 0
split_gain=0.0579308 0.0128136 0.0161724 0.0128344 0.00762107 0.00622909 0.00535557 0.00464388 0.00224074 0.00229354 0.00212179 0.000694628 0.000346316 0.000522424 0.000247293 0.000200642 2.65501e-05 7.14763e-06 5.36978e-06 4.05489e-06 5.18258e-06 1.73472e-18
threshold=1.0000000180025095e-35 60.399999618530281 1.0000000180025095e-35 0.47249999642372137 1.0000000180025095e-35 1.0000000180025095e-35 1.0000000180025095e-35 55.049999237060554 1.0000000180025095e-35 1.0000000180025095e-35 0.49865001440048223 1.0000000180025095e-35 40.050001144409187 52.949998855590827 102.00000000000001 42.500000000000007 63.000000000000007 39.500000000000007 250390.74218750003 35.250000000000007 150.50000000000003 37.649999618530281
decision_type=2 2 2 2 2 2 2 2 2 2 2 2 2 2 2 2 2 2 2 2 2 2
left_child=1 2 4 6 8 10 -4 -5 11 -10 12 -1 17 16 -12 -8 -14 18 -2 -16 -21 -6
right_child=5 -3 3 7 21 -7 15 -9 9 -11 14 -13 13 -15 19 -17 -18 -19 -20 20 -22 -23
leaf_value=-1.0739872232079506e-05 0.00052449963616811677 0.0011219979706220328 -0.00054545886814594269 -0.00054545886814594269 -0.00036721916403621436 -0.00018053267924715916 0.00011941110715270044 -0.0013349687797017395 -1.0739872232079506e-05 -0.00063457866199314596 0.00085098345264080259 7.8379979822784665e-05 0.00033163256826810542 0.00064466182608157406 0.00067622726928675549 -2.2250550274640062e-05 0.00038653229439288987 0.00054989774711430069 0.00049692924600094565 0.00071431795994822802 0.00068134443241764202 -0.00036721916403621436
leaf_weight=428 151 20 58 271 85 31 29 20 34 26 34 447 40 20 32 181 49 25 20 26 22 67
leaf_count=428 151 20 58 271 85 31 29 20 34 26 34 447 40 20 32 181 49 25 20 26 22 67
internal_value=-1.26212e-12 -0.000135968 -0.000151253 -0.000369803 -3.88614e-05 0.000503383 -0.000120153 -0.000599721 1.45187e-05 -0.00028107 0.000553982 3.47876e-05 0.000485194 0.000413749 0.000738022 -2.68775e-06 0.000361858 0.000524926 0.000521275 0.000690014 0.000699205 -0.000367219
internal_weight=2116 1666 1646 559 1087 450 268 291 935 60 419 875 305 109 114 210 89 196 171 80 48 152
internal_count=2116 1666 1646 559 1087 450 268 291 935 60 419 875 305 109 114 210 89 196 171 80 48 152
is_linear=0
shrinkage=0.05


Tree=66
num_leaves=23
num_cat=0
split_feature=14 0 15 2 18 0 11 0 13 16 0 7 16 6 1 0 6 0 1 1 0 0
split_gain=0.0522825 0.0115643 0.0145956 0.011583 0.00687802 0.00600397 0.0048334 0.00419111 0.00202226 0.00206992 0.00145546 0.00165942 0.000626902 0.000525357 0.00086481 0.000373599 0.000181079 0.000130226 2.46826e-05 1.26559e-05 3.46945e-18 8.67362e-19
threshold=1.0000000180025095e-35 60.399999618530281 1.0000000180025095e-35 0.47249999642372137 1.0000000180025095e-35 52.949998855590827 1.0000000180025095e-35 55.049999237060554 1.0000000180025095e-35 1.0000000180025095e-35 39.500000000000007 234707.55468750003 1.0000000180025095e-35 99.000000000000014 0.48175001144409185 36.649999618530281 42.500000000000007 40.050001144409187 0.32389999926090246 0.38130000233650213 39.300001144409187 40.699998855590827
decision_type=2 2 2 2 2 2 2 2 2 2 2 2 2 2 2 2 2 2 2 2 2 2
left_child=1 2 4 6 8 10 -4 20 12 -10 11 13 -1 14 -2 -15 -8 -12 -19 -20 -5 -6
right_child=5 -3 3 7 21 -7 16 -9 9 -11 17 -13 -14 15 -16 -17 -18 18 19 -21 -22 -23
leaf_value=-1.0202878183918075e-05 0.00052331101282366687 0.0010658980801235886 -0.00051818592473864558 -0.00051818592473864558 -0.00034885820932686331 -0.00027480817213654517 0.00011344054946675897 -0.0012682203960139304 -1.0202878183918075e-05 -0.00060284975916147232 0.00046422369196079676 0.00091510825988018159 7.4460980249568828e-05 0.00066522949789133345 0.00016734451970218549 0.00051182592222073547 -2.1138022414697092e-05 0.00031105891801416877 0.0003874384918539175 0.0003388934871181846 -0.00051818592473864558 -0.00034885820932686331
leaf_weight=428 91 20 58 220 119 25 29 20 34 26 30 33 447 90 21 71 181 35 29 25 51 33
leaf_count=428 91 20 58 220 119 25 29 20 34 26 30 33 447 90 21 71 181 35 29 25 51 33
internal_value=-3.69205e-12 -0.000129169 -0.00014369 -0.000351313 -3.69183e-05 0.000478213 -0.000114145 -0.000569735 1.37928e-05 -0.000267017 0.000522509 0.00058021 3.30483e-05 0.000539728 0.000456567 0.000597579 -2.55336e-06 0.000374133 0.000343765 0.000364964 -0.000518186 -0.000348858
internal_weight=2116 1666 1646 559 1087 450 268 291 935 60 425 306 875 273 112 161 210 119 89 54 271 152
internal_count=2116 1666 1646 559 1087 450 268 291 935 60 425 306 875 273 112 161 210 119 89 54 271 152
is_linear=0
shrinkage=0.05


Tree=67
num_leaves=23
num_cat=0
split_feature=14 0 15 2 18 13 11 0 13 16 1 16 0 0 6 6 6 7 0 0 0 0
split_gain=0.047185 0.0104368 0.0131725 0.0104537 0.00620741 0.00549032 0.00436215 0.00378247 0.00182509 0.0018681 0.0017477 0.000565779 0.00029872 0.000514462 0.000232849 0.000163424 2.38547e-05 1.82089e-05 3.65953e-06 4.74972e-06 3.46945e-18 8.67362e-19
threshold=1.0000000180025095e-35 60.399999618530281 1.0000000180025095e-35 0.47249999642372137 1.0000000180025095e-35 1.0000000180025095e-35 1.0000000180025095e-35 55.049999237060554 1.0000000180025095e-35 1.0000000180025095e-35 0.49865001440048223 1.0000000180025095e-35 52.949998855590827 40.050001144409187 102.00000000000001 42.500000000000007 63.000000000000007 250390.74218750003 35.250000000000007 36.149999618530281 39.100000381469734 39.649999618530281
decision_type=2 2 2 2 2 2 2 2 2 2 2 2 2 2 2 2 2 2 2 2 2 2
left_child=1 2 4 6 8 10 -4 20 11 -10 12 -1 13 17 -12 -8 -15 -2 -16 -20 -5 -6
right_child=5 -3 3 7 21 -7 15 -9 9 -11 14 -13 -14 16 18 -17 -18 -19 19 -21 -22 -23
leaf_value=-9.6927346021402631e-06 0.00047667377062184232 0.0010126032226253302 -0.0004922766238451004 -0.0004922766238451004 -0.00033141530584543947 -0.00018777680140168919 0.00010776851559057832 -0.0012048093229532243 -9.6927346021402631e-06 -0.0005727072712033987 0.00077844974191119791 7.0737930946052083e-05 0.00062616911251097925 0.00029792669287417086 0.00060915444191778079 -2.0081121402347878e-05 0.00034996514370170786 0.00042632735799998052 0.00064485446308498034 0.00061314906924963002 -0.0004922766238451004 -0.00033141530584543947
leaf_weight=428 176 20 58 215 109 31 29 20 34 26 34 447 20 40 32 181 49 20 27 21 56 43
leaf_count=428 176 20 58 215 109 31 29 20 34 26 34 447 20 40 32 181 49 20 27 21 56 43
internal_value=-2.26368e-12 -0.000122711 -0.000136506 -0.000333747 -3.50724e-05 0.000454303 -0.000108438 -0.000541248 1.31031e-05 -0.000253666 0.000501807 3.13958e-05 0.000439377 0.000426268 0.000668837 -2.4257e-06 0.000326577 0.000471536 0.000622252 0.000630983 -0.000492277 -0.000331415
internal_weight=2116 1666 1646 559 1087 450 268 291 935 60 419 875 305 285 114 210 89 196 80 48 271 152
internal_count=2116 1666 1646 559 1087 450 268 291 935 60 419 875 305 285 114 210 89 196 80 48 271 152
is_linear=0
shrinkage=0.05


Tree=68
num_leaves=24
num_cat=0
split_feature=14 0 15 2 18 0 11 0 13 16 1 0 16 6 7 6 1 1 2 7 6 0 1
split_gain=0.0425845 0.00941921 0.0118882 0.00943446 0.00560219 0.00542546 0.00393684 0.00341368 0.00164715 0.00168596 0.0012153 0.00067415 0.000510615 0.000246465 0.000149111 0.00014749 0.000113274 4.60117e-05 2.25442e-05 2.11706e-05 5.91157e-06 3.46945e-18 8.67362e-19
threshold=1.0000000180025095e-35 60.399999618530281 1.0000000180025095e-35 0.47249999642372137 1.0000000180025095e-35 52.949998855590827 1.0000000180025095e-35 55.049999237060554 1.0000000180025095e-35 1.0000000180025095e-35 0.50725001096725475 40.050001144409187 1.0000000180025095e-35 95.500000000000014 250390.74218750003 42.500000000000007 0.49865001440048223 0.53649997711181652 0.25900000333786016 253913.59375000003 127.50000000000001 39.300001144409187 0.34874999523162847
decision_type=2 2 2 2 2 2 2 2 2 2 2 2 2 2 2 2 2 2 2 2 2 2 2
left_child=1 2 4 6 8 10 -4 21 12 -10 11 14 -1 -12 16 -8 -2 20 -13 -20 -15 -5 -6
right_child=5 -3 3 7 22 -7 15 -9 9 -11 13 18 -14 17 -16 -17 -18 -19 19 -21 -22 -23 -24
leaf_value=-9.2080976173747334e-06 0.00047264288623409816 0.00096197297796607017 -0.00046766279265284542 -0.00046766279265284542 -0.00031484453938901424 -0.00028423669561743734 0.00010238009272143245 -0.0011445688921958208 -9.2080976173747334e-06 -0.00054407189600169659 0.00076817388859732705 0.00026761963862277893 6.7201035562902689e-05 0.00063181040079697331 0.00035590989235788589 -1.9077064938534849e-05 0.00059242190327495341 0.00053166088441179867 0.00034512760784392334 0.00028505570847879759 0.00059596176218727369 -0.00046766279265284542 -0.00031484453938901424
leaf_weight=428 192 20 58 220 29 25 29 20 34 26 24 23 447 23 25 181 22 27 44 22 23 51 123
leaf_count=428 192 20 58 220 29 25 29 20 34 26 24 23 447 23 25 181 22 27 44 22 23 51 123
internal_value=-2.69212e-12 -0.000116575 -0.00012968 -0.00031706 -3.33188e-05 0.000431588 -0.000103016 -0.000514186 1.2448e-05 -0.000240982 0.000473695 0.000427715 2.98261e-05 0.000629173 0.000471458 -2.30441e-06 0.000484957 0.000583474 0.000310248 0.000325104 0.000613886 -0.000467663 -0.000314845
internal_weight=2116 1666 1646 559 1087 450 268 291 935 60 425 328 875 97 239 210 214 73 89 66 46 271 152
internal_count=2116 1666 1646 559 1087 450 268 291 935 60 425 328 875 97 239 210 214 73 89 66 46 271 152
is_linear=0
shrinkage=0.05


Tree=69
num_leaves=21
num_cat=0
split_feature=14 0 15 2 18 0 11 0 13 16 1 0 16 1 1 7 6 1 0 7
split_gain=0.0384325 0.00850083 0.0107291 0.0085146 0.00505598 0.00489648 0.003553 0.00308085 0.00148655 0.00152158 0.00109681 0.000608421 0.00046083 0.00023687 0.000319631 0.000134573 0.00013311 0.00010223 2.0837e-05 2.15351e-05
threshold=1.0000000180025095e-35 60.399999618530281 1.0000000180025095e-35 0.47249999642372137 1.0000000180025095e-35 52.949998855590827 1.0000000180025095e-35 55.049999237060554 1.0000000180025095e-35 1.0000000180025095e-35 0.50725001096725475 40.050001144409187 1.0000000180025095e-35 0.53999999165534984 0.52449998259544384 250390.74218750003 42.500000000000007 0.49865001440048223 41.000000000000007 151651.02343750003
decision_type=2 2 2 2 2 2 2 2 2 2 2 2 2 2 2 2 2 2 2 2
left_child=1 2 4 6 8 10 -4 -5 12 -10 11 15 -1 14 -12 17 -8 -2 -13 -20
right_child=5 -3 3 7 -6 -7 16 -9 9 -11 13 18 -14 -15 -16 -17 -18 -19 19 -21
leaf_value=-8.7476932094432417e-06 0.00044901074531177683 0.00091387429973110556 -0.00044427965767681601 -0.00044427965767681601 -0.00029910230077803137 -0.00027002489939332008 9.7261089831590655e-05 -0.0010873404319863768 -8.7476932094432417e-06 -0.00051686828956007955 0.00066472799452539123 0.00024979900335893036 6.3840986695140603e-05 0.00074635447402085584 0.00045936590293422347 0.00033811440179124479 -1.8123212283721816e-05 0.00056280081626027825 0.00034600995131768287 0.00028736151806596255
leaf_weight=428 192 20 58 271 152 25 29 20 34 26 36 20 447 21 40 25 181 22 24 45
leaf_count=428 192 20 58 271 152 25 29 20 34 26 36 20 447 21 40 25 181 22 24 45
internal_value=-2.17006e-12 -0.000110747 -0.000123196 -0.000301207 -3.16528e-05 0.000410008 -9.78655e-05 -0.000488476 1.18256e-05 -0.000228933 0.00045001 0.000406329 2.83348e-05 0.000597714 0.000556643 0.000447885 -2.18919e-06 0.000460709 0.000294736 0.000307761
internal_weight=2116 1666 1646 559 1087 450 268 291 935 60 425 328 875 97 76 239 210 214 89 69
internal_count=2116 1666 1646 559 1087 450 268 291 935 60 425 328 875 97 76 239 210 214 89 69
is_linear=0
shrinkage=0.05


Tree=70
num_leaves=22
num_cat=0
split_feature=14 0 15 2 13 18 11 0 13 16 1 0 16 0 0 0 1 6 6 7 0
split_gain=0.0346853 0.007672 0.009683 0.00768443 0.00480706 0.00456302 0.00320658 0.00278047 0.00134161 0.00137323 0.00123251 0.000497432 0.000415899 0.000370637 0.000192386 0.000249925 0.000167124 0.000120132 1.97162e-05 9.543e-06 8.67362e-19
threshold=1.0000000180025095e-35 60.399999618530281 1.0000000180025095e-35 0.47249999642372137 1.0000000180025095e-35 1.0000000180025095e-35 1.0000000180025095e-35 55.049999237060554 1.0000000180025095e-35 1.0000000180025095e-35 0.49865001440048223 52.949998855590827 1.0000000180025095e-35 40.050001144409187 36.300001144409187 35.45000076293946 0.53709998726844799 42.500000000000007 63.000000000000007 250390.74218750003 42.250000000000007
decision_type=2 2 2 2 2 2 2 2 2 2 2 2 2 2 2 2 2 2 2 2 2
left_child=1 2 5 6 10 8 -4 -5 12 -10 11 13 -1 19 15 16 -12 -8 -15 -2 -7
right_child=4 -3 3 7 -6 20 17 -9 9 -11 14 -13 -14 18 -16 -17 -18 -19 -20 -21 -22
leaf_value=-8.3103084762115038e-06 0.00040675739913819016 0.00086818059906363482 -0.00042206565849483017 -0.00042206565849483017 -0.00021129187624601109 -0.00028414719272404912 9.2398037668317567e-05 -0.0010329733927210327 -8.3103084762115038e-06 -0.00049102487973868853 0.00070929401360141737 0.0006225737417116762 6.0648936778306964e-05 0.00025395221367944035 0.00069082072177143014 0.00044827626751190645 0.00051850580017675054 -1.7217051249418895e-05 0.00030126172707093009 0.00037030977779068053 -0.00028414719272404912
leaf_weight=428 176 20 58 271 31 129 29 20 34 26 24 20 447 40 27 41 22 181 49 20 23
leaf_count=428 176 20 58 271 31 129 29 20 34 26 24 20 447 40 27 41 22 181 49 20 23
internal_value=-2.88537e-13 -0.000105209 -0.000117037 -0.000286146 0.000389508 -3.00702e-05 -9.29722e-05 -0.000464052 1.12343e-05 -0.000217487 0.000433958 0.000381531 2.6918e-05 0.000364615 0.000574225 0.00053804 0.000618047 -2.07973e-06 0.000279999 0.000403038 -0.000284147
internal_weight=2116 1666 1646 559 450 1087 268 291 935 60 419 305 875 285 114 87 46 210 89 196 152
internal_count=2116 1666 1646 559 450 1087 268 291 935 60 419 305 875 285 114 87 46 210 89 196 152
is_linear=0
shrinkage=0.05


Tree=71
num_leaves=24
num_cat=0
split_feature=14 0 15 2 0 18 1 11 13 16 0 7 6 2 16 0 1 0 6 6 1 1 1
split_gain=0.0313035 0.00692398 0.0087389 0.0069372 0.00446453 0.00411812 0.00319886 0.00269969 0.0012108 0.00123934 0.000920698 0.00141196 0.000403025 0.000915014 0.000375349 0.000176339 0.000148853 0.000144382 9.76812e-05 3.01433e-05 2.04051e-05 9.20574e-06 4.33681e-19
threshold=1.0000000180025095e-35 60.399999618530281 1.0000000180025095e-35 0.43400000035762792 52.949998855590827 1.0000000180025095e-35 0.31149999797344213 1.0000000180025095e-35 1.0000000180025095e-35 1.0000000180025095e-35 38.199998855590827 234707.55468750003 97.500000000000014 0.29250000417232519 1.0000000180025095e-35 42.649999618530281 0.41689999401569372 36.649999618530281 42.500000000000007 114.50000000000001 0.32389999926090246 0.38130000233650213 0.43800000846385961
decision_type=2 2 2 2 2 2 2 2 2 2 2 2 2 2 2 2 2 2 2 2 2 2 2
left_child=1 2 5 7 10 8 -5 22 14 -10 11 12 13 -2 -1 -8 20 -14 -9 -18 -12 -22 -4
right_child=4 -3 3 6 -6 -7 15 18 9 -11 16 -13 17 -15 -16 -17 19 -19 -20 -21 21 -23 -24
leaf_value=-7.8947930887807167e-06 0.00041727047135326563 0.00082477159332484018 -0.00040096235461533074 -0.0010443475242936985 -0.00027931368723511696 -0.00026993984356522561 -0.00040096235461533074 8.7778136366978296e-05 -7.8947930887807167e-06 -0.00046647363342344761 0.00023750957400937167 0.00076775690893445057 0.00051213037533064684 4.0078918682411317e-05 5.7616486446931962e-05 -0.00024697457600268539 0.00033635291814183198 0.00041096729491355602 -1.1339281448941285e-05 0.00041559850117967772 0.00030578596212355231 0.00026627972644443311 -0.00040096235461533074
leaf_weight=428 82 20 31 20 25 152 264 29 34 26 35 33 90 20 447 20 24 58 174 24 29 30 21
leaf_count=428 82 20 31 20 25 152 264 29 34 26 35 33 90 20 447 20 24 58 174 24 29 30 21
internal_value=2.22154e-12 -9.99487e-05 -0.000111185 -0.000271839 0.000370032 -2.85667e-05 -0.00043316 -7.95197e-05 1.06726e-05 -0.000206612 0.000408229 0.000460359 0.000419782 0.000343311 2.55721e-05 -0.000390118 0.000304337 0.000472485 2.82035e-06 0.000375976 0.000267756 0.000285698 -0.000400962
internal_weight=2116 1666 1646 559 450 1087 304 255 935 60 425 283 250 102 875 284 142 148 203 48 94 59 52
internal_count=2116 1666 1646 559 450 1087 304 255 935 60 425 283 250 102 875 284 142 148 203 48 94 59 52
is_linear=0
shrinkage=0.05


Tree=72
num_leaves=23
num_cat=0
split_feature=14 0 15 2 13 18 11 0 13 16 1 0 16 0 6 6 7 0 6 6 0 0
split_gain=0.0282514 0.00624889 0.00788686 0.006344 0.00423244 0.00371661 0.00263257 0.00235123 0.00109275 0.0011185 0.00101815 0.000577957 0.000338753 0.000289233 0.000200049 9.44233e-05 2.0434e-05 1.83539e-05 1.48718e-05 1.94292e-06 1.39342e-07 4.33681e-19
threshold=1.0000000180025095e-35 60.399999618530281 1.0000000180025095e-35 0.47249999642372137 1.0000000180025095e-35 1.0000000180025095e-35 1.0000000180025095e-35 55.049999237060554 1.0000000180025095e-35 1.0000000180025095e-35 0.49865001440048223 52.949998855590827 1.0000000180025095e-35 40.050001144409187 99.000000000000014 42.500000000000007 250390.74218750003 41.000000000000007 123.00000000000001 174.50000000000003 41.000000000000007 36.45000076293946
decision_type=2 2 2 2 2 2 2 2 2 2 2 2 2 2 2 2 2 2 2 2 2 2
left_child=1 2 5 6 10 8 21 20 12 -10 11 13 -1 16 -12 -8 -2 -15 -16 -20 -5 -4
right_child=4 -3 3 7 -6 -7 15 -9 9 -11 14 -13 -14 17 18 -17 -18 -19 19 -21 -22 -23
leaf_value=-7.5000534707214683e-06 0.00036674039530969985 0.00078353303717449319 -0.00038091426249593497 -0.00038091426249593497 -0.00021221776673149679 -0.00025644283741712572 8.3389226347208023e-05 -0.00094306135579245174 -7.5000534707214683e-06 -0.00044314996339380743 0.00064899033556381871 0.00060541077051311741 5.4735661251470447e-05 0.00021043280547019096 0.00051456370481079631 -1.3791705238184563e-05 0.0003134064446203411 0.00026483159728240278 0.00047878758679773355 0.00046002418649467556 -0.00038476395420730116 -0.00038091426249593497
leaf_weight=428 176 20 33 245 31 152 29 20 34 26 24 20 447 20 31 181 20 69 37 22 26 25
leaf_count=428 176 20 33 245 31 152 29 20 34 26 24 20 447 20 31 181 20 69 37 22 26 25
internal_value=-5.26613e-13 -9.49513e-05 -0.000105625 -0.000258247 0.000351531 -2.71384e-05 -8.27278e-05 -0.000419894 1.01389e-05 -0.000196282 0.00039324 0.000345589 2.42935e-05 0.000327356 0.000520727 -3.71481e-07 0.000361298 0.000252607 0.000486524 0.000471791 -0.000381284 -0.000380914
internal_weight=2116 1666 1646 559 450 1087 268 291 935 60 419 305 875 285 114 210 196 89 90 59 271 58
internal_count=2116 1666 1646 559 450 1087 268 291 935 60 419 305 875 285 114 210 196 89 90 59 271 58
is_linear=0
shrinkage=0.05


Tree=73
num_leaves=24
num_cat=0
split_feature=14 0 15 2 0 18 11 0 13 16 0 7 6 2 16 1 0 6 6 1 1 0 0
split_gain=0.0254969 0.00563963 0.00711789 0.00572546 0.00408847 0.00335424 0.00237589 0.00212199 0.000986207 0.00100945 0.000771909 0.00124671 0.000333537 0.000844596 0.000305724 0.000128172 0.000107082 8.52171e-05 2.30204e-05 1.77209e-05 8.32291e-06 1.25756e-07 4.33681e-19
threshold=1.0000000180025095e-35 60.399999618530281 1.0000000180025095e-35 0.47249999642372137 52.949998855590827 1.0000000180025095e-35 1.0000000180025095e-35 55.049999237060554 1.0000000180025095e-35 1.0000000180025095e-35 38.199998855590827 234707.55468750003 97.500000000000014 0.29250000417232519 1.0000000180025095e-35 0.41689999401569372 36.649999618530281 42.500000000000007 114.50000000000001 0.32389999926090246 0.38130000233650213 41.000000000000007 41.350000381469734
decision_type=2 2 2 2 2 2 2 2 2 2 2 2 2 2 2 2 2 2 2 2 2 2 2
left_child=1 2 5 6 10 8 -4 21 14 -10 11 12 13 -2 -1 19 -14 -8 -17 -12 -21 -5 -7
right_child=4 -3 3 7 -6 22 17 -9 9 -11 15 -13 16 -15 -16 18 -18 -19 -20 20 -22 -23 -24
leaf_value=-7.1250506152864546e-06 0.00038160015772119532 0.00074435636866837746 -0.00036186855286359789 -0.00036186855286359789 -0.00028744219616055493 -0.00024362069088965655 7.9219765029847633e-05 -0.00089590830146335065 -7.1250506152864546e-06 -0.000420992448925972 0.00021324735035055452 0.00070708874246161999 0.00046219766502165137 1.9213053165003657e-05 5.1998882554471493e-05 0.00030722906133936101 0.0003750765222478016 -1.3102119906932645e-05 0.00037648155606196575 0.00027725508452617915 0.00023969090233246488 -0.00036552575184032324 -0.00024362069088965655
leaf_weight=428 82 20 58 245 25 122 29 20 34 26 35 33 90 20 447 24 58 181 24 29 30 26 30
leaf_count=428 82 20 58 245 25 122 29 20 34 26 35 33 90 20 447 24 58 181 24 29 30 26 30
internal_value=2.49853e-13 -9.02037e-05 -0.000100344 -0.000245335 0.000333954 -2.57814e-05 -7.85914e-05 -0.000398899 9.632e-06 -0.000186468 0.000370507 0.000418239 0.000380111 0.000310544 2.30788e-05 0.000275379 0.000428056 -3.52907e-07 0.000341855 0.000241434 0.000258155 -0.000362219 -0.000243621
internal_weight=2116 1666 1646 559 450 1087 268 291 935 60 425 283 250 102 875 142 148 210 48 94 59 271 152
internal_count=2116 1666 1646 559 450 1087 268 291 935 60 425 283 250 102 875 142 148 210 48 94 59 271 152
is_linear=0
shrinkage=0.05


Tree=74
num_leaves=22
num_cat=0
split_feature=14 0 15 2 13 18 11 0 13 16 7 1 6 16 0 6 6 2 0 0 1
split_gain=0.0230109 0.00508976 0.0064239 0.00516723 0.00372623 0.0030272 0.00214424 0.00191509 0.000890052 0.000911026 0.000865564 0.00097534 0.000293809 0.000275916 0.000199586 8.34386e-05 7.69084e-05 1.9748e-05 4.69843e-06 1.13495e-07 4.33681e-19
threshold=1.0000000180025095e-35 60.399999618530281 1.0000000180025095e-35 0.47249999642372137 1.0000000180025095e-35 1.0000000180025095e-35 1.0000000180025095e-35 55.049999237060554 1.0000000180025095e-35 1.0000000180025095e-35 288308.89062500006 0.51020002365112316 107.50000000000001 1.0000000180025095e-35 40.050001144409187 97.500000000000014 42.500000000000007 0.25900000333786016 35.250000000000007 41.000000000000007 0.43800000846385961
decision_type=2 2 2 2 2 2 2 2 2 2 2 2 2 2 2 2 2 2 2 2 2
left_child=1 2 5 6 10 8 20 19 13 -10 11 14 -13 -1 15 -2 -8 -16 -14 -5 -4
right_child=4 -3 3 7 -6 -7 16 -9 9 -11 -12 12 18 -15 17 -17 -18 -19 -20 -21 -22
leaf_value=-6.7687979026231915e-06 0.00029149100236180759 0.00070713853463530549 -0.00034377512056380514 -0.00034377512056380514 -0.00021170602262681051 -0.00023143966682255269 7.5258780270814896e-05 -0.00085111290391068914 -6.7687979026231915e-06 -0.00039994283579289916 0.00061516982813676201 0.00064458830646522665 0.00041938270151149483 4.9398938426747921e-05 0.00019100671127924454 0.00035200647502164315 -1.2447014061815946e-05 0.0002454984758514911 0.00044900979036870212 -0.0003472494659945369 -0.00034377512056380514
leaf_weight=428 117 20 31 245 31 152 29 20 34 26 30 23 32 447 23 111 181 60 23 26 27
leaf_count=428 117 20 31 245 31 152 29 20 34 26 30 23 32 447 23 111 181 60 23 26 27
internal_value=-1.16208e-12 -8.56935e-05 -9.5327e-05 -0.000233068 0.000317257 -2.44924e-05 -7.46618e-05 -0.000378954 9.1504e-06 -0.000177144 0.000356392 0.000336435 0.000494526 2.19249e-05 0.000296785 0.000320952 -3.35262e-07 0.000230398 0.000431772 -0.000344108 -0.000343775
internal_weight=2116 1666 1646 559 450 1087 268 291 935 60 419 389 78 875 311 228 210 83 55 271 58
internal_count=2116 1666 1646 559 450 1087 268 291 935 60 419 389 78 875 311 228 210 83 55 271 58
is_linear=0
shrinkage=0.05


Tree=75
num_leaves=23
num_cat=0
split_feature=14 0 15 2 0 18 11 0 13 16 0 7 11 6 2 16 0 6 6 6 0 1
split_gain=0.0207674 0.00459351 0.00579757 0.00466343 0.00377316 0.00273205 0.00193518 0.00172837 0.000803272 0.000822201 0.000663924 0.000804649 0.00126968 0.000302387 0.000719342 0.000249014 0.000129989 6.94098e-05 1.97216e-05 3.38334e-06 1.0243e-07 4.33681e-19
threshold=1.0000000180025095e-35 60.399999618530281 1.0000000180025095e-35 0.47249999642372137 52.949998855590827 1.0000000180025095e-35 1.0000000180025095e-35 55.049999237060554 1.0000000180025095e-35 1.0000000180025095e-35 40.050001144409187 178313.00000000003 1.0000000180025095e-35 97.500000000000014 0.23249999433755877 1.0000000180025095e-35 36.649999618530281 42.500000000000007 63.000000000000007 71.500000000000014 41.000000000000007 0.49679999053478247
decision_type=2 2 2 2 2 2 2 2 2 2 2 2 2 2 2 2 2 2 2 2 2 2
left_child=1 2 5 6 10 8 -4 20 15 -10 11 13 -13 14 -2 -1 -15 -8 -12 -20 -5 -7
right_child=4 -3 3 7 -6 21 17 -9 9 -11 18 12 -14 16 -16 -17 -18 -19 19 -21 -22 -23
leaf_value=-6.4303581893909728e-06 0.00033216094459584427 0.00067178168334066876 -0.00032658635172992949 -0.00032658635172992949 -0.0002955598644912243 -0.00021986768115311861 7.1495841257274148e-05 -0.00080855726089794182 -6.4303581893909728e-06 -0.00037994568701833488 0.00018903291813330726 0.00027632030516700905 0.00077769231450344842 0.00041758726040522258 -1.4957378152757884e-06 4.6928989468142392e-05 0.00033284111235004209 -1.1824662959254098e-05 0.0002205281029455364 0.00024725983384996656 -0.00032988699385896327 -0.00021986768115311861
leaf_weight=428 84 20 58 245 25 107 29 20 34 26 40 23 28 90 20 447 91 181 20 29 26 45
leaf_count=428 84 20 58 245 25 107 29 20 34 26 40 23 28 90 20 447 91 181 20 29 26 45
internal_value=1.54765e-12 -8.14089e-05 -9.05606e-05 -0.000221415 0.000301394 -2.32677e-05 -7.09287e-05 -0.000360006 8.69288e-06 -0.000168287 0.000336509 0.000368672 0.000551583 0.00033594 0.000267996 2.08286e-05 0.00037498 -3.18498e-07 0.000215083 0.000236349 -0.000326903 -0.000219868
internal_weight=2116 1666 1646 559 450 1087 268 291 935 60 425 336 51 285 104 875 181 210 89 49 271 152
internal_count=2116 1666 1646 559 450 1087 268 291 935 60 425 336 51 285 104 875 181 210 89 49 271 152
is_linear=0
shrinkage=0.05


Tree=76
num_leaves=21
num_cat=0
split_feature=14 0 15 2 0 18 11 0 13 16 1 13 0 16 6 1 6 0 6 0
split_gain=0.0187426 0.00414564 0.0052323 0.00420874 0.00340527 0.00246567 0.0017465 0.00155986 0.000724953 0.000742036 0.000624944 0.000404865 0.00023082 0.000224735 0.000175143 7.82599e-05 6.26424e-05 1.86541e-05 1.77987e-05 9.24431e-08
threshold=1.0000000180025095e-35 60.399999618530281 1.0000000180025095e-35 0.47249999642372137 52.949998855590827 1.0000000180025095e-35 1.0000000180025095e-35 55.049999237060554 1.0000000180025095e-35 1.0000000180025095e-35 0.50725001096725475 1.0000000180025095e-35 40.050001144409187 1.0000000180025095e-35 95.500000000000014 0.49865001440048223 42.500000000000007 35.250000000000007 63.000000000000007 41.000000000000007
decision_type=2 2 2 2 2 2 2 2 2 2 2 2 2 2 2 2 2 2 2 2
left_child=1 2 5 6 10 8 -4 19 13 -10 11 12 15 -1 -12 -2 -8 -16 -14 -5
right_child=4 -3 3 7 -6 -7 16 -9 9 -11 14 -13 18 -15 17 -17 -18 -19 -20 -21
leaf_value=-6.1088401707820601e-06 0.00028984723517633216 0.00063819260336458691 -0.00031025703065097333 -0.00031025703065097333 -0.00028078182414174082 -0.00020887430291622878 6.7921046866104004e-05 -0.00076812941813841473 -6.1088401707820601e-06 -0.0003609484061598778 0.00054835142509546131 0.00049910792537654442 0.0001795812741329428 4.458253970369697e-05 0.00036772132372936688 0.00038930267751724885 -1.1233430286565183e-05 0.00041827660623110002 0.00022453147851462875 -0.00031339264241978529
leaf_weight=428 196 20 58 245 25 152 29 20 34 26 24 21 40 447 37 22 181 36 49 26
leaf_count=428 196 20 58 245 25 152 29 20 34 26 24 21 40 447 37 22 181 36 49 26
internal_value=2.32669e-12 -7.73384e-05 -8.60326e-05 -0.000210344 0.000286324 -2.21044e-05 -6.73823e-05 -0.000342006 8.25824e-06 -0.000159873 0.000319683 0.000286711 0.000272182 1.97872e-05 0.000431176 0.000299884 -3.02574e-07 0.000392653 0.000204329 -0.000310558
internal_weight=2116 1666 1646 559 450 1087 268 291 935 60 425 328 307 875 97 218 210 73 89 271
internal_count=2116 1666 1646 559 450 1087 268 291 935 60 425 328 307 875 97 218 210 73 89 271
is_linear=0
shrinkage=0.05


Tree=77
num_leaves=21
num_cat=0
split_feature=14 0 15 2 13 18 11 0 7 1 13 16 6 16 0 6 1 0 0 0
split_gain=0.0169152 0.00374144 0.00472216 0.00379839 0.00331321 0.00222527 0.00157622 0.00140777 0.00102924 0.000764816 0.00065427 0.000669688 0.000244795 0.000202824 0.000133591 7.40389e-05 5.79699e-05 1.81997e-05 3.51289e-06 8.34289e-08
threshold=1.0000000180025095e-35 60.399999618530281 1.0000000180025095e-35 0.47249999642372137 1.0000000180025095e-35 1.0000000180025095e-35 1.0000000180025095e-35 55.049999237060554 288308.89062500006 0.51020002365112316 1.0000000180025095e-35 1.0000000180025095e-35 107.50000000000001 1.0000000180025095e-35 40.050001144409187 97.500000000000014 0.30030000209808355 41.000000000000007 35.250000000000007 41.000000000000007
decision_type=2 2 2 2 2 2 2 2 2 2 2 2 2 2 2 2 2 2 2 2
left_child=1 2 5 6 8 10 -4 19 9 14 13 -12 -11 -1 15 -2 -8 -16 -14 -5
right_child=4 -3 3 7 -6 -7 16 -9 -10 12 11 -13 18 -15 17 -17 -18 -19 -20 -21
leaf_value=-5.8033980167238047e-06 0.00024405721650641953 0.00060628293314948681 -0.00029474420007318263 -0.00029474420007318263 -0.00022677810254296467 -0.00019843059126287699 -5.2827641290302078e-05 -0.00072972291498444978 0.00059109630684057871 0.00056411661308906653 -5.8033980167238047e-06 -0.00034290098119527102 0.00035914814216084782 4.2353413300588732e-05 0.00015616965858498589 0.00030106221438964482 1.2847604951578737e-05 0.00021091611789805548 0.00038476609827383707 -0.00029772301204502585
leaf_weight=428 117 20 58 245 31 152 42 20 30 23 34 26 32 447 20 111 168 63 23 26
leaf_count=428 117 20 58 245 31 152 42 20 30 23 34 26 32 447 20 111 168 63 23 26
internal_value=-1.76329e-12 -7.34715e-05 -8.1731e-05 -0.000199827 0.000272008 -2.09991e-05 -6.40132e-05 -0.000324906 0.000308911 0.000287148 7.84533e-06 -0.000151879 0.000427142 1.87979e-05 0.000252038 0.00027181 -2.87444e-07 0.000197724 0.000369861 -0.00029503
internal_weight=2116 1666 1646 559 450 1087 268 291 419 389 935 60 78 875 311 228 210 83 55 271
internal_count=2116 1666 1646 559 450 1087 268 291 419 389 935 60 78 875 311 228 210 83 55 271
is_linear=0
shrinkage=0.05


Tree=78
num_leaves=22
num_cat=0
split_feature=14 0 15 2 0 18 11 0 13 16 0 7 13 6 16 7 1 6 0 0 0
split_gain=0.0152659 0.00337665 0.00426175 0.00342805 0.00316261 0.00200831 0.00142253 0.00127051 0.000590479 0.000604393 0.000538649 0.000959853 0.000512289 0.000330666 0.000183048 8.76913e-05 8.61723e-05 5.53948e-05 2.75718e-05 1.38137e-05 7.52957e-08
threshold=1.0000000180025095e-35 60.399999618530281 1.0000000180025095e-35 0.47249999642372137 52.949998855590827 1.0000000180025095e-35 1.0000000180025095e-35 55.049999237060554 1.0000000180025095e-35 1.0000000180025095e-35 38.199998855590827 234707.55468750003 1.0000000180025095e-35 97.500000000000014 1.0000000180025095e-35 268883.71875000006 0.41689999401569372 42.500000000000007 40.699998855590827 39.500000000000007 41.000000000000007
decision_type=2 2 2 2 2 2 2 2 2 2 2 2 2 2 2 2 2 2 2 2 2
left_child=1 2 5 6 10 8 -4 20 14 -10 11 12 13 -2 -1 16 18 -8 -12 -18 -5
right_child=4 -3 3 7 -6 -7 17 -9 9 -11 15 -13 -14 -15 -16 -17 19 -19 -20 -21 -22
leaf_value=-5.5132280976977203e-06 0.00019853973049327903 0.00057596876751631499 -0.00028000697493553163 -0.00028000697493553163 -0.00028811885789036755 -0.00018850904889404775 6.3882616814225912e-05 -0.0006932367896661162 -5.5132280976977203e-06 -0.00032575593795627358 0.00014550683670677244 0.00058387898219128449 0.00053332911116913664 0.00032232785941770591 4.0235742926597598e-05 0.0001167743475109871 0.00025786264880519851 -1.0552160224682094e-05 0.00021358705085605897 0.00031467986293137073 -0.00028283686842769387
leaf_weight=428 87 20 58 245 25 152 29 20 34 26 20 33 21 142 447 21 23 181 58 20 26
leaf_count=428 87 20 58 245 25 152 29 20 34 26 20 33 21 142 447 21 23 181 58 20 26
internal_value=1.13429e-12 -6.97979e-05 -7.76444e-05 -0.000189835 0.000258407 -1.99492e-05 -6.08125e-05 -0.00030866 7.45306e-06 -0.000144285 0.000290556 0.000330429 0.000296974 0.000275299 1.7858e-05 0.000211091 0.00022746 -2.73072e-07 0.000196131 0.000284289 -0.000280278
internal_weight=2116 1666 1646 559 450 1087 268 291 935 60 425 283 250 229 875 142 121 210 78 43 271
internal_count=2116 1666 1646 559 450 1087 268 291 935 60 425 283 250 229 875 142 121 210 78 43 271
is_linear=0
shrinkage=0.05


Tree=79
num_leaves=22
num_cat=0
split_feature=14 0 15 2 13 18 11 0 7 1 13 16 6 16 0 6 1 2 0 0 0
split_gain=0.0137775 0.00304743 0.00384623 0.00309381 0.00303784 0.0018125 0.00128384 0.00114664 0.0010518 0.00065681 0.000532907 0.000545465 0.000211989 0.000165201 0.000104032 6.18334e-05 5.1246e-05 1.66274e-05 3.17038e-06 6.79534e-08 2.1684e-19
threshold=1.0000000180025095e-35 60.399999618530281 1.0000000180025095e-35 0.47249999642372137 1.0000000180025095e-35 1.0000000180025095e-35 1.0000000180025095e-35 55.049999237060554 288308.89062500006 0.51020002365112316 1.0000000180025095e-35 1.0000000180025095e-35 107.50000000000001 1.0000000180025095e-35 40.050001144409187 97.500000000000014 0.30030000209808355 0.25900000333786016 35.250000000000007 41.000000000000007 40.699998855590827
decision_type=2 2 2 2 2 2 2 2 2 2 2 2 2 2 2 2 2 2 2 2 2
left_child=1 2 5 6 8 10 -4 19 9 14 13 -12 -11 -1 15 -2 -8 -16 -14 -5 -7
right_child=4 -3 3 7 -6 20 16 -9 -10 12 11 -13 18 -15 17 -17 -18 -19 -20 -21 -22
leaf_value=-5.2375668019521987e-06 0.00021837226724108827 0.00054717035032808786 -0.00026600663550198079 -0.00026600663550198079 -0.00023212171959570579 -0.0001790835987776518 -4.9658651724235998e-05 -0.00065857490757480262 0.00056608520215377215 0.00051602262335465 -5.2375668019521987e-06 -0.0003094681538641453 0.00032507433861610484 3.8223955198191109e-05 0.00014221142653537833 0.00027046707723088362 1.2090389213339915e-05 0.00019221284387943647 0.00034941140785003488 -0.0002686950145289302 -0.0001790835987776518
leaf_weight=428 117 20 58 245 31 119 42 20 30 23 34 26 32 447 23 111 168 60 23 26 33
leaf_count=428 117 20 58 245 31 119 42 20 30 23 34 26 32 447 23 111 168 60 23 26 33
internal_value=7.68214e-13 -6.6308e-05 -7.37622e-05 -0.000180344 0.000245487 -1.89517e-05 -5.77719e-05 -0.000293227 0.000280823 0.000258824 7.08041e-06 -0.000137071 0.000388556 1.69651e-05 0.000226286 0.000243734 -2.59419e-07 0.000178357 0.000335252 -0.000266265 -0.000179084
internal_weight=2116 1666 1646 559 450 1087 268 291 419 389 935 60 78 875 311 228 210 83 55 271 152
internal_count=2116 1666 1646 559 450 1087 268 291 419 389 935 60 78 875 311 228 210 83 55 271 152
is_linear=0
shrinkage=0.05


Tree=80
num_leaves=24
num_cat=0
split_feature=14 0 0 15 2 18 11 0 13 16 0 7 6 6 16 7 1 6 6 0 0 0 0
split_gain=0.0124342 0.00294343 0.00275031 0.00347122 0.00279217 0.00163578 0.00115866 0.00103484 0.000480949 0.000492282 0.000466941 0.000853916 0.000230368 0.000798662 0.000149094 7.84436e-05 7.05894e-05 6.72573e-05 4.89859e-05 2.51225e-05 1.25061e-05 6.13282e-08 2.1684e-19
threshold=1.0000000180025095e-35 52.949998855590827 60.399999618530281 1.0000000180025095e-35 0.47249999642372137 1.0000000180025095e-35 1.0000000180025095e-35 55.049999237060554 1.0000000180025095e-35 1.0000000180025095e-35 38.199998855590827 178313.00000000003 95.500000000000014 82.500000000000014 1.0000000180025095e-35 268883.71875000006 0.41689999401569372 103.50000000000001 42.500000000000007 40.699998855590827 39.500000000000007 41.000000000000007 40.500000000000007
decision_type=2 2 2 2 2 2 2 2 2 2 2 2 2 2 2 2 2 2 2 2 2 2 2
left_child=2 10 3 5 6 8 -5 21 14 -10 11 12 13 -2 -1 16 19 -14 -8 -12 -18 -6 -7
right_child=1 -3 -4 4 7 22 18 -9 9 -11 15 -13 17 -15 -16 -17 20 -19 -20 -21 -22 -23 -24
leaf_value=-4.9756883527152242e-06 0.00028227911216031383 -0.00029403506591916086 0.00051981182768940932 -0.00025270630139857532 -0.00025270630139857532 -0.00017012942116707564 6.0083961579948669e-05 -0.00062564621563069526 -4.9756883527152242e-06 -0.00029399474151432515 0.0001290438778232783 0.00051236011559234527 0.00036367867275008137 -7.656595553271473e-05 3.6312756128609182e-05 0.00010103555617942697 0.00023201241400902688 0.00028475442727617285 -9.912646898118817e-06 0.00019402984060058051 0.00028607369982637466 -0.00025526026729494333 -0.00017012942116707564
leaf_weight=428 69 25 20 58 245 118 29 20 34 26 20 41 35 20 447 21 23 118 181 58 20 26 34
leaf_count=428 69 25 20 58 245 118 29 20 34 26 20 41 35 20 447 21 23 118 181 58 20 26 34
internal_value=-6.45973e-13 0.000233213 -6.29926e-05 -7.00741e-05 -0.000171326 -1.80041e-05 -5.48833e-05 -0.000278566 6.72639e-06 -0.000130217 0.000264227 0.000301352 0.000265602 0.00020164 1.61168e-05 0.00019024 0.000205722 0.000302809 -2.46449e-07 0.000177367 0.000257157 -0.000252951 -0.000170129
internal_weight=2116 450 1666 1646 559 1087 268 291 935 60 425 283 242 89 875 142 121 153 210 78 43 271 152
internal_count=2116 450 1666 1646 559 1087 268 291 935 60 425 283 242 89 875 142 121 153 210 78 43 271 152
is_linear=0
shrinkage=0.05


Tree=81
num_leaves=22
num_cat=0
split_feature=14 13 0 15 2 18 7 11 0 1 13 16 6 16 6 2 0 1 0 0 0
split_gain=0.0112219 0.00273287 0.00248215 0.00313277 0.00251993 0.00147629 0.00107275 0.00104569 0.000933943 0.000575434 0.000434056 0.000444284 0.000186736 0.000134557 8.68044e-05 0.000331194 8.3389e-05 4.53018e-05 2.86127e-06 5.53493e-08 2.1684e-19
threshold=1.0000000180025095e-35 1.0000000180025095e-35 60.399999618530281 1.0000000180025095e-35 0.47249999642372137 1.0000000180025095e-35 288308.89062500006 1.0000000180025095e-35 55.049999237060554 0.51020002365112316 1.0000000180025095e-35 1.0000000180025095e-35 107.50000000000001 1.0000000180025095e-35 97.500000000000014 0.37649999558925634 36.649999618530281 0.30030000209808355 35.250000000000007 41.000000000000007 40.500000000000007
decision_type=2 2 2 2 2 2 2 2 2 2 2 2 2 2 2 2 2 2 2 2 2
left_child=2 6 3 5 7 10 9 -5 19 14 13 -12 -11 -1 15 -2 -16 -9 -14 -6 -7
right_child=1 -3 -4 4 8 20 -8 17 -10 12 11 -13 18 -15 16 -17 -18 -19 -20 -21 -22
leaf_value=-4.7269040805986151e-06 0.00020450621196481909 -0.00023144886813937656 0.00049382122233510017 -0.00024007097817957401 -0.00024007097817957401 -0.00016162295360118152 0.00054315600777044893 -4.6680088312963828e-05 -0.00059436388430185623 0.00047391383483520022 -4.7269040805986151e-06 -0.00027929500211030248 0.00029458290518959986 3.449711948633194e-05 0.00031301699256381169 -7.0824359898411098e-06 0.00021336376090286247 1.1377364716785062e-05 0.00031770311559186037 -0.00024249725975096227 -0.00016162295360118152
leaf_weight=428 155 31 20 58 245 118 30 42 20 23 34 26 32 447 26 21 109 168 23 26 34
leaf_count=428 155 31 20 58 245 118 30 42 20 23 34 26 32 447 26 21 109 168 23 26 34
internal_value=2.34133e-13 0.000221552 -5.9843e-05 -6.65704e-05 -0.00016276 -1.71039e-05 0.000255068 -5.21391e-05 -0.000264638 0.00023285 6.39007e-06 -0.000123706 0.00035428 1.5311e-05 0.000202395 0.00017926 0.000232556 -2.34126e-07 0.000304251 -0.000240304 -0.000161623
internal_weight=2116 450 1666 1646 559 1087 419 268 291 389 935 60 78 875 311 176 135 210 55 271 152
internal_count=2116 450 1666 1646 559 1087 419 268 291 389 935 60 78 875 311 176 135 210 55 271 152
is_linear=0
shrinkage=0.05


Tree=82
num_leaves=22
num_cat=0
split_feature=14 0 0 15 2 18 11 0 13 1 13 16 0 1 16 0 7 6 1 0 0
split_gain=0.0101277 0.00274558 0.00224014 0.00282733 0.00227424 0.00133235 0.000943738 0.000842884 0.000415359 0.000563456 0.000391736 0.000400967 0.000154285 0.000205236 0.000121438 0.00010673 6.34416e-05 4.33187e-05 2.2893e-05 4.99522e-08 2.1684e-19
threshold=1.0000000180025095e-35 52.949998855590827 60.399999618530281 1.0000000180025095e-35 0.47249999642372137 1.0000000180025095e-35 1.0000000180025095e-35 55.049999237060554 1.0000000180025095e-35 0.49865001440048223 1.0000000180025095e-35 1.0000000180025095e-35 36.300001144409187 0.52449998259544384 1.0000000180025095e-35 40.050001144409187 250390.74218750003 42.500000000000007 0.32389999926090246 41.000000000000007 40.300001144409187
decision_type=2 2 2 2 2 2 2 2 2 2 2 2 2 2 2 2 2 2 2 2 2
left_child=2 8 3 5 6 10 -5 19 9 15 14 -12 13 -11 -1 16 -2 -8 -17 -6 -7
right_child=1 -3 -4 4 7 20 17 -9 -10 12 11 -13 -14 -15 -16 18 -18 -19 -20 -21 -22
leaf_value=-4.4905587856192147e-06 0.00022043958729641005 -0.00029874506220221522 0.00046913011930882931 -0.00022806744091212751 -0.00022806744091212751 -0.0001535417977720499 5.6510895956307652e-05 -0.00056464571272954347 0.00043406512167376392 0.00038075864754824173 -4.4905587856192147e-06 -0.0002653302624821663 0.00042617152082837293 0.00022483224085733004 3.2772263512015347e-05 0.00011332629493803586 0.00012646429997403177 -9.3122879154169783e-06 0.00016524044956356564 -0.00023037239443510771 -0.0001535417977720499
leaf_weight=428 176 25 20 58 245 117 29 20 26 36 34 26 27 51 447 35 20 181 54 26 35
leaf_count=428 176 25 20 58 245 117 29 20 26 36 34 26 27 51 447 35 20 181 54 26 35
internal_value=-9.81016e-13 0.000210474 -5.68508e-05 -6.32419e-05 -0.000154622 -1.62487e-05 -4.95322e-05 -0.000251406 0.000240429 0.000227811 6.07056e-06 -0.000117521 0.000321758 0.000289354 1.45454e-05 0.000190232 0.00021085 -2.2242e-07 0.000144825 -0.000228289 -0.000153542
internal_weight=2116 450 1666 1646 559 1087 268 291 425 399 935 60 114 87 875 285 196 210 89 271 152
internal_count=2116 450 1666 1646 559 1087 268 291 425 399 935 60 114 87 875 285 196 210 89 271 152
is_linear=0
shrinkage=0.05


Tree=83
num_leaves=23
num_cat=0
split_feature=14 13 0 15 2 1 18 7 11 1 0 13 16 0 0 16 6 2 0 6 0 1
split_gain=0.00914027 0.00252719 0.00202173 0.00255166 0.00205377 0.00204701 0.00120245 0.00108781 0.000794834 0.00049543 0.0004007 0.000353541 0.000361872 0.000168629 0.000258116 0.000109598 6.92253e-05 0.000303891 5.94268e-05 3.55551e-05 2.1684e-19 1.0842e-19
threshold=1.0000000180025095e-35 1.0000000180025095e-35 60.399999618530281 1.0000000180025095e-35 0.43400000035762792 0.31149999797344213 1.0000000180025095e-35 288308.89062500006 1.0000000180025095e-35 0.51020002365112316 42.649999618530281 1.0000000180025095e-35 1.0000000180025095e-35 35.750000000000007 35.149999618530281 1.0000000180025095e-35 97.500000000000014 0.37649999558925634 36.649999618530281 42.500000000000007 39.500000000000007 0.43800000846385961
decision_type=2 2 2 2 2 2 2 2 2 2 2 2 2 2 2 2 2 2 2 2 2 2
left_child=2 7 3 6 8 -6 11 9 21 16 -7 15 -13 14 -11 -1 17 -2 -18 -10 -8 -5
right_child=1 -3 -4 4 5 10 20 -9 19 13 -12 12 -14 -15 -16 -17 18 -19 -20 -21 -22 -23
leaf_value=-4.2660307371988896e-06 0.00018507179296237507 -0.00023566988792510766 0.00044567369855940347 -0.00021666407119482758 -0.00072358549834461883 -0.00021658232929467255 -0.00014586470788344741 0.00052228472894057633 5.3685350576415661e-05 0.00037024492518075052 1.5542550245299934e-05 -4.2660307371988896e-06 -0.00025206373538821936 0.00043616605639133771 0.00015183494542725384 3.1133650918491187e-05 0.00027640690095722677 -1.7607540801344884e-05 0.00019228129077343906 -6.1138063381153622e-06 -0.00014586470788344741 -0.00021666407119482758
leaf_weight=428 155 31 20 31 20 264 106 30 29 31 20 34 26 23 24 447 26 21 109 174 46 21
leaf_count=428 155 31 20 31 20 264 106 30 29 31 20 34 26 23 24 447 26 21 109 174 46 21
internal_value=-1.85762e-14 0.000199951 -5.40083e-05 -6.00798e-05 -0.000146891 -0.000234666 -1.54363e-05 0.00023218 -4.22489e-05 0.000209807 -0.000200236 5.76704e-06 -0.000111645 0.00032248 0.000274939 1.38181e-05 0.000181549 0.000160888 0.000208483 2.42893e-06 -0.000145865 -0.000216664
internal_weight=2116 450 1666 1646 559 304 1087 419 255 389 284 935 60 78 55 875 311 176 135 203 152 52
internal_count=2116 450 1666 1646 559 304 1087 419 255 389 284 935 60 78 55 875 311 176 135 203 152 52
is_linear=0
shrinkage=0.05


Tree=84
num_leaves=23
num_cat=0
split_feature=14 0 0 15 2 18 11 0 13 1 13 16 0 0 16 0 7 6 1 0 1 0
split_gain=0.0082491 0.00256611 0.00182461 0.00230288 0.00188552 0.00108521 0.000776765 0.000700192 0.000466602 0.000462086 0.000319071 0.00032659 0.000138554 0.000197995 9.8912e-05 9.69307e-05 5.38358e-05 3.38132e-05 2.47011e-05 6.00662e-07 7.9214e-15 2.1684e-19
threshold=1.0000000180025095e-35 52.949998855590827 60.399999618530281 1.0000000180025095e-35 0.47249999642372137 1.0000000180025095e-35 1.0000000180025095e-35 55.049999237060554 1.0000000180025095e-35 0.49865001440048223 1.0000000180025095e-35 1.0000000180025095e-35 36.300001144409187 35.45000076293946 1.0000000180025095e-35 40.050001144409187 250390.74218750003 42.500000000000007 0.32389999926090246 41.000000000000007 0.45589999854564672 42.250000000000007
decision_type=2 2 2 2 2 2 2 2 2 2 2 2 2 2 2 2 2 2 2 2 2 2
left_child=2 8 3 5 6 10 20 19 9 15 14 -12 13 -11 -1 16 -2 -8 -17 -6 -5 -7
right_child=1 -3 -4 4 7 21 17 -9 -10 12 11 -13 -14 -15 -16 18 -18 -19 -20 -21 -22 -23
leaf_value=-4.0527294913772495e-06 0.00019998992515452715 -0.0003023425005376339 0.00042338993865996598 -0.00020583085715770723 -0.00020583495497703553 -0.00013857147423550488 5.1001086831092834e-05 -0.0005131688894471154 0.00042414536538462231 0.00033111938973888759 -4.0527294913772495e-06 -0.00023946054279804231 0.00038956334141807426 0.00018001192294788071 2.9576968518085778e-05 9.5515994222036428e-05 0.00011342098412569612 -7.1536066063335006e-06 0.00014944128989655939 -0.00021382777485996486 -0.00020583208650350572 -0.00013857147423550488
leaf_weight=428 176 25 20 38 245 129 29 20 26 46 34 26 27 41 447 35 20 181 54 26 20 23
leaf_count=428 176 25 20 38 245 129 29 20 26 46 34 26 27 41 447 35 20 181 54 26 20 23
internal_value=-5.05466e-13 0.000189953 -5.13079e-05 -5.70758e-05 -0.000139546 -1.46645e-05 -4.38582e-05 -0.000227672 0.000218912 0.000205538 5.47868e-06 -0.000106063 0.000290616 0.000259908 1.31272e-05 0.000171507 0.000191156 8.7728e-07 0.000128235 -0.000206602 -0.000205831 -0.000138571
internal_weight=2116 450 1666 1646 559 1087 268 291 425 399 935 60 114 87 875 285 196 210 89 271 58 152
internal_count=2116 450 1666 1646 559 1087 268 291 425 399 935 60 114 87 875 285 196 210 89 271 58 152
is_linear=0
shrinkage=0.05


Tree=85
num_leaves=20
num_cat=0
split_feature=14 13 0 15 1 6 7 18 1 13 16 0 6 16 6 2 0 2 0
split_gain=0.00744481 0.00234573 0.00164671 0.00207835 0.00171192 0.00191321 0.00110651 0.0009794 0.00041632 0.000287962 0.000294747 0.000228115 0.00017674 8.92681e-05 5.47621e-05 0.000271995 4.29231e-05 1.60109e-05 2.1815e-06
threshold=1.0000000180025095e-35 1.0000000180025095e-35 60.399999618530281 1.0000000180025095e-35 0.25009999424219137 79.500000000000014 288308.89062500006 1.0000000180025095e-35 0.51020002365112316 1.0000000180025095e-35 1.0000000180025095e-35 45.20000076293946 107.50000000000001 1.0000000180025095e-35 97.500000000000014 0.37649999558925634 36.649999618530281 0.35349999368190771 35.149999618530281
decision_type=2 2 2 2 2 2 2 2 2 2 2 2 2 2 2 2 2 2 2
left_child=2 6 3 7 -5 11 8 9 14 13 -11 -6 -10 -1 15 -2 -16 -7 -14
right_child=1 -3 -4 4 5 17 -8 -9 12 10 -12 -13 18 -15 16 -17 -18 -19 -20
leaf_value=-3.8500929804285988e-06 0.00016754104541764867 -0.00023923487657861363 0.00040222048293799163 -0.00054568960197987808 -1.6996500559116612e-05 -0.00015289005737822268 0.00050409330627492941 -0.00013164289994165303 0.00040861587445049181 -3.8500929804285988e-06 -0.0002274875296279788 0.00016010757055482828 0.00023341635242104533 2.8098118491470814e-05 0.00024472032225905703 -2.4207142580832754e-05 0.00017322422989960248 -0.0001962190142303246 0.00025333535907390926
leaf_weight=428 155 31 20 24 200 23 30 152 23 34 26 20 27 447 26 21 109 292 28
leaf_count=428 155 31 20 24 200 23 30 152 23 34 26 20 27 447 26 21 109 292 28
internal_value=1.25816e-12 0.000180456 -4.87425e-05 -5.4222e-05 -0.000132569 -0.000114037 0.000211507 -1.39313e-05 0.000188942 5.20475e-06 -0.00010076 -8.9613e-07 0.000292228 1.24709e-05 0.000163038 0.000144662 0.000186994 -0.000193055 0.000243557
internal_weight=2116 450 1666 1646 559 535 419 1087 389 935 60 220 78 875 311 176 135 315 55
internal_count=2116 450 1666 1646 559 535 419 1087 389 935 60 220 78 875 311 176 135 315 55
is_linear=0
shrinkage=0.05


Tree=86
num_leaves=22
num_cat=0
split_feature=14 0 0 15 2 18 11 6 13 1 13 16 1 0 1 16 7 1 0 6 0
split_gain=0.00671894 0.00240337 0.00148616 0.00187571 0.00156495 0.000883909 0.0006476 0.000641643 0.000514173 0.000379069 0.000259885 0.00026601 0.000130145 0.000253936 9.00577e-05 8.05645e-05 4.92945e-05 4.53341e-05 5.40123e-07 2.43623e-07 1.0842e-19
threshold=1.0000000180025095e-35 52.949998855590827 60.399999618530281 1.0000000180025095e-35 0.5209999978542329 1.0000000180025095e-35 1.0000000180025095e-35 95.500000000000014 1.0000000180025095e-35 0.49865001440048223 1.0000000180025095e-35 1.0000000180025095e-35 0.53999999165534984 35.250000000000007 0.31114999949932104 1.0000000180025095e-35 250390.74218750003 0.30030000209808355 41.000000000000007 80.500000000000014 39.500000000000007
decision_type=2 2 2 2 2 2 2 2 2 2 2 2 2 2 2 2 2 2 2 2 2
left_child=2 8 3 5 6 10 19 -6 9 14 15 -12 13 -11 -2 -1 -16 -8 -9 -5 -7
right_child=1 -3 -4 4 7 20 17 18 -10 12 11 -13 -14 -15 16 -17 -18 -19 -20 -21 -22
leaf_value=-3.657588240457699e-06 7.9478408692271594e-05 -0.00030499680712819098 0.00038210945203900339 -0.00019305973686277868 -0.00046762011003341871 -0.00012506075436249375 -4.3571671668193022e-05 -0.00018573225243017079 0.00041489984678964208 0.00039493720163591206 -3.657588240457699e-06 -0.00021611314732581378 0.00037490143662407286 0.00019384416311417948 0.00017494663270858771 2.6693212566897274e-05 0.00011498490604004118 1.1087101522986944e-05 -0.00019332544179633261 -0.0001865161409968454 -0.00012506075436249375
leaf_weight=428 35 25 20 25 22 106 49 236 26 20 34 26 21 73 209 447 41 168 26 33 46
leaf_count=428 35 25 20 25 22 106 49 236 26 20 34 26 21 73 209 447 41 168 26 33 46
internal_value=-9.3494e-13 0.000171433 -4.63054e-05 -5.15109e-05 -0.000125941 -1.32347e-05 -4.09233e-05 -0.000208264 0.000199458 0.000185419 4.94451e-06 -9.57217e-05 0.000262476 0.00023709 0.000154596 1.18473e-05 0.000165113 -1.2552e-06 -0.000186486 -0.000189337 -0.000125061
internal_weight=2116 450 1666 1646 559 1087 275 284 425 399 935 60 114 93 285 875 250 217 262 58 152
internal_count=2116 450 1666 1646 559 1087 275 284 425 399 935 60 114 93 285 875 250 217 262 58 152
is_linear=0
shrinkage=0.05


Tree=87
num_leaves=19
num_cat=0
split_feature=14 13 0 15 1 6 7 18 6 0 6 13 16 0 1 16 2 0
split_gain=0.00606384 0.00218518 0.00134125 0.00169283 0.00153571 0.00157681 0.00111827 0.000797728 0.000339393 0.000258126 0.000250219 0.000234547 0.000240074 0.000226011 9.63591e-05 7.27094e-05 1.27517e-05 1.0842e-19
threshold=1.0000000180025095e-35 1.0000000180025095e-35 60.399999618530281 1.0000000180025095e-35 0.25009999424219137 79.500000000000014 288308.89062500006 1.0000000180025095e-35 40.000000000000007 35.45000076293946 97.500000000000014 1.0000000180025095e-35 1.0000000180025095e-35 45.20000076293946 0.51809999346733104 1.0000000180025095e-35 0.35349999368190771 35.250000000000007
decision_type=2 2 2 2 2 2 2 2 2 2 2 2 2 2 2 2 2 2
left_child=2 6 3 7 -5 13 8 11 -2 14 -11 15 -13 -6 -10 -1 -7 -9
right_child=1 -3 -4 4 5 16 -8 17 9 10 -12 12 -14 -15 -16 -17 -18 -19
leaf_value=-3.4747088648146021e-06 0.00037075298023410143 -0.00024221253547547085 0.0003630039794370532 -0.00051092594470295201 -1.5403380765064869e-05 -0.00013798225171858972 0.0004869681342582529 -0.00011880771489813924 0.00017963819541470257 8.2295783274860036e-05 0.00017753305680349849 -3.4747088648146021e-06 -0.00020530750043690205 0.00016088174103060738 0.00028374956379158668 2.5358551647514107e-05 -0.00017665042203040922 -0.00011880771489813924
leaf_weight=428 20 31 20 24 200 23 30 27 43 123 157 34 26 20 46 447 292 125
leaf_count=428 20 31 20 24 200 23 30 27 43 123 157 34 26 20 46 447 292 125
internal_value=-6.58331e-13 0.000162861 -4.39901e-05 -4.89354e-05 -0.000119644 -0.000102091 0.000192831 -1.2573e-05 0.000170147 0.000159274 0.000135697 4.69729e-06 -9.09356e-05 6.22539e-07 0.000233449 1.1255e-05 -0.000173827 -0.000118808
internal_weight=2116 450 1666 1646 559 535 419 1087 389 369 280 935 60 220 89 875 315 152
internal_count=2116 450 1666 1646 559 535 419 1087 389 369 280 935 60 220 89 875 315 152
is_linear=0
shrinkage=0.05


Tree=88
num_leaves=20
num_cat=0
split_feature=14 0 0 15 0 11 18 13 7 1 13 16 6 6 0 16 6 6 0
split_gain=0.00547262 0.00225532 0.00123647 0.00177399 0.00217618 0.00154367 0.000728521 0.000557817 0.000324205 0.00127826 0.000171654 0.00017647 0.000147228 0.000560097 8.09713e-05 6.56203e-05 2.52086e-05 1.60895e-06 1.0842e-19
threshold=1.0000000180025095e-35 52.949998855590827 58.000000000000007 1.0000000180025095e-35 52.949998855590827 1.0000000180025095e-35 1.0000000180025095e-35 1.0000000180025095e-35 234707.55468750003 0.46085000038146978 1.0000000180025095e-35 1.0000000180025095e-35 97.500000000000014 82.500000000000014 36.649999618530281 1.0000000180025095e-35 42.500000000000007 80.500000000000014 36.049999237060554
decision_type=2 2 2 2 2 2 2 2 2 2 2 2 2 2 2 2 2 2 2
left_child=2 7 3 6 5 17 10 8 12 -10 15 -12 13 -2 -14 -1 -7 -5 -8
right_child=1 -3 -4 4 -6 16 18 -9 9 -11 11 -13 14 -15 -16 -17 -18 -19 -20
leaf_value=-3.3009735489031302e-06 0.00014982586163872234 -0.000306803572922945 0.00023642765835318595 -0.00018116563558578491 -0.0006333410253864714 4.9516669241711499e-05 -0.00011286733206361532 0.00040626546990377111 8.5942117018728622e-05 0.00055702582346081424 -3.3009735489031302e-06 -0.00019504211377352476 0.00021101978103009366 -0.00013597272161860018 0.00014693902959243967 2.409062581136823e-05 -8.3552801786664671e-07 -0.00016796995156542643 -0.00011286733206361532
leaf_weight=428 120 25 39 25 20 29 40 26 36 24 28 21 90 20 109 447 174 304 111
leaf_count=428 120 25 39 25 20 29 40 26 36 24 28 21 90 20 109 447 174 304 111
internal_value=7.40361e-14 0.000154718 -4.17906e-05 -4.84596e-05 -0.000121319 -0.00010207 -1.10471e-05 0.000181866 0.000167244 0.000274376 5.5924e-06 -8.54757e-05 0.000148283 0.000108997 0.00017592 1.06922e-05 6.35764e-06 -0.000168973 -0.000112867
internal_weight=2116 450 1666 1627 552 532 1075 425 399 60 924 49 339 140 199 875 203 329 151
internal_count=2116 450 1666 1627 552 532 1075 425 399 60 924 49 339 140 199 875 203 329 151
is_linear=0
shrinkage=0.05


Tree=89
num_leaves=19
num_cat=0
split_feature=14 13 0 15 1 6 7 18 6 0 6 0 13 16 7 16 7 0
split_gain=0.00493904 0.00204272 0.00112495 0.00136912 0.00130278 0.00130275 0.00110446 0.000648852 0.000292457 0.000230211 0.000220506 0.000219926 0.000203655 0.000199932 0.000103915 5.92223e-05 1.09769e-05 5.00718e-09
threshold=1.0000000180025095e-35 1.0000000180025095e-35 60.399999618530281 1.0000000180025095e-35 0.25009999424219137 79.500000000000014 288308.89062500006 1.0000000180025095e-35 40.000000000000007 35.45000076293946 97.500000000000014 45.20000076293946 1.0000000180025095e-35 1.0000000180025095e-35 82242.496093750015 1.0000000180025095e-35 163540.96875000003 42.649999618530281
decision_type=2 2 2 2 2 2 2 2 2 2 2 2 2 2 2 2 2 2
left_child=2 6 3 7 -5 11 8 12 -2 14 -11 -6 15 -14 -10 -1 -7 -9
right_child=1 -3 -4 4 5 16 -8 17 9 10 -12 -13 13 -15 -16 -17 -18 -19
leaf_value=-3.1359246349893511e-06 0.00033963404566748071 -0.0002446646101757764 0.00033303240314126021 -0.00046820750576443971 -1.4099919894306368e-05 -0.00015965684467707488 0.00046827359357848764 -0.00010722397128120065 0.00018241182942666225 7.0925920489963484e-05 0.00016032987382488362 0.00015979618234268856 -5.2511772510650407e-06 -0.00018943876269846582 0.00030765548528341409 2.2886093938723209e-05 -0.00012573883818381898 -0.00010805562570957201
leaf_weight=428 20 31 20 24 200 289 30 131 67 123 157 20 34 26 22 447 26 21
leaf_count=428 20 31 20 24 200 289 30 131 67 123 157 20 34 26 22 447 26 21
internal_value=-3.9496e-13 0.000146982 -3.97011e-05 -4.423e-05 -0.000107819 -9.16525e-05 0.000175958 -1.15286e-05 0.000153415 0.000143322 0.000121056 1.70882e-06 4.04702e-06 -8.50658e-05 0.000213371 1.01576e-05 -0.000156857 -0.000107339
internal_weight=2116 450 1666 1646 559 535 419 1087 389 369 280 220 935 60 89 875 315 152
internal_count=2116 450 1666 1646 559 535 419 1087 389 369 280 220 935 60 89 875 315 152
is_linear=0
shrinkage=0.05


Tree=90
num_leaves=20
num_cat=0
split_feature=14 0 0 15 0 11 18 13 7 1 13 16 6 6 0 16 6 6 0
split_gain=0.00445748 0.00214442 0.00102848 0.00145102 0.001909 0.00130044 0.000593412 0.000580775 0.000445782 0.000913629 0.000139332 0.000143567 0.000129771 0.000511455 7.18448e-05 5.34481e-05 2.68062e-05 2.97716e-06 1.20013e-11
threshold=1.0000000180025095e-35 50.549999237060554 58.000000000000007 1.0000000180025095e-35 52.949998855590827 1.0000000180025095e-35 1.0000000180025095e-35 1.0000000180025095e-35 234707.55468750003 0.46085000038146978 1.0000000180025095e-35 1.0000000180025095e-35 97.500000000000014 82.500000000000014 36.649999618530281 1.0000000180025095e-35 54.500000000000007 80.500000000000014 42.649999618530281
decision_type=2 2 2 2 2 2 2 2 2 2 2 2 2 2 2 2 2 2 2
left_child=2 7 3 6 5 17 10 8 12 -10 15 -12 13 -2 -14 -1 -7 -5 -8
right_child=1 -3 -4 4 -6 16 18 -9 9 -11 11 -13 14 -15 -16 -17 -18 -19 -20
leaf_value=-2.97912847599946e-06 0.00013505979848559945 -0.00026164454513139299 0.00021602618291627807 -0.00016965567460283638 -0.00058925364472088408 2.9048144824628253e-05 -0.00010186276631429791 0.00039818544487039059 0.00010365461775412163 0.00051754521870558772 -2.8733658837154509e-06 -0.00017581806750968101 0.00019193705430047383 -0.00013804680260363968 0.00013157558967060316 2.1741789532825353e-05 -7.7218343041096927e-06 -0.00015170576528027212 -0.00010182118276134134
leaf_weight=428 120 31 39 25 20 86 131 26 30 24 28 21 90 20 109 447 117 304 20
leaf_count=428 120 31 39 25 20 86 131 26 30 24 28 21 90 20 109 447 117 304 20
internal_value=5.55497e-13 0.000139633 -3.7716e-05 -4.37983e-05 -0.000109693 -9.1664e-05 -9.96239e-06 0.000169322 0.000154181 0.000287606 5.05506e-06 -7.69925e-05 0.000132927 9.60446e-05 0.000158875 9.64973e-06 7.8556e-06 -0.00015307 -0.000101857
internal_weight=2116 450 1666 1627 552 532 1075 419 393 54 924 49 339 140 199 875 203 329 151
internal_count=2116 450 1666 1627 552 532 1075 419 393 54 924 49 339 140 199 875 203 329 151
is_linear=0
shrinkage=0.05


Tree=91
num_leaves=15
num_cat=0
split_feature=7 14 0 15 0 11 0 13 18 1 13 0 7 0
split_gain=0.00410285 0.0062298 0.000952606 0.00130955 0.00172287 0.00117364 0.000928055 0.000538544 0.000535554 0.000265679 0.000125747 0.000115454 7.27567e-05 1.08318e-11
threshold=868441.50000000012 1.0000000180025095e-35 60.399999618530281 1.0000000180025095e-35 52.949998855590827 1.0000000180025095e-35 52.949998855590827 1.0000000180025095e-35 1.0000000180025095e-35 0.49865001440048223 1.0000000180025095e-35 36.300001144409187 254511.16406250003 42.649999618530281
decision_type=2 2 2 2 2 2 2 2 2 2 2 2 2 2
left_child=1 2 3 8 5 -5 7 9 10 12 -1 -11 -3 -10
right_child=-2 6 -4 4 -6 -7 -8 -9 13 11 -12 -13 -14 -15
leaf_value=9.1672427977235722e-06 -0.00065002516809424082 0.0001262808397900788 0.00030557950027287006 -0.00014541624736686247 -0.00055979099486194175 7.4628156081834612e-06 0.00050630738493055109 0.00037827615317207976 -9.676963090896607e-05 0.00017989943802206853 -7.3142901757299636e-05 0.00029825400431743928 4.396221784797187e-05 -9.6730125369504102e-05
leaf_weight=875 24 255 20 329 20 203 20 26 131 87 49 27 30 20
leaf_count=875 24 255 20 329 20 203 20 26 131 87 49 27 30 20
internal_value=4.49736e-13 7.45727e-06 -3.73924e-05 -4.16084e-05 -0.000104208 -8.70808e-05 0.000173452 0.000157788 -9.46427e-06 0.00014342 4.80231e-06 0.000207931 0.000117616 -9.67644e-05
internal_weight=2116 2092 1647 1627 552 532 445 425 1075 399 924 114 285 151
internal_count=2116 2092 1647 1627 552 532 445 425 1075 399 924 114 285 151
is_linear=0
shrinkage=0.05


Tree=92
num_leaves=15
num_cat=0
split_feature=7 14 0 15 0 11 0 13 18 7 1 13 6 0
split_gain=0.00370282 0.00562239 0.000859726 0.00118187 0.00155489 0.00105921 0.000837569 0.000486036 0.000483337 0.000275055 0.000988831 0.000113487 0.00011071 9.77372e-12
threshold=868441.50000000012 1.0000000180025095e-35 60.399999618530281 1.0000000180025095e-35 52.949998855590827 1.0000000180025095e-35 52.949998855590827 1.0000000180025095e-35 1.0000000180025095e-35 234707.55468750003 0.46085000038146978 1.0000000180025095e-35 97.500000000000014 42.649999618530281
decision_type=2 2 2 2 2 2 2 2 2 2 2 2 2 2
left_child=1 2 3 8 5 -5 7 9 11 12 -11 -1 -3 -10
right_child=-2 6 -4 4 -6 -7 -8 -9 13 10 -12 -13 -14 -15
leaf_value=8.7088806621198146e-06 -0.00061752389113583681 8.4717655013914089e-05 0.00029030047822743656 -0.00013814543530990379 -0.00053180143142526502 7.0896746893850638e-06 0.00048099198844283827 0.0003593623539647804 -9.1931148199364548e-05 6.919315573112625e-05 0.00048352636100995979 -6.9485753556364216e-05 0.0001427502630526509 -9.1893621720373639e-05
leaf_weight=875 24 140 20 329 20 203 20 26 131 36 24 49 199 20
leaf_count=875 24 140 20 329 20 203 20 26 131 36 24 49 199 20
internal_value=1.8538e-13 7.0844e-06 -3.55228e-05 -3.9528e-05 -9.89976e-05 -8.27268e-05 0.000164779 0.000149898 -8.99106e-06 0.000136249 0.000234926 4.5622e-06 0.000118784 -9.19262e-05
internal_weight=2116 2092 1647 1627 552 532 445 425 1075 399 60 924 339 151
internal_count=2116 2092 1647 1627 552 532 445 425 1075 399 60 924 339 151
is_linear=0
shrinkage=0.05


Tree=93
num_leaves=15
num_cat=0
split_feature=7 14 0 15 0 11 0 13 18 7 1 13 6 0
split_gain=0.0033418 0.00507421 0.000775903 0.00106663 0.00140329 0.00095594 0.000755906 0.000438647 0.000436212 0.000248237 0.00089242 0.000102422 9.99155e-05 8.82179e-12
threshold=868441.50000000012 1.0000000180025095e-35 60.399999618530281 1.0000000180025095e-35 52.949998855590827 1.0000000180025095e-35 52.949998855590827 1.0000000180025095e-35 1.0000000180025095e-35 234707.55468750003 0.46085000038146978 1.0000000180025095e-35 97.500000000000014 42.649999618530281
decision_type=2 2 2 2 2 2 2 2 2 2 2 2 2 2
left_child=1 2 3 8 5 -5 7 9 11 12 -11 -1 -3 -10
right_child=-2 6 -4 4 -6 -7 -8 -9 13 10 -12 -13 -14 -15
leaf_value=8.2734366047329144e-06 -0.00058664767251078353 8.0481774680915151e-05 0.00027578544337302445 -0.00013123816501994627 -0.00050521138051408344 6.7351908157810429e-06 0.00045694239903241399 0.00034139423777770184 -8.7334593990817674e-05 6.5733498033498315e-05 0.00045935005512850086 -6.6011465969495481e-05 0.00013561274908394108 -8.7298941798508175e-05
leaf_weight=875 24 140 20 329 20 203 20 26 131 36 24 49 199 20
leaf_count=875 24 140 20 329 20 203 20 26 131 36 24 49 199 20
internal_value=2.22216e-14 6.73018e-06 -3.37467e-05 -3.75516e-05 -9.40477e-05 -7.85904e-05 0.00015654 0.000142403 -8.5415e-06 0.000129437 0.00022318 4.33409e-06 0.000112845 -8.73299e-05
internal_weight=2116 2092 1647 1627 552 532 445 425 1075 399 60 924 339 151
internal_count=2116 2092 1647 1627 552 532 445 425 1075 399 60 924 339 151
is_linear=0
shrinkage=0.05


Tree=94
num_leaves=15
num_cat=0
split_feature=7 14 0 15 0 11 0 13 18 7 1 13 6 0
split_gain=0.00301597 0.00457948 0.000700253 0.000962637 0.00126647 0.000862736 0.000682205 0.000395879 0.000393681 0.000224034 0.000805409 9.24359e-05 9.01737e-05 7.95961e-12
threshold=868441.50000000012 1.0000000180025095e-35 60.399999618530281 1.0000000180025095e-35 52.949998855590827 1.0000000180025095e-35 52.949998855590827 1.0000000180025095e-35 1.0000000180025095e-35 234707.55468750003 0.46085000038146978 1.0000000180025095e-35 97.500000000000014 42.649999618530281
decision_type=2 2 2 2 2 2 2 2 2 2 2 2 2 2
left_child=1 2 3 8 5 -5 7 9 11 12 -11 -1 -3 -10
right_child=-2 6 -4 4 -6 -7 -8 -9 13 10 -12 -13 -14 -15
leaf_value=7.8597647670124254e-06 -0.00055731533017630379 7.6457683545803391e-05 0.00026199621148407457 -0.00012467626126986961 -0.00047995079163229101 6.3984313863938912e-06 0.00043409528676420457 0.00032432453395253667 -8.2967861089855433e-05 6.244682453042414e-05 0.00043638254622540749 -6.271089327388577e-05 0.00012883211160780647 -8.2933995872735988e-05
leaf_weight=875 24 140 20 329 20 203 20 26 131 36 24 49 199 20
leaf_count=875 24 140 20 329 20 203 20 26 131 36 24 49 199 20
internal_value=-4.32956e-13 6.39367e-06 -3.20593e-05 -3.5674e-05 -8.93453e-05 -7.46609e-05 0.000148713 0.000135283 -8.11443e-06 0.000122965 0.000212021 4.11738e-06 0.000107203 -8.29634e-05
internal_weight=2116 2092 1647 1627 552 532 445 425 1075 399 60 924 339 151
internal_count=2116 2092 1647 1627 552 532 445 425 1075 399 60 924 339 151
is_linear=0
shrinkage=0.05


Tree=95
num_leaves=12
num_cat=0
split_feature=7 14 0 0 0 15 11 13 18 6 0
split_gain=0.00272191 0.00413298 0.000631978 0.000881703 0.00061569 0.00053001 0.000836737 0.000357281 0.000345715 0.000214357 0.000218585
threshold=868441.50000000012 1.0000000180025095e-35 60.399999618530281 55.049999237060554 52.949998855590827 1.0000000180025095e-35 1.0000000180025095e-35 1.0000000180025095e-35 1.0000000180025095e-35 40.000000000000007 36.049999237060554
decision_type=2 2 2 2 2 2 2 2 2 2 2
left_child=1 2 3 5 7 8 -7 9 -1 -3 -11
right_child=-2 4 -4 -5 -6 6 -8 -9 -10 10 -12
leaf_value=3.8551991562312729e-06 -0.00052944953004043784 0.00027635170190478677 0.00024889641441404819 -0.00027858313228029555 0.00041239051846787334 -0.00011844244477053183 9.3047521806424609e-06 0.0003081083024601237 -7.8815968666022933e-05 0.00016593037203521186 8.333621040175345e-05
leaf_weight=905 24 20 20 36 20 329 210 26 147 115 264
leaf_count=905 24 20 20 36 20 329 210 26 147 115 264
internal_value=4.14774e-13 6.07399e-06 -3.04564e-05 -3.38903e-05 0.000141277 -2.83536e-05 -6.86708e-05 0.000128519 -7.69676e-06 0.000116817 0.000108398
internal_weight=2116 2092 1647 1627 445 1591 539 425 1052 399 379
internal_count=2116 2092 1647 1627 445 1591 539 425 1052 399 379
is_linear=0
shrinkage=0.05


Tree=96
num_leaves=15
num_cat=0
split_feature=7 14 0 15 0 11 0 13 18 7 1 6 13 0
split_gain=0.00245653 0.00373001 0.00057036 0.000802412 0.00111111 0.000700789 0.000555661 0.000322446 0.000320889 0.000203719 0.000713086 8.61152e-05 8.41883e-05 2.85964e-08
threshold=868441.50000000012 1.0000000180025095e-35 60.399999618530281 1.0000000180025095e-35 52.949998855590827 1.0000000180025095e-35 52.949998855590827 1.0000000180025095e-35 1.0000000180025095e-35 234707.55468750003 0.46085000038146978 97.500000000000014 1.0000000180025095e-35 42.649999618530281
decision_type=2 2 2 2 2 2 2 2 2 2 2 2 2 2
left_child=1 2 3 8 5 -5 7 9 12 11 -11 -3 -1 -10
right_child=-2 6 -4 4 -6 -7 -8 -9 13 10 -12 -13 -14 -15
leaf_value=7.5806633070377371e-06 -0.00050297701527597389 6.5900087460509635e-05 0.00023645159322768449 -0.00011252032553615745 -0.00044706215267069642 5.6132721515428884e-06 0.000391771006397903 0.0002927028788970067 -7.4878672603517773e-05 5.5157669622632165e-05 0.00040700946604677784 0.00011708231734395046 -5.976810976530292e-05 -7.2848823620006443e-05
leaf_weight=875 24 140 20 329 20 203 20 26 131 36 24 199 49 20
leaf_count=875 24 140 20 329 20 203 20 26 131 36 24 199 49 20
internal_value=-1.47299e-13 5.77029e-06 -2.89335e-05 -3.21958e-05 -8.11973e-05 -6.7443e-05 0.000134213 0.000122093 -7.03408e-06 0.000110976 0.000195898 9.59451e-05 4.00914e-06 -7.46098e-05
internal_weight=2116 2092 1647 1627 552 532 445 425 1075 399 60 339 924 151
internal_count=2116 2092 1647 1627 552 532 445 425 1075 399 60 339 924 151
is_linear=0
shrinkage=0.05


Tree=97
num_leaves=12
num_cat=0
split_feature=7 14 0 0 0 15 11 13 18 6 7
split_gain=0.00221702 0.00336634 0.00051475 0.000750748 0.000501484 0.000425911 0.000692398 0.000291008 0.000281567 0.000188359 0.000209608
threshold=868441.50000000012 1.0000000180025095e-35 60.399999618530281 55.049999237060554 52.949998855590827 1.0000000180025095e-35 1.0000000180025095e-35 1.0000000180025095e-35 1.0000000180025095e-35 40.000000000000007 258349.30468750003
decision_type=2 2 2 2 2 2 2 2 2 2 2
left_child=1 2 3 5 7 8 -7 9 -1 -3 -11
right_child=-2 4 -4 -5 -6 6 -8 -9 -10 10 -12
leaf_value=3.4657315740513599e-06 -0.00047782820680974209 0.00025497524038655686 0.00022462901193648577 -0.00025637734644179649 0.00037218245211988687 -0.00010689430996438766 9.3133095348700107e-06 0.00027806774495939653 -7.1142282737672431e-05 8.6051683059208513e-05 0.00021793771466587769
leaf_weight=905 24 20 20 36 20 329 210 26 147 346 33
leaf_count=905 24 20 20 36 20 329 210 26 147 346 33
internal_value=-2.45254e-13 5.48178e-06 -2.74869e-05 -3.0586e-05 0.000127503 -2.5477e-05 -6.16186e-05 0.000115988 -6.95953e-06 0.000105427 9.75352e-05
internal_weight=2116 2092 1647 1627 445 1591 539 425 1052 399 379
internal_count=2116 2092 1647 1627 445 1591 539 425 1052 399 379
is_linear=0
shrinkage=0.05


Tree=98
num_leaves=13
num_cat=0
split_feature=7 14 0 0 0 15 11 13 18 1 1 7
split_gain=0.00200086 0.00303812 0.000464562 0.000677551 0.000452589 0.000384385 0.000624889 0.000262634 0.000254114 0.000178502 0.000156367 9.06135e-05
threshold=868441.50000000012 1.0000000180025095e-35 60.399999618530281 55.049999237060554 52.949998855590827 1.0000000180025095e-35 1.0000000180025095e-35 1.0000000180025095e-35 1.0000000180025095e-35 0.50170001387596141 0.50910001993179332 250390.74218750003
decision_type=2 2 2 2 2 2 2 2 2 2 2 2
left_child=1 2 3 5 7 8 -7 9 -1 11 -11 -3
right_child=-2 4 -4 -5 -6 6 -8 -9 -10 10 -12 -13
leaf_value=3.2924448607234768e-06 -0.00045393679786987677 9.2278108274001405e-05 0.00021339756436645986 -0.00024355850416921183 0.00035357332322746518 -0.00010154959135320841 8.8476447430842933e-06 0.00026416435676555221 -6.7585166646674471e-05 0.00027814965551009493 0.00012560812437662945 1.6535062558374347e-05
leaf_weight=905 24 247 20 36 20 329 210 26 147 21 84 47
leaf_count=905 24 247 20 36 20 329 210 26 147 21 84 47
internal_value=2.68819e-13 5.20769e-06 -2.61125e-05 -2.90567e-05 0.000121128 -2.42031e-05 -5.85377e-05 0.000110189 -6.61156e-06 0.000100156 0.000156116 8.01695e-05
internal_weight=2116 2092 1647 1627 445 1591 539 425 1052 399 105 294
internal_count=2116 2092 1647 1627 445 1591 539 425 1052 399 105 294
is_linear=0
shrinkage=0.05


Tree=99
num_leaves=13
num_cat=0
split_feature=7 14 0 1 0 15 11 0 18 1 6 6
split_gain=0.00180577 0.0027419 0.000445632 0.0008014 0.000408462 0.000359088 0.000539509 0.000253049 0.000225936 0.000187614 0.000178623 0.000136648
threshold=868441.50000000012 1.0000000180025095e-35 56.899999618530281 0.23259999603033069 52.949998855590827 1.0000000180025095e-35 1.0000000180025095e-35 34.449998855590827 1.0000000180025095e-35 0.42575000226497656 40.000000000000007 95.500000000000014
decision_type=2 2 2 2 2 2 2 2 2 2 2 2
left_child=1 2 3 -1 7 8 -7 9 -5 -3 -9 -12
right_child=-2 4 -4 5 -6 6 -8 10 -10 -11 11 -13
leaf_value=-0.00026205815825556378 -0.00043123998460335619 0.00011277533069785154 0.00014443098794129726 3.0851676361504966e-06 0.00033589466242119672 -9.6472113118662665e-05 6.7124451457786868e-06 0.00023719595083093736 -6.420505718841893e-05 0.00032171266291036526 4.7590533779983067e-05 0.00010983419331361282
leaf_weight=36 24 21 38 893 20 329 206 20 145 22 152 210
leaf_count=36 24 21 38 893 20 329 206 20 145 22 152 210
internal_value=-6.47929e-13 4.9473e-06 -2.48069e-05 -2.88038e-05 0.000115071 -2.34655e-05 -5.67412e-05 0.00010468 -6.31472e-06 0.000219674 9.17352e-05 8.36987e-05
internal_weight=2116 2092 1647 1609 445 1573 535 425 1038 43 382 362
internal_count=2116 2092 1647 1609 445 1573 535 425 1038 43 382 362
is_linear=0
shrinkage=0.05


end of trees

feature_importances:
Column_0=675
Column_1=222
Column_6=221
Column_16=182
Column_13=178
Column_11=101
Column_14=100
Column_15=100
Column_18=100
Column_2=97
Column_7=85
Column_12=18

parameters:
[boosting: gbdt]
[objective: regression]
[metric: l2]
[tree_learner: serial]
[device_type: cpu]
[data_sample_strategy: bagging]
[data: ]
[valid: ]
[num_iterations: 100]
[learning_rate: 0.05]
[num_leaves: 31]
[num_threads: 16]
[seed: 42]
[deterministic: 0]
[force_col_wise: 0]
[force_row_wise: 0]
[histogram_pool_size: -1]
[max_depth: 6]
[min_data_in_leaf: 20]
[min_sum_hessian_in_leaf: 0.001]
[bagging_fraction: 1]
[pos_bagging_fraction: 1]
[neg_bagging_fraction: 1]
[bagging_freq: 0]
[bagging_seed: 400]
[bagging_by_query: 0]
[feature_fraction: 1]
[feature_fraction_bynode: 1]
[feature_fraction_seed: 30056]
[extra_trees: 0]
[extra_seed: 12879]
[early_stopping_round: 0]
[early_stopping_min_delta: 0]
[first_metric_only: 0]
[max_delta_step: 0]
[lambda_l1: 0]
[lambda_l2: 0]
[linear_lambda: 0]
[min_gain_to_split: 0]
[drop_rate: 0.1]
[max_drop: 50]
[skip_drop: 0.5]
[xgboost_dart_mode: 0]
[uniform_drop: 0]
[drop_seed: 17869]
[top_rate: 0.2]
[other_rate: 0.1]
[min_data_per_group: 100]
[max_cat_threshold: 32]
[cat_l2: 10]
[cat_smooth: 10]
[max_cat_to_onehot: 4]
[top_k: 20]
[monotone_constraints: ]
[monotone_constraints_method: basic]
[monotone_penalty: 0]
[feature_contri: ]
[forcedsplits_filename: ]
[refit_decay_rate: 0.9]
[cegb_tradeoff: 1]
[cegb_penalty_split: 0]
[cegb_penalty_feature_lazy: ]
[cegb_penalty_feature_coupled: ]
[path_smooth: 0]
[interaction_constraints: ]
[verbosity: -1]
[saved_feature_importance_type: 0]
[use_quantized_grad: 0]
[num_grad_quant_bins: 4]
[quant_train_renew_leaf: 0]
[stochastic_rounding: 1]
[linear_tree: 0]
[max_bin: 255]
[max_bin_by_feature: ]
[min_data_in_bin: 3]
[bin_construct_sample_cnt: 200000]
[data_random_seed: 175]
[is_enable_sparse: 1]
[enable_bundle: 1]
[use_missing: 1]
[zero_as_missing: 0]
[feature_pre_filter: 1]
[pre_partition: 0]
[two_round: 0]
[header: 0]
[label_column: ]
[weight_column: ]
[group_column: ]
[ignore_column: ]
[categorical_feature: ]
[forcedbins_filename: ]
[precise_float_parser: 0]
[parser_config_file: ]
[objective_seed: 16083]
[num_class: 1]
[is_unbalance: 0]
[scale_pos_weight: 1]
[sigmoid: 1]
[boost_from_average: 1]
[reg_sqrt: 0]
[alpha: 0.9]
[fair_c: 1]
[poisson_max_delta_step: 0.7]
[tweedie_variance_power: 1.5]
[lambdarank_truncation_level: 30]
[lambdarank_norm: 1]
[label_gain: ]
[lambdarank_position_bias_regularization: 0]
[eval_at: ]
[multi_error_top_k: 1]
[auc_mu_weights: ]
[num_machines: 1]
[local_listen_port: 12400]
[time_out: 120]
[machine_list_filename: ]
[machines: ]
[gpu_platform_id: -1]
[gpu_device_id: -1]
[gpu_device_id_list: ]
[gpu_use_dp: 0]
[num_gpu: 1]

end of parameters

pandas_categorical:null
